url,path,content_type,status
https://web.stanford.edu/class/archive/cs/cs109/cs109.1166/pdfs/02 Counting.pdf,,,download_error: URL can't contain control characters. '/class/archive/cs/cs109/cs109.1166/pdfs/02 Counting.pdf' (found at least ' ')
https://web.stanford.edu/class/archive/cs/cs109/cs109.1166/pdfs/03 CalculationRef.pdf,,,download_error: URL can't contain control characters. '/class/archive/cs/cs109/cs109.1166/pdfs/03 CalculationRef.pdf' (found at least ' ')
https://web.stanford.edu/class/archive/cs/cs109/cs109.1166/pdfs/05 Combinatorics.pdf,,,download_error: URL can't contain control characters. '/class/archive/cs/cs109/cs109.1166/pdfs/05 Combinatorics.pdf' (found at least ' ')
https://web.stanford.edu/class/archive/cs/cs109/cs109.1166/pdfs/06 Probability.pdf,,,download_error: URL can't contain control characters. '/class/archive/cs/cs109/cs109.1166/pdfs/06 Probability.pdf' (found at least ' ')
https://web.stanford.edu/class/archive/cs/cs109/cs109.1166/pdfs/07 CondProbability.pdf,,,download_error: URL can't contain control characters. '/class/archive/cs/cs109/cs109.1166/pdfs/07 CondProbability.pdf' (found at least ' ')
https://web.stanford.edu/class/archive/cs/cs109/cs109.1166/pdfs/08 Independence.pdf,,,download_error: URL can't contain control characters. '/class/archive/cs/cs109/cs109.1166/pdfs/08 Independence.pdf' (found at least ' ')
https://web.stanford.edu/class/archive/cs/cs109/cs109.1166/pdfs/10 Random Variables.pdf,,,download_error: URL can't contain control characters. '/class/archive/cs/cs109/cs109.1166/pdfs/10 Random Variables.pdf' (found at least ' ')
https://web.stanford.edu/class/archive/cs/cs109/cs109.1166/pdfs/11 Variance.pdf,,,download_error: URL can't contain control characters. '/class/archive/cs/cs109/cs109.1166/pdfs/11 Variance.pdf' (found at least ' ')
https://web.stanford.edu/class/archive/cs/cs109/cs109.1166/pdfs/12 Poisson.pdf,,,download_error: URL can't contain control characters. '/class/archive/cs/cs109/cs109.1166/pdfs/12 Poisson.pdf' (found at least ' ')
https://web.stanford.edu/class/archive/cs/cs109/cs109.1166/pdfs/13 Continuous.pdf,,,download_error: URL can't contain control characters. '/class/archive/cs/cs109/cs109.1166/pdfs/13 Continuous.pdf' (found at least ' ')
https://web.stanford.edu/class/archive/cs/cs109/cs109.1166/pdfs/16 Gaussian.pdf,,,download_error: URL can't contain control characters. '/class/archive/cs/cs109/cs109.1166/pdfs/16 Gaussian.pdf' (found at least ' ')
https://web.stanford.edu/class/archive/cs/cs109/cs109.1166/pdfs/17 StandardNormalTable.pdf,,,download_error: URL can't contain control characters. '/class/archive/cs/cs109/cs109.1166/pdfs/17 StandardNormalTable.pdf' (found at least ' ')
https://web.stanford.edu/class/archive/cs/cs109/cs109.1166/pdfs/18 Joint.pdf,,,download_error: URL can't contain control characters. '/class/archive/cs/cs109/cs109.1166/pdfs/18 Joint.pdf' (found at least ' ')
https://web.stanford.edu/class/archive/cs/cs109/cs109.1166/pdfs/19 MoreJointProperties.pdf,,,download_error: URL can't contain control characters. '/class/archive/cs/cs109/cs109.1166/pdfs/19 MoreJointProperties.pdf' (found at least ' ')
https://web.stanford.edu/class/archive/cs/cs109/cs109.1166/pdfs/20 ConvolutionAndConditional.pdf,,,download_error: URL can't contain control characters. '/class/archive/cs/cs109/cs109.1166/pdfs/20 ConvolutionAndConditional.pdf' (found at least ' ')
https://web.stanford.edu/class/archive/cs/cs109/cs109.1166/pdfs/22 Beta.pdf,,,download_error: URL can't contain control characters. '/class/archive/cs/cs109/cs109.1166/pdfs/22 Beta.pdf' (found at least ' ')
https://web.stanford.edu/class/archive/cs/cs109/cs109.1166/pdfs/27 VarianceFromEvents.pdf,,,download_error: URL can't contain control characters. '/class/archive/cs/cs109/cs109.1166/pdfs/27 VarianceFromEvents.pdf' (found at least ' ')
https://web.stanford.edu/class/archive/cs/cs109/cs109.1166/pdfs/28 CovarianceAndSamples.pdf,,,download_error: URL can't contain control characters. '/class/archive/cs/cs109/cs109.1166/pdfs/28 CovarianceAndSamples.pdf' (found at least ' ')
https://web.stanford.edu/class/archive/cs/cs109/cs109.1166/pdfs/29 Correlation.pdf,,,download_error: URL can't contain control characters. '/class/archive/cs/cs109/cs109.1166/pdfs/29 Correlation.pdf' (found at least ' ')
https://web.stanford.edu/class/archive/cs/cs109/cs109.1166/pdfs/30 CondExpectation.pdf,,,download_error: URL can't contain control characters. '/class/archive/cs/cs109/cs109.1166/pdfs/30 CondExpectation.pdf' (found at least ' ')
https://web.stanford.edu/class/archive/cs/cs109/cs109.1166/pdfs/31 CentralTheorems.pdf,,,download_error: URL can't contain control characters. '/class/archive/cs/cs109/cs109.1166/pdfs/31 CentralTheorems.pdf' (found at least ' ')
https://web.stanford.edu/class/archive/cs/cs109/cs109.1166/pdfs/34 ParameterEstimation.pdf,,,download_error: URL can't contain control characters. '/class/archive/cs/cs109/cs109.1166/pdfs/34 ParameterEstimation.pdf' (found at least ' ')
https://web.stanford.edu/class/archive/cs/cs109/cs109.1166/pdfs/35 MaximumLikelihood.pdf,,,download_error: URL can't contain control characters. '/class/archive/cs/cs109/cs109.1166/pdfs/35 MaximumLikelihood.pdf' (found at least ' ')
https://web.stanford.edu/class/archive/cs/cs109/cs109.1166/pdfs/37 MaximumAPosteriori.pdf,,,download_error: URL can't contain control characters. '/class/archive/cs/cs109/cs109.1166/pdfs/37 MaximumAPosteriori.pdf' (found at least ' ')
https://web.stanford.edu/class/archive/cs/cs109/cs109.1166/pdfs/39 NaiveBayes.pdf,,,download_error: URL can't contain control characters. '/class/archive/cs/cs109/cs109.1166/pdfs/39 NaiveBayes.pdf' (found at least ' ')
https://web.stanford.edu/class/archive/cs/cs109/cs109.1166/pdfs/40 LogisticRegression.pdf,,,download_error: URL can't contain control characters. '/class/archive/cs/cs109/cs109.1166/pdfs/40 LogisticRegression.pdf' (found at least ' ')
https://web.stanford.edu/class/archive/cs/cs109/cs109.1166/pdfs/41 DeepLearning.pdf,,,download_error: URL can't contain control characters. '/class/archive/cs/cs109/cs109.1166/pdfs/41 DeepLearning.pdf' (found at least ' ')
https://web.stanford.edu/class/archive/cs/cs109/cs109.1166/pdfs/04 ProblemSet1.pdf,,,download_error: URL can't contain control characters. '/class/archive/cs/cs109/cs109.1166/pdfs/04 ProblemSet1.pdf' (found at least ' ')
https://web.stanford.edu/class/archive/cs/cs109/cs109.1166/pdfs/09 ProblemSet2.pdf,,,download_error: URL can't contain control characters. '/class/archive/cs/cs109/cs109.1166/pdfs/09 ProblemSet2.pdf' (found at least ' ')
https://web.stanford.edu/class/archive/cs/cs109/cs109.1166/pdfs/15 ProblemSet3.pdf,,,download_error: URL can't contain control characters. '/class/archive/cs/cs109/cs109.1166/pdfs/15 ProblemSet3.pdf' (found at least ' ')
https://web.stanford.edu/class/archive/cs/cs109/cs109.1166/pdfs/23 ProblemSet4.pdf,,,download_error: URL can't contain control characters. '/class/archive/cs/cs109/cs109.1166/pdfs/23 ProblemSet4.pdf' (found at least ' ')
https://web.stanford.edu/class/archive/cs/cs109/cs109.1166/pdfs/32 ProblemSet5.pdf,,,download_error: URL can't contain control characters. '/class/archive/cs/cs109/cs109.1166/pdfs/32 ProblemSet5.pdf' (found at least ' ')
https://web.stanford.edu/class/archive/cs/cs109/cs109.1166/pdfs/38 ProblemSet6.pdf,,,download_error: URL can't contain control characters. '/class/archive/cs/cs109/cs109.1166/pdfs/38 ProblemSet6.pdf' (found at least ' ')
https://web.stanford.edu/class/archive/cs/cs109/cs109.1166/pdfs/01 Administrivia.pdf,,,download_error: URL can't contain control characters. '/class/archive/cs/cs109/cs109.1166/pdfs/01 Administrivia.pdf' (found at least ' ')
https://web.stanford.edu/class/archive/cs/cs109/cs109.1166/pdfs/21 PracticeMidterm.pdf,,,download_error: URL can't contain control characters. '/class/archive/cs/cs109/cs109.1166/pdfs/21 PracticeMidterm.pdf' (found at least ' ')
https://web.stanford.edu/class/archive/cs/cs109/cs109.1166/pdfs/24 PracticeMidtermSoln.pdf,,,download_error: URL can't contain control characters. '/class/archive/cs/cs109/cs109.1166/pdfs/24 PracticeMidtermSoln.pdf' (found at least ' ')
https://web.stanford.edu/class/archive/cs/cs109/cs109.1166/pdfs/26 MidtermReviewSession.pdf,,,download_error: URL can't contain control characters. '/class/archive/cs/cs109/cs109.1166/pdfs/26 MidtermReviewSession.pdf' (found at least ' ')
https://web.stanford.edu/class/archive/cs/cs109/cs109.1166/pdfs/25 Notation.pdf,,,download_error: URL can't contain control characters. '/class/archive/cs/cs109/cs109.1166/pdfs/25 Notation.pdf' (found at least ' ')
https://web.stanford.edu/class/archive/cs/cs109/cs109.1166/pdfs/42 PracticeFinal.pdf,,,download_error: URL can't contain control characters. '/class/archive/cs/cs109/cs109.1166/pdfs/42 PracticeFinal.pdf' (found at least ' ')
https://web.stanford.edu/class/archive/cs/cs109/cs109.1166/pdfs/43 PracticeFinalSoln.pdf,,,download_error: URL can't contain control characters. '/class/archive/cs/cs109/cs109.1166/pdfs/43 PracticeFinalSoln.pdf' (found at least ' ')
https://web.stanford.edu/class/archive/cs/cs109/cs109.1166/stuff/intro.pdf,/Users/jackb/GitHub/data-adventures/sandbox/stanford-109-questions/downloads/web.stanford.edu/class/archive/cs/cs109/cs109.1166/stuff/intro-57cb15c4bf.pdf,application/pdf,downloaded
https://web.stanford.edu/class/archive/cs/cs109/cs109.1176/pdfs/02 Counting.pdf,,,download_error: URL can't contain control characters. '/class/archive/cs/cs109/cs109.1176/pdfs/02 Counting.pdf' (found at least ' ')
https://web.stanford.edu/class/archive/cs/cs109/cs109.1176/lectureHandouts/2 Combinatorics.pdf,,,download_error: URL can't contain control characters. '/class/archive/cs/cs109/cs109.1176/lectureHandouts/2 Combinatorics.pdf' (found at least ' ')
https://web.stanford.edu/class/archive/cs/cs109/cs109.1176/lectureHandouts/3 Probability.pdf,,,download_error: URL can't contain control characters. '/class/archive/cs/cs109/cs109.1176/lectureHandouts/3 Probability.pdf' (found at least ' ')
https://web.stanford.edu/class/archive/cs/cs109/cs109.1176/lectureHandouts/4 Conditional Probability.pdf,,,download_error: URL can't contain control characters. '/class/archive/cs/cs109/cs109.1176/lectureHandouts/4 Conditional Probability.pdf' (found at least ' ')
https://web.stanford.edu/class/archive/cs/cs109/cs109.1176/lectureHandouts/5 Independence.pdf,,,download_error: URL can't contain control characters. '/class/archive/cs/cs109/cs109.1176/lectureHandouts/5 Independence.pdf' (found at least ' ')
https://web.stanford.edu/class/archive/cs/cs109/cs109.1176/lectureHandouts/6 Random Variables.pdf,,,download_error: URL can't contain control characters. '/class/archive/cs/cs109/cs109.1176/lectureHandouts/6 Random Variables.pdf' (found at least ' ')
https://web.stanford.edu/class/archive/cs/cs109/cs109.1176/lectureHandouts/7 Variance.pdf,,,download_error: URL can't contain control characters. '/class/archive/cs/cs109/cs109.1176/lectureHandouts/7 Variance.pdf' (found at least ' ')
https://web.stanford.edu/class/archive/cs/cs109/cs109.1176/lectureHandouts/8 More Discrete.pdf,,,download_error: URL can't contain control characters. '/class/archive/cs/cs109/cs109.1176/lectureHandouts/8 More Discrete.pdf' (found at least ' ')
https://web.stanford.edu/class/archive/cs/cs109/cs109.1176/lectureHandouts/9 Continuous Variables.pdf,,,download_error: URL can't contain control characters. '/class/archive/cs/cs109/cs109.1176/lectureHandouts/9 Continuous Variables.pdf' (found at least ' ')
https://web.stanford.edu/class/archive/cs/cs109/cs109.1176/lectureHandouts/10 Gauss.pdf,,,download_error: URL can't contain control characters. '/class/archive/cs/cs109/cs109.1176/lectureHandouts/10 Gauss.pdf' (found at least ' ')
https://web.stanford.edu/class/archive/cs/cs109/cs109.1176/lectureHandouts/11 Exponential and Joint.pdf,,,download_error: URL can't contain control characters. '/class/archive/cs/cs109/cs109.1176/lectureHandouts/11 Exponential and Joint.pdf' (found at least ' ')
https://web.stanford.edu/class/archive/cs/cs109/cs109.1176/lectureHandouts/12 Continuous and Multinomial Joint.pdf,,,download_error: URL can't contain control characters. '/class/archive/cs/cs109/cs109.1176/lectureHandouts/12 Continuous and Multinomial Joint.pdf' (found at least ' ')
https://web.stanford.edu/class/archive/cs/cs109/cs109.1176/lectureHandouts/13 Properties of Joint Distributions.pdf,,,download_error: URL can't contain control characters. '/class/archive/cs/cs109/cs109.1176/lectureHandouts/13 Properties of Joint Distributions.pdf' (found at least ' ')
https://web.stanford.edu/class/archive/cs/cs109/cs109.1176/lectureHandouts/14 Convolution and Conditional.pdf,,,download_error: URL can't contain control characters. '/class/archive/cs/cs109/cs109.1176/lectureHandouts/14 Convolution and Conditional.pdf' (found at least ' ')
https://web.stanford.edu/class/archive/cs/cs109/cs109.1176/lectureHandouts/15 Beta.pdf,,,download_error: URL can't contain control characters. '/class/archive/cs/cs109/cs109.1176/lectureHandouts/15 Beta.pdf' (found at least ' ')
https://web.stanford.edu/class/archive/cs/cs109/cs109.1176/lectureHandouts/16 Great Expectations.pdf,,,download_error: URL can't contain control characters. '/class/archive/cs/cs109/cs109.1176/lectureHandouts/16 Great Expectations.pdf' (found at least ' ')
https://web.stanford.edu/class/archive/cs/cs109/cs109.1176/lectureHandouts/17 Covariance and Correlation.pdf,,,download_error: URL can't contain control characters. '/class/archive/cs/cs109/cs109.1176/lectureHandouts/17 Covariance and Correlation.pdf' (found at least ' ')
https://web.stanford.edu/class/archive/cs/cs109/cs109.1176/lectureHandouts/18 Samples and Bootstrap.pdf,,,download_error: URL can't contain control characters. '/class/archive/cs/cs109/cs109.1176/lectureHandouts/18 Samples and Bootstrap.pdf' (found at least ' ')
https://web.stanford.edu/class/archive/cs/cs109/cs109.1176/lectureHandouts/19 CLT.pdf,,,download_error: URL can't contain control characters. '/class/archive/cs/cs109/cs109.1176/lectureHandouts/19 CLT.pdf' (found at least ' ')
https://web.stanford.edu/class/archive/cs/cs109/cs109.1176/lectureHandouts/20 MLE.pdf,,,download_error: URL can't contain control characters. '/class/archive/cs/cs109/cs109.1176/lectureHandouts/20 MLE.pdf' (found at least ' ')
https://web.stanford.edu/class/archive/cs/cs109/cs109.1176/lectureHandouts/21 MAP.pdf,,,download_error: URL can't contain control characters. '/class/archive/cs/cs109/cs109.1176/lectureHandouts/21 MAP.pdf' (found at least ' ')
https://web.stanford.edu/class/archive/cs/cs109/cs109.1176/lectureHandouts/22 Naive Bayes.pdf,,,download_error: URL can't contain control characters. '/class/archive/cs/cs109/cs109.1176/lectureHandouts/22 Naive Bayes.pdf' (found at least ' ')
https://web.stanford.edu/class/archive/cs/cs109/cs109.1176/lectureHandouts/23 Logistic Regression.pdf,,,download_error: URL can't contain control characters. '/class/archive/cs/cs109/cs109.1176/lectureHandouts/23 Logistic Regression.pdf' (found at least ' ')
https://web.stanford.edu/class/archive/cs/cs109/cs109.1176/lectureHandouts/24 Deep Learning.pdf,,,download_error: URL can't contain control characters. '/class/archive/cs/cs109/cs109.1176/lectureHandouts/24 Deep Learning.pdf' (found at least ' ')
https://web.stanford.edu/class/archive/cs/cs109/cs109.1176/restricted/ProblemSet1Soln.pdf,,,download_error: HTTP Error 500: Internal Server Error
https://web.stanford.edu/class/archive/cs/cs109/cs109.1176/restricted/ProblemSet2Soln.pdf,,,download_error: HTTP Error 500: Internal Server Error
https://web.stanford.edu/class/archive/cs/cs109/cs109.1176/restricted/ProblemSet3Soln.pdf,,,download_error: HTTP Error 500: Internal Server Error
https://web.stanford.edu/class/archive/cs/cs109/cs109.1176/restricted/ProblemSet4Soln.pdf,,,download_error: HTTP Error 500: Internal Server Error
https://web.stanford.edu/class/archive/cs/cs109/cs109.1176/restricted/ProblemSet5Soln.pdf,,,download_error: HTTP Error 500: Internal Server Error
https://web.stanford.edu/class/archive/cs/cs109/cs109.1176/restricted/ProblemSet6Soln.pdf,,,download_error: HTTP Error 500: Internal Server Error
https://web.stanford.edu/class/archive/cs/cs109/cs109.1176/pdfs/04 ProblemSet1.pdf,,,download_error: URL can't contain control characters. '/class/archive/cs/cs109/cs109.1176/pdfs/04 ProblemSet1.pdf' (found at least ' ')
https://web.stanford.edu/class/archive/cs/cs109/cs109.1176/pdfs/01 Administrivia.pdf,,,download_error: URL can't contain control characters. '/class/archive/cs/cs109/cs109.1176/pdfs/01 Administrivia.pdf' (found at least ' ')
https://web.stanford.edu/class/archive/cs/cs109/cs109.1176/pdfs/03 CalculationRef.pdf,,,download_error: URL can't contain control characters. '/class/archive/cs/cs109/cs109.1176/pdfs/03 CalculationRef.pdf' (found at least ' ')
https://web.stanford.edu/class/archive/cs/cs109/cs109.1176/lectures/5a-PythonTut.pdf,/Users/jackb/GitHub/data-adventures/sandbox/stanford-109-questions/downloads/web.stanford.edu/class/archive/cs/cs109/cs109.1176/lectures/5a-PythonTut-9be8c85613.pdf,application/pdf,downloaded
https://web.stanford.edu/class/archive/cs/cs109/cs109.1176/pdfs/17 StandardNormalTable.pdf,,,download_error: URL can't contain control characters. '/class/archive/cs/cs109/cs109.1176/pdfs/17 StandardNormalTable.pdf' (found at least ' ')
https://web.stanford.edu/class/archive/cs/cs109/cs109.1176/pdfs/25 Notation.pdf,,,download_error: URL can't contain control characters. '/class/archive/cs/cs109/cs109.1176/pdfs/25 Notation.pdf' (found at least ' ')
https://web.stanford.edu/class/archive/cs/cs109/cs109.1176/pdfs/PracticeMidterm.pdf,/Users/jackb/GitHub/data-adventures/sandbox/stanford-109-questions/downloads/web.stanford.edu/class/archive/cs/cs109/cs109.1176/pdfs/PracticeMidterm-caf0596328.pdf,application/pdf,downloaded
https://web.stanford.edu/class/archive/cs/cs109/cs109.1176/pdfs/PracticeMidtermSoln.pdf,/Users/jackb/GitHub/data-adventures/sandbox/stanford-109-questions/downloads/web.stanford.edu/class/archive/cs/cs109/cs109.1176/pdfs/PracticeMidtermSoln-b32d94fb55.pdf,application/pdf,downloaded
https://web.stanford.edu/class/archive/cs/cs109/cs109.1176/pdfs/Extra Problems 1.pdf,,,download_error: URL can't contain control characters. '/class/archive/cs/cs109/cs109.1176/pdfs/Extra Problems 1.pdf' (found at least ' ')
https://web.stanford.edu/class/archive/cs/cs109/cs109.1176/pdfs/Extra Problems 1 Soln.pdf,,,download_error: URL can't contain control characters. '/class/archive/cs/cs109/cs109.1176/pdfs/Extra Problems 1 Soln.pdf' (found at least ' ')
https://web.stanford.edu/class/archive/cs/cs109/cs109.1176/pdfs/Extra Problems 2.pdf,,,download_error: URL can't contain control characters. '/class/archive/cs/cs109/cs109.1176/pdfs/Extra Problems 2.pdf' (found at least ' ')
https://web.stanford.edu/class/archive/cs/cs109/cs109.1176/pdfs/Extra Problems 2 Soln.pdf,,,download_error: URL can't contain control characters. '/class/archive/cs/cs109/cs109.1176/pdfs/Extra Problems 2 Soln.pdf' (found at least ' ')
https://web.stanford.edu/class/archive/cs/cs109/cs109.1176/pdfs/Extra Problems 3.pdf,,,download_error: URL can't contain control characters. '/class/archive/cs/cs109/cs109.1176/pdfs/Extra Problems 3.pdf' (found at least ' ')
https://web.stanford.edu/class/archive/cs/cs109/cs109.1176/pdfs/Extra Problems 3 Soln.pdf,,,download_error: URL can't contain control characters. '/class/archive/cs/cs109/cs109.1176/pdfs/Extra Problems 3 Soln.pdf' (found at least ' ')
https://web.stanford.edu/class/archive/cs/cs109/cs109.1176/restricted/MidtermSolution.pdf,,,download_error: HTTP Error 500: Internal Server Error
https://web.stanford.edu/class/archive/cs/cs109/cs109.1176/pdfs/Contest.pdf,/Users/jackb/GitHub/data-adventures/sandbox/stanford-109-questions/downloads/web.stanford.edu/class/archive/cs/cs109/cs109.1176/pdfs/Contest-a00849f603.pdf,application/pdf,downloaded
https://web.stanford.edu/class/archive/cs/cs109/cs109.1176/pdfs/PracticeFinal.pdf,/Users/jackb/GitHub/data-adventures/sandbox/stanford-109-questions/downloads/web.stanford.edu/class/archive/cs/cs109/cs109.1176/pdfs/PracticeFinal-25e5f0e7d8.pdf,application/pdf,downloaded
https://web.stanford.edu/class/archive/cs/cs109/cs109.1176/pdfs/PracticeFinalSoln.pdf,/Users/jackb/GitHub/data-adventures/sandbox/stanford-109-questions/downloads/web.stanford.edu/class/archive/cs/cs109/cs109.1176/pdfs/PracticeFinalSoln-8176e492f6.pdf,application/pdf,downloaded
https://web.stanford.edu/class/archive/cs/cs109/cs109.1176/restricted/FinalExamSolution.pdf,,,download_error: HTTP Error 500: Internal Server Error
https://web.stanford.edu/class/archive/cs/cs109/cs109.1176/pdf/PracticeMidtermSoln.pdf,,,download_error: HTTP Error 404: Not Found
https://web.stanford.edu/class/archive/cs/cs109/cs109.1176/stuff/intro.pdf,/Users/jackb/GitHub/data-adventures/sandbox/stanford-109-questions/downloads/web.stanford.edu/class/archive/cs/cs109/cs109.1176/stuff/intro-86e1751c08.pdf,application/pdf,downloaded
https://web.stanford.edu/class/archive/cs/cs109/cs109.1182/lectureHandouts/1 Counting.pdf,,,download_error: URL can't contain control characters. '/class/archive/cs/cs109/cs109.1182/lectureHandouts/1 Counting.pdf' (found at least ' ')
https://web.stanford.edu/class/archive/cs/cs109/cs109.1182/lectureHandouts/2 Combinatorics.pdf,,,download_error: URL can't contain control characters. '/class/archive/cs/cs109/cs109.1182/lectureHandouts/2 Combinatorics.pdf' (found at least ' ')
https://web.stanford.edu/class/archive/cs/cs109/cs109.1182/lectureHandouts/3 Probability.pdf,,,download_error: URL can't contain control characters. '/class/archive/cs/cs109/cs109.1182/lectureHandouts/3 Probability.pdf' (found at least ' ')
https://web.stanford.edu/class/archive/cs/cs109/cs109.1182/lectureHandouts/4 CondProbability.pdf,,,download_error: URL can't contain control characters. '/class/archive/cs/cs109/cs109.1182/lectureHandouts/4 CondProbability.pdf' (found at least ' ')
https://web.stanford.edu/class/archive/cs/cs109/cs109.1182/lectureHandouts/5 Independence.pdf,,,download_error: URL can't contain control characters. '/class/archive/cs/cs109/cs109.1182/lectureHandouts/5 Independence.pdf' (found at least ' ')
https://web.stanford.edu/class/archive/cs/cs109/cs109.1182/lectureHandouts/6 RandomVariables.pdf,,,download_error: URL can't contain control characters. '/class/archive/cs/cs109/cs109.1182/lectureHandouts/6 RandomVariables.pdf' (found at least ' ')
https://web.stanford.edu/class/archive/cs/cs109/cs109.1182/lectureHandouts/7 Variance.pdf,,,download_error: URL can't contain control characters. '/class/archive/cs/cs109/cs109.1182/lectureHandouts/7 Variance.pdf' (found at least ' ')
https://web.stanford.edu/class/archive/cs/cs109/cs109.1182/lectureHandouts/8 Poisson.pdf,,,download_error: URL can't contain control characters. '/class/archive/cs/cs109/cs109.1182/lectureHandouts/8 Poisson.pdf' (found at least ' ')
https://web.stanford.edu/class/archive/cs/cs109/cs109.1182/lectureHandouts/9 Continuous.pdf,,,download_error: URL can't contain control characters. '/class/archive/cs/cs109/cs109.1182/lectureHandouts/9 Continuous.pdf' (found at least ' ')
https://web.stanford.edu/class/archive/cs/cs109/cs109.1182/lectureHandouts/10 Gaussian.pdf,,,download_error: URL can't contain control characters. '/class/archive/cs/cs109/cs109.1182/lectureHandouts/10 Gaussian.pdf' (found at least ' ')
https://web.stanford.edu/class/archive/cs/cs109/cs109.1182/lectureHandouts/11 Joint.pdf,,,download_error: URL can't contain control characters. '/class/archive/cs/cs109/cs109.1182/lectureHandouts/11 Joint.pdf' (found at least ' ')
https://web.stanford.edu/class/archive/cs/cs109/cs109.1182/lectureHandouts/12 ContJoint.pdf,,,download_error: URL can't contain control characters. '/class/archive/cs/cs109/cs109.1182/lectureHandouts/12 ContJoint.pdf' (found at least ' ')
https://web.stanford.edu/class/archive/cs/cs109/cs109.1182/lectureHandouts/13 PropertiesOfJoints.pdf,,,download_error: URL can't contain control characters. '/class/archive/cs/cs109/cs109.1182/lectureHandouts/13 PropertiesOfJoints.pdf' (found at least ' ')
https://web.stanford.edu/class/archive/cs/cs109/cs109.1182/lectureHandouts/14 Tracking.pdf,,,download_error: URL can't contain control characters. '/class/archive/cs/cs109/cs109.1182/lectureHandouts/14 Tracking.pdf' (found at least ' ')
https://web.stanford.edu/class/archive/cs/cs109/cs109.1182/lectureHandouts/15 Convolution.pdf,,,download_error: URL can't contain control characters. '/class/archive/cs/cs109/cs109.1182/lectureHandouts/15 Convolution.pdf' (found at least ' ')
https://web.stanford.edu/class/archive/cs/cs109/cs109.1182/lectureHandouts/16 Beta.pdf,,,download_error: URL can't contain control characters. '/class/archive/cs/cs109/cs109.1182/lectureHandouts/16 Beta.pdf' (found at least ' ')
https://web.stanford.edu/class/archive/cs/cs109/cs109.1182/lectureHandouts/17 GreatExpectations.pdf,,,download_error: URL can't contain control characters. '/class/archive/cs/cs109/cs109.1182/lectureHandouts/17 GreatExpectations.pdf' (found at least ' ')
https://web.stanford.edu/class/archive/cs/cs109/cs109.1182/lectureHandouts/18 Correlation.pdf,,,download_error: URL can't contain control characters. '/class/archive/cs/cs109/cs109.1182/lectureHandouts/18 Correlation.pdf' (found at least ' ')
https://web.stanford.edu/class/archive/cs/cs109/cs109.1182/lectureHandouts/19 Samples.pdf,,,download_error: URL can't contain control characters. '/class/archive/cs/cs109/cs109.1182/lectureHandouts/19 Samples.pdf' (found at least ' ')
https://web.stanford.edu/class/archive/cs/cs109/cs109.1182/lectureHandouts/20 CLT.pdf,,,download_error: URL can't contain control characters. '/class/archive/cs/cs109/cs109.1182/lectureHandouts/20 CLT.pdf' (found at least ' ')
https://web.stanford.edu/class/archive/cs/cs109/cs109.1182/lectureHandouts/21 MaximumLikelihood.pdf,,,download_error: URL can't contain control characters. '/class/archive/cs/cs109/cs109.1182/lectureHandouts/21 MaximumLikelihood.pdf' (found at least ' ')
https://web.stanford.edu/class/archive/cs/cs109/cs109.1182/lectureHandouts/22 GradientAscent.pdf,,,download_error: URL can't contain control characters. '/class/archive/cs/cs109/cs109.1182/lectureHandouts/22 GradientAscent.pdf' (found at least ' ')
https://web.stanford.edu/class/archive/cs/cs109/cs109.1182/lectureHandouts/23 MAP.pdf,,,download_error: URL can't contain control characters. '/class/archive/cs/cs109/cs109.1182/lectureHandouts/23 MAP.pdf' (found at least ' ')
https://web.stanford.edu/class/archive/cs/cs109/cs109.1182/lectureHandouts/24 NaiveBayes.pdf,,,download_error: URL can't contain control characters. '/class/archive/cs/cs109/cs109.1182/lectureHandouts/24 NaiveBayes.pdf' (found at least ' ')
https://web.stanford.edu/class/archive/cs/cs109/cs109.1182/lectureHandouts/25 LogisticRegression.pdf,,,download_error: URL can't contain control characters. '/class/archive/cs/cs109/cs109.1182/lectureHandouts/25 LogisticRegression.pdf' (found at least ' ')
https://web.stanford.edu/class/archive/cs/cs109/cs109.1182/lectureHandouts/26 DeepLearning.pdf,,,download_error: URL can't contain control characters. '/class/archive/cs/cs109/cs109.1182/lectureHandouts/26 DeepLearning.pdf' (found at least ' ')
https://web.stanford.edu/class/archive/cs/cs109/cs109.1182/pdfs/ProblemSet1.pdf,/Users/jackb/GitHub/data-adventures/sandbox/stanford-109-questions/downloads/web.stanford.edu/class/archive/cs/cs109/cs109.1182/pdfs/ProblemSet1-7b17cc84d1.pdf,application/pdf,downloaded
https://web.stanford.edu/class/archive/cs/cs109/cs109.1182/restricted/PSet1Soln.pdf,/Users/jackb/GitHub/data-adventures/sandbox/stanford-109-questions/downloads/web.stanford.edu/class/archive/cs/cs109/cs109.1182/restricted/PSet1Soln-3cf8047d49.pdf,text/html;charset=utf-8,downloaded
https://web.stanford.edu/class/archive/cs/cs109/cs109.1182/restricted/PSet2Soln.pdf,/Users/jackb/GitHub/data-adventures/sandbox/stanford-109-questions/downloads/web.stanford.edu/class/archive/cs/cs109/cs109.1182/restricted/PSet2Soln-43d299a79d.pdf,text/html;charset=utf-8,downloaded
https://web.stanford.edu/class/archive/cs/cs109/cs109.1182/restricted/PSet3Soln.pdf,/Users/jackb/GitHub/data-adventures/sandbox/stanford-109-questions/downloads/web.stanford.edu/class/archive/cs/cs109/cs109.1182/restricted/PSet3Soln-de759f6ba2.pdf,text/html;charset=utf-8,downloaded
https://web.stanford.edu/class/archive/cs/cs109/cs109.1182/restricted/PSet4Soln.pdf,/Users/jackb/GitHub/data-adventures/sandbox/stanford-109-questions/downloads/web.stanford.edu/class/archive/cs/cs109/cs109.1182/restricted/PSet4Soln-2657b0775f.pdf,text/html;charset=utf-8,downloaded
https://web.stanford.edu/class/archive/cs/cs109/cs109.1182/restricted/PSet5Soln.pdf,/Users/jackb/GitHub/data-adventures/sandbox/stanford-109-questions/downloads/web.stanford.edu/class/archive/cs/cs109/cs109.1182/restricted/PSet5Soln-56ec124eea.pdf,text/html;charset=utf-8,downloaded
https://web.stanford.edu/class/archive/cs/cs109/cs109.1182/restricted/PSet6Soln.pdf,/Users/jackb/GitHub/data-adventures/sandbox/stanford-109-questions/downloads/web.stanford.edu/class/archive/cs/cs109/cs109.1182/restricted/PSet6Soln-9cda470930.pdf,text/html;charset=utf-8,downloaded
https://web.stanford.edu/class/archive/cs/cs109/cs109.1182/sections/section1.pdf,/Users/jackb/GitHub/data-adventures/sandbox/stanford-109-questions/downloads/web.stanford.edu/class/archive/cs/cs109/cs109.1182/sections/section1-7876229e94.pdf,application/pdf,downloaded
https://web.stanford.edu/class/archive/cs/cs109/cs109.1182/sections/section2.pdf,/Users/jackb/GitHub/data-adventures/sandbox/stanford-109-questions/downloads/web.stanford.edu/class/archive/cs/cs109/cs109.1182/sections/section2-14178db840.pdf,application/pdf,downloaded
https://web.stanford.edu/class/archive/cs/cs109/cs109.1182/sections/section3.pdf,/Users/jackb/GitHub/data-adventures/sandbox/stanford-109-questions/downloads/web.stanford.edu/class/archive/cs/cs109/cs109.1182/sections/section3-b5105df064.pdf,application/pdf,downloaded
https://web.stanford.edu/class/archive/cs/cs109/cs109.1182/sections/section4.pdf,/Users/jackb/GitHub/data-adventures/sandbox/stanford-109-questions/downloads/web.stanford.edu/class/archive/cs/cs109/cs109.1182/sections/section4-46909ab14c.pdf,application/pdf,downloaded
https://web.stanford.edu/class/archive/cs/cs109/cs109.1182/sections/section6.pdf,/Users/jackb/GitHub/data-adventures/sandbox/stanford-109-questions/downloads/web.stanford.edu/class/archive/cs/cs109/cs109.1182/sections/section6-c4ccfe7309.pdf,application/pdf,downloaded
https://web.stanford.edu/class/archive/cs/cs109/cs109.1182/sections/section7.pdf,/Users/jackb/GitHub/data-adventures/sandbox/stanford-109-questions/downloads/web.stanford.edu/class/archive/cs/cs109/cs109.1182/sections/section7-69aa5e1cdd.pdf,application/pdf,downloaded
https://web.stanford.edu/class/archive/cs/cs109/cs109.1182/sections/section8.pdf,/Users/jackb/GitHub/data-adventures/sandbox/stanford-109-questions/downloads/web.stanford.edu/class/archive/cs/cs109/cs109.1182/sections/section8-89dc99d8b4.pdf,application/pdf,downloaded
https://web.stanford.edu/class/archive/cs/cs109/cs109.1182/sections/section1Soln.pdf,/Users/jackb/GitHub/data-adventures/sandbox/stanford-109-questions/downloads/web.stanford.edu/class/archive/cs/cs109/cs109.1182/sections/section1Soln-2dedc6536a.pdf,application/pdf,downloaded
https://web.stanford.edu/class/archive/cs/cs109/cs109.1182/sections/section2Soln.pdf,/Users/jackb/GitHub/data-adventures/sandbox/stanford-109-questions/downloads/web.stanford.edu/class/archive/cs/cs109/cs109.1182/sections/section2Soln-e5e1c26543.pdf,application/pdf,downloaded
https://web.stanford.edu/class/archive/cs/cs109/cs109.1182/sections/section3Soln.pdf,/Users/jackb/GitHub/data-adventures/sandbox/stanford-109-questions/downloads/web.stanford.edu/class/archive/cs/cs109/cs109.1182/sections/section3Soln-1e2fce9d66.pdf,application/pdf,downloaded
https://web.stanford.edu/class/archive/cs/cs109/cs109.1182/sections/section4Soln.pdf,/Users/jackb/GitHub/data-adventures/sandbox/stanford-109-questions/downloads/web.stanford.edu/class/archive/cs/cs109/cs109.1182/sections/section4Soln-be4b7dc849.pdf,application/pdf,downloaded
https://web.stanford.edu/class/archive/cs/cs109/cs109.1182/sections/section6Soln.pdf,/Users/jackb/GitHub/data-adventures/sandbox/stanford-109-questions/downloads/web.stanford.edu/class/archive/cs/cs109/cs109.1182/sections/section6Soln-6c565709cf.pdf,application/pdf,downloaded
https://web.stanford.edu/class/archive/cs/cs109/cs109.1182/sections/section7Soln.pdf,/Users/jackb/GitHub/data-adventures/sandbox/stanford-109-questions/downloads/web.stanford.edu/class/archive/cs/cs109/cs109.1182/sections/section7Soln-58b8484fb7.pdf,application/pdf,downloaded
https://web.stanford.edu/class/archive/cs/cs109/cs109.1182/sections/section8Soln.pdf,/Users/jackb/GitHub/data-adventures/sandbox/stanford-109-questions/downloads/web.stanford.edu/class/archive/cs/cs109/cs109.1182/sections/section8Soln-73ea521479.pdf,application/pdf,downloaded
https://web.stanford.edu/class/archive/cs/cs109/cs109.1182/pdfs/Administrivia.pdf,/Users/jackb/GitHub/data-adventures/sandbox/stanford-109-questions/downloads/web.stanford.edu/class/archive/cs/cs109/cs109.1182/pdfs/Administrivia-d2def93074.pdf,application/pdf,downloaded
https://web.stanford.edu/class/archive/cs/cs109/cs109.1182/pdfs/CalculationRef.pdf,/Users/jackb/GitHub/data-adventures/sandbox/stanford-109-questions/downloads/web.stanford.edu/class/archive/cs/cs109/cs109.1182/pdfs/CalculationRef-9b410a1bb0.pdf,application/pdf,downloaded
https://web.stanford.edu/class/archive/cs/cs109/cs109.1182/pdfs/Notation.pdf,/Users/jackb/GitHub/data-adventures/sandbox/stanford-109-questions/downloads/web.stanford.edu/class/archive/cs/cs109/cs109.1182/pdfs/Notation-68c42e6874.pdf,application/pdf,downloaded
https://web.stanford.edu/class/archive/cs/cs109/cs109.1182/pdfs/StandardNormal.pdf,/Users/jackb/GitHub/data-adventures/sandbox/stanford-109-questions/downloads/web.stanford.edu/class/archive/cs/cs109/cs109.1182/pdfs/StandardNormal-b322c1de08.pdf,application/pdf,downloaded
https://web.stanford.edu/class/archive/cs/cs109/cs109.1182/pdfs/PracticeMidterm.pdf,/Users/jackb/GitHub/data-adventures/sandbox/stanford-109-questions/downloads/web.stanford.edu/class/archive/cs/cs109/cs109.1182/pdfs/PracticeMidterm-30e53cd081.pdf,application/pdf,downloaded
https://web.stanford.edu/class/archive/cs/cs109/cs109.1182/pdfs/PracticeMidtermSoln.pdf,/Users/jackb/GitHub/data-adventures/sandbox/stanford-109-questions/downloads/web.stanford.edu/class/archive/cs/cs109/cs109.1182/pdfs/PracticeMidtermSoln-c6b50f9738.pdf,application/pdf,downloaded
https://web.stanford.edu/class/archive/cs/cs109/cs109.1182/restricted/Midterm.pdf,/Users/jackb/GitHub/data-adventures/sandbox/stanford-109-questions/downloads/web.stanford.edu/class/archive/cs/cs109/cs109.1182/restricted/Midterm-16fbe8ec2a.pdf,text/html;charset=utf-8,downloaded
https://web.stanford.edu/class/archive/cs/cs109/cs109.1182/restricted/Contest.pdf,/Users/jackb/GitHub/data-adventures/sandbox/stanford-109-questions/downloads/web.stanford.edu/class/archive/cs/cs109/cs109.1182/restricted/Contest-44cf5aae4d.pdf,text/html;charset=utf-8,downloaded
https://web.stanford.edu/class/archive/cs/cs109/cs109.1182/pdfs/PracticeFinal.pdf,/Users/jackb/GitHub/data-adventures/sandbox/stanford-109-questions/downloads/web.stanford.edu/class/archive/cs/cs109/cs109.1182/pdfs/PracticeFinal-70385f4084.pdf,application/pdf,downloaded
https://web.stanford.edu/class/archive/cs/cs109/cs109.1182/pdfs/PracticeFinalSoln.pdf,/Users/jackb/GitHub/data-adventures/sandbox/stanford-109-questions/downloads/web.stanford.edu/class/archive/cs/cs109/cs109.1182/pdfs/PracticeFinalSoln-adf44b69eb.pdf,application/pdf,downloaded
https://web.stanford.edu/class/archive/cs/cs109/cs109.1182/pdfs/Contest.pdf,/Users/jackb/GitHub/data-adventures/sandbox/stanford-109-questions/downloads/web.stanford.edu/class/archive/cs/cs109/cs109.1182/pdfs/Contest-788495c284.pdf,application/pdf,downloaded
https://web.stanford.edu/class/archive/cs/cs109/cs109.1182/stuff/intro.pdf,/Users/jackb/GitHub/data-adventures/sandbox/stanford-109-questions/downloads/web.stanford.edu/class/archive/cs/cs109/cs109.1182/stuff/intro-b3e013cd8e.pdf,application/pdf,downloaded
https://web.stanford.edu/class/archive/cs/cs109/cs109.1202/lectures/01_counting.pdf,/Users/jackb/GitHub/data-adventures/sandbox/stanford-109-questions/downloads/web.stanford.edu/class/archive/cs/cs109/cs109.1202/lectures/01_counting-24535e3382.pdf,application/pdf,downloaded
https://web.stanford.edu/class/archive/cs/cs109/cs109.1202/lectureNotes/LN01_counting.pdf,/Users/jackb/GitHub/data-adventures/sandbox/stanford-109-questions/downloads/web.stanford.edu/class/archive/cs/cs109/cs109.1202/lectureNotes/LN01_counting-e7615d53aa.pdf,application/pdf,downloaded
https://web.stanford.edu/class/archive/cs/cs109/cs109.1202/lectures/02_combinatorics.pdf,/Users/jackb/GitHub/data-adventures/sandbox/stanford-109-questions/downloads/web.stanford.edu/class/archive/cs/cs109/cs109.1202/lectures/02_combinatorics-af7c152e4f.pdf,application/pdf,downloaded
https://web.stanford.edu/class/archive/cs/cs109/cs109.1202/lectureNotes/LN02_combinatorics.pdf,/Users/jackb/GitHub/data-adventures/sandbox/stanford-109-questions/downloads/web.stanford.edu/class/archive/cs/cs109/cs109.1202/lectureNotes/LN02_combinatorics-3d24eefc70.pdf,application/pdf,downloaded
https://web.stanford.edu/class/archive/cs/cs109/cs109.1202/lectures/03_probability.pdf,/Users/jackb/GitHub/data-adventures/sandbox/stanford-109-questions/downloads/web.stanford.edu/class/archive/cs/cs109/cs109.1202/lectures/03_probability-0a22bd08a4.pdf,application/pdf,downloaded
https://web.stanford.edu/class/archive/cs/cs109/cs109.1202/lectureNotes/LN03_probability.pdf,/Users/jackb/GitHub/data-adventures/sandbox/stanford-109-questions/downloads/web.stanford.edu/class/archive/cs/cs109/cs109.1202/lectureNotes/LN03_probability-d773c32a0f.pdf,application/pdf,downloaded
https://web.stanford.edu/class/archive/cs/cs109/cs109.1202/lectures/04_cond_bayes.pdf,/Users/jackb/GitHub/data-adventures/sandbox/stanford-109-questions/downloads/web.stanford.edu/class/archive/cs/cs109/cs109.1202/lectures/04_cond_bayes-002b554e39.pdf,application/pdf,downloaded
https://web.stanford.edu/class/archive/cs/cs109/cs109.1202/lectureNotes/LN04_cond_bayes.pdf,/Users/jackb/GitHub/data-adventures/sandbox/stanford-109-questions/downloads/web.stanford.edu/class/archive/cs/cs109/cs109.1202/lectureNotes/LN04_cond_bayes-e14210b66b.pdf,application/pdf,downloaded
https://web.stanford.edu/class/archive/cs/cs109/cs109.1202/lectures/05_independence.pdf,/Users/jackb/GitHub/data-adventures/sandbox/stanford-109-questions/downloads/web.stanford.edu/class/archive/cs/cs109/cs109.1202/lectures/05_independence-fa13f0367f.pdf,application/pdf,downloaded
https://web.stanford.edu/class/archive/cs/cs109/cs109.1202/lectureNotes/LN05_independence.pdf,/Users/jackb/GitHub/data-adventures/sandbox/stanford-109-questions/downloads/web.stanford.edu/class/archive/cs/cs109/cs109.1202/lectureNotes/LN05_independence-db1baed9e6.pdf,application/pdf,downloaded
https://web.stanford.edu/class/archive/cs/cs109/cs109.1202/lectures/06_random_variables.pdf,/Users/jackb/GitHub/data-adventures/sandbox/stanford-109-questions/downloads/web.stanford.edu/class/archive/cs/cs109/cs109.1202/lectures/06_random_variables-4c33b34e94.pdf,application/pdf,downloaded
https://web.stanford.edu/class/archive/cs/cs109/cs109.1202/lectureNotes/LN06_random_variables.pdf,/Users/jackb/GitHub/data-adventures/sandbox/stanford-109-questions/downloads/web.stanford.edu/class/archive/cs/cs109/cs109.1202/lectureNotes/LN06_random_variables-d36ce24cbf.pdf,application/pdf,downloaded
https://web.stanford.edu/class/archive/cs/cs109/cs109.1202/lectures/07_bernoulli_binomial.pdf,/Users/jackb/GitHub/data-adventures/sandbox/stanford-109-questions/downloads/web.stanford.edu/class/archive/cs/cs109/cs109.1202/lectures/07_bernoulli_binomial-ea4e31b1f9.pdf,application/pdf,downloaded
https://web.stanford.edu/class/archive/cs/cs109/cs109.1202/lectureNotes/LN07_bernoulli_binomial.pdf,/Users/jackb/GitHub/data-adventures/sandbox/stanford-109-questions/downloads/web.stanford.edu/class/archive/cs/cs109/cs109.1202/lectureNotes/LN07_bernoulli_binomial-55fb937d88.pdf,application/pdf,downloaded
https://web.stanford.edu/class/archive/cs/cs109/cs109.1202/lectures/08_poisson_and_more.pdf,/Users/jackb/GitHub/data-adventures/sandbox/stanford-109-questions/downloads/web.stanford.edu/class/archive/cs/cs109/cs109.1202/lectures/08_poisson_and_more-81e61d0f48.pdf,application/pdf,downloaded
https://web.stanford.edu/class/archive/cs/cs109/cs109.1202/lectureNotes/LN08_poisson_and_more.pdf,/Users/jackb/GitHub/data-adventures/sandbox/stanford-109-questions/downloads/web.stanford.edu/class/archive/cs/cs109/cs109.1202/lectureNotes/LN08_poisson_and_more-95c6d65061.pdf,application/pdf,downloaded
https://web.stanford.edu/class/archive/cs/cs109/cs109.1202/lectures/09_continuous_rv.pdf,/Users/jackb/GitHub/data-adventures/sandbox/stanford-109-questions/downloads/web.stanford.edu/class/archive/cs/cs109/cs109.1202/lectures/09_continuous_rv-73f0a5c707.pdf,application/pdf,downloaded
https://web.stanford.edu/class/archive/cs/cs109/cs109.1202/lectureNotes/LN09_continuous_rv.pdf,/Users/jackb/GitHub/data-adventures/sandbox/stanford-109-questions/downloads/web.stanford.edu/class/archive/cs/cs109/cs109.1202/lectureNotes/LN09_continuous_rv-f2f3c6d220.pdf,application/pdf,downloaded
https://web.stanford.edu/class/archive/cs/cs109/cs109.1202/lectures/10_normal_gaussian.pdf,/Users/jackb/GitHub/data-adventures/sandbox/stanford-109-questions/downloads/web.stanford.edu/class/archive/cs/cs109/cs109.1202/lectures/10_normal_gaussian-4b139bbe84.pdf,application/pdf,downloaded
https://web.stanford.edu/class/archive/cs/cs109/cs109.1202/lectureNotes/LN10_normal_gaussian.pdf,/Users/jackb/GitHub/data-adventures/sandbox/stanford-109-questions/downloads/web.stanford.edu/class/archive/cs/cs109/cs109.1202/lectureNotes/LN10_normal_gaussian-b3ab463dd2.pdf,application/pdf,downloaded
https://web.stanford.edu/class/archive/cs/cs109/cs109.1202/lectures/11_joint_rv.pdf,/Users/jackb/GitHub/data-adventures/sandbox/stanford-109-questions/downloads/web.stanford.edu/class/archive/cs/cs109/cs109.1202/lectures/11_joint_rv-0beba961d6.pdf,application/pdf,downloaded
https://web.stanford.edu/class/archive/cs/cs109/cs109.1202/lectureNotes/LN11_joint_rv.pdf,/Users/jackb/GitHub/data-adventures/sandbox/stanford-109-questions/downloads/web.stanford.edu/class/archive/cs/cs109/cs109.1202/lectureNotes/LN11_joint_rv-8e04d54a4b.pdf,application/pdf,downloaded
https://web.stanford.edu/class/archive/cs/cs109/cs109.1202/lectures/12_cont_joint_rv.pdf,/Users/jackb/GitHub/data-adventures/sandbox/stanford-109-questions/downloads/web.stanford.edu/class/archive/cs/cs109/cs109.1202/lectures/12_cont_joint_rv-6b43d89b5c.pdf,application/pdf,downloaded
https://web.stanford.edu/class/archive/cs/cs109/cs109.1202/lectureNotes/LN12_cont_joint_rv.pdf,/Users/jackb/GitHub/data-adventures/sandbox/stanford-109-questions/downloads/web.stanford.edu/class/archive/cs/cs109/cs109.1202/lectureNotes/LN12_cont_joint_rv-4d2742604b.pdf,application/pdf,downloaded
https://web.stanford.edu/class/archive/cs/cs109/cs109.1202/lectures/13_independent_rvs.pdf,/Users/jackb/GitHub/data-adventures/sandbox/stanford-109-questions/downloads/web.stanford.edu/class/archive/cs/cs109/cs109.1202/lectures/13_independent_rvs-a849b0a5cb.pdf,application/pdf,downloaded
https://web.stanford.edu/class/archive/cs/cs109/cs109.1202/lectureNotes/LN13_independent_rvs.pdf,/Users/jackb/GitHub/data-adventures/sandbox/stanford-109-questions/downloads/web.stanford.edu/class/archive/cs/cs109/cs109.1202/lectureNotes/LN13_independent_rvs-59776ac4e2.pdf,application/pdf,downloaded
https://web.stanford.edu/class/archive/cs/cs109/cs109.1202/lectures/14_conditional_distribution.pdf,/Users/jackb/GitHub/data-adventures/sandbox/stanford-109-questions/downloads/web.stanford.edu/class/archive/cs/cs109/cs109.1202/lectures/14_conditional_distribution-6e31574312.pdf,application/pdf,downloaded
https://web.stanford.edu/class/archive/cs/cs109/cs109.1202/lectureNotes/LN14_conditional_distribution.pdf,/Users/jackb/GitHub/data-adventures/sandbox/stanford-109-questions/downloads/web.stanford.edu/class/archive/cs/cs109/cs109.1202/lectureNotes/LN14_conditional_distribution-125b6cacec.pdf,application/pdf,downloaded
https://web.stanford.edu/class/archive/cs/cs109/cs109.1202/lectures/15_covariance.pdf,/Users/jackb/GitHub/data-adventures/sandbox/stanford-109-questions/downloads/web.stanford.edu/class/archive/cs/cs109/cs109.1202/lectures/15_covariance-4b0baf371c.pdf,application/pdf,downloaded
https://web.stanford.edu/class/archive/cs/cs109/cs109.1202/lectureNotes/LN15_covariance.pdf,/Users/jackb/GitHub/data-adventures/sandbox/stanford-109-questions/downloads/web.stanford.edu/class/archive/cs/cs109/cs109.1202/lectureNotes/LN15_covariance-1965919ffd.pdf,application/pdf,downloaded
https://web.stanford.edu/class/archive/cs/cs109/cs109.1202/lectures/16_great_expectations.pdf,/Users/jackb/GitHub/data-adventures/sandbox/stanford-109-questions/downloads/web.stanford.edu/class/archive/cs/cs109/cs109.1202/lectures/16_great_expectations-c61b836947.pdf,application/pdf,downloaded
https://web.stanford.edu/class/archive/cs/cs109/cs109.1202/lectureNotes/LN16_great_expectations.pdf,/Users/jackb/GitHub/data-adventures/sandbox/stanford-109-questions/downloads/web.stanford.edu/class/archive/cs/cs109/cs109.1202/lectureNotes/LN16_great_expectations-038231f42b.pdf,application/pdf,downloaded
https://web.stanford.edu/class/archive/cs/cs109/cs109.1202/lectures/17_beta.pdf,/Users/jackb/GitHub/data-adventures/sandbox/stanford-109-questions/downloads/web.stanford.edu/class/archive/cs/cs109/cs109.1202/lectures/17_beta-7ea6c2cc48.pdf,application/pdf,downloaded
https://web.stanford.edu/class/archive/cs/cs109/cs109.1202/lectureNotes/LN17_beta.pdf,/Users/jackb/GitHub/data-adventures/sandbox/stanford-109-questions/downloads/web.stanford.edu/class/archive/cs/cs109/cs109.1202/lectureNotes/LN17_beta-a94bbe1cbf.pdf,application/pdf,downloaded
https://web.stanford.edu/class/archive/cs/cs109/cs109.1202/lectures/18_clt.pdf,/Users/jackb/GitHub/data-adventures/sandbox/stanford-109-questions/downloads/web.stanford.edu/class/archive/cs/cs109/cs109.1202/lectures/18_clt-c56c9fbe02.pdf,application/pdf,downloaded
https://web.stanford.edu/class/archive/cs/cs109/cs109.1202/lectureNotes/LN18_clt.pdf,/Users/jackb/GitHub/data-adventures/sandbox/stanford-109-questions/downloads/web.stanford.edu/class/archive/cs/cs109/cs109.1202/lectureNotes/LN18_clt-4f8e6cbcb7.pdf,application/pdf,downloaded
https://web.stanford.edu/class/archive/cs/cs109/cs109.1202/lectures/19_sampling.pdf,/Users/jackb/GitHub/data-adventures/sandbox/stanford-109-questions/downloads/web.stanford.edu/class/archive/cs/cs109/cs109.1202/lectures/19_sampling-dbd1737d98.pdf,application/pdf,downloaded
https://web.stanford.edu/class/archive/cs/cs109/cs109.1202/lectureNotes/LN19_sampling.pdf,/Users/jackb/GitHub/data-adventures/sandbox/stanford-109-questions/downloads/web.stanford.edu/class/archive/cs/cs109/cs109.1202/lectureNotes/LN19_sampling-06b38dde69.pdf,application/pdf,downloaded
https://web.stanford.edu/class/archive/cs/cs109/cs109.1202/lectures/20_sampling_inference.pdf,/Users/jackb/GitHub/data-adventures/sandbox/stanford-109-questions/downloads/web.stanford.edu/class/archive/cs/cs109/cs109.1202/lectures/20_sampling_inference-e5843d628a.pdf,application/pdf,downloaded
https://web.stanford.edu/class/archive/cs/cs109/cs109.1202/lectureNotes/LN20_inference.pdf,/Users/jackb/GitHub/data-adventures/sandbox/stanford-109-questions/downloads/web.stanford.edu/class/archive/cs/cs109/cs109.1202/lectureNotes/LN20_inference-f76026dcae.pdf,application/pdf,downloaded
https://web.stanford.edu/class/archive/cs/cs109/cs109.1202/lectures/21_parameters_mle.pdf,/Users/jackb/GitHub/data-adventures/sandbox/stanford-109-questions/downloads/web.stanford.edu/class/archive/cs/cs109/cs109.1202/lectures/21_parameters_mle-14ad4dc30a.pdf,application/pdf,downloaded
https://web.stanford.edu/class/archive/cs/cs109/cs109.1202/lectureNotes/LN21_parameters_mle.pdf,/Users/jackb/GitHub/data-adventures/sandbox/stanford-109-questions/downloads/web.stanford.edu/class/archive/cs/cs109/cs109.1202/lectureNotes/LN21_parameters_mle-37d5f42790.pdf,application/pdf,downloaded
https://web.stanford.edu/class/archive/cs/cs109/cs109.1202/lectures/22_mle_gradient_ascent.pdf,/Users/jackb/GitHub/data-adventures/sandbox/stanford-109-questions/downloads/web.stanford.edu/class/archive/cs/cs109/cs109.1202/lectures/22_mle_gradient_ascent-cddd1ca4b5.pdf,application/pdf,downloaded
https://web.stanford.edu/class/archive/cs/cs109/cs109.1202/lectureNotes/LN22_gradient_ascent.pdf,/Users/jackb/GitHub/data-adventures/sandbox/stanford-109-questions/downloads/web.stanford.edu/class/archive/cs/cs109/cs109.1202/lectureNotes/LN22_gradient_ascent-64b4566bf8.pdf,application/pdf,downloaded
https://web.stanford.edu/class/archive/cs/cs109/cs109.1202/lectures/23_map.pdf,/Users/jackb/GitHub/data-adventures/sandbox/stanford-109-questions/downloads/web.stanford.edu/class/archive/cs/cs109/cs109.1202/lectures/23_map-91da3d4982.pdf,application/pdf,downloaded
https://web.stanford.edu/class/archive/cs/cs109/cs109.1202/lectureNotes/LN23_map.pdf,/Users/jackb/GitHub/data-adventures/sandbox/stanford-109-questions/downloads/web.stanford.edu/class/archive/cs/cs109/cs109.1202/lectureNotes/LN23_map-f772f310f8.pdf,application/pdf,downloaded
https://web.stanford.edu/class/archive/cs/cs109/cs109.1202/lectures/24_naive_bayes.pdf,/Users/jackb/GitHub/data-adventures/sandbox/stanford-109-questions/downloads/web.stanford.edu/class/archive/cs/cs109/cs109.1202/lectures/24_naive_bayes-5420e21cb3.pdf,application/pdf,downloaded
https://web.stanford.edu/class/archive/cs/cs109/cs109.1202/lectureNotes/LN24_naive_bayes.pdf,/Users/jackb/GitHub/data-adventures/sandbox/stanford-109-questions/downloads/web.stanford.edu/class/archive/cs/cs109/cs109.1202/lectureNotes/LN24_naive_bayes-b15705b220.pdf,application/pdf,downloaded
https://web.stanford.edu/class/archive/cs/cs109/cs109.1202/lectures/25_logistic_regression.pdf,/Users/jackb/GitHub/data-adventures/sandbox/stanford-109-questions/downloads/web.stanford.edu/class/archive/cs/cs109/cs109.1202/lectures/25_logistic_regression-f17cfcc1fb.pdf,application/pdf,downloaded
https://web.stanford.edu/class/archive/cs/cs109/cs109.1202/lectureNotes/LN25_logistic_regression.pdf,/Users/jackb/GitHub/data-adventures/sandbox/stanford-109-questions/downloads/web.stanford.edu/class/archive/cs/cs109/cs109.1202/lectureNotes/LN25_logistic_regression-a32420dd91.pdf,application/pdf,downloaded
https://web.stanford.edu/class/archive/cs/cs109/cs109.1202/lectures/26_deep_learning.pdf,/Users/jackb/GitHub/data-adventures/sandbox/stanford-109-questions/downloads/web.stanford.edu/class/archive/cs/cs109/cs109.1202/lectures/26_deep_learning-743e5cf2fd.pdf,application/pdf,downloaded
https://web.stanford.edu/class/archive/cs/cs109/cs109.1202/lectureNotes/LN26_deep_learning.pdf,/Users/jackb/GitHub/data-adventures/sandbox/stanford-109-questions/downloads/web.stanford.edu/class/archive/cs/cs109/cs109.1202/lectureNotes/LN26_deep_learning-18ce2fa40b.pdf,application/pdf,downloaded
https://web.stanford.edu/class/archive/cs/cs109/cs109.1202/lectures/27_deep_learning_ii.pdf,/Users/jackb/GitHub/data-adventures/sandbox/stanford-109-questions/downloads/web.stanford.edu/class/archive/cs/cs109/cs109.1202/lectures/27_deep_learning_ii-a6edc7abdd.pdf,application/pdf,downloaded
https://web.stanford.edu/class/archive/cs/cs109/cs109.1202/restricted/pset1_soln.pdf,/Users/jackb/GitHub/data-adventures/sandbox/stanford-109-questions/downloads/web.stanford.edu/class/archive/cs/cs109/cs109.1202/restricted/pset1_soln-a48799734c.pdf,text/html;charset=utf-8,downloaded
https://web.stanford.edu/class/archive/cs/cs109/cs109.1202/restricted/pset2_soln.pdf,/Users/jackb/GitHub/data-adventures/sandbox/stanford-109-questions/downloads/web.stanford.edu/class/archive/cs/cs109/cs109.1202/restricted/pset2_soln-4968a63819.pdf,text/html;charset=utf-8,downloaded
https://web.stanford.edu/class/archive/cs/cs109/cs109.1202/restricted/pset3_soln.pdf,/Users/jackb/GitHub/data-adventures/sandbox/stanford-109-questions/downloads/web.stanford.edu/class/archive/cs/cs109/cs109.1202/restricted/pset3_soln-91487ab3e5.pdf,text/html;charset=utf-8,downloaded
https://web.stanford.edu/class/archive/cs/cs109/cs109.1202/restricted/pset4_soln.pdf,/Users/jackb/GitHub/data-adventures/sandbox/stanford-109-questions/downloads/web.stanford.edu/class/archive/cs/cs109/cs109.1202/restricted/pset4_soln-5c1550242f.pdf,text/html;charset=utf-8,downloaded
https://web.stanford.edu/class/archive/cs/cs109/cs109.1202/restricted/pset5_soln.pdf,/Users/jackb/GitHub/data-adventures/sandbox/stanford-109-questions/downloads/web.stanford.edu/class/archive/cs/cs109/cs109.1202/restricted/pset5_soln-d15561b189.pdf,text/html;charset=utf-8,downloaded
https://web.stanford.edu/class/archive/cs/cs109/cs109.1202/restricted/pset6_soln.pdf,/Users/jackb/GitHub/data-adventures/sandbox/stanford-109-questions/downloads/web.stanford.edu/class/archive/cs/cs109/cs109.1202/restricted/pset6_soln-a9b93122b7.pdf,text/html;charset=utf-8,downloaded
https://web.stanford.edu/class/archive/cs/cs109/cs109.1202/restricted/midterm.pdf,/Users/jackb/GitHub/data-adventures/sandbox/stanford-109-questions/downloads/web.stanford.edu/class/archive/cs/cs109/cs109.1202/restricted/midterm-b9fd4b9c8c.pdf,text/html;charset=utf-8,downloaded
https://web.stanford.edu/class/archive/cs/cs109/cs109.1202/restricted/midterm_soln.pdf,/Users/jackb/GitHub/data-adventures/sandbox/stanford-109-questions/downloads/web.stanford.edu/class/archive/cs/cs109/cs109.1202/restricted/midterm_soln-c035aa59ee.pdf,text/html;charset=utf-8,downloaded
https://web.stanford.edu/class/archive/cs/cs109/cs109.1202/psets/cs109_contest.pdf,/Users/jackb/GitHub/data-adventures/sandbox/stanford-109-questions/downloads/web.stanford.edu/class/archive/cs/cs109/cs109.1202/psets/cs109_contest-940451fc15.pdf,application/pdf,downloaded
https://web.stanford.edu/class/archive/cs/cs109/cs109.1202/restricted/final_soln.pdf,/Users/jackb/GitHub/data-adventures/sandbox/stanford-109-questions/downloads/web.stanford.edu/class/archive/cs/cs109/cs109.1202/restricted/final_soln-53abd75f36.pdf,text/html;charset=utf-8,downloaded
https://web.stanford.edu/class/archive/cs/cs109/cs109.1202/section/1/section1.pdf,/Users/jackb/GitHub/data-adventures/sandbox/stanford-109-questions/downloads/web.stanford.edu/class/archive/cs/cs109/cs109.1202/section/1/section1-6893ffcf3a.pdf,application/pdf,downloaded
https://web.stanford.edu/class/archive/cs/cs109/cs109.1202/section/1/section1_soln.pdf,/Users/jackb/GitHub/data-adventures/sandbox/stanford-109-questions/downloads/web.stanford.edu/class/archive/cs/cs109/cs109.1202/section/1/section1_soln-65f03f30e4.pdf,application/pdf,downloaded
https://web.stanford.edu/class/archive/cs/cs109/cs109.1202/section/2/section2.pdf,/Users/jackb/GitHub/data-adventures/sandbox/stanford-109-questions/downloads/web.stanford.edu/class/archive/cs/cs109/cs109.1202/section/2/section2-a346fb8145.pdf,application/pdf,downloaded
https://web.stanford.edu/class/archive/cs/cs109/cs109.1202/section/2/section2_soln.pdf,/Users/jackb/GitHub/data-adventures/sandbox/stanford-109-questions/downloads/web.stanford.edu/class/archive/cs/cs109/cs109.1202/section/2/section2_soln-a17c1b4cb7.pdf,application/pdf,downloaded
https://web.stanford.edu/class/archive/cs/cs109/cs109.1202/section/3/section3.pdf,/Users/jackb/GitHub/data-adventures/sandbox/stanford-109-questions/downloads/web.stanford.edu/class/archive/cs/cs109/cs109.1202/section/3/section3-0ac0248856.pdf,application/pdf,downloaded
https://web.stanford.edu/class/archive/cs/cs109/cs109.1202/section/3/section3_soln.pdf,/Users/jackb/GitHub/data-adventures/sandbox/stanford-109-questions/downloads/web.stanford.edu/class/archive/cs/cs109/cs109.1202/section/3/section3_soln-360b5f7c90.pdf,application/pdf,downloaded
https://web.stanford.edu/class/archive/cs/cs109/cs109.1202/section/4/section4.pdf,/Users/jackb/GitHub/data-adventures/sandbox/stanford-109-questions/downloads/web.stanford.edu/class/archive/cs/cs109/cs109.1202/section/4/section4-e26a91bbe7.pdf,application/pdf,downloaded
https://web.stanford.edu/class/archive/cs/cs109/cs109.1202/section/4/section4_soln.pdf,/Users/jackb/GitHub/data-adventures/sandbox/stanford-109-questions/downloads/web.stanford.edu/class/archive/cs/cs109/cs109.1202/section/4/section4_soln-2129888789.pdf,application/pdf,downloaded
https://web.stanford.edu/class/archive/cs/cs109/cs109.1202/section/5/section5.pdf,/Users/jackb/GitHub/data-adventures/sandbox/stanford-109-questions/downloads/web.stanford.edu/class/archive/cs/cs109/cs109.1202/section/5/section5-1ea3c8d6d2.pdf,application/pdf,downloaded
https://web.stanford.edu/class/archive/cs/cs109/cs109.1202/section/5/section5_soln.pdf,/Users/jackb/GitHub/data-adventures/sandbox/stanford-109-questions/downloads/web.stanford.edu/class/archive/cs/cs109/cs109.1202/section/5/section5_soln-f7bf9b88d3.pdf,application/pdf,downloaded
https://web.stanford.edu/class/archive/cs/cs109/cs109.1202/section/6/section6.pdf,/Users/jackb/GitHub/data-adventures/sandbox/stanford-109-questions/downloads/web.stanford.edu/class/archive/cs/cs109/cs109.1202/section/6/section6-ab4bcd09a2.pdf,application/pdf,downloaded
https://web.stanford.edu/class/archive/cs/cs109/cs109.1202/section/6/section6_soln.pdf,/Users/jackb/GitHub/data-adventures/sandbox/stanford-109-questions/downloads/web.stanford.edu/class/archive/cs/cs109/cs109.1202/section/6/section6_soln-9e124a80b0.pdf,application/pdf,downloaded
https://web.stanford.edu/class/archive/cs/cs109/cs109.1202/section/7/section7.pdf,/Users/jackb/GitHub/data-adventures/sandbox/stanford-109-questions/downloads/web.stanford.edu/class/archive/cs/cs109/cs109.1202/section/7/section7-f87f354ce5.pdf,application/pdf,downloaded
https://web.stanford.edu/class/archive/cs/cs109/cs109.1202/section/7/section7_soln.pdf,/Users/jackb/GitHub/data-adventures/sandbox/stanford-109-questions/downloads/web.stanford.edu/class/archive/cs/cs109/cs109.1202/section/7/section7_soln-ebac43ba57.pdf,application/pdf,downloaded
https://web.stanford.edu/class/archive/cs/cs109/cs109.1202/section/8/section8.pdf,/Users/jackb/GitHub/data-adventures/sandbox/stanford-109-questions/downloads/web.stanford.edu/class/archive/cs/cs109/cs109.1202/section/8/section8-4a6fba220f.pdf,application/pdf,downloaded
https://web.stanford.edu/class/archive/cs/cs109/cs109.1202/section/8/section8_soln.pdf,/Users/jackb/GitHub/data-adventures/sandbox/stanford-109-questions/downloads/web.stanford.edu/class/archive/cs/cs109/cs109.1202/section/8/section8_soln-75fb9a04b3.pdf,application/pdf,downloaded
https://web.stanford.edu/class/archive/cs/cs109/cs109.1202/handouts/H01_administrivia.pdf,/Users/jackb/GitHub/data-adventures/sandbox/stanford-109-questions/downloads/web.stanford.edu/class/archive/cs/cs109/cs109.1202/handouts/H01_administrivia-1a118ebd63.pdf,application/pdf,downloaded
https://web.stanford.edu/class/archive/cs/cs109/cs109.1202/handouts/H02_calculation_ref.pdf,/Users/jackb/GitHub/data-adventures/sandbox/stanford-109-questions/downloads/web.stanford.edu/class/archive/cs/cs109/cs109.1202/handouts/H02_calculation_ref-6c847af506.pdf,application/pdf,downloaded
https://web.stanford.edu/class/archive/cs/cs109/cs109.1202/handouts/H03_python_slides.pdf,/Users/jackb/GitHub/data-adventures/sandbox/stanford-109-questions/downloads/web.stanford.edu/class/archive/cs/cs109/cs109.1202/handouts/H03_python_slides-7b58250992.pdf,application/pdf,downloaded
https://web.stanford.edu/class/archive/cs/cs109/cs109.1202/handouts/H04_standard_normal.pdf,/Users/jackb/GitHub/data-adventures/sandbox/stanford-109-questions/downloads/web.stanford.edu/class/archive/cs/cs109/cs109.1202/handouts/H04_standard_normal-58d1b2fe65.pdf,application/pdf,downloaded
https://web.stanford.edu/class/archive/cs/cs109/cs109.1202/psets/contest/Robert_Thompson.pdf,/Users/jackb/GitHub/data-adventures/sandbox/stanford-109-questions/downloads/web.stanford.edu/class/archive/cs/cs109/cs109.1202/psets/contest/Robert_Thompson-d1e833595e.pdf,application/pdf,downloaded
https://web.stanford.edu/class/archive/cs/cs109/cs109.1202/psets/contest/Callum_Burgess.pdf,/Users/jackb/GitHub/data-adventures/sandbox/stanford-109-questions/downloads/web.stanford.edu/class/archive/cs/cs109/cs109.1202/psets/contest/Callum_Burgess-73c0501571.pdf,application/pdf,downloaded
https://web.stanford.edu/class/archive/cs/cs109/cs109.1202/handouts/latex/intro.pdf,/Users/jackb/GitHub/data-adventures/sandbox/stanford-109-questions/downloads/web.stanford.edu/class/archive/cs/cs109/cs109.1202/handouts/latex/intro-d78277f54a.pdf,application/pdf,downloaded
https://web.stanford.edu/class/archive/cs/cs109/cs109.1202/lectures/28_final_review.pdf,/Users/jackb/GitHub/data-adventures/sandbox/stanford-109-questions/downloads/web.stanford.edu/class/archive/cs/cs109/cs109.1202/lectures/28_final_review-3202b9e859.pdf,application/pdf,downloaded
https://web.stanford.edu/class/archive/cs/cs109/cs109.1202/lectures/29_beyond_cs109.pdf,/Users/jackb/GitHub/data-adventures/sandbox/stanford-109-questions/downloads/web.stanford.edu/class/archive/cs/cs109/cs109.1202/lectures/29_beyond_cs109-5ebac7173b.pdf,application/pdf,downloaded
https://web.stanford.edu/class/archive/cs/cs109/cs109.1228/handouts/syllabus_sum22.pdf,/Users/jackb/GitHub/data-adventures/sandbox/stanford-109-questions/downloads/web.stanford.edu/class/archive/cs/cs109/cs109.1228/handouts/syllabus_sum22-df1ae8ffb7.pdf,application/pdf,downloaded
https://web.stanford.edu/class/archive/cs/cs109/cs109.1228/restricted/psets/pset6/pset6.pdf,/Users/jackb/GitHub/data-adventures/sandbox/stanford-109-questions/downloads/web.stanford.edu/class/archive/cs/cs109/cs109.1228/restricted/psets/pset6/pset6-c19c7fb979.pdf,text/html;charset=utf-8,downloaded
https://web.stanford.edu/class/archive/cs/cs109/cs109.1228/sections/07_section_soln.pdf,/Users/jackb/GitHub/data-adventures/sandbox/stanford-109-questions/downloads/web.stanford.edu/class/archive/cs/cs109/cs109.1228/sections/07_section_soln-4eb5b7e414.pdf,application/pdf,downloaded
https://web.stanford.edu/class/archive/cs/cs109/cs109.1228/restricted/psets/pset4/pset4_soln.pdf,/Users/jackb/GitHub/data-adventures/sandbox/stanford-109-questions/downloads/web.stanford.edu/class/archive/cs/cs109/cs109.1228/restricted/psets/pset4/pset4_soln-aa5d7f24e3.pdf,text/html;charset=utf-8,downloaded
https://web.stanford.edu/class/archive/cs/cs109/cs109.1214/handouts/latex/latex_cheat.pdf,/Users/jackb/GitHub/data-adventures/sandbox/stanford-109-questions/downloads/web.stanford.edu/class/archive/cs/cs109/cs109.1214/handouts/latex/latex_cheat-920d96badc.pdf,application/pdf,downloaded
https://web.stanford.edu/class/archive/cs/cs109/cs109.1228/handouts/Random_Variable_Handout.pdf,/Users/jackb/GitHub/data-adventures/sandbox/stanford-109-questions/downloads/web.stanford.edu/class/archive/cs/cs109/cs109.1228/handouts/Random_Variable_Handout-fca89da954.pdf,application/pdf,downloaded
https://web.stanford.edu/class/archive/cs/cs109/cs109.1228/handouts/distributions.pdf,/Users/jackb/GitHub/data-adventures/sandbox/stanford-109-questions/downloads/web.stanford.edu/class/archive/cs/cs109/cs109.1228/handouts/distributions-4c53b78e5f.pdf,application/pdf,downloaded
https://web.stanford.edu/class/archive/cs/cs109/cs109.1228/handouts/practice/109asp22notes2.pdf,/Users/jackb/GitHub/data-adventures/sandbox/stanford-109-questions/downloads/web.stanford.edu/class/archive/cs/cs109/cs109.1228/handouts/practice/109asp22notes2-007d6cbbb8.pdf,application/pdf,downloaded
https://web.stanford.edu/class/archive/cs/cs109/cs109.1228/handouts/practice/109asp22notes3.pdf,/Users/jackb/GitHub/data-adventures/sandbox/stanford-109-questions/downloads/web.stanford.edu/class/archive/cs/cs109/cs109.1228/handouts/practice/109asp22notes3-aef785fa30.pdf,application/pdf,downloaded
https://web.stanford.edu/class/archive/cs/cs109/cs109.1228/handouts/practice/109asp22notes5.pdf,/Users/jackb/GitHub/data-adventures/sandbox/stanford-109-questions/downloads/web.stanford.edu/class/archive/cs/cs109/cs109.1228/handouts/practice/109asp22notes5-e4a8db012a.pdf,application/pdf,downloaded
https://web.stanford.edu/class/archive/cs/cs109/cs109.1228/handouts/practice/109asp22notes6.pdf,/Users/jackb/GitHub/data-adventures/sandbox/stanford-109-questions/downloads/web.stanford.edu/class/archive/cs/cs109/cs109.1228/handouts/practice/109asp22notes6-396eea2e43.pdf,application/pdf,downloaded
https://web.stanford.edu/class/archive/cs/cs109/cs109.1228/handouts/practice/109asp22notes7.pdf,/Users/jackb/GitHub/data-adventures/sandbox/stanford-109-questions/downloads/web.stanford.edu/class/archive/cs/cs109/cs109.1228/handouts/practice/109asp22notes7-5bb3111bf5.pdf,application/pdf,downloaded
https://web.stanford.edu/class/archive/cs/cs109/cs109.1228/handouts/practice/109asp22notes8.pdf,/Users/jackb/GitHub/data-adventures/sandbox/stanford-109-questions/downloads/web.stanford.edu/class/archive/cs/cs109/cs109.1228/handouts/practice/109asp22notes8-1d2220c22b.pdf,application/pdf,downloaded
https://web.stanford.edu/class/archive/cs/cs109/cs109.1228/handouts/practice/109asp22notes9.pdf,/Users/jackb/GitHub/data-adventures/sandbox/stanford-109-questions/downloads/web.stanford.edu/class/archive/cs/cs109/cs109.1228/handouts/practice/109asp22notes9-3b990bcd38.pdf,application/pdf,downloaded
https://web.stanford.edu/class/archive/cs/cs109/cs109.1228/restricted/final_soln.pdf,/Users/jackb/GitHub/data-adventures/sandbox/stanford-109-questions/downloads/web.stanford.edu/class/archive/cs/cs109/cs109.1228/restricted/final_soln-e1c17a25ca.pdf,text/html;charset=utf-8,downloaded
https://web.stanford.edu/class/archive/cs/cs109/cs109.1228/lectures/21_naive.pdf,/Users/jackb/GitHub/data-adventures/sandbox/stanford-109-questions/downloads/web.stanford.edu/class/archive/cs/cs109/cs109.1228/lectures/21_naive-b3b3d62331.pdf,application/pdf,downloaded
https://web.stanford.edu/class/archive/cs/cs109/cs109.1228/sections/07_section.pdf,/Users/jackb/GitHub/data-adventures/sandbox/stanford-109-questions/downloads/web.stanford.edu/class/archive/cs/cs109/cs109.1228/sections/07_section-ffffb2ba38.pdf,application/pdf,downloaded
https://web.stanford.edu/class/archive/cs/cs109/cs109.1228/lectures/22_lr_dl.pdf,/Users/jackb/GitHub/data-adventures/sandbox/stanford-109-questions/downloads/web.stanford.edu/class/archive/cs/cs109/cs109.1228/lectures/22_lr_dl-c427571db6.pdf,application/pdf,downloaded
https://web.stanford.edu/class/archive/cs/cs109/cs109.1228/restricted/psets/pset6/pset6_soln.pdf,/Users/jackb/GitHub/data-adventures/sandbox/stanford-109-questions/downloads/web.stanford.edu/class/archive/cs/cs109/cs109.1228/restricted/psets/pset6/pset6_soln-f41bd2d552.pdf,text/html;charset=utf-8,downloaded
https://web.stanford.edu/class/archive/cs/cs109/cs109.1228/lectures/01_introduction.pdf,/Users/jackb/GitHub/data-adventures/sandbox/stanford-109-questions/downloads/web.stanford.edu/class/archive/cs/cs109/cs109.1228/lectures/01_introduction-fe01ff79d7.pdf,application/pdf,downloaded
https://web.stanford.edu/class/archive/cs/cs109/cs109.1228/lectures/02_03_combinatorics.pdf,/Users/jackb/GitHub/data-adventures/sandbox/stanford-109-questions/downloads/web.stanford.edu/class/archive/cs/cs109/cs109.1228/lectures/02_03_combinatorics-bc1651b8a8.pdf,application/pdf,downloaded
https://web.stanford.edu/class/archive/cs/cs109/cs109.1228/restricted/psets/pset1/pset1.pdf,/Users/jackb/GitHub/data-adventures/sandbox/stanford-109-questions/downloads/web.stanford.edu/class/archive/cs/cs109/cs109.1228/restricted/psets/pset1/pset1-217f87425c.pdf,text/html;charset=utf-8,downloaded
https://web.stanford.edu/class/archive/cs/cs109/cs109.1228/lectures/04_probability.pdf,/Users/jackb/GitHub/data-adventures/sandbox/stanford-109-questions/downloads/web.stanford.edu/class/archive/cs/cs109/cs109.1228/lectures/04_probability-d9a5708819.pdf,application/pdf,downloaded
https://web.stanford.edu/class/archive/cs/cs109/cs109.1228/sections/01_section.pdf,/Users/jackb/GitHub/data-adventures/sandbox/stanford-109-questions/downloads/web.stanford.edu/class/archive/cs/cs109/cs109.1228/sections/01_section-4d9d291ec3.pdf,application/pdf,downloaded
https://web.stanford.edu/class/archive/cs/cs109/cs109.1228/sections/01_section_soln.pdf,/Users/jackb/GitHub/data-adventures/sandbox/stanford-109-questions/downloads/web.stanford.edu/class/archive/cs/cs109/cs109.1228/sections/01_section_soln-e8f7442801.pdf,application/pdf,downloaded
https://web.stanford.edu/class/archive/cs/cs109/cs109.1228/lectures/05_cond_probability.pdf,/Users/jackb/GitHub/data-adventures/sandbox/stanford-109-questions/downloads/web.stanford.edu/class/archive/cs/cs109/cs109.1228/lectures/05_cond_probability-4af9fd13cd.pdf,application/pdf,downloaded
https://web.stanford.edu/class/archive/cs/cs109/cs109.1228/restricted/psets/pset2/pset2.pdf,/Users/jackb/GitHub/data-adventures/sandbox/stanford-109-questions/downloads/web.stanford.edu/class/archive/cs/cs109/cs109.1228/restricted/psets/pset2/pset2-b30ee8f74e.pdf,text/html;charset=utf-8,downloaded
https://web.stanford.edu/class/archive/cs/cs109/cs109.1228/lectures/06_independence.pdf,/Users/jackb/GitHub/data-adventures/sandbox/stanford-109-questions/downloads/web.stanford.edu/class/archive/cs/cs109/cs109.1228/lectures/06_independence-c712bb2f6d.pdf,application/pdf,downloaded
https://web.stanford.edu/class/archive/cs/cs109/cs109.1228/restricted/psets/pset1/pset1_soln.pdf,/Users/jackb/GitHub/data-adventures/sandbox/stanford-109-questions/downloads/web.stanford.edu/class/archive/cs/cs109/cs109.1228/restricted/psets/pset1/pset1_soln-ee7f53b461.pdf,text/html;charset=utf-8,downloaded
https://web.stanford.edu/class/archive/cs/cs109/cs109.1228/sections/02_section.pdf,/Users/jackb/GitHub/data-adventures/sandbox/stanford-109-questions/downloads/web.stanford.edu/class/archive/cs/cs109/cs109.1228/sections/02_section-3edf3006d6.pdf,application/pdf,downloaded
https://web.stanford.edu/class/archive/cs/cs109/cs109.1228/sections/02_section_soln.pdf,/Users/jackb/GitHub/data-adventures/sandbox/stanford-109-questions/downloads/web.stanford.edu/class/archive/cs/cs109/cs109.1228/sections/02_section_soln-6d2f112d63.pdf,application/pdf,downloaded
https://web.stanford.edu/class/archive/cs/cs109/cs109.1228/lectures/07_random_vars.pdf,/Users/jackb/GitHub/data-adventures/sandbox/stanford-109-questions/downloads/web.stanford.edu/class/archive/cs/cs109/cs109.1228/lectures/07_random_vars-b528d9c83d.pdf,application/pdf,downloaded
https://web.stanford.edu/class/archive/cs/cs109/cs109.1228/restricted/psets/pset3/pset3.pdf,/Users/jackb/GitHub/data-adventures/sandbox/stanford-109-questions/downloads/web.stanford.edu/class/archive/cs/cs109/cs109.1228/restricted/psets/pset3/pset3-1f62034166.pdf,text/html;charset=utf-8,downloaded
https://web.stanford.edu/class/archive/cs/cs109/cs109.1228/lectures/08_discrete_rvs.pdf,/Users/jackb/GitHub/data-adventures/sandbox/stanford-109-questions/downloads/web.stanford.edu/class/archive/cs/cs109/cs109.1228/lectures/08_discrete_rvs-8e2cd3f3be.pdf,application/pdf,downloaded
https://web.stanford.edu/class/archive/cs/cs109/cs109.1228/restricted/psets/pset2/pset2_soln.pdf,/Users/jackb/GitHub/data-adventures/sandbox/stanford-109-questions/downloads/web.stanford.edu/class/archive/cs/cs109/cs109.1228/restricted/psets/pset2/pset2_soln-a7ce3dad60.pdf,text/html;charset=utf-8,downloaded
https://web.stanford.edu/class/archive/cs/cs109/cs109.1228/lectures/09_discrete_continuous_rvs.pdf,/Users/jackb/GitHub/data-adventures/sandbox/stanford-109-questions/downloads/web.stanford.edu/class/archive/cs/cs109/cs109.1228/lectures/09_discrete_continuous_rvs-d773af469f.pdf,application/pdf,downloaded
https://web.stanford.edu/class/archive/cs/cs109/cs109.1228/sections/03_section.pdf,/Users/jackb/GitHub/data-adventures/sandbox/stanford-109-questions/downloads/web.stanford.edu/class/archive/cs/cs109/cs109.1228/sections/03_section-05f5b3608a.pdf,application/pdf,downloaded
https://web.stanford.edu/class/archive/cs/cs109/cs109.1228/sections/03_section_soln.pdf,/Users/jackb/GitHub/data-adventures/sandbox/stanford-109-questions/downloads/web.stanford.edu/class/archive/cs/cs109/cs109.1228/sections/03_section_soln-c0ea1b6e69.pdf,application/pdf,downloaded
https://web.stanford.edu/class/archive/cs/cs109/cs109.1228/lectures/10_cdf_normal.pdf,/Users/jackb/GitHub/data-adventures/sandbox/stanford-109-questions/downloads/web.stanford.edu/class/archive/cs/cs109/cs109.1228/lectures/10_cdf_normal-e052d92328.pdf,application/pdf,downloaded
https://web.stanford.edu/class/archive/cs/cs109/cs109.1228/lectures/11_cont_corr.pdf,/Users/jackb/GitHub/data-adventures/sandbox/stanford-109-questions/downloads/web.stanford.edu/class/archive/cs/cs109/cs109.1228/lectures/11_cont_corr-1d9f510a37.pdf,application/pdf,downloaded
https://web.stanford.edu/class/archive/cs/cs109/cs109.1228/restricted/psets/pset3/pset3_soln.pdf,/Users/jackb/GitHub/data-adventures/sandbox/stanford-109-questions/downloads/web.stanford.edu/class/archive/cs/cs109/cs109.1228/restricted/psets/pset3/pset3_soln-f83138c5e6.pdf,text/html;charset=utf-8,downloaded
https://web.stanford.edu/class/archive/cs/cs109/cs109.1228/lectures/12_joint.pdf,/Users/jackb/GitHub/data-adventures/sandbox/stanford-109-questions/downloads/web.stanford.edu/class/archive/cs/cs109/cs109.1228/lectures/12_joint-c2263c4b0d.pdf,application/pdf,downloaded
https://web.stanford.edu/class/archive/cs/cs109/cs109.1228/restricted/midterm_soln.pdf,/Users/jackb/GitHub/data-adventures/sandbox/stanford-109-questions/downloads/web.stanford.edu/class/archive/cs/cs109/cs109.1228/restricted/midterm_soln-2e76aee469.pdf,text/html;charset=utf-8,downloaded
https://web.stanford.edu/class/archive/cs/cs109/cs109.1228/restricted/psets/pset4/pset4.pdf,/Users/jackb/GitHub/data-adventures/sandbox/stanford-109-questions/downloads/web.stanford.edu/class/archive/cs/cs109/cs109.1228/restricted/psets/pset4/pset4-a234eefc70.pdf,text/html;charset=utf-8,downloaded
https://web.stanford.edu/class/archive/cs/cs109/cs109.1228/sections/04_section.pdf,/Users/jackb/GitHub/data-adventures/sandbox/stanford-109-questions/downloads/web.stanford.edu/class/archive/cs/cs109/cs109.1228/sections/04_section-22b12bd754.pdf,application/pdf,downloaded
https://web.stanford.edu/class/archive/cs/cs109/cs109.1228/sections/04_section_soln.pdf,/Users/jackb/GitHub/data-adventures/sandbox/stanford-109-questions/downloads/web.stanford.edu/class/archive/cs/cs109/cs109.1228/sections/04_section_soln-36e44d775a.pdf,application/pdf,downloaded
https://web.stanford.edu/class/archive/cs/cs109/cs109.1228/lectures/13_inference.pdf,/Users/jackb/GitHub/data-adventures/sandbox/stanford-109-questions/downloads/web.stanford.edu/class/archive/cs/cs109/cs109.1228/lectures/13_inference-7033f76fb9.pdf,application/pdf,downloaded
https://web.stanford.edu/class/archive/cs/cs109/cs109.1228/lectures/14_modeling.pdf,/Users/jackb/GitHub/data-adventures/sandbox/stanford-109-questions/downloads/web.stanford.edu/class/archive/cs/cs109/cs109.1228/lectures/14_modeling-1b6fd26756.pdf,application/pdf,downloaded
https://web.stanford.edu/class/archive/cs/cs109/cs109.1228/lectures/15_general_inf.pdf,/Users/jackb/GitHub/data-adventures/sandbox/stanford-109-questions/downloads/web.stanford.edu/class/archive/cs/cs109/cs109.1228/lectures/15_general_inf-d724fad0d7.pdf,application/pdf,downloaded
https://web.stanford.edu/class/archive/cs/cs109/cs109.1228/sections/05_section.pdf,/Users/jackb/GitHub/data-adventures/sandbox/stanford-109-questions/downloads/web.stanford.edu/class/archive/cs/cs109/cs109.1228/sections/05_section-0dfc2e06e9.pdf,application/pdf,downloaded
https://web.stanford.edu/class/archive/cs/cs109/cs109.1228/sections/05_section_soln.pdf,/Users/jackb/GitHub/data-adventures/sandbox/stanford-109-questions/downloads/web.stanford.edu/class/archive/cs/cs109/cs109.1228/sections/05_section_soln-98f73a5a16.pdf,application/pdf,downloaded
https://web.stanford.edu/class/archive/cs/cs109/cs109.1228/lectures/16_beta.pdf,/Users/jackb/GitHub/data-adventures/sandbox/stanford-109-questions/downloads/web.stanford.edu/class/archive/cs/cs109/cs109.1228/lectures/16_beta-88c0cc070a.pdf,application/pdf,downloaded
https://web.stanford.edu/class/archive/cs/cs109/cs109.1228/restricted/psets/pset5/pset5.pdf,/Users/jackb/GitHub/data-adventures/sandbox/stanford-109-questions/downloads/web.stanford.edu/class/archive/cs/cs109/cs109.1228/restricted/psets/pset5/pset5-521a9bbea9.pdf,text/html;charset=utf-8,downloaded
https://web.stanford.edu/class/archive/cs/cs109/cs109.1228/lectures/17_clt.pdf,/Users/jackb/GitHub/data-adventures/sandbox/stanford-109-questions/downloads/web.stanford.edu/class/archive/cs/cs109/cs109.1228/lectures/17_clt-a5ec97039b.pdf,application/pdf,downloaded
https://web.stanford.edu/class/archive/cs/cs109/cs109.1228/lectures/18_sampling.pdf,/Users/jackb/GitHub/data-adventures/sandbox/stanford-109-questions/downloads/web.stanford.edu/class/archive/cs/cs109/cs109.1228/lectures/18_sampling-82e302b286.pdf,application/pdf,downloaded
https://web.stanford.edu/class/archive/cs/cs109/cs109.1228/sections/06_section.pdf,/Users/jackb/GitHub/data-adventures/sandbox/stanford-109-questions/downloads/web.stanford.edu/class/archive/cs/cs109/cs109.1228/sections/06_section-89453b8472.pdf,application/pdf,downloaded
https://web.stanford.edu/class/archive/cs/cs109/cs109.1228/sections/06_section_soln.pdf,/Users/jackb/GitHub/data-adventures/sandbox/stanford-109-questions/downloads/web.stanford.edu/class/archive/cs/cs109/cs109.1228/sections/06_section_soln-d9b1521b57.pdf,application/pdf,downloaded
https://web.stanford.edu/class/archive/cs/cs109/cs109.1228/lectures/19_pval_alg.pdf,/Users/jackb/GitHub/data-adventures/sandbox/stanford-109-questions/downloads/web.stanford.edu/class/archive/cs/cs109/cs109.1228/lectures/19_pval_alg-1987293018.pdf,application/pdf,downloaded
https://web.stanford.edu/class/archive/cs/cs109/cs109.1228/lectures/20_parameter_est.pdf,/Users/jackb/GitHub/data-adventures/sandbox/stanford-109-questions/downloads/web.stanford.edu/class/archive/cs/cs109/cs109.1228/lectures/20_parameter_est-b4d732768e.pdf,application/pdf,downloaded
https://web.stanford.edu/class/archive/cs/cs109/cs109.1228/restricted/psets/pset5/pset5_soln.pdf,/Users/jackb/GitHub/data-adventures/sandbox/stanford-109-questions/downloads/web.stanford.edu/class/archive/cs/cs109/cs109.1228/restricted/psets/pset5/pset5_soln-8afd2a3aed.pdf,text/html;charset=utf-8,downloaded
https://web.stanford.edu/class/archive/cs/cs109/cs109.1166/pdfs/HO32 ProblemSet5.pdf,,,download_error: URL can't contain control characters. '/class/archive/cs/cs109/cs109.1166/pdfs/HO32 ProblemSet5.pdf' (found at least ' ')
https://web.stanford.edu/class/archive/cs/cs109/cs109.1166/stuff/review.pdf,/Users/jackb/GitHub/data-adventures/sandbox/stanford-109-questions/downloads/web.stanford.edu/class/archive/cs/cs109/cs109.1166/stuff/review-ad71ff1a8d.pdf,application/pdf,downloaded
https://web.stanford.edu/class/archive/cs/cs109/cs109.1166/stuff/reviewSoln.pdf,/Users/jackb/GitHub/data-adventures/sandbox/stanford-109-questions/downloads/web.stanford.edu/class/archive/cs/cs109/cs109.1166/stuff/reviewSoln-be0f55f1d4.pdf,application/pdf,downloaded
https://web.stanford.edu/class/archive/cs/cs109/cs109.1166/pdfs/HO06 Probability.pdf,,,download_error: URL can't contain control characters. '/class/archive/cs/cs109/cs109.1166/pdfs/HO06 Probability.pdf' (found at least ' ')
https://web.stanford.edu/class/archive/cs/cs109/cs109.1166//pdfs/02 Counting.pdf,,,download_error: URL can't contain control characters. '/class/archive/cs/cs109/cs109.1166//pdfs/02 Counting.pdf' (found at least ' ')
https://web.stanford.edu/class/archive/cs/cs109/cs109.1166//ppt/1-Welcome.pdf,/Users/jackb/GitHub/data-adventures/sandbox/stanford-109-questions/downloads/web.stanford.edu/class/archive/cs/cs109/cs109.1166/ppt/1-Welcome-e0770d3caf.pdf,application/pdf,downloaded
https://web.stanford.edu/class/archive/cs/cs109/cs109.1166//pdfs/05 Combinatorics.pdf,,,download_error: URL can't contain control characters. '/class/archive/cs/cs109/cs109.1166//pdfs/05 Combinatorics.pdf' (found at least ' ')
https://web.stanford.edu/class/archive/cs/cs109/cs109.1166//ppt/2-Combinatorics.pdf,/Users/jackb/GitHub/data-adventures/sandbox/stanford-109-questions/downloads/web.stanford.edu/class/archive/cs/cs109/cs109.1166/ppt/2-Combinatorics-96692fde7a.pdf,application/pdf,downloaded
https://web.stanford.edu/class/archive/cs/cs109/cs109.1166//pdfs/06 Probability.pdf,,,download_error: URL can't contain control characters. '/class/archive/cs/cs109/cs109.1166//pdfs/06 Probability.pdf' (found at least ' ')
https://web.stanford.edu/class/archive/cs/cs109/cs109.1166//ppt/3-IntroProbability.pdf,/Users/jackb/GitHub/data-adventures/sandbox/stanford-109-questions/downloads/web.stanford.edu/class/archive/cs/cs109/cs109.1166/ppt/3-IntroProbability-3100c5dd75.pdf,application/pdf,downloaded
https://web.stanford.edu/class/archive/cs/cs109/cs109.1166//pdfs/07 CondProbability.pdf,,,download_error: URL can't contain control characters. '/class/archive/cs/cs109/cs109.1166//pdfs/07 CondProbability.pdf' (found at least ' ')
https://web.stanford.edu/class/archive/cs/cs109/cs109.1166//ppt/4-ConditionalProbability.pdf,/Users/jackb/GitHub/data-adventures/sandbox/stanford-109-questions/downloads/web.stanford.edu/class/archive/cs/cs109/cs109.1166/ppt/4-ConditionalProbability-e0ee875e28.pdf,application/pdf,downloaded
https://web.stanford.edu/class/archive/cs/cs109/cs109.1166//pdfs/08 Independence.pdf,,,download_error: URL can't contain control characters. '/class/archive/cs/cs109/cs109.1166//pdfs/08 Independence.pdf' (found at least ' ')
https://web.stanford.edu/class/archive/cs/cs109/cs109.1166//ppt/5-Independence.pdf,/Users/jackb/GitHub/data-adventures/sandbox/stanford-109-questions/downloads/web.stanford.edu/class/archive/cs/cs109/cs109.1166/ppt/5-Independence-17c0671b4a.pdf,application/pdf,downloaded
https://web.stanford.edu/class/archive/cs/cs109/cs109.1166//pdfs/10 Random Variables.pdf,,,download_error: URL can't contain control characters. '/class/archive/cs/cs109/cs109.1166//pdfs/10 Random Variables.pdf' (found at least ' ')
https://web.stanford.edu/class/archive/cs/cs109/cs109.1166//ppt/6-RandomVariables.pdf,/Users/jackb/GitHub/data-adventures/sandbox/stanford-109-questions/downloads/web.stanford.edu/class/archive/cs/cs109/cs109.1166/ppt/6-RandomVariables-7a70a13339.pdf,application/pdf,downloaded
https://web.stanford.edu/class/archive/cs/cs109/cs109.1166//pdfs/11 Variance.pdf,,,download_error: URL can't contain control characters. '/class/archive/cs/cs109/cs109.1166//pdfs/11 Variance.pdf' (found at least ' ')
https://web.stanford.edu/class/archive/cs/cs109/cs109.1166//ppt/7-Variance.pdf,/Users/jackb/GitHub/data-adventures/sandbox/stanford-109-questions/downloads/web.stanford.edu/class/archive/cs/cs109/cs109.1166/ppt/7-Variance-3290e0eb6b.pdf,application/pdf,downloaded
https://web.stanford.edu/class/archive/cs/cs109/cs109.1166//pdfs/12 Poisson.pdf,,,download_error: URL can't contain control characters. '/class/archive/cs/cs109/cs109.1166//pdfs/12 Poisson.pdf' (found at least ' ')
https://web.stanford.edu/class/archive/cs/cs109/cs109.1166//ppt/8-MoreDiscreteDist.pdf,/Users/jackb/GitHub/data-adventures/sandbox/stanford-109-questions/downloads/web.stanford.edu/class/archive/cs/cs109/cs109.1166/ppt/8-MoreDiscreteDist-0dda84bdc9.pdf,application/pdf,downloaded
https://web.stanford.edu/class/archive/cs/cs109/cs109.1166//pdfs/13 Continuous.pdf,,,download_error: URL can't contain control characters. '/class/archive/cs/cs109/cs109.1166//pdfs/13 Continuous.pdf' (found at least ' ')
https://web.stanford.edu/class/archive/cs/cs109/cs109.1166//ppt/9-ContinuousDist.pdf,/Users/jackb/GitHub/data-adventures/sandbox/stanford-109-questions/downloads/web.stanford.edu/class/archive/cs/cs109/cs109.1166/ppt/9-ContinuousDist-da7c3c7188.pdf,application/pdf,downloaded
https://web.stanford.edu/class/archive/cs/cs109/cs109.1166//pdfs/16 Gaussian.pdf,,,download_error: URL can't contain control characters. '/class/archive/cs/cs109/cs109.1166//pdfs/16 Gaussian.pdf' (found at least ' ')
https://web.stanford.edu/class/archive/cs/cs109/cs109.1166//ppt/10-Normal.pdf,/Users/jackb/GitHub/data-adventures/sandbox/stanford-109-questions/downloads/web.stanford.edu/class/archive/cs/cs109/cs109.1166/ppt/10-Normal-e90cebe29b.pdf,application/pdf,downloaded
https://web.stanford.edu/class/archive/cs/cs109/cs109.1166//pdfs/18 Joint.pdf,,,download_error: URL can't contain control characters. '/class/archive/cs/cs109/cs109.1166//pdfs/18 Joint.pdf' (found at least ' ')
https://web.stanford.edu/class/archive/cs/cs109/cs109.1166//ppt/11-Joint.pdf,/Users/jackb/GitHub/data-adventures/sandbox/stanford-109-questions/downloads/web.stanford.edu/class/archive/cs/cs109/cs109.1166/ppt/11-Joint-fb84ba66ea.pdf,application/pdf,downloaded
https://web.stanford.edu/class/archive/cs/cs109/cs109.1166//pdfs/19 MoreJointProperties.pdf,,,download_error: URL can't contain control characters. '/class/archive/cs/cs109/cs109.1166//pdfs/19 MoreJointProperties.pdf' (found at least ' ')
https://web.stanford.edu/class/archive/cs/cs109/cs109.1166//ppt/12-IndependentRVs.pdf,/Users/jackb/GitHub/data-adventures/sandbox/stanford-109-questions/downloads/web.stanford.edu/class/archive/cs/cs109/cs109.1166/ppt/12-IndependentRVs-dc52c17946.pdf,application/pdf,downloaded
https://web.stanford.edu/class/archive/cs/cs109/cs109.1166//pdfs/20 ConvolutionAndConditional.pdf,,,download_error: URL can't contain control characters. '/class/archive/cs/cs109/cs109.1166//pdfs/20 ConvolutionAndConditional.pdf' (found at least ' ')
https://web.stanford.edu/class/archive/cs/cs109/cs109.1166//ppt/13-ConvAndCondRVs.pdf,/Users/jackb/GitHub/data-adventures/sandbox/stanford-109-questions/downloads/web.stanford.edu/class/archive/cs/cs109/cs109.1166/ppt/13-ConvAndCondRVs-8d69776ef2.pdf,application/pdf,downloaded
https://web.stanford.edu/class/archive/cs/cs109/cs109.1166//pdfs/22 Beta.pdf,,,download_error: URL can't contain control characters. '/class/archive/cs/cs109/cs109.1166//pdfs/22 Beta.pdf' (found at least ' ')
https://web.stanford.edu/class/archive/cs/cs109/cs109.1166//ppt/14-BetaDistribution.pdf,/Users/jackb/GitHub/data-adventures/sandbox/stanford-109-questions/downloads/web.stanford.edu/class/archive/cs/cs109/cs109.1166/ppt/14-BetaDistribution-5d4eb29e3b.pdf,application/pdf,downloaded
https://web.stanford.edu/class/archive/cs/cs109/cs109.1166//pdfs/27 VarianceFromEvents.pdf,,,download_error: URL can't contain control characters. '/class/archive/cs/cs109/cs109.1166//pdfs/27 VarianceFromEvents.pdf' (found at least ' ')
https://web.stanford.edu/class/archive/cs/cs109/cs109.1166//ppt/15-VarianceFromPrinciples.pdf,/Users/jackb/GitHub/data-adventures/sandbox/stanford-109-questions/downloads/web.stanford.edu/class/archive/cs/cs109/cs109.1166/ppt/15-VarianceFromPrinciples-6ee421867b.pdf,application/pdf,downloaded
https://web.stanford.edu/class/archive/cs/cs109/cs109.1166//pdfs/28 CovarianceAndSamples.pdf,,,download_error: URL can't contain control characters. '/class/archive/cs/cs109/cs109.1166//pdfs/28 CovarianceAndSamples.pdf' (found at least ' ')
https://web.stanford.edu/class/archive/cs/cs109/cs109.1166//ppt/16-Covariance.pdf,/Users/jackb/GitHub/data-adventures/sandbox/stanford-109-questions/downloads/web.stanford.edu/class/archive/cs/cs109/cs109.1166/ppt/16-Covariance-0a7d0293b7.pdf,application/pdf,downloaded
https://web.stanford.edu/class/archive/cs/cs109/cs109.1166//pdfs/29 Correlation.pdf,,,download_error: URL can't contain control characters. '/class/archive/cs/cs109/cs109.1166//pdfs/29 Correlation.pdf' (found at least ' ')
https://web.stanford.edu/class/archive/cs/cs109/cs109.1166//ppt/17-Correlation.pdf,/Users/jackb/GitHub/data-adventures/sandbox/stanford-109-questions/downloads/web.stanford.edu/class/archive/cs/cs109/cs109.1166/ppt/17-Correlation-cb9f7d5d7c.pdf,application/pdf,downloaded
https://web.stanford.edu/class/archive/cs/cs109/cs109.1166//pdfs/30 CondExpectation.pdf,,,download_error: URL can't contain control characters. '/class/archive/cs/cs109/cs109.1166//pdfs/30 CondExpectation.pdf' (found at least ' ')
https://web.stanford.edu/class/archive/cs/cs109/cs109.1166//ppt/18-ConditionalExpectation.pdf,/Users/jackb/GitHub/data-adventures/sandbox/stanford-109-questions/downloads/web.stanford.edu/class/archive/cs/cs109/cs109.1166/ppt/18-ConditionalExpectation-2eb4c184eb.pdf,application/pdf,downloaded
https://web.stanford.edu/class/archive/cs/cs109/cs109.1166//pdfs/31 CentralTheorems.pdf,,,download_error: URL can't contain control characters. '/class/archive/cs/cs109/cs109.1166//pdfs/31 CentralTheorems.pdf' (found at least ' ')
https://web.stanford.edu/class/archive/cs/cs109/cs109.1166//ppt/19-CLT.pdf,/Users/jackb/GitHub/data-adventures/sandbox/stanford-109-questions/downloads/web.stanford.edu/class/archive/cs/cs109/cs109.1166/ppt/19-CLT-438a6295ef.pdf,application/pdf,downloaded
https://web.stanford.edu/class/archive/cs/cs109/cs109.1166//pdfs/34 ParameterEstimation.pdf,,,download_error: URL can't contain control characters. '/class/archive/cs/cs109/cs109.1166//pdfs/34 ParameterEstimation.pdf' (found at least ' ')
https://web.stanford.edu/class/archive/cs/cs109/cs109.1166//ppt/20-Parameters.pdf,/Users/jackb/GitHub/data-adventures/sandbox/stanford-109-questions/downloads/web.stanford.edu/class/archive/cs/cs109/cs109.1166/ppt/20-Parameters-c8d157e046.pdf,application/pdf,downloaded
https://web.stanford.edu/class/archive/cs/cs109/cs109.1166//pdfs/35 MaximumLikelihood.pdf,,,download_error: URL can't contain control characters. '/class/archive/cs/cs109/cs109.1166//pdfs/35 MaximumLikelihood.pdf' (found at least ' ')
https://web.stanford.edu/class/archive/cs/cs109/cs109.1166//ppt/21-Likelihood.pdf,/Users/jackb/GitHub/data-adventures/sandbox/stanford-109-questions/downloads/web.stanford.edu/class/archive/cs/cs109/cs109.1166/ppt/21-Likelihood-9d60e48c4c.pdf,application/pdf,downloaded
https://web.stanford.edu/class/archive/cs/cs109/cs109.1166//pdfs/37 MaximumAPosteriori.pdf,,,download_error: URL can't contain control characters. '/class/archive/cs/cs109/cs109.1166//pdfs/37 MaximumAPosteriori.pdf' (found at least ' ')
https://web.stanford.edu/class/archive/cs/cs109/cs109.1166//ppt/22-MAP.pdf,/Users/jackb/GitHub/data-adventures/sandbox/stanford-109-questions/downloads/web.stanford.edu/class/archive/cs/cs109/cs109.1166/ppt/22-MAP-ab868c8e69.pdf,application/pdf,downloaded
https://web.stanford.edu/class/archive/cs/cs109/cs109.1166//pdfs/39 NaiveBayes.pdf,,,download_error: URL can't contain control characters. '/class/archive/cs/cs109/cs109.1166//pdfs/39 NaiveBayes.pdf' (found at least ' ')
https://web.stanford.edu/class/archive/cs/cs109/cs109.1166//ppt/23-NaiveBayes.pdf,/Users/jackb/GitHub/data-adventures/sandbox/stanford-109-questions/downloads/web.stanford.edu/class/archive/cs/cs109/cs109.1166/ppt/23-NaiveBayes-a32d50b981.pdf,application/pdf,downloaded
https://web.stanford.edu/class/archive/cs/cs109/cs109.1166//pdfs/40 LogisticRegression.pdf,,,download_error: URL can't contain control characters. '/class/archive/cs/cs109/cs109.1166//pdfs/40 LogisticRegression.pdf' (found at least ' ')
https://web.stanford.edu/class/archive/cs/cs109/cs109.1166//ppt/24-LogisticRegression.pdf,/Users/jackb/GitHub/data-adventures/sandbox/stanford-109-questions/downloads/web.stanford.edu/class/archive/cs/cs109/cs109.1166/ppt/24-LogisticRegression-e2b2a75a80.pdf,application/pdf,downloaded
https://web.stanford.edu/class/archive/cs/cs109/cs109.1166//pdfs/41 DeepLearning.pdf,,,download_error: URL can't contain control characters. '/class/archive/cs/cs109/cs109.1166//pdfs/41 DeepLearning.pdf' (found at least ' ')
https://web.stanford.edu/class/archive/cs/cs109/cs109.1166//ppt/25-DeepLearning.pdf,/Users/jackb/GitHub/data-adventures/sandbox/stanford-109-questions/downloads/web.stanford.edu/class/archive/cs/cs109/cs109.1166/ppt/25-DeepLearning-415be93d49.pdf,application/pdf,downloaded
https://web.stanford.edu/class/archive/cs/cs109/cs109.1166//ppt/26-AppliedMachineLearning.pdf,/Users/jackb/GitHub/data-adventures/sandbox/stanford-109-questions/downloads/web.stanford.edu/class/archive/cs/cs109/cs109.1166/ppt/26-AppliedMachineLearning-1481fdb745.pdf,application/pdf,downloaded
https://web.stanford.edu/class/archive/cs/cs109/cs109.1176/reader/1 Counting.pdf,,,download_error: URL can't contain control characters. '/class/archive/cs/cs109/cs109.1176/reader/1 Counting.pdf' (found at least ' ')
https://web.stanford.edu/class/archive/cs/cs109/cs109.1176/reader/2 Probability.pdf,,,download_error: URL can't contain control characters. '/class/archive/cs/cs109/cs109.1176/reader/2 Probability.pdf' (found at least ' ')
https://web.stanford.edu/class/archive/cs/cs109/cs109.1176/reader/3 Conditional.pdf,,,download_error: URL can't contain control characters. '/class/archive/cs/cs109/cs109.1176/reader/3 Conditional.pdf' (found at least ' ')
https://web.stanford.edu/class/archive/cs/cs109/cs109.1176/reader/4 Random Variables.pdf,,,download_error: URL can't contain control characters. '/class/archive/cs/cs109/cs109.1176/reader/4 Random Variables.pdf' (found at least ' ')
https://web.stanford.edu/class/archive/cs/cs109/cs109.1176/reader/5 Discrete Variables.pdf,,,download_error: URL can't contain control characters. '/class/archive/cs/cs109/cs109.1176/reader/5 Discrete Variables.pdf' (found at least ' ')
https://web.stanford.edu/class/archive/cs/cs109/cs109.1176/reader/6 Continuous Variables.pdf,,,download_error: URL can't contain control characters. '/class/archive/cs/cs109/cs109.1176/reader/6 Continuous Variables.pdf' (found at least ' ')
https://web.stanford.edu/class/archive/cs/cs109/cs109.1176/reader/7 Multivariate.pdf,,,download_error: URL can't contain control characters. '/class/archive/cs/cs109/cs109.1176/reader/7 Multivariate.pdf' (found at least ' ')
https://web.stanford.edu/class/archive/cs/cs109/cs109.1176/reader/8 Probability as a Variable.pdf,,,download_error: URL can't contain control characters. '/class/archive/cs/cs109/cs109.1176/reader/8 Probability as a Variable.pdf' (found at least ' ')
https://web.stanford.edu/class/archive/cs/cs109/cs109.1176/reader/9 Sampling.pdf,,,download_error: URL can't contain control characters. '/class/archive/cs/cs109/cs109.1176/reader/9 Sampling.pdf' (found at least ' ')
https://web.stanford.edu/class/archive/cs/cs109/cs109.1176/reader/10 Central Theorems.pdf,,,download_error: URL can't contain control characters. '/class/archive/cs/cs109/cs109.1176/reader/10 Central Theorems.pdf' (found at least ' ')
https://web.stanford.edu/class/archive/cs/cs109/cs109.1176/reader/11 Parameter Estimation.pdf,,,download_error: URL can't contain control characters. '/class/archive/cs/cs109/cs109.1176/reader/11 Parameter Estimation.pdf' (found at least ' ')
https://web.stanford.edu/class/archive/cs/cs109/cs109.1176/reader/12 Machine Learning.pdf,,,download_error: URL can't contain control characters. '/class/archive/cs/cs109/cs109.1176/reader/12 Machine Learning.pdf' (found at least ' ')
https://web.stanford.edu/class/archive/cs/cs109/cs109.1176/pdfs/09 ProblemSet2.pdf,,,download_error: URL can't contain control characters. '/class/archive/cs/cs109/cs109.1176/pdfs/09 ProblemSet2.pdf' (found at least ' ')
https://web.stanford.edu/class/archive/cs/cs109/cs109.1176/psets/pset3.pdf,/Users/jackb/GitHub/data-adventures/sandbox/stanford-109-questions/downloads/web.stanford.edu/class/archive/cs/cs109/cs109.1176/psets/pset3-f40babc331.pdf,application/pdf,downloaded
https://web.stanford.edu/class/archive/cs/cs109/cs109.1176/psets/pset4.pdf,/Users/jackb/GitHub/data-adventures/sandbox/stanford-109-questions/downloads/web.stanford.edu/class/archive/cs/cs109/cs109.1176/psets/pset4-58c0e7c599.pdf,application/pdf,downloaded
https://web.stanford.edu/class/archive/cs/cs109/cs109.1176/psets/pset5.pdf,/Users/jackb/GitHub/data-adventures/sandbox/stanford-109-questions/downloads/web.stanford.edu/class/archive/cs/cs109/cs109.1176/psets/pset5-dc138ed9ee.pdf,application/pdf,downloaded
https://web.stanford.edu/class/archive/cs/cs109/cs109.1176/psets/pset6.pdf,/Users/jackb/GitHub/data-adventures/sandbox/stanford-109-questions/downloads/web.stanford.edu/class/archive/cs/cs109/cs109.1176/psets/pset6-eaeb3f8a6f.pdf,application/pdf,downloaded
https://web.stanford.edu/class/archive/cs/cs109/cs109.1176/pdfs/HO06 Probability.pdf,,,download_error: URL can't contain control characters. '/class/archive/cs/cs109/cs109.1176/pdfs/HO06 Probability.pdf' (found at least ' ')
https://web.stanford.edu/class/archive/cs/cs109/cs109.1176/lectures/1-Welcome.pdf,/Users/jackb/GitHub/data-adventures/sandbox/stanford-109-questions/downloads/web.stanford.edu/class/archive/cs/cs109/cs109.1176/lectures/1-Welcome-e45a4b5315.pdf,application/pdf,downloaded
https://web.stanford.edu/class/archive/cs/cs109/cs109.1176/lectures/2-Combinatorics.pdf,/Users/jackb/GitHub/data-adventures/sandbox/stanford-109-questions/downloads/web.stanford.edu/class/archive/cs/cs109/cs109.1176/lectures/2-Combinatorics-ff2d23a847.pdf,application/pdf,downloaded
https://web.stanford.edu/class/archive/cs/cs109/cs109.1176/lectures/3-IntroProbability.pdf,/Users/jackb/GitHub/data-adventures/sandbox/stanford-109-questions/downloads/web.stanford.edu/class/archive/cs/cs109/cs109.1176/lectures/3-IntroProbability-e5526aebb2.pdf,application/pdf,downloaded
https://web.stanford.edu/class/archive/cs/cs109/cs109.1176/lectures/4-ConditionalProbability.pdf,/Users/jackb/GitHub/data-adventures/sandbox/stanford-109-questions/downloads/web.stanford.edu/class/archive/cs/cs109/cs109.1176/lectures/4-ConditionalProbability-433d50381d.pdf,application/pdf,downloaded
https://web.stanford.edu/class/archive/cs/cs109/cs109.1176/lectureHandouts/4 Conditional Probability.pdf.pdf,,,download_error: URL can't contain control characters. '/class/archive/cs/cs109/cs109.1176/lectureHandouts/4 Conditional Probability.pdf.pdf' (found at least ' ')
https://web.stanford.edu/class/archive/cs/cs109/cs109.1176/lectures/5-Independence.pdf,/Users/jackb/GitHub/data-adventures/sandbox/stanford-109-questions/downloads/web.stanford.edu/class/archive/cs/cs109/cs109.1176/lectures/5-Independence-a191ca6f06.pdf,application/pdf,downloaded
https://web.stanford.edu/class/archive/cs/cs109/cs109.1176/lectures/6-RandomVariables.pdf,/Users/jackb/GitHub/data-adventures/sandbox/stanford-109-questions/downloads/web.stanford.edu/class/archive/cs/cs109/cs109.1176/lectures/6-RandomVariables-fc31674c82.pdf,application/pdf,downloaded
https://web.stanford.edu/class/archive/cs/cs109/cs109.1176/lectures/7-Variance.pdf,/Users/jackb/GitHub/data-adventures/sandbox/stanford-109-questions/downloads/web.stanford.edu/class/archive/cs/cs109/cs109.1176/lectures/7-Variance-e36a8b1abf.pdf,application/pdf,downloaded
https://web.stanford.edu/class/archive/cs/cs109/cs109.1176/lectures/8-MoreDiscreteDist.pdf,/Users/jackb/GitHub/data-adventures/sandbox/stanford-109-questions/downloads/web.stanford.edu/class/archive/cs/cs109/cs109.1176/lectures/8-MoreDiscreteDist-65da061eeb.pdf,application/pdf,downloaded
https://web.stanford.edu/class/archive/cs/cs109/cs109.1176/lectures/9-ContinuousDist.pdf,/Users/jackb/GitHub/data-adventures/sandbox/stanford-109-questions/downloads/web.stanford.edu/class/archive/cs/cs109/cs109.1176/lectures/9-ContinuousDist-a206a03c31.pdf,application/pdf,downloaded
https://web.stanford.edu/class/archive/cs/cs109/cs109.1176/lectures/10-Normal.pdf,/Users/jackb/GitHub/data-adventures/sandbox/stanford-109-questions/downloads/web.stanford.edu/class/archive/cs/cs109/cs109.1176/lectures/10-Normal-8732056814.pdf,application/pdf,downloaded
https://web.stanford.edu/class/archive/cs/cs109/cs109.1176/lectures/11-Joint.pdf,/Users/jackb/GitHub/data-adventures/sandbox/stanford-109-questions/downloads/web.stanford.edu/class/archive/cs/cs109/cs109.1176/lectures/11-Joint-5e827999bd.pdf,application/pdf,downloaded
https://web.stanford.edu/class/archive/cs/cs109/cs109.1176/lectures/12-ContinuousJoint.pdf,/Users/jackb/GitHub/data-adventures/sandbox/stanford-109-questions/downloads/web.stanford.edu/class/archive/cs/cs109/cs109.1176/lectures/12-ContinuousJoint-17d8276b99.pdf,application/pdf,downloaded
https://web.stanford.edu/class/archive/cs/cs109/cs109.1176/lectures/13-PropertiesOfJoints.pdf,/Users/jackb/GitHub/data-adventures/sandbox/stanford-109-questions/downloads/web.stanford.edu/class/archive/cs/cs109/cs109.1176/lectures/13-PropertiesOfJoints-7e06b4f228.pdf,application/pdf,downloaded
https://web.stanford.edu/class/archive/cs/cs109/cs109.1176/lectures/14-Convolution.pdf,/Users/jackb/GitHub/data-adventures/sandbox/stanford-109-questions/downloads/web.stanford.edu/class/archive/cs/cs109/cs109.1176/lectures/14-Convolution-bc93117650.pdf,application/pdf,downloaded
https://web.stanford.edu/class/archive/cs/cs109/cs109.1176/lectures/15-Beta.pdf,/Users/jackb/GitHub/data-adventures/sandbox/stanford-109-questions/downloads/web.stanford.edu/class/archive/cs/cs109/cs109.1176/lectures/15-Beta-b872f3c745.pdf,application/pdf,downloaded
https://web.stanford.edu/class/archive/cs/cs109/cs109.1176/lectures/16-Great Expectations.pdf,,,download_error: URL can't contain control characters. '/class/archive/cs/cs109/cs109.1176/lectures/16-Great Expectations.pdf' (found at least ' ')
https://web.stanford.edu/class/archive/cs/cs109/cs109.1176/lectures/17-Covariance.pdf,/Users/jackb/GitHub/data-adventures/sandbox/stanford-109-questions/downloads/web.stanford.edu/class/archive/cs/cs109/cs109.1176/lectures/17-Covariance-e74161b53d.pdf,application/pdf,downloaded
https://web.stanford.edu/class/archive/cs/cs109/cs109.1176/lectures/18-Samples.pdf,/Users/jackb/GitHub/data-adventures/sandbox/stanford-109-questions/downloads/web.stanford.edu/class/archive/cs/cs109/cs109.1176/lectures/18-Samples-fc4d6139da.pdf,application/pdf,downloaded
https://web.stanford.edu/class/archive/cs/cs109/cs109.1176/lectures/19-CLT.pdf,/Users/jackb/GitHub/data-adventures/sandbox/stanford-109-questions/downloads/web.stanford.edu/class/archive/cs/cs109/cs109.1176/lectures/19-CLT-2097579c4c.pdf,application/pdf,downloaded
https://web.stanford.edu/class/archive/cs/cs109/cs109.1176/lectures/20-ParameterEstimation.pdf,/Users/jackb/GitHub/data-adventures/sandbox/stanford-109-questions/downloads/web.stanford.edu/class/archive/cs/cs109/cs109.1176/lectures/20-ParameterEstimation-53c70d530f.pdf,application/pdf,downloaded
https://web.stanford.edu/class/archive/cs/cs109/cs109.1176/lectures/21-MAP.pdf,/Users/jackb/GitHub/data-adventures/sandbox/stanford-109-questions/downloads/web.stanford.edu/class/archive/cs/cs109/cs109.1176/lectures/21-MAP-acfcea9512.pdf,application/pdf,downloaded
https://web.stanford.edu/class/archive/cs/cs109/cs109.1176/lectures/22-NaiveBayes.pdf,/Users/jackb/GitHub/data-adventures/sandbox/stanford-109-questions/downloads/web.stanford.edu/class/archive/cs/cs109/cs109.1176/lectures/22-NaiveBayes-e6c1554562.pdf,application/pdf,downloaded
https://web.stanford.edu/class/archive/cs/cs109/cs109.1176/lectures/23-LogisticRegression.pdf,/Users/jackb/GitHub/data-adventures/sandbox/stanford-109-questions/downloads/web.stanford.edu/class/archive/cs/cs109/cs109.1176/lectures/23-LogisticRegression-d2fa27ed68.pdf,application/pdf,downloaded
https://web.stanford.edu/class/archive/cs/cs109/cs109.1176/lectures/24-TowardsDeepLearning.pdf,/Users/jackb/GitHub/data-adventures/sandbox/stanford-109-questions/downloads/web.stanford.edu/class/archive/cs/cs109/cs109.1176/lectures/24-TowardsDeepLearning-a4771f0151.pdf,application/pdf,downloaded
https://web.stanford.edu/class/archive/cs/cs109/cs109.1176/lectures/25-DeepLearning.pdf,/Users/jackb/GitHub/data-adventures/sandbox/stanford-109-questions/downloads/web.stanford.edu/class/archive/cs/cs109/cs109.1176/lectures/25-DeepLearning-fbc4f0b47f.pdf,application/pdf,downloaded
https://web.stanford.edu/class/archive/cs/cs109/cs109.1178/lectureHandouts/030-counting.pdf,/Users/jackb/GitHub/data-adventures/sandbox/stanford-109-questions/downloads/web.stanford.edu/class/archive/cs/cs109/cs109.1178/lectureHandouts/030-counting-fb88b26a5f.pdf,application/pdf,downloaded
https://web.stanford.edu/class/archive/cs/cs109/cs109.1178/lectureHandouts/032-combinatorics.pdf,/Users/jackb/GitHub/data-adventures/sandbox/stanford-109-questions/downloads/web.stanford.edu/class/archive/cs/cs109/cs109.1178/lectureHandouts/032-combinatorics-f1fc0c934f.pdf,application/pdf,downloaded
https://web.stanford.edu/class/archive/cs/cs109/cs109.1178/lectureHandouts/035-probability.pdf,/Users/jackb/GitHub/data-adventures/sandbox/stanford-109-questions/downloads/web.stanford.edu/class/archive/cs/cs109/cs109.1178/lectureHandouts/035-probability-ca0e12d8d7.pdf,application/pdf,downloaded
https://web.stanford.edu/class/archive/cs/cs109/cs109.1178/lectureHandouts/040-cond-probability.pdf,/Users/jackb/GitHub/data-adventures/sandbox/stanford-109-questions/downloads/web.stanford.edu/class/archive/cs/cs109/cs109.1178/lectureHandouts/040-cond-probability-565c417925.pdf,application/pdf,downloaded
https://web.stanford.edu/class/archive/cs/cs109/cs109.1178/lectureHandouts/050-independence.pdf,/Users/jackb/GitHub/data-adventures/sandbox/stanford-109-questions/downloads/web.stanford.edu/class/archive/cs/cs109/cs109.1178/lectureHandouts/050-independence-d1db9c13f4.pdf,application/pdf,downloaded
https://web.stanford.edu/class/archive/cs/cs109/cs109.1178/lectureHandouts/060-random-variables.pdf,/Users/jackb/GitHub/data-adventures/sandbox/stanford-109-questions/downloads/web.stanford.edu/class/archive/cs/cs109/cs109.1178/lectureHandouts/060-random-variables-315f81c291.pdf,application/pdf,downloaded
https://web.stanford.edu/class/archive/cs/cs109/cs109.1178/lectureHandouts/070-bernoulli-binomial.pdf,/Users/jackb/GitHub/data-adventures/sandbox/stanford-109-questions/downloads/web.stanford.edu/class/archive/cs/cs109/cs109.1178/lectureHandouts/070-bernoulli-binomial-7ab3fefbf3.pdf,application/pdf,downloaded
https://web.stanford.edu/class/archive/cs/cs109/cs109.1178/lectureHandouts/080-poisson.pdf,/Users/jackb/GitHub/data-adventures/sandbox/stanford-109-questions/downloads/web.stanford.edu/class/archive/cs/cs109/cs109.1178/lectureHandouts/080-poisson-86edd9da9c.pdf,application/pdf,downloaded
https://web.stanford.edu/class/archive/cs/cs109/cs109.1178/lectureHandouts/090-discrete-distributions.pdf,/Users/jackb/GitHub/data-adventures/sandbox/stanford-109-questions/downloads/web.stanford.edu/class/archive/cs/cs109/cs109.1178/lectureHandouts/090-discrete-distributions-0ca4658fd5.pdf,application/pdf,downloaded
https://web.stanford.edu/class/archive/cs/cs109/cs109.1178/lectureHandouts/100-continuous-distributions.pdf,/Users/jackb/GitHub/data-adventures/sandbox/stanford-109-questions/downloads/web.stanford.edu/class/archive/cs/cs109/cs109.1178/lectureHandouts/100-continuous-distributions-25f9b9ba4f.pdf,application/pdf,downloaded
https://web.stanford.edu/class/archive/cs/cs109/cs109.1178/lectureHandouts/110-normal-distribution.pdf,/Users/jackb/GitHub/data-adventures/sandbox/stanford-109-questions/downloads/web.stanford.edu/class/archive/cs/cs109/cs109.1178/lectureHandouts/110-normal-distribution-0b3a57e645.pdf,application/pdf,downloaded
https://web.stanford.edu/class/archive/cs/cs109/cs109.1178/lectureHandouts/120-joint-distributions.pdf,/Users/jackb/GitHub/data-adventures/sandbox/stanford-109-questions/downloads/web.stanford.edu/class/archive/cs/cs109/cs109.1178/lectureHandouts/120-joint-distributions-4a8f4bcb42.pdf,application/pdf,downloaded
https://web.stanford.edu/class/archive/cs/cs109/cs109.1178/lectureHandouts/130-independent-random-variables.pdf,/Users/jackb/GitHub/data-adventures/sandbox/stanford-109-questions/downloads/web.stanford.edu/class/archive/cs/cs109/cs109.1178/lectureHandouts/130-independent-random-variables-167d85becf.pdf,application/pdf,downloaded
https://web.stanford.edu/class/archive/cs/cs109/cs109.1178/lectureHandouts/140-conditional-beta.pdf,/Users/jackb/GitHub/data-adventures/sandbox/stanford-109-questions/downloads/web.stanford.edu/class/archive/cs/cs109/cs109.1178/lectureHandouts/140-conditional-beta-187ba0e8a6.pdf,application/pdf,downloaded
https://web.stanford.edu/class/archive/cs/cs109/cs109.1178/lectureHandouts/150-covariance.pdf,/Users/jackb/GitHub/data-adventures/sandbox/stanford-109-questions/downloads/web.stanford.edu/class/archive/cs/cs109/cs109.1178/lectureHandouts/150-covariance-865185e63f.pdf,application/pdf,downloaded
https://web.stanford.edu/class/archive/cs/cs109/cs109.1178/lectureHandouts/160-advanced-expectation.pdf,/Users/jackb/GitHub/data-adventures/sandbox/stanford-109-questions/downloads/web.stanford.edu/class/archive/cs/cs109/cs109.1178/lectureHandouts/160-advanced-expectation-5be5db914a.pdf,application/pdf,downloaded
https://web.stanford.edu/class/archive/cs/cs109/cs109.1178/lectureHandouts/170-samples.pdf,/Users/jackb/GitHub/data-adventures/sandbox/stanford-109-questions/downloads/web.stanford.edu/class/archive/cs/cs109/cs109.1178/lectureHandouts/170-samples-94d4f08eae.pdf,application/pdf,downloaded
https://web.stanford.edu/class/archive/cs/cs109/cs109.1178/lectureHandouts/180-bounds.pdf,/Users/jackb/GitHub/data-adventures/sandbox/stanford-109-questions/downloads/web.stanford.edu/class/archive/cs/cs109/cs109.1178/lectureHandouts/180-bounds-65cadcf86e.pdf,application/pdf,downloaded
https://web.stanford.edu/class/archive/cs/cs109/cs109.1178/lectureHandouts/190-central-limit-theorem.pdf,/Users/jackb/GitHub/data-adventures/sandbox/stanford-109-questions/downloads/web.stanford.edu/class/archive/cs/cs109/cs109.1178/lectureHandouts/190-central-limit-theorem-9b23b1d028.pdf,application/pdf,downloaded
https://web.stanford.edu/class/archive/cs/cs109/cs109.1178/lectureHandouts/200-learning.pdf,/Users/jackb/GitHub/data-adventures/sandbox/stanford-109-questions/downloads/web.stanford.edu/class/archive/cs/cs109/cs109.1178/lectureHandouts/200-learning-0e38628a97.pdf,application/pdf,downloaded
https://web.stanford.edu/class/archive/cs/cs109/cs109.1178/lectureHandouts/210-naive-bayes.pdf,/Users/jackb/GitHub/data-adventures/sandbox/stanford-109-questions/downloads/web.stanford.edu/class/archive/cs/cs109/cs109.1178/lectureHandouts/210-naive-bayes-834a6e7cf6.pdf,application/pdf,downloaded
https://web.stanford.edu/class/archive/cs/cs109/cs109.1178/lectureHandouts/220-logistic-regression.pdf,/Users/jackb/GitHub/data-adventures/sandbox/stanford-109-questions/downloads/web.stanford.edu/class/archive/cs/cs109/cs109.1178/lectureHandouts/220-logistic-regression-25f3e85234.pdf,application/pdf,downloaded
https://web.stanford.edu/class/archive/cs/cs109/cs109.1178/lectureHandouts/230-neural-networks.pdf,/Users/jackb/GitHub/data-adventures/sandbox/stanford-109-questions/downloads/web.stanford.edu/class/archive/cs/cs109/cs109.1178/lectureHandouts/230-neural-networks-22d05b686c.pdf,application/pdf,downloaded
https://web.stanford.edu/class/archive/cs/cs109/cs109.1178/lectures/01-counting.pdf,/Users/jackb/GitHub/data-adventures/sandbox/stanford-109-questions/downloads/web.stanford.edu/class/archive/cs/cs109/cs109.1178/lectures/01-counting-b2dd03eb67.pdf,application/pdf,downloaded
https://web.stanford.edu/class/archive/cs/cs109/cs109.1178/lectures/02-combinatorics.pdf,/Users/jackb/GitHub/data-adventures/sandbox/stanford-109-questions/downloads/web.stanford.edu/class/archive/cs/cs109/cs109.1178/lectures/02-combinatorics-c79c6bcd34.pdf,application/pdf,downloaded
https://web.stanford.edu/class/archive/cs/cs109/cs109.1178/lectures/03-probability.pdf,/Users/jackb/GitHub/data-adventures/sandbox/stanford-109-questions/downloads/web.stanford.edu/class/archive/cs/cs109/cs109.1178/lectures/03-probability-4c11ffaf1a.pdf,application/pdf,downloaded
https://web.stanford.edu/class/archive/cs/cs109/cs109.1178/lectures/04-cond-probability.pdf,/Users/jackb/GitHub/data-adventures/sandbox/stanford-109-questions/downloads/web.stanford.edu/class/archive/cs/cs109/cs109.1178/lectures/04-cond-probability-aa58e04ae5.pdf,application/pdf,downloaded
https://web.stanford.edu/class/archive/cs/cs109/cs109.1178/lectures/05-independence.pdf,/Users/jackb/GitHub/data-adventures/sandbox/stanford-109-questions/downloads/web.stanford.edu/class/archive/cs/cs109/cs109.1178/lectures/05-independence-079322cd92.pdf,application/pdf,downloaded
https://web.stanford.edu/class/archive/cs/cs109/cs109.1178/lectures/06-random-variables.pdf,/Users/jackb/GitHub/data-adventures/sandbox/stanford-109-questions/downloads/web.stanford.edu/class/archive/cs/cs109/cs109.1178/lectures/06-random-variables-07ed6e3fc8.pdf,application/pdf,downloaded
https://web.stanford.edu/class/archive/cs/cs109/cs109.1178/lectures/07-bernoulli-binomial.pdf,/Users/jackb/GitHub/data-adventures/sandbox/stanford-109-questions/downloads/web.stanford.edu/class/archive/cs/cs109/cs109.1178/lectures/07-bernoulli-binomial-1c843aa139.pdf,application/pdf,downloaded
https://web.stanford.edu/class/archive/cs/cs109/cs109.1178/lectures/08-poisson.pdf,/Users/jackb/GitHub/data-adventures/sandbox/stanford-109-questions/downloads/web.stanford.edu/class/archive/cs/cs109/cs109.1178/lectures/08-poisson-23b8be68d0.pdf,application/pdf,downloaded
https://web.stanford.edu/class/archive/cs/cs109/cs109.1178/lectures/09-more-discrete-distributions.pdf,/Users/jackb/GitHub/data-adventures/sandbox/stanford-109-questions/downloads/web.stanford.edu/class/archive/cs/cs109/cs109.1178/lectures/09-more-discrete-distributions-2ea89158e0.pdf,application/pdf,downloaded
https://web.stanford.edu/class/archive/cs/cs109/cs109.1178/lectures/10-continuous-distributions.pdf,/Users/jackb/GitHub/data-adventures/sandbox/stanford-109-questions/downloads/web.stanford.edu/class/archive/cs/cs109/cs109.1178/lectures/10-continuous-distributions-0c883e8f75.pdf,application/pdf,downloaded
https://web.stanford.edu/class/archive/cs/cs109/cs109.1178/lectures/11-normal-distribution.pdf,/Users/jackb/GitHub/data-adventures/sandbox/stanford-109-questions/downloads/web.stanford.edu/class/archive/cs/cs109/cs109.1178/lectures/11-normal-distribution-6ada80be67.pdf,application/pdf,downloaded
https://web.stanford.edu/class/archive/cs/cs109/cs109.1178/lectures/12-joint-distributions.pdf,/Users/jackb/GitHub/data-adventures/sandbox/stanford-109-questions/downloads/web.stanford.edu/class/archive/cs/cs109/cs109.1178/lectures/12-joint-distributions-502c6a28f9.pdf,application/pdf,downloaded
https://web.stanford.edu/class/archive/cs/cs109/cs109.1178/lectures/13-independent-random-variables.pdf,/Users/jackb/GitHub/data-adventures/sandbox/stanford-109-questions/downloads/web.stanford.edu/class/archive/cs/cs109/cs109.1178/lectures/13-independent-random-variables-83699a99ba.pdf,application/pdf,downloaded
https://web.stanford.edu/class/archive/cs/cs109/cs109.1178/lectures/14-conditional-beta.pdf,/Users/jackb/GitHub/data-adventures/sandbox/stanford-109-questions/downloads/web.stanford.edu/class/archive/cs/cs109/cs109.1178/lectures/14-conditional-beta-5eb152564c.pdf,application/pdf,downloaded
https://web.stanford.edu/class/archive/cs/cs109/cs109.1178/lectures/15-covariance.pdf,/Users/jackb/GitHub/data-adventures/sandbox/stanford-109-questions/downloads/web.stanford.edu/class/archive/cs/cs109/cs109.1178/lectures/15-covariance-658c00861f.pdf,application/pdf,downloaded
https://web.stanford.edu/class/archive/cs/cs109/cs109.1178/lectures/16-advanced-expectation.pdf,/Users/jackb/GitHub/data-adventures/sandbox/stanford-109-questions/downloads/web.stanford.edu/class/archive/cs/cs109/cs109.1178/lectures/16-advanced-expectation-4e7c0ae1d1.pdf,application/pdf,downloaded
https://web.stanford.edu/class/archive/cs/cs109/cs109.1178/lectures/17-samples.pdf,/Users/jackb/GitHub/data-adventures/sandbox/stanford-109-questions/downloads/web.stanford.edu/class/archive/cs/cs109/cs109.1178/lectures/17-samples-77280cf0b4.pdf,application/pdf,downloaded
https://web.stanford.edu/class/archive/cs/cs109/cs109.1178/lectures/18-bounds.pdf,/Users/jackb/GitHub/data-adventures/sandbox/stanford-109-questions/downloads/web.stanford.edu/class/archive/cs/cs109/cs109.1178/lectures/18-bounds-2b5d573e1c.pdf,application/pdf,downloaded
https://web.stanford.edu/class/archive/cs/cs109/cs109.1178/lectures/20-learning.pdf,/Users/jackb/GitHub/data-adventures/sandbox/stanford-109-questions/downloads/web.stanford.edu/class/archive/cs/cs109/cs109.1178/lectures/20-learning-67c94108a2.pdf,application/pdf,downloaded
https://web.stanford.edu/class/archive/cs/cs109/cs109.1178/lectures/21-naive-bayes.pdf,/Users/jackb/GitHub/data-adventures/sandbox/stanford-109-questions/downloads/web.stanford.edu/class/archive/cs/cs109/cs109.1178/lectures/21-naive-bayes-150c4f37d3.pdf,application/pdf,downloaded
https://web.stanford.edu/class/archive/cs/cs109/cs109.1178/lectures/22-logistic-regression.pdf,/Users/jackb/GitHub/data-adventures/sandbox/stanford-109-questions/downloads/web.stanford.edu/class/archive/cs/cs109/cs109.1178/lectures/22-logistic-regression-e6944d2746.pdf,application/pdf,downloaded
https://web.stanford.edu/class/archive/cs/cs109/cs109.1178/lectures/23-neural-networks.pdf,/Users/jackb/GitHub/data-adventures/sandbox/stanford-109-questions/downloads/web.stanford.edu/class/archive/cs/cs109/cs109.1178/lectures/23-neural-networks-77cddc866c.pdf,application/pdf,downloaded
https://web.stanford.edu/class/archive/cs/cs109/cs109.1178/restricted/070-problem-set-1-soln.pdf,,,download_error: HTTP Error 500: Internal Server Error
https://web.stanford.edu/class/archive/cs/cs109/cs109.1178/restricted/090-problem-set-2-soln.pdf,,,download_error: HTTP Error 500: Internal Server Error
https://web.stanford.edu/class/archive/cs/cs109/cs109.1178/restricted/130-problem-set-3-soln.pdf,,,download_error: HTTP Error 500: Internal Server Error
https://web.stanford.edu/class/archive/cs/cs109/cs109.1178/restricted/160-problem-set-4-soln.pdf,,,download_error: HTTP Error 500: Internal Server Error
https://web.stanford.edu/class/archive/cs/cs109/cs109.1178/restricted/180-problem-set-5-soln.pdf,,,download_error: HTTP Error 500: Internal Server Error
https://web.stanford.edu/class/archive/cs/cs109/cs109.1178/restricted/210-problem-set-6-soln.pdf,,,download_error: HTTP Error 500: Internal Server Error
https://web.stanford.edu/class/archive/cs/cs109/cs109.1178/pdfs/050-problem-set-1.pdf,/Users/jackb/GitHub/data-adventures/sandbox/stanford-109-questions/downloads/web.stanford.edu/class/archive/cs/cs109/cs109.1178/pdfs/050-problem-set-1-a29e64e507.pdf,application/pdf,downloaded
https://web.stanford.edu/class/archive/cs/cs109/cs109.1178/pdfs/120-problem-set-4.pdf,/Users/jackb/GitHub/data-adventures/sandbox/stanford-109-questions/downloads/web.stanford.edu/class/archive/cs/cs109/cs109.1178/pdfs/120-problem-set-4-0aa5e12fa6.pdf,application/pdf,downloaded
https://web.stanford.edu/class/archive/cs/cs109/cs109.1178/pdfs/010-administrivia.pdf,/Users/jackb/GitHub/data-adventures/sandbox/stanford-109-questions/downloads/web.stanford.edu/class/archive/cs/cs109/cs109.1178/pdfs/010-administrivia-1fdcf27366.pdf,application/pdf,downloaded
https://web.stanford.edu/class/archive/cs/cs109/cs109.1178/pdfs/040-calculation-ref.pdf,/Users/jackb/GitHub/data-adventures/sandbox/stanford-109-questions/downloads/web.stanford.edu/class/archive/cs/cs109/cs109.1178/pdfs/040-calculation-ref-ce57f28824.pdf,application/pdf,downloaded
https://web.stanford.edu/class/archive/cs/cs109/cs109.1178/pdfs/055-python.pdf,/Users/jackb/GitHub/data-adventures/sandbox/stanford-109-questions/downloads/web.stanford.edu/class/archive/cs/cs109/cs109.1178/pdfs/055-python-c9af5eaf36.pdf,application/pdf,downloaded
https://web.stanford.edu/class/archive/cs/cs109/cs109.1178/pdfs/100-practice-midterm.pdf,/Users/jackb/GitHub/data-adventures/sandbox/stanford-109-questions/downloads/web.stanford.edu/class/archive/cs/cs109/cs109.1178/pdfs/100-practice-midterm-e828759885.pdf,application/pdf,downloaded
https://web.stanford.edu/class/archive/cs/cs109/cs109.1178/pdfs/110-practice-midterm-soln.pdf,/Users/jackb/GitHub/data-adventures/sandbox/stanford-109-questions/downloads/web.stanford.edu/class/archive/cs/cs109/cs109.1178/pdfs/110-practice-midterm-soln-71024fc26f.pdf,application/pdf,downloaded
https://web.stanford.edu/class/archive/cs/cs109/cs109.1178/restricted/140-midterm-soln.pdf,,,download_error: HTTP Error 500: Internal Server Error
https://web.stanford.edu/class/archive/cs/cs109/cs109.1178/pdfs/190-practice-final.pdf,/Users/jackb/GitHub/data-adventures/sandbox/stanford-109-questions/downloads/web.stanford.edu/class/archive/cs/cs109/cs109.1178/pdfs/190-practice-final-150064bebd.pdf,application/pdf,downloaded
https://web.stanford.edu/class/archive/cs/cs109/cs109.1178/pdfs/200-practice-final-soln.pdf,/Users/jackb/GitHub/data-adventures/sandbox/stanford-109-questions/downloads/web.stanford.edu/class/archive/cs/cs109/cs109.1178/pdfs/200-practice-final-soln-cea140e3eb.pdf,application/pdf,downloaded
https://web.stanford.edu/class/archive/cs/cs109/cs109.1178/pdfs/204-review-problems.pdf,/Users/jackb/GitHub/data-adventures/sandbox/stanford-109-questions/downloads/web.stanford.edu/class/archive/cs/cs109/cs109.1178/pdfs/204-review-problems-fb93ff010f.pdf,application/pdf,downloaded
https://web.stanford.edu/class/archive/cs/cs109/cs109.1178/restricted/230-final-exam-soln.pdf,,,download_error: HTTP Error 500: Internal Server Error
https://web.stanford.edu/class/archive/cs/cs109/cs109.1178/stuff/intro.pdf,/Users/jackb/GitHub/data-adventures/sandbox/stanford-109-questions/downloads/web.stanford.edu/class/archive/cs/cs109/cs109.1178/stuff/intro-d90221ef6e.pdf,application/pdf,downloaded
https://web.stanford.edu/class/archive/cs/cs109/cs109.1182/pdfs/ProblemSet2.pdf,/Users/jackb/GitHub/data-adventures/sandbox/stanford-109-questions/downloads/web.stanford.edu/class/archive/cs/cs109/cs109.1182/pdfs/ProblemSet2-a79fa12428.pdf,application/pdf,downloaded
https://web.stanford.edu/class/archive/cs/cs109/cs109.1182/psets/pset3.pdf,/Users/jackb/GitHub/data-adventures/sandbox/stanford-109-questions/downloads/web.stanford.edu/class/archive/cs/cs109/cs109.1182/psets/pset3-b209c2b52d.pdf,application/pdf,downloaded
https://web.stanford.edu/class/archive/cs/cs109/cs109.1182/psets/pset4.pdf,/Users/jackb/GitHub/data-adventures/sandbox/stanford-109-questions/downloads/web.stanford.edu/class/archive/cs/cs109/cs109.1182/psets/pset4-dd777a9adf.pdf,application/pdf,downloaded
https://web.stanford.edu/class/archive/cs/cs109/cs109.1182/psets/pset5.pdf,/Users/jackb/GitHub/data-adventures/sandbox/stanford-109-questions/downloads/web.stanford.edu/class/archive/cs/cs109/cs109.1182/psets/pset5-d2e445188a.pdf,application/pdf,downloaded
https://web.stanford.edu/class/archive/cs/cs109/cs109.1182/psets/pset6fix.pdf,/Users/jackb/GitHub/data-adventures/sandbox/stanford-109-questions/downloads/web.stanford.edu/class/archive/cs/cs109/cs109.1182/psets/pset6fix-e8c3601ef0.pdf,application/pdf,downloaded
https://web.stanford.edu/class/archive/cs/cs109/cs109.1182/psets/pset6.pdf,/Users/jackb/GitHub/data-adventures/sandbox/stanford-109-questions/downloads/web.stanford.edu/class/archive/cs/cs109/cs109.1182/psets/pset6-e8224f4426.pdf,application/pdf,downloaded
https://web.stanford.edu/class/archive/cs/cs109/cs109.1182/reader/1 Counting.pdf,,,download_error: URL can't contain control characters. '/class/archive/cs/cs109/cs109.1182/reader/1 Counting.pdf' (found at least ' ')
https://web.stanford.edu/class/archive/cs/cs109/cs109.1182/reader/2 Probability.pdf,,,download_error: URL can't contain control characters. '/class/archive/cs/cs109/cs109.1182/reader/2 Probability.pdf' (found at least ' ')
https://web.stanford.edu/class/archive/cs/cs109/cs109.1182/reader/3 Conditional.pdf,,,download_error: URL can't contain control characters. '/class/archive/cs/cs109/cs109.1182/reader/3 Conditional.pdf' (found at least ' ')
https://web.stanford.edu/class/archive/cs/cs109/cs109.1182/reader/4 Random Variables.pdf,,,download_error: URL can't contain control characters. '/class/archive/cs/cs109/cs109.1182/reader/4 Random Variables.pdf' (found at least ' ')
https://web.stanford.edu/class/archive/cs/cs109/cs109.1182/reader/5 Discrete Variables.pdf,,,download_error: URL can't contain control characters. '/class/archive/cs/cs109/cs109.1182/reader/5 Discrete Variables.pdf' (found at least ' ')
https://web.stanford.edu/class/archive/cs/cs109/cs109.1182/reader/6 Continuous Variables.pdf,,,download_error: URL can't contain control characters. '/class/archive/cs/cs109/cs109.1182/reader/6 Continuous Variables.pdf' (found at least ' ')
https://web.stanford.edu/class/archive/cs/cs109/cs109.1182/reader/7 Multivariate.pdf,,,download_error: URL can't contain control characters. '/class/archive/cs/cs109/cs109.1182/reader/7 Multivariate.pdf' (found at least ' ')
https://web.stanford.edu/class/archive/cs/cs109/cs109.1182/reader/8 Probability as a Variable.pdf,,,download_error: URL can't contain control characters. '/class/archive/cs/cs109/cs109.1182/reader/8 Probability as a Variable.pdf' (found at least ' ')
https://web.stanford.edu/class/archive/cs/cs109/cs109.1182/reader/9 Sampling.pdf,,,download_error: URL can't contain control characters. '/class/archive/cs/cs109/cs109.1182/reader/9 Sampling.pdf' (found at least ' ')
https://web.stanford.edu/class/archive/cs/cs109/cs109.1182/reader/10 Central Theorems.pdf,,,download_error: URL can't contain control characters. '/class/archive/cs/cs109/cs109.1182/reader/10 Central Theorems.pdf' (found at least ' ')
https://web.stanford.edu/class/archive/cs/cs109/cs109.1182/reader/11 Parameter Estimation.pdf,,,download_error: URL can't contain control characters. '/class/archive/cs/cs109/cs109.1182/reader/11 Parameter Estimation.pdf' (found at least ' ')
https://web.stanford.edu/class/archive/cs/cs109/cs109.1182/reader/12 Machine Learning.pdf,,,download_error: URL can't contain control characters. '/class/archive/cs/cs109/cs109.1182/reader/12 Machine Learning.pdf' (found at least ' ')
https://web.stanford.edu/class/archive/cs/cs109/cs109.1182/extraPractice/Extra Problems 1.pdf,,,download_error: URL can't contain control characters. '/class/archive/cs/cs109/cs109.1182/extraPractice/Extra Problems 1.pdf' (found at least ' ')
https://web.stanford.edu/class/archive/cs/cs109/cs109.1182/extraPractice/Extra Problems 1 Soln.pdf,,,download_error: URL can't contain control characters. '/class/archive/cs/cs109/cs109.1182/extraPractice/Extra Problems 1 Soln.pdf' (found at least ' ')
https://web.stanford.edu/class/archive/cs/cs109/cs109.1182/extraPractice/Extra Problems 2.pdf,,,download_error: URL can't contain control characters. '/class/archive/cs/cs109/cs109.1182/extraPractice/Extra Problems 2.pdf' (found at least ' ')
https://web.stanford.edu/class/archive/cs/cs109/cs109.1182/extraPractice/Extra Problems 2 Soln.pdf,,,download_error: URL can't contain control characters. '/class/archive/cs/cs109/cs109.1182/extraPractice/Extra Problems 2 Soln.pdf' (found at least ' ')
https://web.stanford.edu/class/archive/cs/cs109/cs109.1182/extraPractice/MidtermSpr2017.pdf,/Users/jackb/GitHub/data-adventures/sandbox/stanford-109-questions/downloads/web.stanford.edu/class/archive/cs/cs109/cs109.1182/extraPractice/MidtermSpr2017-29612357c1.pdf,application/pdf,downloaded
https://web.stanford.edu/class/archive/cs/cs109/cs109.1182/extraPractice/MidtermSpr2017Soln.pdf,/Users/jackb/GitHub/data-adventures/sandbox/stanford-109-questions/downloads/web.stanford.edu/class/archive/cs/cs109/cs109.1182/extraPractice/MidtermSpr2017Soln-d97257f630.pdf,application/pdf,downloaded
https://web.stanford.edu/class/archive/cs/cs109/cs109.1182/extraPractice/MidtermSpr2016.pdf,/Users/jackb/GitHub/data-adventures/sandbox/stanford-109-questions/downloads/web.stanford.edu/class/archive/cs/cs109/cs109.1182/extraPractice/MidtermSpr2016-1d1b99267c.pdf,application/pdf,downloaded
https://web.stanford.edu/class/archive/cs/cs109/cs109.1182/extraPractice/MidtermSpr2016Soln.pdf,/Users/jackb/GitHub/data-adventures/sandbox/stanford-109-questions/downloads/web.stanford.edu/class/archive/cs/cs109/cs109.1182/extraPractice/MidtermSpr2016Soln-0ace47dae2.pdf,application/pdf,downloaded
https://web.stanford.edu/class/archive/cs/cs109/cs109.1182/extraPractice/MidtermReview.pdf,/Users/jackb/GitHub/data-adventures/sandbox/stanford-109-questions/downloads/web.stanford.edu/class/archive/cs/cs109/cs109.1182/extraPractice/MidtermReview-2b53ffa19c.pdf,application/pdf,downloaded
https://web.stanford.edu/class/archive/cs/cs109/cs109.1182/pdfs/HO06 Probability.pdf,,,download_error: URL can't contain control characters. '/class/archive/cs/cs109/cs109.1182/pdfs/HO06 Probability.pdf' (found at least ' ')
https://web.stanford.edu/class/archive/cs/cs109/cs109.1182/lectures/1 Welcome.pdf,,,download_error: URL can't contain control characters. '/class/archive/cs/cs109/cs109.1182/lectures/1 Welcome.pdf' (found at least ' ')
https://web.stanford.edu/class/archive/cs/cs109/cs109.1182/lectures/3 IntroProbability.pdf,,,download_error: URL can't contain control characters. '/class/archive/cs/cs109/cs109.1182/lectures/3 IntroProbability.pdf' (found at least ' ')
https://web.stanford.edu/class/archive/cs/cs109/cs109.1182/lectures/4 CondProbability.pdf,,,download_error: URL can't contain control characters. '/class/archive/cs/cs109/cs109.1182/lectures/4 CondProbability.pdf' (found at least ' ')
https://web.stanford.edu/class/archive/cs/cs109/cs109.1182/lectures/5 Independence.pdf,,,download_error: URL can't contain control characters. '/class/archive/cs/cs109/cs109.1182/lectures/5 Independence.pdf' (found at least ' ')
https://web.stanford.edu/class/archive/cs/cs109/cs109.1182/lectures/6 RandomVariables.pdf,,,download_error: URL can't contain control characters. '/class/archive/cs/cs109/cs109.1182/lectures/6 RandomVariables.pdf' (found at least ' ')
https://web.stanford.edu/class/archive/cs/cs109/cs109.1182/lectures/7 Variance.pdf,,,download_error: URL can't contain control characters. '/class/archive/cs/cs109/cs109.1182/lectures/7 Variance.pdf' (found at least ' ')
https://web.stanford.edu/class/archive/cs/cs109/cs109.1182/lectures/8 Poisson.pdf,,,download_error: URL can't contain control characters. '/class/archive/cs/cs109/cs109.1182/lectures/8 Poisson.pdf' (found at least ' ')
https://web.stanford.edu/class/archive/cs/cs109/cs109.1182/lectures/9 Continuous.pdf,,,download_error: URL can't contain control characters. '/class/archive/cs/cs109/cs109.1182/lectures/9 Continuous.pdf' (found at least ' ')
https://web.stanford.edu/class/archive/cs/cs109/cs109.1182/lectures/10 Gaussian.pdf,,,download_error: URL can't contain control characters. '/class/archive/cs/cs109/cs109.1182/lectures/10 Gaussian.pdf' (found at least ' ')
https://web.stanford.edu/class/archive/cs/cs109/cs109.1182/lectures/11 Joint.pdf,,,download_error: URL can't contain control characters. '/class/archive/cs/cs109/cs109.1182/lectures/11 Joint.pdf' (found at least ' ')
https://web.stanford.edu/class/archive/cs/cs109/cs109.1182/lectures/12 ContJoint.pdf,,,download_error: URL can't contain control characters. '/class/archive/cs/cs109/cs109.1182/lectures/12 ContJoint.pdf' (found at least ' ')
https://web.stanford.edu/class/archive/cs/cs109/cs109.1182/lectures/13 PropertiesOfJoints.pdf,,,download_error: URL can't contain control characters. '/class/archive/cs/cs109/cs109.1182/lectures/13 PropertiesOfJoints.pdf' (found at least ' ')
https://web.stanford.edu/class/archive/cs/cs109/cs109.1182/lectures/14 PropertiesOfJoints2.pdf,,,download_error: URL can't contain control characters. '/class/archive/cs/cs109/cs109.1182/lectures/14 PropertiesOfJoints2.pdf' (found at least ' ')
https://web.stanford.edu/class/archive/cs/cs109/cs109.1182/lectures/15 Convolution.pdf,,,download_error: URL can't contain control characters. '/class/archive/cs/cs109/cs109.1182/lectures/15 Convolution.pdf' (found at least ' ')
https://web.stanford.edu/class/archive/cs/cs109/cs109.1182/lectures/16 Beta.pdf,,,download_error: URL can't contain control characters. '/class/archive/cs/cs109/cs109.1182/lectures/16 Beta.pdf' (found at least ' ')
https://web.stanford.edu/class/archive/cs/cs109/cs109.1182/lectures/17 GreatExpectations.pdf,,,download_error: URL can't contain control characters. '/class/archive/cs/cs109/cs109.1182/lectures/17 GreatExpectations.pdf' (found at least ' ')
https://web.stanford.edu/class/archive/cs/cs109/cs109.1182/lectures/18 Covariance.pdf,,,download_error: URL can't contain control characters. '/class/archive/cs/cs109/cs109.1182/lectures/18 Covariance.pdf' (found at least ' ')
https://web.stanford.edu/class/archive/cs/cs109/cs109.1182/lectures/19 Samples.pdf,,,download_error: URL can't contain control characters. '/class/archive/cs/cs109/cs109.1182/lectures/19 Samples.pdf' (found at least ' ')
https://web.stanford.edu/class/archive/cs/cs109/cs109.1182/lectures/20 CLT.pdf,,,download_error: URL can't contain control characters. '/class/archive/cs/cs109/cs109.1182/lectures/20 CLT.pdf' (found at least ' ')
https://web.stanford.edu/class/archive/cs/cs109/cs109.1182/lectures/21 MaximumLikelihood.pdf,,,download_error: URL can't contain control characters. '/class/archive/cs/cs109/cs109.1182/lectures/21 MaximumLikelihood.pdf' (found at least ' ')
https://web.stanford.edu/class/archive/cs/cs109/cs109.1182/lectures/22 GradientAscent.pdf,,,download_error: URL can't contain control characters. '/class/archive/cs/cs109/cs109.1182/lectures/22 GradientAscent.pdf' (found at least ' ')
https://web.stanford.edu/class/archive/cs/cs109/cs109.1182/lectures/23 MAP.pdf,,,download_error: URL can't contain control characters. '/class/archive/cs/cs109/cs109.1182/lectures/23 MAP.pdf' (found at least ' ')
https://web.stanford.edu/class/archive/cs/cs109/cs109.1182/lectures/24 NaiveBayes.pdf,,,download_error: URL can't contain control characters. '/class/archive/cs/cs109/cs109.1182/lectures/24 NaiveBayes.pdf' (found at least ' ')
https://web.stanford.edu/class/archive/cs/cs109/cs109.1182/lectures/25 LogisticRegression.pdf,,,download_error: URL can't contain control characters. '/class/archive/cs/cs109/cs109.1182/lectures/25 LogisticRegression.pdf' (found at least ' ')
https://web.stanford.edu/class/archive/cs/cs109/cs109.1182/lectures/26 DeepLearning.pdf,,,download_error: URL can't contain control characters. '/class/archive/cs/cs109/cs109.1182/lectures/26 DeepLearning.pdf' (found at least ' ')
https://web.stanford.edu/class/archive/cs/cs109/cs109.1182/lectures/27 DeepLearningII.pdf,,,download_error: URL can't contain control characters. '/class/archive/cs/cs109/cs109.1182/lectures/27 DeepLearningII.pdf' (found at least ' ')
https://web.stanford.edu/class/archive/cs/cs109/cs109.1182/lectures/28 FinalReview.pdf,,,download_error: URL can't contain control characters. '/class/archive/cs/cs109/cs109.1182/lectures/28 FinalReview.pdf' (found at least ' ')
https://web.stanford.edu/class/archive/cs/cs109/cs109.1182/lectures/29 Montage.pdf,,,download_error: URL can't contain control characters. '/class/archive/cs/cs109/cs109.1182/lectures/29 Montage.pdf' (found at least ' ')
https://web.stanford.edu/class/archive/cs/cs109/cs109.1182/pdfs/Midterm.pdf,/Users/jackb/GitHub/data-adventures/sandbox/stanford-109-questions/downloads/web.stanford.edu/class/archive/cs/cs109/cs109.1182/pdfs/Midterm-9fa77e4162.pdf,application/pdf,downloaded
https://web.stanford.edu/class/archive/cs/cs109/cs109.1182/www.overleaf.com,,,page_error: HTTP Error 404: Not Found
https://web.stanford.edu/class/archive/cs/cs109/cs109.1182/www.sharelatex.com,,,page_error: HTTP Error 404: Not Found
https://web.stanford.edu/class/archive/cs/cs109/cs109.1202/psets/pset1.pdf,/Users/jackb/GitHub/data-adventures/sandbox/stanford-109-questions/downloads/web.stanford.edu/class/archive/cs/cs109/cs109.1202/psets/pset1-e9b6d7fc1a.pdf,application/pdf,downloaded
https://web.stanford.edu/class/archive/cs/cs109/cs109.1202/psets/pset2.pdf,/Users/jackb/GitHub/data-adventures/sandbox/stanford-109-questions/downloads/web.stanford.edu/class/archive/cs/cs109/cs109.1202/psets/pset2-5030798083.pdf,application/pdf,downloaded
https://web.stanford.edu/class/archive/cs/cs109/cs109.1202/psets/pset3.pdf,/Users/jackb/GitHub/data-adventures/sandbox/stanford-109-questions/downloads/web.stanford.edu/class/archive/cs/cs109/cs109.1202/psets/pset3-211a37494b.pdf,application/pdf,downloaded
https://web.stanford.edu/class/archive/cs/cs109/cs109.1202/psets/pset4.pdf,/Users/jackb/GitHub/data-adventures/sandbox/stanford-109-questions/downloads/web.stanford.edu/class/archive/cs/cs109/cs109.1202/psets/pset4-eaf39fb74e.pdf,application/pdf,downloaded
https://web.stanford.edu/class/archive/cs/cs109/cs109.1202/psets/pset5.pdf,/Users/jackb/GitHub/data-adventures/sandbox/stanford-109-questions/downloads/web.stanford.edu/class/archive/cs/cs109/cs109.1202/psets/pset5-4a1c252609.pdf,application/pdf,downloaded
https://web.stanford.edu/class/archive/cs/cs109/cs109.1202/psets/pset6.pdf,/Users/jackb/GitHub/data-adventures/sandbox/stanford-109-questions/downloads/web.stanford.edu/class/archive/cs/cs109/cs109.1202/psets/pset6-182a215eae.pdf,application/pdf,downloaded
https://web.stanford.edu/class/archive/cs/cs109/cs109.1202/exams/PracticeMidterm.pdf,/Users/jackb/GitHub/data-adventures/sandbox/stanford-109-questions/downloads/web.stanford.edu/class/archive/cs/cs109/cs109.1202/exams/PracticeMidterm-cdf6f9d829.pdf,application/pdf,downloaded
https://web.stanford.edu/class/archive/cs/cs109/cs109.1202/exams/PracticeMidtermSoln.pdf,/Users/jackb/GitHub/data-adventures/sandbox/stanford-109-questions/downloads/web.stanford.edu/class/archive/cs/cs109/cs109.1202/exams/PracticeMidtermSoln-ed995b215f.pdf,application/pdf,downloaded
https://web.stanford.edu/class/archive/cs/cs109/cs109.1202/exams/MidtermFall2017.pdf,/Users/jackb/GitHub/data-adventures/sandbox/stanford-109-questions/downloads/web.stanford.edu/class/archive/cs/cs109/cs109.1202/exams/MidtermFall2017-2c6618f6b7.pdf,application/pdf,downloaded
https://web.stanford.edu/class/archive/cs/cs109/cs109.1202/exams/MidtermFall2017Soln.pdf,/Users/jackb/GitHub/data-adventures/sandbox/stanford-109-questions/downloads/web.stanford.edu/class/archive/cs/cs109/cs109.1202/exams/MidtermFall2017Soln-2172ab1ffb.pdf,application/pdf,downloaded
https://web.stanford.edu/class/archive/cs/cs109/cs109.1202/exams/MidtermSpr2017.pdf,/Users/jackb/GitHub/data-adventures/sandbox/stanford-109-questions/downloads/web.stanford.edu/class/archive/cs/cs109/cs109.1202/exams/MidtermSpr2017-ad49f5ca0d.pdf,application/pdf,downloaded
https://web.stanford.edu/class/archive/cs/cs109/cs109.1202/exams/MidtermSpr2017Soln.pdf,/Users/jackb/GitHub/data-adventures/sandbox/stanford-109-questions/downloads/web.stanford.edu/class/archive/cs/cs109/cs109.1202/exams/MidtermSpr2017Soln-a2918cb963.pdf,application/pdf,downloaded
https://web.stanford.edu/class/archive/cs/cs109/cs109.1202/exams/MidtermSpr2016.pdf,/Users/jackb/GitHub/data-adventures/sandbox/stanford-109-questions/downloads/web.stanford.edu/class/archive/cs/cs109/cs109.1202/exams/MidtermSpr2016-5e5b93cc34.pdf,application/pdf,downloaded
https://web.stanford.edu/class/archive/cs/cs109/cs109.1202/exams/MidtermSpr2016Soln.pdf,/Users/jackb/GitHub/data-adventures/sandbox/stanford-109-questions/downloads/web.stanford.edu/class/archive/cs/cs109/cs109.1202/exams/MidtermSpr2016Soln-f2f5a2fb8b.pdf,application/pdf,downloaded
https://web.stanford.edu/class/archive/cs/cs109/cs109.1202/exams/Extra Problems 1.pdf,,,download_error: URL can't contain control characters. '/class/archive/cs/cs109/cs109.1202/exams/Extra Problems 1.pdf' (found at least ' ')
https://web.stanford.edu/class/archive/cs/cs109/cs109.1202/exams/Extra Problems 1 Soln.pdf,,,download_error: URL can't contain control characters. '/class/archive/cs/cs109/cs109.1202/exams/Extra Problems 1 Soln.pdf' (found at least ' ')
https://web.stanford.edu/class/archive/cs/cs109/cs109.1202/exams/Extra Problems 2.pdf,,,download_error: URL can't contain control characters. '/class/archive/cs/cs109/cs109.1202/exams/Extra Problems 2.pdf' (found at least ' ')
https://web.stanford.edu/class/archive/cs/cs109/cs109.1202/exams/Extra Problems 2 Soln.pdf,,,download_error: URL can't contain control characters. '/class/archive/cs/cs109/cs109.1202/exams/Extra Problems 2 Soln.pdf' (found at least ' ')
https://web.stanford.edu/class/archive/cs/cs109/cs109.1202/exams/Distributions.pdf,/Users/jackb/GitHub/data-adventures/sandbox/stanford-109-questions/downloads/web.stanford.edu/class/archive/cs/cs109/cs109.1202/exams/Distributions-fabc37dd4b.pdf,application/pdf,downloaded
https://web.stanford.edu/class/archive/cs/cs109/cs109.1202/exams/MidtermReview.pdf,/Users/jackb/GitHub/data-adventures/sandbox/stanford-109-questions/downloads/web.stanford.edu/class/archive/cs/cs109/cs109.1202/exams/MidtermReview-c5c4277976.pdf,application/pdf,downloaded
https://web.stanford.edu/class/archive/cs/cs109/cs109.1202/exams/ReviewSlides.pdf,/Users/jackb/GitHub/data-adventures/sandbox/stanford-109-questions/downloads/web.stanford.edu/class/archive/cs/cs109/cs109.1202/exams/ReviewSlides-edf2c9ea0f.pdf,application/pdf,downloaded
https://web.stanford.edu/class/archive/cs/cs109/cs109.1202/exams/PracticeFinal.pdf,/Users/jackb/GitHub/data-adventures/sandbox/stanford-109-questions/downloads/web.stanford.edu/class/archive/cs/cs109/cs109.1202/exams/PracticeFinal-c6f90c7e3c.pdf,application/pdf,downloaded
https://web.stanford.edu/class/archive/cs/cs109/cs109.1202/exams/PracticeFinalSoln.pdf,/Users/jackb/GitHub/data-adventures/sandbox/stanford-109-questions/downloads/web.stanford.edu/class/archive/cs/cs109/cs109.1202/exams/PracticeFinalSoln-a5c79b87f3.pdf,application/pdf,downloaded
https://web.stanford.edu/class/archive/cs/cs109/cs109.1202/exams/FinalFall2017.pdf,/Users/jackb/GitHub/data-adventures/sandbox/stanford-109-questions/downloads/web.stanford.edu/class/archive/cs/cs109/cs109.1202/exams/FinalFall2017-459e172be6.pdf,application/pdf,downloaded
https://web.stanford.edu/class/archive/cs/cs109/cs109.1202/exams/FinalFall2017Soln.pdf,/Users/jackb/GitHub/data-adventures/sandbox/stanford-109-questions/downloads/web.stanford.edu/class/archive/cs/cs109/cs109.1202/exams/FinalFall2017Soln-aa02bacd3f.pdf,application/pdf,downloaded
https://web.stanford.edu/class/archive/cs/cs109/cs109.1202/exams/FinalSpring2017.pdf,/Users/jackb/GitHub/data-adventures/sandbox/stanford-109-questions/downloads/web.stanford.edu/class/archive/cs/cs109/cs109.1202/exams/FinalSpring2017-0d0bdc3a44.pdf,application/pdf,downloaded
https://web.stanford.edu/class/archive/cs/cs109/cs109.1202/exams/FinalSpring2017Soln.pdf,/Users/jackb/GitHub/data-adventures/sandbox/stanford-109-questions/downloads/web.stanford.edu/class/archive/cs/cs109/cs109.1202/exams/FinalSpring2017Soln-630646e12b.pdf,application/pdf,downloaded
https://web.stanford.edu/class/archive/cs/cs109/cs109.1202/exams/PracticeFinalExtra.pdf,/Users/jackb/GitHub/data-adventures/sandbox/stanford-109-questions/downloads/web.stanford.edu/class/archive/cs/cs109/cs109.1202/exams/PracticeFinalExtra-761048f170.pdf,application/pdf,downloaded
https://web.stanford.edu/class/archive/cs/cs109/cs109.1202/exams/PracticeFinalExtraSoln.pdf,,,download_error: The read operation timed out
https://web.stanford.edu/class/archive/cs/cs109/cs109.1204/lectures/01_counting.pdf,,,download_error: The read operation timed out
https://web.stanford.edu/class/archive/cs/cs109/cs109.1204/lectureNotes/LN01_counting.pdf,/Users/jackb/GitHub/data-adventures/sandbox/stanford-109-questions/downloads/web.stanford.edu/class/archive/cs/cs109/cs109.1204/lectureNotes/LN01_counting-f360b9d080.pdf,application/pdf,downloaded
https://web.stanford.edu/class/archive/cs/cs109/cs109.1204/lectures/02_combinatorics.pdf,/Users/jackb/GitHub/data-adventures/sandbox/stanford-109-questions/downloads/web.stanford.edu/class/archive/cs/cs109/cs109.1204/lectures/02_combinatorics-3ebd2b4574.pdf,application/pdf,downloaded
https://web.stanford.edu/class/archive/cs/cs109/cs109.1204/lectureNotes/LN02_combinatorics.pdf,/Users/jackb/GitHub/data-adventures/sandbox/stanford-109-questions/downloads/web.stanford.edu/class/archive/cs/cs109/cs109.1204/lectureNotes/LN02_combinatorics-9d4feb30d9.pdf,application/pdf,downloaded
https://web.stanford.edu/class/archive/cs/cs109/cs109.1204/lectures/03_probability.pdf,/Users/jackb/GitHub/data-adventures/sandbox/stanford-109-questions/downloads/web.stanford.edu/class/archive/cs/cs109/cs109.1204/lectures/03_probability-a960c01f8e.pdf,application/pdf,downloaded
https://web.stanford.edu/class/archive/cs/cs109/cs109.1204/lectureNotes/LN03_probability.pdf,/Users/jackb/GitHub/data-adventures/sandbox/stanford-109-questions/downloads/web.stanford.edu/class/archive/cs/cs109/cs109.1204/lectureNotes/LN03_probability-653af594d3.pdf,application/pdf,downloaded
https://web.stanford.edu/class/archive/cs/cs109/cs109.1204/lectures/04_cond_bayes.pdf,/Users/jackb/GitHub/data-adventures/sandbox/stanford-109-questions/downloads/web.stanford.edu/class/archive/cs/cs109/cs109.1204/lectures/04_cond_bayes-d6bf44ab75.pdf,application/pdf,downloaded
https://web.stanford.edu/class/archive/cs/cs109/cs109.1204/lectureNotes/LN04_cond_bayes.pdf,/Users/jackb/GitHub/data-adventures/sandbox/stanford-109-questions/downloads/web.stanford.edu/class/archive/cs/cs109/cs109.1204/lectureNotes/LN04_cond_bayes-0a06718c3f.pdf,application/pdf,downloaded
https://web.stanford.edu/class/archive/cs/cs109/cs109.1204/lectures/05_independence.pdf,/Users/jackb/GitHub/data-adventures/sandbox/stanford-109-questions/downloads/web.stanford.edu/class/archive/cs/cs109/cs109.1204/lectures/05_independence-fb02b2fc98.pdf,application/pdf,downloaded
https://web.stanford.edu/class/archive/cs/cs109/cs109.1204/lectureNotes/LN05_independence.pdf,/Users/jackb/GitHub/data-adventures/sandbox/stanford-109-questions/downloads/web.stanford.edu/class/archive/cs/cs109/cs109.1204/lectureNotes/LN05_independence-2876891c1e.pdf,application/pdf,downloaded
https://web.stanford.edu/class/archive/cs/cs109/cs109.1204/lectures/06_random_variables.pdf,/Users/jackb/GitHub/data-adventures/sandbox/stanford-109-questions/downloads/web.stanford.edu/class/archive/cs/cs109/cs109.1204/lectures/06_random_variables-08397a4da3.pdf,application/pdf,downloaded
https://web.stanford.edu/class/archive/cs/cs109/cs109.1204/lectureNotes/LN06_random_variables.pdf,/Users/jackb/GitHub/data-adventures/sandbox/stanford-109-questions/downloads/web.stanford.edu/class/archive/cs/cs109/cs109.1204/lectureNotes/LN06_random_variables-79252547e2.pdf,application/pdf,downloaded
https://web.stanford.edu/class/archive/cs/cs109/cs109.1204/lectures/07_bernoulli_binomial.pdf,/Users/jackb/GitHub/data-adventures/sandbox/stanford-109-questions/downloads/web.stanford.edu/class/archive/cs/cs109/cs109.1204/lectures/07_bernoulli_binomial-88d0b330a9.pdf,application/pdf,downloaded
https://web.stanford.edu/class/archive/cs/cs109/cs109.1204/lectureNotes/LN07_bernoulli_binomial.pdf,/Users/jackb/GitHub/data-adventures/sandbox/stanford-109-questions/downloads/web.stanford.edu/class/archive/cs/cs109/cs109.1204/lectureNotes/LN07_bernoulli_binomial-4978f836f2.pdf,application/pdf,downloaded
https://web.stanford.edu/class/archive/cs/cs109/cs109.1204/lectures/08_poisson_and_more.pdf,/Users/jackb/GitHub/data-adventures/sandbox/stanford-109-questions/downloads/web.stanford.edu/class/archive/cs/cs109/cs109.1204/lectures/08_poisson_and_more-d136df5256.pdf,application/pdf,downloaded
https://web.stanford.edu/class/archive/cs/cs109/cs109.1204/lectureNotes/LN08_poisson_and_more.pdf,/Users/jackb/GitHub/data-adventures/sandbox/stanford-109-questions/downloads/web.stanford.edu/class/archive/cs/cs109/cs109.1204/lectureNotes/LN08_poisson_and_more-f151cb2510.pdf,application/pdf,downloaded
https://web.stanford.edu/class/archive/cs/cs109/cs109.1204/lectures/09_continuous_rv.pdf,/Users/jackb/GitHub/data-adventures/sandbox/stanford-109-questions/downloads/web.stanford.edu/class/archive/cs/cs109/cs109.1204/lectures/09_continuous_rv-f3e1e3842f.pdf,application/pdf,downloaded
https://web.stanford.edu/class/archive/cs/cs109/cs109.1204/lectureNotes/LN09_continuous_rv.pdf,/Users/jackb/GitHub/data-adventures/sandbox/stanford-109-questions/downloads/web.stanford.edu/class/archive/cs/cs109/cs109.1204/lectureNotes/LN09_continuous_rv-9695143665.pdf,application/pdf,downloaded
https://web.stanford.edu/class/archive/cs/cs109/cs109.1204/lectures/10_normal_gaussian.pdf,/Users/jackb/GitHub/data-adventures/sandbox/stanford-109-questions/downloads/web.stanford.edu/class/archive/cs/cs109/cs109.1204/lectures/10_normal_gaussian-9437ae59ad.pdf,application/pdf,downloaded
https://web.stanford.edu/class/archive/cs/cs109/cs109.1204/lectureNotes/LN10_normal_gaussian.pdf,/Users/jackb/GitHub/data-adventures/sandbox/stanford-109-questions/downloads/web.stanford.edu/class/archive/cs/cs109/cs109.1204/lectureNotes/LN10_normal_gaussian-46b3c8cf29.pdf,application/pdf,downloaded
https://web.stanford.edu/class/archive/cs/cs109/cs109.1204/lectures/11_joint_rv.pdf,/Users/jackb/GitHub/data-adventures/sandbox/stanford-109-questions/downloads/web.stanford.edu/class/archive/cs/cs109/cs109.1204/lectures/11_joint_rv-d5bd6e46a7.pdf,application/pdf,downloaded
https://web.stanford.edu/class/archive/cs/cs109/cs109.1204/lectureNotes/LN11_joint_rv.pdf,/Users/jackb/GitHub/data-adventures/sandbox/stanford-109-questions/downloads/web.stanford.edu/class/archive/cs/cs109/cs109.1204/lectureNotes/LN11_joint_rv-cfd96c5bbe.pdf,application/pdf,downloaded
https://web.stanford.edu/class/archive/cs/cs109/cs109.1204/lectures/12_cont_joint_rv.pdf,/Users/jackb/GitHub/data-adventures/sandbox/stanford-109-questions/downloads/web.stanford.edu/class/archive/cs/cs109/cs109.1204/lectures/12_cont_joint_rv-8ac467ee9b.pdf,application/pdf,downloaded
https://web.stanford.edu/class/archive/cs/cs109/cs109.1204/lectureNotes/LN12_cont_joint_rv.pdf,/Users/jackb/GitHub/data-adventures/sandbox/stanford-109-questions/downloads/web.stanford.edu/class/archive/cs/cs109/cs109.1204/lectureNotes/LN12_cont_joint_rv-33a893972d.pdf,application/pdf,downloaded
https://web.stanford.edu/class/archive/cs/cs109/cs109.1204/lectures/13_independent_rvs.pdf,/Users/jackb/GitHub/data-adventures/sandbox/stanford-109-questions/downloads/web.stanford.edu/class/archive/cs/cs109/cs109.1204/lectures/13_independent_rvs-0a670e5568.pdf,application/pdf,downloaded
https://web.stanford.edu/class/archive/cs/cs109/cs109.1204/lectureNotes/LN13_independent_rvs.pdf,/Users/jackb/GitHub/data-adventures/sandbox/stanford-109-questions/downloads/web.stanford.edu/class/archive/cs/cs109/cs109.1204/lectureNotes/LN13_independent_rvs-86cdb8cfe0.pdf,application/pdf,downloaded
https://web.stanford.edu/class/archive/cs/cs109/cs109.1204/lectures/14_conditional_distribution.pdf,/Users/jackb/GitHub/data-adventures/sandbox/stanford-109-questions/downloads/web.stanford.edu/class/archive/cs/cs109/cs109.1204/lectures/14_conditional_distribution-ba33945006.pdf,application/pdf,downloaded
https://web.stanford.edu/class/archive/cs/cs109/cs109.1204/lectureNotes/LN14_conditional_distribution.pdf,/Users/jackb/GitHub/data-adventures/sandbox/stanford-109-questions/downloads/web.stanford.edu/class/archive/cs/cs109/cs109.1204/lectureNotes/LN14_conditional_distribution-f59edd29d2.pdf,application/pdf,downloaded
https://web.stanford.edu/class/archive/cs/cs109/cs109.1204/lectures/15_covariance.pdf,/Users/jackb/GitHub/data-adventures/sandbox/stanford-109-questions/downloads/web.stanford.edu/class/archive/cs/cs109/cs109.1204/lectures/15_covariance-7797b3235c.pdf,application/pdf,downloaded
https://web.stanford.edu/class/archive/cs/cs109/cs109.1204/lectureNotes/LN15_covariance.pdf,/Users/jackb/GitHub/data-adventures/sandbox/stanford-109-questions/downloads/web.stanford.edu/class/archive/cs/cs109/cs109.1204/lectureNotes/LN15_covariance-5d66b18551.pdf,application/pdf,downloaded
https://web.stanford.edu/class/archive/cs/cs109/cs109.1204/lectures/16_great_expectations.pdf,/Users/jackb/GitHub/data-adventures/sandbox/stanford-109-questions/downloads/web.stanford.edu/class/archive/cs/cs109/cs109.1204/lectures/16_great_expectations-dd708d1c8e.pdf,application/pdf,downloaded
https://web.stanford.edu/class/archive/cs/cs109/cs109.1204/lectureNotes/LN16_great_expectations.pdf,/Users/jackb/GitHub/data-adventures/sandbox/stanford-109-questions/downloads/web.stanford.edu/class/archive/cs/cs109/cs109.1204/lectureNotes/LN16_great_expectations-3a32a15445.pdf,application/pdf,downloaded
https://web.stanford.edu/class/archive/cs/cs109/cs109.1204/lectures/17_beta.pdf,/Users/jackb/GitHub/data-adventures/sandbox/stanford-109-questions/downloads/web.stanford.edu/class/archive/cs/cs109/cs109.1204/lectures/17_beta-b27e553fc3.pdf,application/pdf,downloaded
https://web.stanford.edu/class/archive/cs/cs109/cs109.1204/lectureNotes/LN17_beta.pdf,/Users/jackb/GitHub/data-adventures/sandbox/stanford-109-questions/downloads/web.stanford.edu/class/archive/cs/cs109/cs109.1204/lectureNotes/LN17_beta-14876d71a7.pdf,application/pdf,downloaded
https://web.stanford.edu/class/archive/cs/cs109/cs109.1204/lectures/18_clt.pdf,/Users/jackb/GitHub/data-adventures/sandbox/stanford-109-questions/downloads/web.stanford.edu/class/archive/cs/cs109/cs109.1204/lectures/18_clt-f67df36254.pdf,application/pdf,downloaded
https://web.stanford.edu/class/archive/cs/cs109/cs109.1204/lectureNotes/LN18_clt.pdf,/Users/jackb/GitHub/data-adventures/sandbox/stanford-109-questions/downloads/web.stanford.edu/class/archive/cs/cs109/cs109.1204/lectureNotes/LN18_clt-84f6cbbf9e.pdf,application/pdf,downloaded
https://web.stanford.edu/class/archive/cs/cs109/cs109.1204/lectures/19_sampling.pdf,/Users/jackb/GitHub/data-adventures/sandbox/stanford-109-questions/downloads/web.stanford.edu/class/archive/cs/cs109/cs109.1204/lectures/19_sampling-445c2b555c.pdf,application/pdf,downloaded
https://web.stanford.edu/class/archive/cs/cs109/cs109.1204/lectureNotes/LN19_sampling.pdf,/Users/jackb/GitHub/data-adventures/sandbox/stanford-109-questions/downloads/web.stanford.edu/class/archive/cs/cs109/cs109.1204/lectureNotes/LN19_sampling-c5e51d9a67.pdf,application/pdf,downloaded
https://web.stanford.edu/class/archive/cs/cs109/cs109.1204/lectures/20_inference.pdf,/Users/jackb/GitHub/data-adventures/sandbox/stanford-109-questions/downloads/web.stanford.edu/class/archive/cs/cs109/cs109.1204/lectures/20_inference-52524a7e01.pdf,application/pdf,downloaded
https://web.stanford.edu/class/archive/cs/cs109/cs109.1204/lectureNotes/LN20_inference.pdf,/Users/jackb/GitHub/data-adventures/sandbox/stanford-109-questions/downloads/web.stanford.edu/class/archive/cs/cs109/cs109.1204/lectureNotes/LN20_inference-04c8790216.pdf,application/pdf,downloaded
https://web.stanford.edu/class/archive/cs/cs109/cs109.1204/lectures/21_parameters_mle.pdf,/Users/jackb/GitHub/data-adventures/sandbox/stanford-109-questions/downloads/web.stanford.edu/class/archive/cs/cs109/cs109.1204/lectures/21_parameters_mle-dae2a20a75.pdf,application/pdf,downloaded
https://web.stanford.edu/class/archive/cs/cs109/cs109.1204/lectureNotes/LN21_parameters_mle.pdf,/Users/jackb/GitHub/data-adventures/sandbox/stanford-109-questions/downloads/web.stanford.edu/class/archive/cs/cs109/cs109.1204/lectureNotes/LN21_parameters_mle-3c68a18355.pdf,application/pdf,downloaded
https://web.stanford.edu/class/archive/cs/cs109/cs109.1204/lectures/22_mle_gradient_ascent.pdf,/Users/jackb/GitHub/data-adventures/sandbox/stanford-109-questions/downloads/web.stanford.edu/class/archive/cs/cs109/cs109.1204/lectures/22_mle_gradient_ascent-b7f8cf887e.pdf,application/pdf,downloaded
https://web.stanford.edu/class/archive/cs/cs109/cs109.1204/lectureNotes/LN22_gradient_ascent.pdf,/Users/jackb/GitHub/data-adventures/sandbox/stanford-109-questions/downloads/web.stanford.edu/class/archive/cs/cs109/cs109.1204/lectureNotes/LN22_gradient_ascent-cb60826794.pdf,application/pdf,downloaded
https://web.stanford.edu/class/archive/cs/cs109/cs109.1204/lectures/23_map.pdf,/Users/jackb/GitHub/data-adventures/sandbox/stanford-109-questions/downloads/web.stanford.edu/class/archive/cs/cs109/cs109.1204/lectures/23_map-66674658eb.pdf,application/pdf,downloaded
https://web.stanford.edu/class/archive/cs/cs109/cs109.1204/lectureNotes/LN23_map.pdf,/Users/jackb/GitHub/data-adventures/sandbox/stanford-109-questions/downloads/web.stanford.edu/class/archive/cs/cs109/cs109.1204/lectureNotes/LN23_map-084286bcf0.pdf,application/pdf,downloaded
https://web.stanford.edu/class/archive/cs/cs109/cs109.1204/lectures/24_naive_bayes.pdf,/Users/jackb/GitHub/data-adventures/sandbox/stanford-109-questions/downloads/web.stanford.edu/class/archive/cs/cs109/cs109.1204/lectures/24_naive_bayes-66aa16b76c.pdf,application/pdf,downloaded
https://web.stanford.edu/class/archive/cs/cs109/cs109.1204/lectureNotes/LN24_naive_bayes.pdf,/Users/jackb/GitHub/data-adventures/sandbox/stanford-109-questions/downloads/web.stanford.edu/class/archive/cs/cs109/cs109.1204/lectureNotes/LN24_naive_bayes-55591213d7.pdf,application/pdf,downloaded
https://web.stanford.edu/class/archive/cs/cs109/cs109.1204/lectures/25_logistic_regression.pdf,/Users/jackb/GitHub/data-adventures/sandbox/stanford-109-questions/downloads/web.stanford.edu/class/archive/cs/cs109/cs109.1204/lectures/25_logistic_regression-d455a28018.pdf,application/pdf,downloaded
https://web.stanford.edu/class/archive/cs/cs109/cs109.1204/lectureNotes/LN25_logistic_regression.pdf,/Users/jackb/GitHub/data-adventures/sandbox/stanford-109-questions/downloads/web.stanford.edu/class/archive/cs/cs109/cs109.1204/lectureNotes/LN25_logistic_regression-4fd9064088.pdf,application/pdf,downloaded
https://web.stanford.edu/class/archive/cs/cs109/cs109.1204/lectureNotes/LN26_deep_learning.pdf,/Users/jackb/GitHub/data-adventures/sandbox/stanford-109-questions/downloads/web.stanford.edu/class/archive/cs/cs109/cs109.1204/lectureNotes/LN26_deep_learning-6719ba82c6.pdf,application/pdf,downloaded
https://web.stanford.edu/class/archive/cs/cs109/cs109.1204/lectures/27_final_review.pdf,/Users/jackb/GitHub/data-adventures/sandbox/stanford-109-questions/downloads/web.stanford.edu/class/archive/cs/cs109/cs109.1204/lectures/27_final_review-6d636d0f87.pdf,application/pdf,downloaded
https://web.stanford.edu/class/archive/cs/cs109/cs109.1204/restricted/pset1_soln.pdf,/Users/jackb/GitHub/data-adventures/sandbox/stanford-109-questions/downloads/web.stanford.edu/class/archive/cs/cs109/cs109.1204/restricted/pset1_soln-6967258069.pdf,text/html;charset=utf-8,downloaded
https://web.stanford.edu/class/archive/cs/cs109/cs109.1204/restricted/pset2_soln.pdf,/Users/jackb/GitHub/data-adventures/sandbox/stanford-109-questions/downloads/web.stanford.edu/class/archive/cs/cs109/cs109.1204/restricted/pset2_soln-00ee5a745a.pdf,text/html;charset=utf-8,downloaded
https://web.stanford.edu/class/archive/cs/cs109/cs109.1204/restricted/pset3_soln.pdf,/Users/jackb/GitHub/data-adventures/sandbox/stanford-109-questions/downloads/web.stanford.edu/class/archive/cs/cs109/cs109.1204/restricted/pset3_soln-b4c5cafaae.pdf,text/html;charset=utf-8,downloaded
https://web.stanford.edu/class/archive/cs/cs109/cs109.1204/restricted/pset4_soln.pdf,/Users/jackb/GitHub/data-adventures/sandbox/stanford-109-questions/downloads/web.stanford.edu/class/archive/cs/cs109/cs109.1204/restricted/pset4_soln-093bdc0ff9.pdf,text/html;charset=utf-8,downloaded
https://web.stanford.edu/class/archive/cs/cs109/cs109.1204/restricted/pset5_soln.pdf,/Users/jackb/GitHub/data-adventures/sandbox/stanford-109-questions/downloads/web.stanford.edu/class/archive/cs/cs109/cs109.1204/restricted/pset5_soln-e38a85eb14.pdf,text/html;charset=utf-8,downloaded
https://web.stanford.edu/class/archive/cs/cs109/cs109.1204/restricted/pset6_soln.pdf,/Users/jackb/GitHub/data-adventures/sandbox/stanford-109-questions/downloads/web.stanford.edu/class/archive/cs/cs109/cs109.1204/restricted/pset6_soln-6af38fb65d.pdf,text/html;charset=utf-8,downloaded
https://web.stanford.edu/class/archive/cs/cs109/cs109.1204/restricted/midterm.pdf,/Users/jackb/GitHub/data-adventures/sandbox/stanford-109-questions/downloads/web.stanford.edu/class/archive/cs/cs109/cs109.1204/restricted/midterm-dda294b830.pdf,text/html;charset=utf-8,downloaded
https://web.stanford.edu/class/archive/cs/cs109/cs109.1204/restricted/midterm_soln.pdf,/Users/jackb/GitHub/data-adventures/sandbox/stanford-109-questions/downloads/web.stanford.edu/class/archive/cs/cs109/cs109.1204/restricted/midterm_soln-24b497044a.pdf,text/html;charset=utf-8,downloaded
https://web.stanford.edu/class/archive/cs/cs109/cs109.1204/psets/cs109_contest.pdf,/Users/jackb/GitHub/data-adventures/sandbox/stanford-109-questions/downloads/web.stanford.edu/class/archive/cs/cs109/cs109.1204/psets/cs109_contest-b5a55cce8c.pdf,application/pdf,downloaded
https://web.stanford.edu/class/archive/cs/cs109/cs109.1204/restricted/final_soln.pdf,/Users/jackb/GitHub/data-adventures/sandbox/stanford-109-questions/downloads/web.stanford.edu/class/archive/cs/cs109/cs109.1204/restricted/final_soln-8e09feba4d.pdf,text/html;charset=utf-8,downloaded
https://web.stanford.edu/class/archive/cs/cs109/cs109.1204/section/1/section1.pdf,/Users/jackb/GitHub/data-adventures/sandbox/stanford-109-questions/downloads/web.stanford.edu/class/archive/cs/cs109/cs109.1204/section/1/section1-6ef825edc4.pdf,application/pdf,downloaded
https://web.stanford.edu/class/archive/cs/cs109/cs109.1204/section/1/section1_soln.pdf,/Users/jackb/GitHub/data-adventures/sandbox/stanford-109-questions/downloads/web.stanford.edu/class/archive/cs/cs109/cs109.1204/section/1/section1_soln-1e1eb84af3.pdf,application/pdf,downloaded
https://web.stanford.edu/class/archive/cs/cs109/cs109.1204/section/1/concept_check_1_soln.pdf,/Users/jackb/GitHub/data-adventures/sandbox/stanford-109-questions/downloads/web.stanford.edu/class/archive/cs/cs109/cs109.1204/section/1/concept_check_1_soln-63f9df555d.pdf,application/pdf,downloaded
https://web.stanford.edu/class/archive/cs/cs109/cs109.1204/section/2/section2.pdf,/Users/jackb/GitHub/data-adventures/sandbox/stanford-109-questions/downloads/web.stanford.edu/class/archive/cs/cs109/cs109.1204/section/2/section2-2003fc8908.pdf,application/pdf,downloaded
https://web.stanford.edu/class/archive/cs/cs109/cs109.1204/section/2/section2_soln.pdf,/Users/jackb/GitHub/data-adventures/sandbox/stanford-109-questions/downloads/web.stanford.edu/class/archive/cs/cs109/cs109.1204/section/2/section2_soln-9f3b75e2fd.pdf,application/pdf,downloaded
https://web.stanford.edu/class/archive/cs/cs109/cs109.1204/section/2/concept_check_2_soln.pdf,/Users/jackb/GitHub/data-adventures/sandbox/stanford-109-questions/downloads/web.stanford.edu/class/archive/cs/cs109/cs109.1204/section/2/concept_check_2_soln-a896e5b108.pdf,application/pdf,downloaded
https://web.stanford.edu/class/archive/cs/cs109/cs109.1204/section/3/section3.pdf,/Users/jackb/GitHub/data-adventures/sandbox/stanford-109-questions/downloads/web.stanford.edu/class/archive/cs/cs109/cs109.1204/section/3/section3-8ef033b4d8.pdf,application/pdf,downloaded
https://web.stanford.edu/class/archive/cs/cs109/cs109.1204/section/3/section3_soln.pdf,/Users/jackb/GitHub/data-adventures/sandbox/stanford-109-questions/downloads/web.stanford.edu/class/archive/cs/cs109/cs109.1204/section/3/section3_soln-7113f6b489.pdf,application/pdf,downloaded
https://web.stanford.edu/class/archive/cs/cs109/cs109.1204/section/3/concept_check_3_soln.pdf,,,download_error: HTTP Error 404: Not Found
https://web.stanford.edu/class/archive/cs/cs109/cs109.1204/section/4/section4.pdf,/Users/jackb/GitHub/data-adventures/sandbox/stanford-109-questions/downloads/web.stanford.edu/class/archive/cs/cs109/cs109.1204/section/4/section4-96a588df46.pdf,application/pdf,downloaded
https://web.stanford.edu/class/archive/cs/cs109/cs109.1204/section/4/section4_soln.pdf,/Users/jackb/GitHub/data-adventures/sandbox/stanford-109-questions/downloads/web.stanford.edu/class/archive/cs/cs109/cs109.1204/section/4/section4_soln-48bb7ffd50.pdf,application/pdf,downloaded
https://web.stanford.edu/class/archive/cs/cs109/cs109.1204/section/4/concept_check_4_soln.pdf,/Users/jackb/GitHub/data-adventures/sandbox/stanford-109-questions/downloads/web.stanford.edu/class/archive/cs/cs109/cs109.1204/section/4/concept_check_4_soln-b61d34479e.pdf,application/pdf,downloaded
https://web.stanford.edu/class/archive/cs/cs109/cs109.1204/section/5/section5.pdf,/Users/jackb/GitHub/data-adventures/sandbox/stanford-109-questions/downloads/web.stanford.edu/class/archive/cs/cs109/cs109.1204/section/5/section5-341864a83b.pdf,application/pdf,downloaded
https://web.stanford.edu/class/archive/cs/cs109/cs109.1204/section/5/section5_soln.pdf,/Users/jackb/GitHub/data-adventures/sandbox/stanford-109-questions/downloads/web.stanford.edu/class/archive/cs/cs109/cs109.1204/section/5/section5_soln-19fdf18034.pdf,application/pdf,downloaded
https://web.stanford.edu/class/archive/cs/cs109/cs109.1204/section/5/concept_check_5_soln.pdf,/Users/jackb/GitHub/data-adventures/sandbox/stanford-109-questions/downloads/web.stanford.edu/class/archive/cs/cs109/cs109.1204/section/5/concept_check_5_soln-93180eb4b8.pdf,application/pdf,downloaded
https://web.stanford.edu/class/archive/cs/cs109/cs109.1204/section/6/section6.pdf,/Users/jackb/GitHub/data-adventures/sandbox/stanford-109-questions/downloads/web.stanford.edu/class/archive/cs/cs109/cs109.1204/section/6/section6-1525667e33.pdf,application/pdf,downloaded
https://web.stanford.edu/class/archive/cs/cs109/cs109.1204/section/6/section6_soln.pdf,/Users/jackb/GitHub/data-adventures/sandbox/stanford-109-questions/downloads/web.stanford.edu/class/archive/cs/cs109/cs109.1204/section/6/section6_soln-e59d676755.pdf,application/pdf,downloaded
https://web.stanford.edu/class/archive/cs/cs109/cs109.1204/section/6/concept_check_6_soln.pdf,/Users/jackb/GitHub/data-adventures/sandbox/stanford-109-questions/downloads/web.stanford.edu/class/archive/cs/cs109/cs109.1204/section/6/concept_check_6_soln-44de157c11.pdf,application/pdf,downloaded
https://web.stanford.edu/class/archive/cs/cs109/cs109.1204/section/7/section7.pdf,/Users/jackb/GitHub/data-adventures/sandbox/stanford-109-questions/downloads/web.stanford.edu/class/archive/cs/cs109/cs109.1204/section/7/section7-663ff752db.pdf,application/pdf,downloaded
https://web.stanford.edu/class/archive/cs/cs109/cs109.1204/section/7/section7_soln.pdf,/Users/jackb/GitHub/data-adventures/sandbox/stanford-109-questions/downloads/web.stanford.edu/class/archive/cs/cs109/cs109.1204/section/7/section7_soln-40faef57b9.pdf,application/pdf,downloaded
https://web.stanford.edu/class/archive/cs/cs109/cs109.1204/section/7/concept_check_7_soln.pdf,/Users/jackb/GitHub/data-adventures/sandbox/stanford-109-questions/downloads/web.stanford.edu/class/archive/cs/cs109/cs109.1204/section/7/concept_check_7_soln-a2ff4429d3.pdf,application/pdf,downloaded
https://web.stanford.edu/class/archive/cs/cs109/cs109.1204/section/8/section8.pdf,/Users/jackb/GitHub/data-adventures/sandbox/stanford-109-questions/downloads/web.stanford.edu/class/archive/cs/cs109/cs109.1204/section/8/section8-8df688d6a7.pdf,application/pdf,downloaded
https://web.stanford.edu/class/archive/cs/cs109/cs109.1204/section/8/section8_soln.pdf,/Users/jackb/GitHub/data-adventures/sandbox/stanford-109-questions/downloads/web.stanford.edu/class/archive/cs/cs109/cs109.1204/section/8/section8_soln-9f1b898a79.pdf,application/pdf,downloaded
https://web.stanford.edu/class/archive/cs/cs109/cs109.1204/section/8/concept_check_8_soln.pdf,/Users/jackb/GitHub/data-adventures/sandbox/stanford-109-questions/downloads/web.stanford.edu/class/archive/cs/cs109/cs109.1204/section/8/concept_check_8_soln-ae9a946d23.pdf,application/pdf,downloaded
https://web.stanford.edu/class/archive/cs/cs109/cs109.1204/section/9/section9.pdf,/Users/jackb/GitHub/data-adventures/sandbox/stanford-109-questions/downloads/web.stanford.edu/class/archive/cs/cs109/cs109.1204/section/9/section9-c08fb71526.pdf,application/pdf,downloaded
https://web.stanford.edu/class/archive/cs/cs109/cs109.1204/section/9/section9_soln.pdf,/Users/jackb/GitHub/data-adventures/sandbox/stanford-109-questions/downloads/web.stanford.edu/class/archive/cs/cs109/cs109.1204/section/9/section9_soln-e72e02bcf8.pdf,application/pdf,downloaded
https://web.stanford.edu/class/archive/cs/cs109/cs109.1204/handouts/H01_administrivia.pdf,/Users/jackb/GitHub/data-adventures/sandbox/stanford-109-questions/downloads/web.stanford.edu/class/archive/cs/cs109/cs109.1204/handouts/H01_administrivia-933970ca58.pdf,application/pdf,downloaded
https://web.stanford.edu/class/archive/cs/cs109/cs109.1204/handouts/H02_calculation_ref.pdf,/Users/jackb/GitHub/data-adventures/sandbox/stanford-109-questions/downloads/web.stanford.edu/class/archive/cs/cs109/cs109.1204/handouts/H02_calculation_ref-cc41c01531.pdf,application/pdf,downloaded
https://web.stanford.edu/class/archive/cs/cs109/cs109.1204/handouts/H03_python_slides.pdf,/Users/jackb/GitHub/data-adventures/sandbox/stanford-109-questions/downloads/web.stanford.edu/class/archive/cs/cs109/cs109.1204/handouts/H03_python_slides-aa9325338f.pdf,application/pdf,downloaded
https://web.stanford.edu/class/archive/cs/cs109/cs109.1204/handouts/H04_standard_normal.pdf,/Users/jackb/GitHub/data-adventures/sandbox/stanford-109-questions/downloads/web.stanford.edu/class/archive/cs/cs109/cs109.1204/handouts/H04_standard_normal-847e529b62.pdf,application/pdf,downloaded
https://web.stanford.edu/class/archive/cs/cs109/cs109.1204/psets/contest/SaurenKhosla.pdf,/Users/jackb/GitHub/data-adventures/sandbox/stanford-109-questions/downloads/web.stanford.edu/class/archive/cs/cs109/cs109.1204/psets/contest/SaurenKhosla-90a16d9020.pdf,application/pdf,downloaded
https://web.stanford.edu/class/archive/cs/cs109/cs109.1204/psets/contest/RileyNoland.pdf,/Users/jackb/GitHub/data-adventures/sandbox/stanford-109-questions/downloads/web.stanford.edu/class/archive/cs/cs109/cs109.1204/psets/contest/RileyNoland-1b94259461.pdf,application/pdf,downloaded
https://web.stanford.edu/class/archive/cs/cs109/cs109.1204/handouts/H03_python_slides_F19.pdf,/Users/jackb/GitHub/data-adventures/sandbox/stanford-109-questions/downloads/web.stanford.edu/class/archive/cs/cs109/cs109.1204/handouts/H03_python_slides_F19-887490bb4b.pdf,application/pdf,downloaded
https://web.stanford.edu/class/archive/cs/cs109/cs109.1204/handouts/latex/intro.pdf,/Users/jackb/GitHub/data-adventures/sandbox/stanford-109-questions/downloads/web.stanford.edu/class/archive/cs/cs109/cs109.1204/handouts/latex/intro-515fb96f17.pdf,application/pdf,downloaded
https://web.stanford.edu/class/archive/cs/cs109/cs109.1204/lectures/01_counting_blank.pdf,/Users/jackb/GitHub/data-adventures/sandbox/stanford-109-questions/downloads/web.stanford.edu/class/archive/cs/cs109/cs109.1204/lectures/01_counting_blank-b3b2523fcf.pdf,application/pdf,downloaded
https://web.stanford.edu/class/archive/cs/cs109/cs109.1204/lectures/02_combinatorics_blank.pdf,/Users/jackb/GitHub/data-adventures/sandbox/stanford-109-questions/downloads/web.stanford.edu/class/archive/cs/cs109/cs109.1204/lectures/02_combinatorics_blank-cd0958ae48.pdf,application/pdf,downloaded
https://web.stanford.edu/class/archive/cs/cs109/cs109.1204/lectures/03_probability_blank.pdf,/Users/jackb/GitHub/data-adventures/sandbox/stanford-109-questions/downloads/web.stanford.edu/class/archive/cs/cs109/cs109.1204/lectures/03_probability_blank-7dd8fc293b.pdf,application/pdf,downloaded
https://web.stanford.edu/class/archive/cs/cs109/cs109.1204/lectures/04_cond_bayes_blank.pdf,/Users/jackb/GitHub/data-adventures/sandbox/stanford-109-questions/downloads/web.stanford.edu/class/archive/cs/cs109/cs109.1204/lectures/04_cond_bayes_blank-a6ee7f425b.pdf,application/pdf,downloaded
https://web.stanford.edu/class/archive/cs/cs109/cs109.1204/lectures/05_independence_blank.pdf,/Users/jackb/GitHub/data-adventures/sandbox/stanford-109-questions/downloads/web.stanford.edu/class/archive/cs/cs109/cs109.1204/lectures/05_independence_blank-476cb4d68c.pdf,application/pdf,downloaded
https://web.stanford.edu/class/archive/cs/cs109/cs109.1204/lectures/06_random_variables_blank.pdf,/Users/jackb/GitHub/data-adventures/sandbox/stanford-109-questions/downloads/web.stanford.edu/class/archive/cs/cs109/cs109.1204/lectures/06_random_variables_blank-23d757e21f.pdf,application/pdf,downloaded
https://web.stanford.edu/class/archive/cs/cs109/cs109.1204/lectures/07_bernoulli_binomial_blank.pdf,/Users/jackb/GitHub/data-adventures/sandbox/stanford-109-questions/downloads/web.stanford.edu/class/archive/cs/cs109/cs109.1204/lectures/07_bernoulli_binomial_blank-4c4292d63f.pdf,application/pdf,downloaded
https://web.stanford.edu/class/archive/cs/cs109/cs109.1204/lectures/08_poisson_and_more_blank.pdf,/Users/jackb/GitHub/data-adventures/sandbox/stanford-109-questions/downloads/web.stanford.edu/class/archive/cs/cs109/cs109.1204/lectures/08_poisson_and_more_blank-0ec5f42ff2.pdf,application/pdf,downloaded
https://web.stanford.edu/class/archive/cs/cs109/cs109.1204/lectures/09_continuous_rv_blank.pdf,/Users/jackb/GitHub/data-adventures/sandbox/stanford-109-questions/downloads/web.stanford.edu/class/archive/cs/cs109/cs109.1204/lectures/09_continuous_rv_blank-fe05e0736d.pdf,application/pdf,downloaded
https://web.stanford.edu/class/archive/cs/cs109/cs109.1204/lectures/10_normal_gaussian_blank.pdf,/Users/jackb/GitHub/data-adventures/sandbox/stanford-109-questions/downloads/web.stanford.edu/class/archive/cs/cs109/cs109.1204/lectures/10_normal_gaussian_blank-cae8d546f7.pdf,application/pdf,downloaded
https://web.stanford.edu/class/archive/cs/cs109/cs109.1204/lectures/11_joint_rv_blank.pdf,/Users/jackb/GitHub/data-adventures/sandbox/stanford-109-questions/downloads/web.stanford.edu/class/archive/cs/cs109/cs109.1204/lectures/11_joint_rv_blank-2af76a360b.pdf,application/pdf,downloaded
https://web.stanford.edu/class/archive/cs/cs109/cs109.1204/lectures/12_cont_joint_rv_blank.pdf,/Users/jackb/GitHub/data-adventures/sandbox/stanford-109-questions/downloads/web.stanford.edu/class/archive/cs/cs109/cs109.1204/lectures/12_cont_joint_rv_blank-5a0dc1207b.pdf,application/pdf,downloaded
https://web.stanford.edu/class/archive/cs/cs109/cs109.1204/lectures/13_independent_rvs_blank.pdf,/Users/jackb/GitHub/data-adventures/sandbox/stanford-109-questions/downloads/web.stanford.edu/class/archive/cs/cs109/cs109.1204/lectures/13_independent_rvs_blank-b118e0a28f.pdf,application/pdf,downloaded
https://web.stanford.edu/class/archive/cs/cs109/cs109.1204/lectures/14_conditional_distribution_blank.pdf,/Users/jackb/GitHub/data-adventures/sandbox/stanford-109-questions/downloads/web.stanford.edu/class/archive/cs/cs109/cs109.1204/lectures/14_conditional_distribution_blank-1625b34a84.pdf,application/pdf,downloaded
https://web.stanford.edu/class/archive/cs/cs109/cs109.1204/lectures/15_covariance_blank.pdf,/Users/jackb/GitHub/data-adventures/sandbox/stanford-109-questions/downloads/web.stanford.edu/class/archive/cs/cs109/cs109.1204/lectures/15_covariance_blank-bf039e99cd.pdf,application/pdf,downloaded
https://web.stanford.edu/class/archive/cs/cs109/cs109.1204/lectures/16_great_expectations_blank.pdf,/Users/jackb/GitHub/data-adventures/sandbox/stanford-109-questions/downloads/web.stanford.edu/class/archive/cs/cs109/cs109.1204/lectures/16_great_expectations_blank-94ddf36c8a.pdf,application/pdf,downloaded
https://web.stanford.edu/class/archive/cs/cs109/cs109.1204/lectures/17_beta_blank.pdf,/Users/jackb/GitHub/data-adventures/sandbox/stanford-109-questions/downloads/web.stanford.edu/class/archive/cs/cs109/cs109.1204/lectures/17_beta_blank-b3c23e893d.pdf,application/pdf,downloaded
https://web.stanford.edu/class/archive/cs/cs109/cs109.1204/lectures/18_clt_blank.pdf,/Users/jackb/GitHub/data-adventures/sandbox/stanford-109-questions/downloads/web.stanford.edu/class/archive/cs/cs109/cs109.1204/lectures/18_clt_blank-8e50d752d5.pdf,application/pdf,downloaded
https://web.stanford.edu/class/archive/cs/cs109/cs109.1204/lectures/19_sampling_blank.pdf,/Users/jackb/GitHub/data-adventures/sandbox/stanford-109-questions/downloads/web.stanford.edu/class/archive/cs/cs109/cs109.1204/lectures/19_sampling_blank-4d607f8479.pdf,application/pdf,downloaded
https://web.stanford.edu/class/archive/cs/cs109/cs109.1204/lectures/20_inference_blank.pdf,/Users/jackb/GitHub/data-adventures/sandbox/stanford-109-questions/downloads/web.stanford.edu/class/archive/cs/cs109/cs109.1204/lectures/20_inference_blank-84c04e074f.pdf,application/pdf,downloaded
https://web.stanford.edu/class/archive/cs/cs109/cs109.1204/lectures/21_parameters_mle_blank.pdf,/Users/jackb/GitHub/data-adventures/sandbox/stanford-109-questions/downloads/web.stanford.edu/class/archive/cs/cs109/cs109.1204/lectures/21_parameters_mle_blank-8d53d2b705.pdf,application/pdf,downloaded
https://web.stanford.edu/class/archive/cs/cs109/cs109.1204/lectures/22_mle_gradient_ascent_blank.pdf,/Users/jackb/GitHub/data-adventures/sandbox/stanford-109-questions/downloads/web.stanford.edu/class/archive/cs/cs109/cs109.1204/lectures/22_mle_gradient_ascent_blank-b4da9f48ef.pdf,application/pdf,downloaded
https://web.stanford.edu/class/archive/cs/cs109/cs109.1204/lectures/23_map_blank.pdf,/Users/jackb/GitHub/data-adventures/sandbox/stanford-109-questions/downloads/web.stanford.edu/class/archive/cs/cs109/cs109.1204/lectures/23_map_blank-2ec7e244ca.pdf,application/pdf,downloaded
https://web.stanford.edu/class/archive/cs/cs109/cs109.1204/lectures/24_naive_bayes_blank.pdf,/Users/jackb/GitHub/data-adventures/sandbox/stanford-109-questions/downloads/web.stanford.edu/class/archive/cs/cs109/cs109.1204/lectures/24_naive_bayes_blank-1bf46873c6.pdf,application/pdf,downloaded
https://web.stanford.edu/class/archive/cs/cs109/cs109.1204/lectures/25_logistic_regression_blank.pdf,/Users/jackb/GitHub/data-adventures/sandbox/stanford-109-questions/downloads/web.stanford.edu/class/archive/cs/cs109/cs109.1204/lectures/25_logistic_regression_blank-ea84bc237c.pdf,application/pdf,downloaded
https://web.stanford.edu/class/archive/cs/cs109/cs109.1202/reader/1 Counting.pdf,,,download_error: URL can't contain control characters. '/class/archive/cs/cs109/cs109.1202/reader/1 Counting.pdf' (found at least ' ')
https://web.stanford.edu/class/archive/cs/cs109/cs109.1202/reader/2 Probability.pdf,,,download_error: URL can't contain control characters. '/class/archive/cs/cs109/cs109.1202/reader/2 Probability.pdf' (found at least ' ')
https://web.stanford.edu/class/archive/cs/cs109/cs109.1202/reader/3 Conditional.pdf,,,download_error: URL can't contain control characters. '/class/archive/cs/cs109/cs109.1202/reader/3 Conditional.pdf' (found at least ' ')
https://web.stanford.edu/class/archive/cs/cs109/cs109.1202/reader/4 Random Variables.pdf,,,download_error: URL can't contain control characters. '/class/archive/cs/cs109/cs109.1202/reader/4 Random Variables.pdf' (found at least ' ')
https://web.stanford.edu/class/archive/cs/cs109/cs109.1202/reader/5 Discrete Variables.pdf,,,download_error: URL can't contain control characters. '/class/archive/cs/cs109/cs109.1202/reader/5 Discrete Variables.pdf' (found at least ' ')
https://web.stanford.edu/class/archive/cs/cs109/cs109.1202/reader/6 Continuous Variables.pdf,,,download_error: URL can't contain control characters. '/class/archive/cs/cs109/cs109.1202/reader/6 Continuous Variables.pdf' (found at least ' ')
https://web.stanford.edu/class/archive/cs/cs109/cs109.1202/reader/7 Multivariate.pdf,,,download_error: URL can't contain control characters. '/class/archive/cs/cs109/cs109.1202/reader/7 Multivariate.pdf' (found at least ' ')
https://web.stanford.edu/class/archive/cs/cs109/cs109.1202/reader/8 Probability as a Variable.pdf,,,download_error: URL can't contain control characters. '/class/archive/cs/cs109/cs109.1202/reader/8 Probability as a Variable.pdf' (found at least ' ')
https://web.stanford.edu/class/archive/cs/cs109/cs109.1202/reader/9 Sampling.pdf,,,download_error: URL can't contain control characters. '/class/archive/cs/cs109/cs109.1202/reader/9 Sampling.pdf' (found at least ' ')
https://web.stanford.edu/class/archive/cs/cs109/cs109.1202/reader/10 Central Theorems.pdf,,,download_error: URL can't contain control characters. '/class/archive/cs/cs109/cs109.1202/reader/10 Central Theorems.pdf' (found at least ' ')
https://web.stanford.edu/class/archive/cs/cs109/cs109.1202/reader/11 Parameter Estimation.pdf,,,download_error: URL can't contain control characters. '/class/archive/cs/cs109/cs109.1202/reader/11 Parameter Estimation.pdf' (found at least ' ')
https://web.stanford.edu/class/archive/cs/cs109/cs109.1202/reader/12 Machine Learning.pdf,,,download_error: URL can't contain control characters. '/class/archive/cs/cs109/cs109.1202/reader/12 Machine Learning.pdf' (found at least ' ')
https://web.stanford.edu/class/archive/cs/cs109/cs109.1202/handouts/staff.html,,,page_error: HTTP Error 404: Not Found
https://web.stanford.edu/class/archive/cs/cs109/cs109.1228/course-staff/handouts/syllabus_sum22.pdf,,,download_error: HTTP Error 404: Not Found
https://web.stanford.edu/class/archive/cs/cs109/cs109.1228/course-staff/restricted/psets/pset6/pset6.pdf,,,download_error: HTTP Error 404: Not Found
https://web.stanford.edu/class/archive/cs/cs109/cs109.1228/course-staff/sections/07_section_soln.pdf,,,download_error: HTTP Error 404: Not Found
https://web.stanford.edu/class/archive/cs/cs109/cs109.1228/course-staff/restricted/psets/pset4/pset4_soln.pdf,,,download_error: HTTP Error 404: Not Found
https://web.stanford.edu/class/archive/cs/cs109/cs109.1228/course-staff/handouts/Random_Variable_Handout.pdf,,,download_error: HTTP Error 404: Not Found
https://web.stanford.edu/class/archive/cs/cs109/cs109.1228/course-staff/handouts/distributions.pdf,,,download_error: HTTP Error 404: Not Found
https://web.stanford.edu/class/archive/cs/cs109/cs109.1228/course-staff/handouts/practice/109asp22notes2.pdf,,,download_error: HTTP Error 404: Not Found
https://web.stanford.edu/class/archive/cs/cs109/cs109.1228/course-staff/handouts/practice/109asp22notes3.pdf,,,download_error: HTTP Error 404: Not Found
https://web.stanford.edu/class/archive/cs/cs109/cs109.1228/course-staff/handouts/practice/109asp22notes5.pdf,,,download_error: HTTP Error 404: Not Found
https://web.stanford.edu/class/archive/cs/cs109/cs109.1228/course-staff/handouts/practice/109asp22notes6.pdf,,,download_error: HTTP Error 404: Not Found
https://web.stanford.edu/class/archive/cs/cs109/cs109.1228/course-staff/handouts/practice/109asp22notes7.pdf,,,download_error: HTTP Error 404: Not Found
https://web.stanford.edu/class/archive/cs/cs109/cs109.1228/course-staff/handouts/practice/109asp22notes8.pdf,,,download_error: HTTP Error 404: Not Found
https://web.stanford.edu/class/archive/cs/cs109/cs109.1228/course-staff/handouts/practice/109asp22notes9.pdf,,,download_error: HTTP Error 404: Not Found
https://web.stanford.edu/class/archive/cs/cs109/cs109.1232/exams/MidtermWinter2022.pdf,/Users/jackb/GitHub/data-adventures/sandbox/stanford-109-questions/downloads/web.stanford.edu/class/archive/cs/cs109/cs109.1232/exams/MidtermWinter2022-3efbf4f3de.pdf,application/pdf,downloaded
https://web.stanford.edu/class/archive/cs/cs109/cs109.1232/exams/MidtermWinter2022Soln.pdf,/Users/jackb/GitHub/data-adventures/sandbox/stanford-109-questions/downloads/web.stanford.edu/class/archive/cs/cs109/cs109.1232/exams/MidtermWinter2022Soln-a6b8a7af98.pdf,application/pdf,downloaded
https://web.stanford.edu/class/archive/cs/cs109/cs109.1232/exams/MidtermFall2021.pdf,/Users/jackb/GitHub/data-adventures/sandbox/stanford-109-questions/downloads/web.stanford.edu/class/archive/cs/cs109/cs109.1232/exams/MidtermFall2021-3558eb0d81.pdf,application/pdf,downloaded
https://web.stanford.edu/class/archive/cs/cs109/cs109.1232/exams/MidtermFall2021Soln.pdf,/Users/jackb/GitHub/data-adventures/sandbox/stanford-109-questions/downloads/web.stanford.edu/class/archive/cs/cs109/cs109.1232/exams/MidtermFall2021Soln-a42373302f.pdf,application/pdf,downloaded
https://web.stanford.edu/class/archive/cs/cs109/cs109.1232/exams/MidtermFall2017.pdf,/Users/jackb/GitHub/data-adventures/sandbox/stanford-109-questions/downloads/web.stanford.edu/class/archive/cs/cs109/cs109.1232/exams/MidtermFall2017-a7ff7af126.pdf,application/pdf,downloaded
https://web.stanford.edu/class/archive/cs/cs109/cs109.1232/exams/MidtermFall2017Soln.pdf,/Users/jackb/GitHub/data-adventures/sandbox/stanford-109-questions/downloads/web.stanford.edu/class/archive/cs/cs109/cs109.1232/exams/MidtermFall2017Soln-21e2040dd7.pdf,application/pdf,downloaded
https://web.stanford.edu/class/archive/cs/cs109/cs109.1232/exams/MidtermSpr2017.pdf,/Users/jackb/GitHub/data-adventures/sandbox/stanford-109-questions/downloads/web.stanford.edu/class/archive/cs/cs109/cs109.1232/exams/MidtermSpr2017-54f61dd08b.pdf,application/pdf,downloaded
https://web.stanford.edu/class/archive/cs/cs109/cs109.1232/exams/MidtermSpr2017Soln.pdf,/Users/jackb/GitHub/data-adventures/sandbox/stanford-109-questions/downloads/web.stanford.edu/class/archive/cs/cs109/cs109.1232/exams/MidtermSpr2017Soln-8bbed0f51e.pdf,application/pdf,downloaded
https://web.stanford.edu/class/archive/cs/cs109/cs109.1232/exams/MidtermSpr2016.pdf,/Users/jackb/GitHub/data-adventures/sandbox/stanford-109-questions/downloads/web.stanford.edu/class/archive/cs/cs109/cs109.1232/exams/MidtermSpr2016-28495398f5.pdf,application/pdf,downloaded
https://web.stanford.edu/class/archive/cs/cs109/cs109.1232/exams/MidtermSpr2016Soln.pdf,/Users/jackb/GitHub/data-adventures/sandbox/stanford-109-questions/downloads/web.stanford.edu/class/archive/cs/cs109/cs109.1232/exams/MidtermSpr2016Soln-ec7687630d.pdf,application/pdf,downloaded
https://web.stanford.edu/class/archive/cs/cs109/cs109.1232/exams/PracticeMidterm.pdf,/Users/jackb/GitHub/data-adventures/sandbox/stanford-109-questions/downloads/web.stanford.edu/class/archive/cs/cs109/cs109.1232/exams/PracticeMidterm-af86dba2c3.pdf,application/pdf,downloaded
https://web.stanford.edu/class/archive/cs/cs109/cs109.1232/exams/PracticeMidtermSoln.pdf,/Users/jackb/GitHub/data-adventures/sandbox/stanford-109-questions/downloads/web.stanford.edu/class/archive/cs/cs109/cs109.1232/exams/PracticeMidtermSoln-2ef814d26a.pdf,application/pdf,downloaded
https://web.stanford.edu/class/archive/cs/cs109/cs109.1232/exams/Extra-Problems-1.pdf,/Users/jackb/GitHub/data-adventures/sandbox/stanford-109-questions/downloads/web.stanford.edu/class/archive/cs/cs109/cs109.1232/exams/Extra-Problems-1-9527aa84af.pdf,application/pdf,downloaded
https://web.stanford.edu/class/archive/cs/cs109/cs109.1232/exams/Extra-Problems-1-Soln.pdf,/Users/jackb/GitHub/data-adventures/sandbox/stanford-109-questions/downloads/web.stanford.edu/class/archive/cs/cs109/cs109.1232/exams/Extra-Problems-1-Soln-d072f5de49.pdf,application/pdf,downloaded
https://web.stanford.edu/class/archive/cs/cs109/cs109.1232/exams/Extra-Problems-2.pdf,/Users/jackb/GitHub/data-adventures/sandbox/stanford-109-questions/downloads/web.stanford.edu/class/archive/cs/cs109/cs109.1232/exams/Extra-Problems-2-a709ebd3af.pdf,application/pdf,downloaded
https://web.stanford.edu/class/archive/cs/cs109/cs109.1232/exams/Extra-Problems-2-Soln.pdf,/Users/jackb/GitHub/data-adventures/sandbox/stanford-109-questions/downloads/web.stanford.edu/class/archive/cs/cs109/cs109.1232/exams/Extra-Problems-2-Soln-62290d99a2.pdf,application/pdf,downloaded
https://web.stanford.edu/class/archive/cs/cs109/cs109.1232/exams/FinalWin2022.pdf,/Users/jackb/GitHub/data-adventures/sandbox/stanford-109-questions/downloads/web.stanford.edu/class/archive/cs/cs109/cs109.1232/exams/FinalWin2022-c66f503115.pdf,application/pdf,downloaded
https://web.stanford.edu/class/archive/cs/cs109/cs109.1232/exams/FinalWin2022Soln.pdf,/Users/jackb/GitHub/data-adventures/sandbox/stanford-109-questions/downloads/web.stanford.edu/class/archive/cs/cs109/cs109.1232/exams/FinalWin2022Soln-084f01a261.pdf,application/pdf,downloaded
https://web.stanford.edu/class/archive/cs/cs109/cs109.1232/exams/FinalFall2021.pdf,/Users/jackb/GitHub/data-adventures/sandbox/stanford-109-questions/downloads/web.stanford.edu/class/archive/cs/cs109/cs109.1232/exams/FinalFall2021-7c2dd107c9.pdf,application/pdf,downloaded
https://web.stanford.edu/class/archive/cs/cs109/cs109.1232/exams/FinalFall2021Soln.pdf,/Users/jackb/GitHub/data-adventures/sandbox/stanford-109-questions/downloads/web.stanford.edu/class/archive/cs/cs109/cs109.1232/exams/FinalFall2021Soln-ce5c7b34ce.pdf,application/pdf,downloaded
https://web.stanford.edu/class/archive/cs/cs109/cs109.1232/exams/FinalFall2017.pdf,/Users/jackb/GitHub/data-adventures/sandbox/stanford-109-questions/downloads/web.stanford.edu/class/archive/cs/cs109/cs109.1232/exams/FinalFall2017-20627d93c1.pdf,application/pdf,downloaded
https://web.stanford.edu/class/archive/cs/cs109/cs109.1232/exams/FinalFall2017Soln.pdf,/Users/jackb/GitHub/data-adventures/sandbox/stanford-109-questions/downloads/web.stanford.edu/class/archive/cs/cs109/cs109.1232/exams/FinalFall2017Soln-c798c4fb7a.pdf,application/pdf,downloaded
https://web.stanford.edu/class/archive/cs/cs109/cs109.1232/exams/FinalSpring2017.pdf,/Users/jackb/GitHub/data-adventures/sandbox/stanford-109-questions/downloads/web.stanford.edu/class/archive/cs/cs109/cs109.1232/exams/FinalSpring2017-b83edddbaa.pdf,application/pdf,downloaded
https://web.stanford.edu/class/archive/cs/cs109/cs109.1232/exams/FinalSpring2017Soln.pdf,/Users/jackb/GitHub/data-adventures/sandbox/stanford-109-questions/downloads/web.stanford.edu/class/archive/cs/cs109/cs109.1232/exams/FinalSpring2017Soln-fbc0ba3d52.pdf,application/pdf,downloaded
https://web.stanford.edu/class/archive/cs/cs109/cs109.1232/lectures/1-Welcome/1-Welcome.pdf,/Users/jackb/GitHub/data-adventures/sandbox/stanford-109-questions/downloads/web.stanford.edu/class/archive/cs/cs109/cs109.1232/lectures/1-Welcome/1-Welcome-1813928e27.pdf,application/pdf,downloaded
https://web.stanford.edu/class/archive/cs/cs109/cs109.1232/lectures/2-Combinatorics/2-Combinatorics.pdf,/Users/jackb/GitHub/data-adventures/sandbox/stanford-109-questions/downloads/web.stanford.edu/class/archive/cs/cs109/cs109.1232/lectures/2-Combinatorics/2-Combinatorics-61b4035ed0.pdf,application/pdf,downloaded
https://web.stanford.edu/class/archive/cs/cs109/cs109.1232/lectures/3-IntroProbability/3-IntroProbability.pdf,/Users/jackb/GitHub/data-adventures/sandbox/stanford-109-questions/downloads/web.stanford.edu/class/archive/cs/cs109/cs109.1232/lectures/3-IntroProbability/3-IntroProbability-d46b12bd62.pdf,application/pdf,downloaded
https://web.stanford.edu/class/archive/cs/cs109/cs109.1232/lectures/4-ConditioningAndBayes/4-ConditioningAndBayes.pdf,/Users/jackb/GitHub/data-adventures/sandbox/stanford-109-questions/downloads/web.stanford.edu/class/archive/cs/cs109/cs109.1232/lectures/4-ConditioningAndBayes/4-ConditioningAndBayes-c2697c8599.pdf,application/pdf,downloaded
https://web.stanford.edu/class/archive/cs/cs109/cs109.1232/lectures/5-Independence/5-Independence.pdf,/Users/jackb/GitHub/data-adventures/sandbox/stanford-109-questions/downloads/web.stanford.edu/class/archive/cs/cs109/cs109.1232/lectures/5-Independence/5-Independence-edd366f660.pdf,application/pdf,downloaded
https://web.stanford.edu/class/archive/cs/cs109/cs109.1232/lectures/6-RandomVariables/6-RandomVariables.pdf,/Users/jackb/GitHub/data-adventures/sandbox/stanford-109-questions/downloads/web.stanford.edu/class/archive/cs/cs109/cs109.1232/lectures/6-RandomVariables/6-RandomVariables-6e25958a5a.pdf,application/pdf,downloaded
https://web.stanford.edu/class/archive/cs/cs109/cs109.1232/lectures/7-BernoulliBinomial/7-BernoulliBinomial.pdf,/Users/jackb/GitHub/data-adventures/sandbox/stanford-109-questions/downloads/web.stanford.edu/class/archive/cs/cs109/cs109.1232/lectures/7-BernoulliBinomial/7-BernoulliBinomial-3e7b66e60c.pdf,application/pdf,downloaded
https://web.stanford.edu/class/archive/cs/cs109/cs109.1232/lectures/8-Poisson/8-Poisson.pdf,/Users/jackb/GitHub/data-adventures/sandbox/stanford-109-questions/downloads/web.stanford.edu/class/archive/cs/cs109/cs109.1232/lectures/8-Poisson/8-Poisson-cd5ba88d48.pdf,application/pdf,downloaded
https://web.stanford.edu/class/archive/cs/cs109/cs109.1232/lectures/9-Continuous/9-Continuous.pdf,/Users/jackb/GitHub/data-adventures/sandbox/stanford-109-questions/downloads/web.stanford.edu/class/archive/cs/cs109/cs109.1232/lectures/9-Continuous/9-Continuous-e7e7536412.pdf,application/pdf,downloaded
https://web.stanford.edu/class/archive/cs/cs109/cs109.1232/lectures/10-Gaussian/10-Gaussian.pdf,/Users/jackb/GitHub/data-adventures/sandbox/stanford-109-questions/downloads/web.stanford.edu/class/archive/cs/cs109/cs109.1232/lectures/10-Gaussian/10-Gaussian-e20191d66d.pdf,application/pdf,downloaded
https://web.stanford.edu/class/archive/cs/cs109/cs109.1232/lectures/11-ProbabilisticModels/11-ProbabilisticModels.pdf,/Users/jackb/GitHub/data-adventures/sandbox/stanford-109-questions/downloads/web.stanford.edu/class/archive/cs/cs109/cs109.1232/lectures/11-ProbabilisticModels/11-ProbabilisticModels-31d2d4bf03.pdf,application/pdf,downloaded
https://web.stanford.edu/class/archive/cs/cs109/cs109.1232/lectures/12-Inference/12-Inference.pdf,/Users/jackb/GitHub/data-adventures/sandbox/stanford-109-questions/downloads/web.stanford.edu/class/archive/cs/cs109/cs109.1232/lectures/12-Inference/12-Inference-cc5f0d77fd.pdf,application/pdf,downloaded
https://web.stanford.edu/class/archive/cs/cs109/cs109.1232/lectures/13-Inference2/13-Inference2.pdf,/Users/jackb/GitHub/data-adventures/sandbox/stanford-109-questions/downloads/web.stanford.edu/class/archive/cs/cs109/cs109.1232/lectures/13-Inference2/13-Inference2-09b62b0001.pdf,application/pdf,downloaded
https://web.stanford.edu/class/archive/cs/cs109/cs109.1232/lectures/14-Modeling/14-Modeling.pdf,/Users/jackb/GitHub/data-adventures/sandbox/stanford-109-questions/downloads/web.stanford.edu/class/archive/cs/cs109/cs109.1232/lectures/14-Modeling/14-Modeling-8b1e364b34.pdf,application/pdf,downloaded
https://web.stanford.edu/class/archive/cs/cs109/cs109.1232/lectures/15-GeneralInference/15-GeneralInference.pdf,/Users/jackb/GitHub/data-adventures/sandbox/stanford-109-questions/downloads/web.stanford.edu/class/archive/cs/cs109/cs109.1232/lectures/15-GeneralInference/15-GeneralInference-b827942763.pdf,application/pdf,downloaded
https://web.stanford.edu/class/archive/cs/cs109/cs109.1232/lectures/16-Beta/16-Beta.pdf,/Users/jackb/GitHub/data-adventures/sandbox/stanford-109-questions/downloads/web.stanford.edu/class/archive/cs/cs109/cs109.1232/lectures/16-Beta/16-Beta-e834ab02a8.pdf,application/pdf,downloaded
https://web.stanford.edu/class/archive/cs/cs109/cs109.1232/lectures/17-Adding/17-Adding.pdf,/Users/jackb/GitHub/data-adventures/sandbox/stanford-109-questions/downloads/web.stanford.edu/class/archive/cs/cs109/cs109.1232/lectures/17-Adding/17-Adding-483c314470.pdf,application/pdf,downloaded
https://web.stanford.edu/class/archive/cs/cs109/cs109.1232/lectures/18-Sampling/18-Sampling.pdf,/Users/jackb/GitHub/data-adventures/sandbox/stanford-109-questions/downloads/web.stanford.edu/class/archive/cs/cs109/cs109.1232/lectures/18-Sampling/18-Sampling-496954c62c.pdf,application/pdf,downloaded
https://web.stanford.edu/class/archive/cs/cs109/cs109.1232/lectures/19-Bootstrapping/19-Bootstrapping.pdf,/Users/jackb/GitHub/data-adventures/sandbox/stanford-109-questions/downloads/web.stanford.edu/class/archive/cs/cs109/cs109.1232/lectures/19-Bootstrapping/19-Bootstrapping-0a24f16587.pdf,application/pdf,downloaded
https://web.stanford.edu/class/archive/cs/cs109/cs109.1232/lectures/20-AlgorithmAnalysis/20-AlgorithmAnalysis.pdf,/Users/jackb/GitHub/data-adventures/sandbox/stanford-109-questions/downloads/web.stanford.edu/class/archive/cs/cs109/cs109.1232/lectures/20-AlgorithmAnalysis/20-AlgorithmAnalysis-eb098e3cee.pdf,application/pdf,downloaded
https://web.stanford.edu/class/archive/cs/cs109/cs109.1232/lectures/21-MaximumLikelihoodEstimation/21-MaximumLikelihoodEstimation.pdf,/Users/jackb/GitHub/data-adventures/sandbox/stanford-109-questions/downloads/web.stanford.edu/class/archive/cs/cs109/cs109.1232/lectures/21-MaximumLikelihoodEstimation/21-MaximumLikelihoodEstimation-9968b5c342.pdf,application/pdf,downloaded
https://web.stanford.edu/class/archive/cs/cs109/cs109.1232/lectures/22-MaximumAPosteriori/22-MaximumAPosteriori.pdf,/Users/jackb/GitHub/data-adventures/sandbox/stanford-109-questions/downloads/web.stanford.edu/class/archive/cs/cs109/cs109.1232/lectures/22-MaximumAPosteriori/22-MaximumAPosteriori-069d5ae1c2.pdf,application/pdf,downloaded
https://web.stanford.edu/class/archive/cs/cs109/cs109.1232/lectures/23-NaiveBayes/23-NaiveBayes.pdf,/Users/jackb/GitHub/data-adventures/sandbox/stanford-109-questions/downloads/web.stanford.edu/class/archive/cs/cs109/cs109.1232/lectures/23-NaiveBayes/23-NaiveBayes-e83754f156.pdf,application/pdf,downloaded
https://web.stanford.edu/class/archive/cs/cs109/cs109.1232/lectures/24-LogisticRegression/24-LogisticRegression.pdf,/Users/jackb/GitHub/data-adventures/sandbox/stanford-109-questions/downloads/web.stanford.edu/class/archive/cs/cs109/cs109.1232/lectures/24-LogisticRegression/24-LogisticRegression-56f8cc225b.pdf,application/pdf,downloaded
https://web.stanford.edu/class/archive/cs/cs109/cs109.1232/lectures/25-DeepLearning/25-DeepLearning.pdf,/Users/jackb/GitHub/data-adventures/sandbox/stanford-109-questions/downloads/web.stanford.edu/class/archive/cs/cs109/cs109.1232/lectures/25-DeepLearning/25-DeepLearning-ea500c551e.pdf,application/pdf,downloaded
https://web.stanford.edu/class/archive/cs/cs109/cs109.1232/lectures/26-Ethics/26-Ethics.pdf,/Users/jackb/GitHub/data-adventures/sandbox/stanford-109-questions/downloads/web.stanford.edu/class/archive/cs/cs109/cs109.1232/lectures/26-Ethics/26-Ethics-87c3d0aeb0.pdf,application/pdf,downloaded
https://web.stanford.edu/class/archive/cs/cs109/cs109.1232/lectures/27-DallEGPT/27-DallEGPT.pdf,,,download_error: HTTP Error 404: Not Found
https://web.stanford.edu/class/archive/cs/cs109/cs109.1232/lectures/28-Future/28-Future.pdf,/Users/jackb/GitHub/data-adventures/sandbox/stanford-109-questions/downloads/web.stanford.edu/class/archive/cs/cs109/cs109.1232/lectures/28-Future/28-Future-312fea2968.pdf,application/pdf,downloaded
https://web.stanford.edu/class/archive/cs/cs109/cs109.1232/section/1/section-1.pdf,/Users/jackb/GitHub/data-adventures/sandbox/stanford-109-questions/downloads/web.stanford.edu/class/archive/cs/cs109/cs109.1232/section/1/section-1-f044404c70.pdf,application/pdf,downloaded
https://web.stanford.edu/class/archive/cs/cs109/cs109.1232/section/1/section-1-soln.pdf,/Users/jackb/GitHub/data-adventures/sandbox/stanford-109-questions/downloads/web.stanford.edu/class/archive/cs/cs109/cs109.1232/section/1/section-1-soln-a8dafa230d.pdf,application/pdf,downloaded
https://web.stanford.edu/class/archive/cs/cs109/cs109.1232/section/2/section-2.pdf,/Users/jackb/GitHub/data-adventures/sandbox/stanford-109-questions/downloads/web.stanford.edu/class/archive/cs/cs109/cs109.1232/section/2/section-2-ed5365de6e.pdf,application/pdf,downloaded
https://web.stanford.edu/class/archive/cs/cs109/cs109.1232/section/2/section-2-soln.pdf,/Users/jackb/GitHub/data-adventures/sandbox/stanford-109-questions/downloads/web.stanford.edu/class/archive/cs/cs109/cs109.1232/section/2/section-2-soln-5b15f904d1.pdf,application/pdf,downloaded
https://web.stanford.edu/class/archive/cs/cs109/cs109.1232/section/3/section-3.pdf,/Users/jackb/GitHub/data-adventures/sandbox/stanford-109-questions/downloads/web.stanford.edu/class/archive/cs/cs109/cs109.1232/section/3/section-3-b8063d7be2.pdf,application/pdf,downloaded
https://web.stanford.edu/class/archive/cs/cs109/cs109.1232/section/3/section-3-soln.pdf,/Users/jackb/GitHub/data-adventures/sandbox/stanford-109-questions/downloads/web.stanford.edu/class/archive/cs/cs109/cs109.1232/section/3/section-3-soln-07a1d7d9e0.pdf,application/pdf,downloaded
https://web.stanford.edu/class/archive/cs/cs109/cs109.1232/section/4/section-4.pdf,/Users/jackb/GitHub/data-adventures/sandbox/stanford-109-questions/downloads/web.stanford.edu/class/archive/cs/cs109/cs109.1232/section/4/section-4-2672d9b44e.pdf,application/pdf,downloaded
https://web.stanford.edu/class/archive/cs/cs109/cs109.1232/section/4/section-4-soln.pdf,/Users/jackb/GitHub/data-adventures/sandbox/stanford-109-questions/downloads/web.stanford.edu/class/archive/cs/cs109/cs109.1232/section/4/section-4-soln-59b3f9baba.pdf,application/pdf,downloaded
https://web.stanford.edu/class/archive/cs/cs109/cs109.1232/section/5/section-5.pdf,/Users/jackb/GitHub/data-adventures/sandbox/stanford-109-questions/downloads/web.stanford.edu/class/archive/cs/cs109/cs109.1232/section/5/section-5-65d85fe002.pdf,application/pdf,downloaded
https://web.stanford.edu/class/archive/cs/cs109/cs109.1232/section/5/section-5-soln.pdf,/Users/jackb/GitHub/data-adventures/sandbox/stanford-109-questions/downloads/web.stanford.edu/class/archive/cs/cs109/cs109.1232/section/5/section-5-soln-090e2f84d5.pdf,application/pdf,downloaded
https://web.stanford.edu/class/archive/cs/cs109/cs109.1232/section/6/section-6.pdf,/Users/jackb/GitHub/data-adventures/sandbox/stanford-109-questions/downloads/web.stanford.edu/class/archive/cs/cs109/cs109.1232/section/6/section-6-dec8279c30.pdf,application/pdf,downloaded
https://web.stanford.edu/class/archive/cs/cs109/cs109.1232/section/6/section-6-soln.pdf,/Users/jackb/GitHub/data-adventures/sandbox/stanford-109-questions/downloads/web.stanford.edu/class/archive/cs/cs109/cs109.1232/section/6/section-6-soln-687c257e3d.pdf,application/pdf,downloaded
https://web.stanford.edu/class/archive/cs/cs109/cs109.1232/section/7/section-7.pdf,/Users/jackb/GitHub/data-adventures/sandbox/stanford-109-questions/downloads/web.stanford.edu/class/archive/cs/cs109/cs109.1232/section/7/section-7-2722282e35.pdf,application/pdf,downloaded
https://web.stanford.edu/class/archive/cs/cs109/cs109.1232/section/7/section-7-soln.pdf,/Users/jackb/GitHub/data-adventures/sandbox/stanford-109-questions/downloads/web.stanford.edu/class/archive/cs/cs109/cs109.1232/section/7/section-7-soln-1a06572476.pdf,application/pdf,downloaded
https://web.stanford.edu/class/archive/cs/cs109/cs109.1232/section/8/section-8.pdf,/Users/jackb/GitHub/data-adventures/sandbox/stanford-109-questions/downloads/web.stanford.edu/class/archive/cs/cs109/cs109.1232/section/8/section-8-21fb8f8e8b.pdf,application/pdf,downloaded
https://web.stanford.edu/class/archive/cs/cs109/cs109.1232/section/8/section-8-soln.pdf,/Users/jackb/GitHub/data-adventures/sandbox/stanford-109-questions/downloads/web.stanford.edu/class/archive/cs/cs109/cs109.1232/section/8/section-8-soln-fc5bf68150.pdf,application/pdf,downloaded
https://web.stanford.edu/class/archive/cs/cs109/cs109.1232/section/9/section-9.pdf,/Users/jackb/GitHub/data-adventures/sandbox/stanford-109-questions/downloads/web.stanford.edu/class/archive/cs/cs109/cs109.1232/section/9/section-9-9db5f11212.pdf,application/pdf,downloaded
https://web.stanford.edu/class/archive/cs/cs109/cs109.1232/section/9/section-9-soln.pdf,/Users/jackb/GitHub/data-adventures/sandbox/stanford-109-questions/downloads/web.stanford.edu/class/archive/cs/cs109/cs109.1232/section/9/section-9-soln-5070d8b73f.pdf,application/pdf,downloaded
https://web.stanford.edu/class/archive/cs/cs109/cs109.1234/sections/09_section_soln.pdf,/Users/jackb/GitHub/data-adventures/sandbox/stanford-109-questions/downloads/web.stanford.edu/class/archive/cs/cs109/cs109.1234/sections/09_section_soln-36a868759e.pdf,application/pdf,downloaded
https://web.stanford.edu/class/cs109/restricted/exams/cs109-win23-final-solution.pdf,/Users/jackb/GitHub/data-adventures/sandbox/stanford-109-questions/downloads/web.stanford.edu/class/cs109/restricted/exams/cs109-win23-final-solution-92b10450c1.pdf,text/html;charset=utf-8,downloaded
https://web.stanford.edu/class/archive/cs/cs109/cs109.1234/restricted/cs109-reader.pdf,/Users/jackb/GitHub/data-adventures/sandbox/stanford-109-questions/downloads/web.stanford.edu/class/archive/cs/cs109/cs109.1234/restricted/cs109-reader-fa293587f9.pdf,text/html;charset=utf-8,downloaded
https://web.stanford.edu/class/archive/cs/cs109/cs109.1234/handouts/latex/latex_cheat.pdf,/Users/jackb/GitHub/data-adventures/sandbox/stanford-109-questions/downloads/web.stanford.edu/class/archive/cs/cs109/cs109.1234/handouts/latex/latex_cheat-27b8e502dc.pdf,application/pdf,downloaded
https://web.stanford.edu/class/archive/cs/cs109/cs109.1234/lectures/26_deep_learning.pdf,/Users/jackb/GitHub/data-adventures/sandbox/stanford-109-questions/downloads/web.stanford.edu/class/archive/cs/cs109/cs109.1234/lectures/26_deep_learning-0a467b26bb.pdf,application/pdf,downloaded
https://web.stanford.edu/class/archive/cs/cs109/cs109.1234/lectures/26_deep_learning_annotated.pdf,/Users/jackb/GitHub/data-adventures/sandbox/stanford-109-questions/downloads/web.stanford.edu/class/archive/cs/cs109/cs109.1234/lectures/26_deep_learning_annotated-76061e1bc6.pdf,application/pdf,downloaded
https://web.stanford.edu/class/archive/cs/cs109/cs109.1234/sections/09_section.pdf,/Users/jackb/GitHub/data-adventures/sandbox/stanford-109-questions/downloads/web.stanford.edu/class/archive/cs/cs109/cs109.1234/sections/09_section-b0d8057a0f.pdf,application/pdf,downloaded
https://web.stanford.edu/class/archive/cs/cs109/cs109.1234/lectures/27_ethics_in_cs.pdf,/Users/jackb/GitHub/data-adventures/sandbox/stanford-109-questions/downloads/web.stanford.edu/class/archive/cs/cs109/cs109.1234/lectures/27_ethics_in_cs-f3d2357093.pdf,application/pdf,downloaded
https://web.stanford.edu/class/archive/cs/cs109/cs109.1234/lectures/01_counting.pdf,/Users/jackb/GitHub/data-adventures/sandbox/stanford-109-questions/downloads/web.stanford.edu/class/archive/cs/cs109/cs109.1234/lectures/01_counting-6471fe09c5.pdf,application/pdf,downloaded
https://web.stanford.edu/class/archive/cs/cs109/cs109.1234/lectures/02_combinatorics.pdf,/Users/jackb/GitHub/data-adventures/sandbox/stanford-109-questions/downloads/web.stanford.edu/class/archive/cs/cs109/cs109.1234/lectures/02_combinatorics-32d6077b9b.pdf,application/pdf,downloaded
https://web.stanford.edu/class/archive/cs/cs109/cs109.1234/lectures/03_probability.pdf,/Users/jackb/GitHub/data-adventures/sandbox/stanford-109-questions/downloads/web.stanford.edu/class/archive/cs/cs109/cs109.1234/lectures/03_probability-4fe048aa66.pdf,application/pdf,downloaded
https://web.stanford.edu/class/archive/cs/cs109/cs109.1234/sections/01_section.pdf,/Users/jackb/GitHub/data-adventures/sandbox/stanford-109-questions/downloads/web.stanford.edu/class/archive/cs/cs109/cs109.1234/sections/01_section-8d484a5880.pdf,application/pdf,downloaded
https://web.stanford.edu/class/archive/cs/cs109/cs109.1234/sections/01_section_soln.pdf,/Users/jackb/GitHub/data-adventures/sandbox/stanford-109-questions/downloads/web.stanford.edu/class/archive/cs/cs109/cs109.1234/sections/01_section_soln-152d6b1ce7.pdf,application/pdf,downloaded
https://web.stanford.edu/class/archive/cs/cs109/cs109.1234/lectures/04_cond_bayes.pdf,/Users/jackb/GitHub/data-adventures/sandbox/stanford-109-questions/downloads/web.stanford.edu/class/archive/cs/cs109/cs109.1234/lectures/04_cond_bayes-ad122f0427.pdf,application/pdf,downloaded
https://web.stanford.edu/class/archive/cs/cs109/cs109.1234/lectures/04_cond_bayes_annotated.pdf,/Users/jackb/GitHub/data-adventures/sandbox/stanford-109-questions/downloads/web.stanford.edu/class/archive/cs/cs109/cs109.1234/lectures/04_cond_bayes_annotated-7476e44842.pdf,application/pdf,downloaded
https://web.stanford.edu/class/archive/cs/cs109/cs109.1234/lectures/05_independence.pdf,/Users/jackb/GitHub/data-adventures/sandbox/stanford-109-questions/downloads/web.stanford.edu/class/archive/cs/cs109/cs109.1234/lectures/05_independence-9115683949.pdf,application/pdf,downloaded
https://web.stanford.edu/class/archive/cs/cs109/cs109.1234/lectures/05_independence_annotated.pdf,/Users/jackb/GitHub/data-adventures/sandbox/stanford-109-questions/downloads/web.stanford.edu/class/archive/cs/cs109/cs109.1234/lectures/05_independence_annotated-9f56af3e81.pdf,application/pdf,downloaded
https://web.stanford.edu/class/archive/cs/cs109/cs109.1234/lectures/06_rvs.pdf,/Users/jackb/GitHub/data-adventures/sandbox/stanford-109-questions/downloads/web.stanford.edu/class/archive/cs/cs109/cs109.1234/lectures/06_rvs-64b645763b.pdf,application/pdf,downloaded
https://web.stanford.edu/class/archive/cs/cs109/cs109.1234/lectures/06_rvs_annotated.pdf,/Users/jackb/GitHub/data-adventures/sandbox/stanford-109-questions/downloads/web.stanford.edu/class/archive/cs/cs109/cs109.1234/lectures/06_rvs_annotated-ccc1f1ae07.pdf,application/pdf,downloaded
https://web.stanford.edu/class/archive/cs/cs109/cs109.1234/sections/02_section.pdf,/Users/jackb/GitHub/data-adventures/sandbox/stanford-109-questions/downloads/web.stanford.edu/class/archive/cs/cs109/cs109.1234/sections/02_section-e4dce8e571.pdf,application/pdf,downloaded
https://web.stanford.edu/class/archive/cs/cs109/cs109.1234/sections/02_section_soln.pdf,/Users/jackb/GitHub/data-adventures/sandbox/stanford-109-questions/downloads/web.stanford.edu/class/archive/cs/cs109/cs109.1234/sections/02_section_soln-10b584d43e.pdf,application/pdf,downloaded
https://web.stanford.edu/class/archive/cs/cs109/cs109.1234/lectures/07_bernoulli_binomial.pdf,/Users/jackb/GitHub/data-adventures/sandbox/stanford-109-questions/downloads/web.stanford.edu/class/archive/cs/cs109/cs109.1234/lectures/07_bernoulli_binomial-f54694e51c.pdf,application/pdf,downloaded
https://web.stanford.edu/class/archive/cs/cs109/cs109.1234/lectures/07_bernoulli_binomial_annotated.pdf,/Users/jackb/GitHub/data-adventures/sandbox/stanford-109-questions/downloads/web.stanford.edu/class/archive/cs/cs109/cs109.1234/lectures/07_bernoulli_binomial_annotated-ff19d42e7e.pdf,application/pdf,downloaded
https://web.stanford.edu/class/archive/cs/cs109/cs109.1234/lectures/08_poisson_and_more.pdf,/Users/jackb/GitHub/data-adventures/sandbox/stanford-109-questions/downloads/web.stanford.edu/class/archive/cs/cs109/cs109.1234/lectures/08_poisson_and_more-1588c5be87.pdf,application/pdf,downloaded
https://web.stanford.edu/class/archive/cs/cs109/cs109.1234/lectures/08_poisson_and_more_annotated.pdf,/Users/jackb/GitHub/data-adventures/sandbox/stanford-109-questions/downloads/web.stanford.edu/class/archive/cs/cs109/cs109.1234/lectures/08_poisson_and_more_annotated-604c338836.pdf,application/pdf,downloaded
https://web.stanford.edu/class/archive/cs/cs109/cs109.1234/lectures/09_continuous_rv.pdf,/Users/jackb/GitHub/data-adventures/sandbox/stanford-109-questions/downloads/web.stanford.edu/class/archive/cs/cs109/cs109.1234/lectures/09_continuous_rv-461dcad461.pdf,application/pdf,downloaded
https://web.stanford.edu/class/archive/cs/cs109/cs109.1234/lectures/09_continuous_rv_annotated.pdf,/Users/jackb/GitHub/data-adventures/sandbox/stanford-109-questions/downloads/web.stanford.edu/class/archive/cs/cs109/cs109.1234/lectures/09_continuous_rv_annotated-de828c5db2.pdf,application/pdf,downloaded
https://web.stanford.edu/class/archive/cs/cs109/cs109.1234/sections/03_section.pdf,/Users/jackb/GitHub/data-adventures/sandbox/stanford-109-questions/downloads/web.stanford.edu/class/archive/cs/cs109/cs109.1234/sections/03_section-86e4db8f1d.pdf,application/pdf,downloaded
https://web.stanford.edu/class/archive/cs/cs109/cs109.1234/sections/03_section_soln.pdf,/Users/jackb/GitHub/data-adventures/sandbox/stanford-109-questions/downloads/web.stanford.edu/class/archive/cs/cs109/cs109.1234/sections/03_section_soln-7e237f96cc.pdf,application/pdf,downloaded
https://web.stanford.edu/class/archive/cs/cs109/cs109.1234/lectures/10_normal_gaussian.pdf,/Users/jackb/GitHub/data-adventures/sandbox/stanford-109-questions/downloads/web.stanford.edu/class/archive/cs/cs109/cs109.1234/lectures/10_normal_gaussian-3f49e980fc.pdf,application/pdf,downloaded
https://web.stanford.edu/class/archive/cs/cs109/cs109.1234/lectures/10_normal_gaussian_annotated.pdf,/Users/jackb/GitHub/data-adventures/sandbox/stanford-109-questions/downloads/web.stanford.edu/class/archive/cs/cs109/cs109.1234/lectures/10_normal_gaussian_annotated-949250a266.pdf,application/pdf,downloaded
https://web.stanford.edu/class/cs109/restricted/exams/cs109-win23-midterm-one-solution.pdf,/Users/jackb/GitHub/data-adventures/sandbox/stanford-109-questions/downloads/web.stanford.edu/class/cs109/restricted/exams/cs109-win23-midterm-one-solution-e8dc0d6681.pdf,text/html;charset=utf-8,downloaded
https://web.stanford.edu/class/archive/cs/cs109/cs109.1234/lectures/11_joint_rvs.pdf,/Users/jackb/GitHub/data-adventures/sandbox/stanford-109-questions/downloads/web.stanford.edu/class/archive/cs/cs109/cs109.1234/lectures/11_joint_rvs-821306735d.pdf,application/pdf,downloaded
https://web.stanford.edu/class/archive/cs/cs109/cs109.1234/lectures/12_independent_rvs.pdf,/Users/jackb/GitHub/data-adventures/sandbox/stanford-109-questions/downloads/web.stanford.edu/class/archive/cs/cs109/cs109.1234/lectures/12_independent_rvs-7f546f2c30.pdf,application/pdf,downloaded
https://web.stanford.edu/class/archive/cs/cs109/cs109.1234/lectures/12_independent_rvs_annotated.pdf,/Users/jackb/GitHub/data-adventures/sandbox/stanford-109-questions/downloads/web.stanford.edu/class/archive/cs/cs109/cs109.1234/lectures/12_independent_rvs_annotated-21fb736cbc.pdf,application/pdf,downloaded
https://web.stanford.edu/class/archive/cs/cs109/cs109.1234/sections/04_section.pdf,/Users/jackb/GitHub/data-adventures/sandbox/stanford-109-questions/downloads/web.stanford.edu/class/archive/cs/cs109/cs109.1234/sections/04_section-095c7f700b.pdf,application/pdf,downloaded
https://web.stanford.edu/class/archive/cs/cs109/cs109.1234/sections/04_section_soln.pdf,/Users/jackb/GitHub/data-adventures/sandbox/stanford-109-questions/downloads/web.stanford.edu/class/archive/cs/cs109/cs109.1234/sections/04_section_soln-9b783610ff.pdf,application/pdf,downloaded
https://web.stanford.edu/class/archive/cs/cs109/cs109.1234/lectures/13_joint_statistics.pdf,/Users/jackb/GitHub/data-adventures/sandbox/stanford-109-questions/downloads/web.stanford.edu/class/archive/cs/cs109/cs109.1234/lectures/13_joint_statistics-d7be10b90f.pdf,application/pdf,downloaded
https://web.stanford.edu/class/archive/cs/cs109/cs109.1234/lectures/13_joint_statistics_annotated.pdf,/Users/jackb/GitHub/data-adventures/sandbox/stanford-109-questions/downloads/web.stanford.edu/class/archive/cs/cs109/cs109.1234/lectures/13_joint_statistics_annotated-9326f75846.pdf,application/pdf,downloaded
https://web.stanford.edu/class/archive/cs/cs109/cs109.1234/lectures/14_conditional_expectation.pdf,/Users/jackb/GitHub/data-adventures/sandbox/stanford-109-questions/downloads/web.stanford.edu/class/archive/cs/cs109/cs109.1234/lectures/14_conditional_expectation-b4193108cf.pdf,application/pdf,downloaded
https://web.stanford.edu/class/archive/cs/cs109/cs109.1234/lectures/14_conditional_expectation_annotated.pdf,/Users/jackb/GitHub/data-adventures/sandbox/stanford-109-questions/downloads/web.stanford.edu/class/archive/cs/cs109/cs109.1234/lectures/14_conditional_expectation_annotated-8a44bd7c56.pdf,application/pdf,downloaded
https://web.stanford.edu/class/archive/cs/cs109/cs109.1234/lectures/15_general_inference.pdf,/Users/jackb/GitHub/data-adventures/sandbox/stanford-109-questions/downloads/web.stanford.edu/class/archive/cs/cs109/cs109.1234/lectures/15_general_inference-8e043ecf4c.pdf,application/pdf,downloaded
https://web.stanford.edu/class/archive/cs/cs109/cs109.1234/lectures/15_general_inference_annotated.pdf,/Users/jackb/GitHub/data-adventures/sandbox/stanford-109-questions/downloads/web.stanford.edu/class/archive/cs/cs109/cs109.1234/lectures/15_general_inference_annotated-ea87980496.pdf,application/pdf,downloaded
https://web.stanford.edu/class/archive/cs/cs109/cs109.1234/sections/05_section.pdf,/Users/jackb/GitHub/data-adventures/sandbox/stanford-109-questions/downloads/web.stanford.edu/class/archive/cs/cs109/cs109.1234/sections/05_section-dd87ae8545.pdf,application/pdf,downloaded
https://web.stanford.edu/class/archive/cs/cs109/cs109.1234/sections/05_section_soln.pdf,/Users/jackb/GitHub/data-adventures/sandbox/stanford-109-questions/downloads/web.stanford.edu/class/archive/cs/cs109/cs109.1234/sections/05_section_soln-2a269f425c.pdf,application/pdf,downloaded
https://web.stanford.edu/class/archive/cs/cs109/cs109.1234/lectures/16_cont_joint_i.pdf,/Users/jackb/GitHub/data-adventures/sandbox/stanford-109-questions/downloads/web.stanford.edu/class/archive/cs/cs109/cs109.1234/lectures/16_cont_joint_i-39cefd6054.pdf,application/pdf,downloaded
https://web.stanford.edu/class/archive/cs/cs109/cs109.1234/lectures/16_cont_joint_i_annotated.pdf,/Users/jackb/GitHub/data-adventures/sandbox/stanford-109-questions/downloads/web.stanford.edu/class/archive/cs/cs109/cs109.1234/lectures/16_cont_joint_i_annotated-6499d2c03f.pdf,application/pdf,downloaded
https://web.stanford.edu/class/archive/cs/cs109/cs109.1234/lectures/17_cont_joint_ii.pdf,/Users/jackb/GitHub/data-adventures/sandbox/stanford-109-questions/downloads/web.stanford.edu/class/archive/cs/cs109/cs109.1234/lectures/17_cont_joint_ii-339fe10f47.pdf,application/pdf,downloaded
https://web.stanford.edu/class/archive/cs/cs109/cs109.1234/lectures/17_cont_joint_ii_annotated.pdf,/Users/jackb/GitHub/data-adventures/sandbox/stanford-109-questions/downloads/web.stanford.edu/class/archive/cs/cs109/cs109.1234/lectures/17_cont_joint_ii_annotated-ae9371f75e.pdf,application/pdf,downloaded
https://web.stanford.edu/class/archive/cs/cs109/cs109.1234/sections/06_section.pdf,/Users/jackb/GitHub/data-adventures/sandbox/stanford-109-questions/downloads/web.stanford.edu/class/archive/cs/cs109/cs109.1234/sections/06_section-748e8e29b6.pdf,application/pdf,downloaded
https://web.stanford.edu/class/archive/cs/cs109/cs109.1234/sections/06_section_soln.pdf,/Users/jackb/GitHub/data-adventures/sandbox/stanford-109-questions/downloads/web.stanford.edu/class/archive/cs/cs109/cs109.1234/sections/06_section_soln-08d4e15760.pdf,application/pdf,downloaded
https://web.stanford.edu/class/archive/cs/cs109/cs109.1234/lectures/18_clt.pdf,/Users/jackb/GitHub/data-adventures/sandbox/stanford-109-questions/downloads/web.stanford.edu/class/archive/cs/cs109/cs109.1234/lectures/18_clt-cb09dcb4e2.pdf,application/pdf,downloaded
https://web.stanford.edu/class/archive/cs/cs109/cs109.1234/lectures/18_clt_annotated.pdf,/Users/jackb/GitHub/data-adventures/sandbox/stanford-109-questions/downloads/web.stanford.edu/class/archive/cs/cs109/cs109.1234/lectures/18_clt_annotated-9867adebdd.pdf,application/pdf,downloaded
https://web.stanford.edu/class/archive/cs/cs109/cs109.1234/lectures/19_sampling_bootstrap.pdf,/Users/jackb/GitHub/data-adventures/sandbox/stanford-109-questions/downloads/web.stanford.edu/class/archive/cs/cs109/cs109.1234/lectures/19_sampling_bootstrap-ab67bed16b.pdf,application/pdf,downloaded
https://web.stanford.edu/class/archive/cs/cs109/cs109.1234/lectures/19_sampling_bootstrap_annotated.pdf,/Users/jackb/GitHub/data-adventures/sandbox/stanford-109-questions/downloads/web.stanford.edu/class/archive/cs/cs109/cs109.1234/lectures/19_sampling_bootstrap_annotated-b414f5719f.pdf,application/pdf,downloaded
https://web.stanford.edu/class/archive/cs/cs109/cs109.1234/lectures/20_mle.pdf,/Users/jackb/GitHub/data-adventures/sandbox/stanford-109-questions/downloads/web.stanford.edu/class/archive/cs/cs109/cs109.1234/lectures/20_mle-f4ac93ba61.pdf,application/pdf,downloaded
https://web.stanford.edu/class/archive/cs/cs109/cs109.1234/lectures/20_mle_annotated.pdf,/Users/jackb/GitHub/data-adventures/sandbox/stanford-109-questions/downloads/web.stanford.edu/class/archive/cs/cs109/cs109.1234/lectures/20_mle_annotated-bb4d93b713.pdf,application/pdf,downloaded
https://web.stanford.edu/class/archive/cs/cs109/cs109.1234/sections/07_section.pdf,/Users/jackb/GitHub/data-adventures/sandbox/stanford-109-questions/downloads/web.stanford.edu/class/archive/cs/cs109/cs109.1234/sections/07_section-80a1a82c14.pdf,application/pdf,downloaded
https://web.stanford.edu/class/archive/cs/cs109/cs109.1234/sections/07_section_soln.pdf,/Users/jackb/GitHub/data-adventures/sandbox/stanford-109-questions/downloads/web.stanford.edu/class/archive/cs/cs109/cs109.1234/sections/07_section_soln-2ce47162ce.pdf,application/pdf,downloaded
https://web.stanford.edu/class/archive/cs/cs109/cs109.1234/lectures/21_beta.pdf,/Users/jackb/GitHub/data-adventures/sandbox/stanford-109-questions/downloads/web.stanford.edu/class/archive/cs/cs109/cs109.1234/lectures/21_beta-1de4efe5d2.pdf,application/pdf,downloaded
https://web.stanford.edu/class/archive/cs/cs109/cs109.1234/lectures/21_beta_annotated.pdf,/Users/jackb/GitHub/data-adventures/sandbox/stanford-109-questions/downloads/web.stanford.edu/class/archive/cs/cs109/cs109.1234/lectures/21_beta_annotated-8d61eeb415.pdf,application/pdf,downloaded
https://web.stanford.edu/class/archive/cs/cs109/cs109.1234/lectures/22_map.pdf,/Users/jackb/GitHub/data-adventures/sandbox/stanford-109-questions/downloads/web.stanford.edu/class/archive/cs/cs109/cs109.1234/lectures/22_map-bc00fd5bc1.pdf,application/pdf,downloaded
https://web.stanford.edu/class/archive/cs/cs109/cs109.1234/lectures/22_map_annotated.pdf,/Users/jackb/GitHub/data-adventures/sandbox/stanford-109-questions/downloads/web.stanford.edu/class/archive/cs/cs109/cs109.1234/lectures/22_map_annotated-562309075c.pdf,application/pdf,downloaded
https://web.stanford.edu/class/archive/cs/cs109/cs109.1234/lectures/23_naive_bayes.pdf,/Users/jackb/GitHub/data-adventures/sandbox/stanford-109-questions/downloads/web.stanford.edu/class/archive/cs/cs109/cs109.1234/lectures/23_naive_bayes-486a6cf2bf.pdf,application/pdf,downloaded
https://web.stanford.edu/class/archive/cs/cs109/cs109.1234/lectures/23_naive_bayes_annotated.pdf,/Users/jackb/GitHub/data-adventures/sandbox/stanford-109-questions/downloads/web.stanford.edu/class/archive/cs/cs109/cs109.1234/lectures/23_naive_bayes_annotated-6822ec3da6.pdf,application/pdf,downloaded
https://web.stanford.edu/class/archive/cs/cs109/cs109.1234/sections/08_section.pdf,/Users/jackb/GitHub/data-adventures/sandbox/stanford-109-questions/downloads/web.stanford.edu/class/archive/cs/cs109/cs109.1234/sections/08_section-800e728254.pdf,application/pdf,downloaded
https://web.stanford.edu/class/archive/cs/cs109/cs109.1234/sections/08_section_soln.pdf,/Users/jackb/GitHub/data-adventures/sandbox/stanford-109-questions/downloads/web.stanford.edu/class/archive/cs/cs109/cs109.1234/sections/08_section_soln-0f96fa8851.pdf,application/pdf,downloaded
https://web.stanford.edu/class/archive/cs/cs109/cs109.1234/lectures/24_gradient_ascent.pdf,/Users/jackb/GitHub/data-adventures/sandbox/stanford-109-questions/downloads/web.stanford.edu/class/archive/cs/cs109/cs109.1234/lectures/24_gradient_ascent-3e63c00a3d.pdf,application/pdf,downloaded
https://web.stanford.edu/class/archive/cs/cs109/cs109.1234/lectures/24_gradient_ascent_annotated.pdf,/Users/jackb/GitHub/data-adventures/sandbox/stanford-109-questions/downloads/web.stanford.edu/class/archive/cs/cs109/cs109.1234/lectures/24_gradient_ascent_annotated-491ab7b738.pdf,application/pdf,downloaded
https://web.stanford.edu/class/archive/cs/cs109/cs109.1234/lectures/25_logistic_regression.pdf,/Users/jackb/GitHub/data-adventures/sandbox/stanford-109-questions/downloads/web.stanford.edu/class/archive/cs/cs109/cs109.1234/lectures/25_logistic_regression-9d6dfb1db8.pdf,application/pdf,downloaded
https://web.stanford.edu/class/archive/cs/cs109/cs109.1234/lectures/25_logistic_regression_annotated.pdf,/Users/jackb/GitHub/data-adventures/sandbox/stanford-109-questions/downloads/web.stanford.edu/class/archive/cs/cs109/cs109.1234/lectures/25_logistic_regression_annotated-ce55ec7e2d.pdf,application/pdf,downloaded
https://web.stanford.edu/class/archive/cs/cs109/cs109.1166/1-Welcome.pdf,,,download_error: HTTP Error 404: Not Found
https://web.stanford.edu/class/archive/cs/cs109/cs109.1166/2-Combinatorics.pdf,,,download_error: HTTP Error 404: Not Found
https://web.stanford.edu/class/archive/cs/cs109/cs109.1166/3-IntroProbability.pdf,,,download_error: HTTP Error 404: Not Found
https://web.stanford.edu/class/archive/cs/cs109/cs109.1166/4-ConditionalProbability.pdf,,,download_error: HTTP Error 404: Not Found
https://web.stanford.edu/class/archive/cs/cs109/cs109.1166/5-Independence.pdf,,,download_error: HTTP Error 404: Not Found
https://web.stanford.edu/class/archive/cs/cs109/cs109.1166/6-RandomVariables.pdf,,,download_error: HTTP Error 404: Not Found
https://web.stanford.edu/class/archive/cs/cs109/cs109.1166/7-Variance.pdf,,,download_error: HTTP Error 404: Not Found
https://web.stanford.edu/class/archive/cs/cs109/cs109.1166/8-MoreDiscreteDist.pdf,,,download_error: HTTP Error 404: Not Found
https://web.stanford.edu/class/archive/cs/cs109/cs109.1166/9-ContinuousDist.pdf,,,download_error: HTTP Error 404: Not Found
https://web.stanford.edu/class/archive/cs/cs109/cs109.1166/10-Normal.pdf,,,download_error: HTTP Error 404: Not Found
https://web.stanford.edu/class/archive/cs/cs109/cs109.1166/11-Joint.pdf,,,download_error: HTTP Error 404: Not Found
https://web.stanford.edu/class/archive/cs/cs109/cs109.1166/12-IndependentRVs.pdf,,,download_error: HTTP Error 404: Not Found
https://web.stanford.edu/class/archive/cs/cs109/cs109.1166/13-ConvAndCondRVs.pdf,,,download_error: HTTP Error 404: Not Found
https://web.stanford.edu/class/archive/cs/cs109/cs109.1166/14-BetaDistribution.pdf,,,download_error: HTTP Error 404: Not Found
https://web.stanford.edu/class/archive/cs/cs109/cs109.1166/15-VarianceFromPrinciples.pdf,,,download_error: HTTP Error 404: Not Found
https://web.stanford.edu/class/archive/cs/cs109/cs109.1166/16-Covariance.pdf,,,download_error: HTTP Error 404: Not Found
https://web.stanford.edu/class/archive/cs/cs109/cs109.1166/17-Correlation.pdf,,,download_error: HTTP Error 404: Not Found
https://web.stanford.edu/class/archive/cs/cs109/cs109.1166/18-ConditionalExpectation.pdf,,,download_error: HTTP Error 404: Not Found
https://web.stanford.edu/class/archive/cs/cs109/cs109.1166/19-CLT.pdf,,,download_error: HTTP Error 404: Not Found
https://web.stanford.edu/class/archive/cs/cs109/cs109.1166/20-Parameters.pdf,,,download_error: HTTP Error 404: Not Found
https://web.stanford.edu/class/archive/cs/cs109/cs109.1166/21-Likelihood.pdf,,,download_error: HTTP Error 404: Not Found
https://web.stanford.edu/class/archive/cs/cs109/cs109.1166/22-MAP.pdf,,,download_error: HTTP Error 404: Not Found
https://web.stanford.edu/class/archive/cs/cs109/cs109.1166/23-NaiveBayes.pdf,,,download_error: HTTP Error 404: Not Found
https://web.stanford.edu/class/archive/cs/cs109/cs109.1166/24-LogisticRegression.pdf,,,download_error: HTTP Error 404: Not Found
https://web.stanford.edu/class/archive/cs/cs109/cs109.1166/25-DeepLearning.pdf,,,download_error: HTTP Error 404: Not Found
https://web.stanford.edu/class/archive/cs/cs109/cs109.1166/26-AppliedMachineLearning.pdf,,,download_error: HTTP Error 404: Not Found
https://web.stanford.edu/class/archive/cs/cs109/cs109.1176/1-Welcome.pdf,,,download_error: HTTP Error 404: Not Found
https://web.stanford.edu/class/archive/cs/cs109/cs109.1176/2-Combinatorics.pdf,,,download_error: HTTP Error 404: Not Found
https://web.stanford.edu/class/archive/cs/cs109/cs109.1176/3-IntroProbability.pdf,,,download_error: HTTP Error 404: Not Found
https://web.stanford.edu/class/archive/cs/cs109/cs109.1176/4-ConditionalProbability.pdf,,,download_error: HTTP Error 404: Not Found
https://web.stanford.edu/class/archive/cs/cs109/cs109.1176/5-Independence.pdf,,,download_error: HTTP Error 404: Not Found
https://web.stanford.edu/class/archive/cs/cs109/cs109.1176/5a-PythonTut.pdf,,,download_error: HTTP Error 404: Not Found
https://web.stanford.edu/class/archive/cs/cs109/cs109.1176/6-RandomVariables.pdf,,,download_error: HTTP Error 404: Not Found
https://web.stanford.edu/class/archive/cs/cs109/cs109.1176/7-Variance.pdf,,,download_error: HTTP Error 404: Not Found
https://web.stanford.edu/class/archive/cs/cs109/cs109.1176/8-MoreDiscreteDist.pdf,,,download_error: HTTP Error 404: Not Found
https://web.stanford.edu/class/archive/cs/cs109/cs109.1176/9-ContinuousDist.pdf,,,download_error: HTTP Error 404: Not Found
https://web.stanford.edu/class/archive/cs/cs109/cs109.1176/10-Normal.pdf,,,download_error: HTTP Error 404: Not Found
https://web.stanford.edu/class/archive/cs/cs109/cs109.1176/11-Joint.pdf,,,download_error: HTTP Error 404: Not Found
https://web.stanford.edu/class/archive/cs/cs109/cs109.1176/12-ContinuousJoint.pdf,,,download_error: HTTP Error 404: Not Found
https://web.stanford.edu/class/archive/cs/cs109/cs109.1176/12-Joint2.pdf,,,download_error: HTTP Error 404: Not Found
https://web.stanford.edu/class/archive/cs/cs109/cs109.1176/13-PropertiesOfJoints.pdf,,,download_error: HTTP Error 404: Not Found
https://web.stanford.edu/class/archive/cs/cs109/cs109.1176/14-Convolution.pdf,,,download_error: HTTP Error 404: Not Found
https://web.stanford.edu/class/archive/cs/cs109/cs109.1176/15-Beta.pdf,,,download_error: HTTP Error 404: Not Found
https://web.stanford.edu/class/archive/cs/cs109/cs109.1176/16-Great%20Expectations.pdf,,,download_error: HTTP Error 404: Not Found
https://web.stanford.edu/class/archive/cs/cs109/cs109.1176/17-Covariance.pdf,,,download_error: HTTP Error 404: Not Found
https://web.stanford.edu/class/archive/cs/cs109/cs109.1176/18-Samples.pdf,,,download_error: HTTP Error 404: Not Found
https://web.stanford.edu/class/archive/cs/cs109/cs109.1176/19-CLT.pdf,,,download_error: HTTP Error 404: Not Found
https://web.stanford.edu/class/archive/cs/cs109/cs109.1176/20-ParameterEstimation.pdf,,,download_error: HTTP Error 404: Not Found
https://web.stanford.edu/class/archive/cs/cs109/cs109.1176/21-MAP.pdf,,,download_error: HTTP Error 404: Not Found
https://web.stanford.edu/class/archive/cs/cs109/cs109.1176/22-NaiveBayes.pdf,,,download_error: HTTP Error 404: Not Found
https://web.stanford.edu/class/archive/cs/cs109/cs109.1176/23-LogisticRegression.pdf,,,download_error: HTTP Error 404: Not Found
https://web.stanford.edu/class/archive/cs/cs109/cs109.1176/24-TowardsDeepLearning.pdf,,,download_error: HTTP Error 404: Not Found
https://web.stanford.edu/class/archive/cs/cs109/cs109.1176/25-DeepLearning.pdf,,,download_error: HTTP Error 404: Not Found
https://web.stanford.edu/class/archive/cs/cs109/cs109.1176/26-FutureOfProbability.pdf,,,download_error: HTTP Error 404: Not Found
https://web.stanford.edu/class/archive/cs/cs109/cs109.1176/27-Montage.pdf,,,download_error: HTTP Error 404: Not Found
https://web.stanford.edu/class/archive/cs/cs109/cs109.1178/pdfs/060-problem-set-2.pdf,/Users/jackb/GitHub/data-adventures/sandbox/stanford-109-questions/downloads/web.stanford.edu/class/archive/cs/cs109/cs109.1178/pdfs/060-problem-set-2-937d350ba9.pdf,application/pdf,downloaded
https://web.stanford.edu/class/archive/cs/cs109/cs109.1178/pdfs/080-problem-set-3.pdf,/Users/jackb/GitHub/data-adventures/sandbox/stanford-109-questions/downloads/web.stanford.edu/class/archive/cs/cs109/cs109.1178/pdfs/080-problem-set-3-60d0015ca9.pdf,application/pdf,downloaded
https://web.stanford.edu/class/archive/cs/cs109/cs109.1178/pdfs/150-problem-set-5.pdf,/Users/jackb/GitHub/data-adventures/sandbox/stanford-109-questions/downloads/web.stanford.edu/class/archive/cs/cs109/cs109.1178/pdfs/150-problem-set-5-cbf9f5659a.pdf,application/pdf,downloaded
https://web.stanford.edu/class/archive/cs/cs109/cs109.1178/pdfs/170-problem-set-6.pdf,/Users/jackb/GitHub/data-adventures/sandbox/stanford-109-questions/downloads/web.stanford.edu/class/archive/cs/cs109/cs109.1178/pdfs/170-problem-set-6-e919babddb.pdf,application/pdf,downloaded
https://web.stanford.edu/class/archive/cs/cs109/cs109.1178/pdfs/HO06 Probability.pdf,,,download_error: URL can't contain control characters. '/class/archive/cs/cs109/cs109.1178/pdfs/HO06 Probability.pdf' (found at least ' ')
https://web.stanford.edu/class/archive/cs/cs109/cs109.1178/demos/imageDist.html,,,page_error: HTTP Error 404: Not Found
https://web.stanford.edu/class/archive/cs/cs109/cs109.1182/1%20Welcome.pdf,,,download_error: HTTP Error 404: Not Found
https://web.stanford.edu/class/archive/cs/cs109/cs109.1182/3%20IntroProbability.pdf,,,download_error: HTTP Error 404: Not Found
https://web.stanford.edu/class/archive/cs/cs109/cs109.1182/4%20CondProbability.pdf,,,download_error: HTTP Error 404: Not Found
https://web.stanford.edu/class/archive/cs/cs109/cs109.1182/5%20Independence.pdf,,,download_error: HTTP Error 404: Not Found
https://web.stanford.edu/class/archive/cs/cs109/cs109.1182/6%20RandomVariables.pdf,,,download_error: HTTP Error 404: Not Found
https://web.stanford.edu/class/archive/cs/cs109/cs109.1182/7%20Variance.pdf,,,download_error: HTTP Error 404: Not Found
https://web.stanford.edu/class/archive/cs/cs109/cs109.1182/8%20Poisson.pdf,,,download_error: HTTP Error 404: Not Found
https://web.stanford.edu/class/archive/cs/cs109/cs109.1182/9%20Continuous.pdf,,,download_error: HTTP Error 404: Not Found
https://web.stanford.edu/class/archive/cs/cs109/cs109.1182/10%20Gaussian.pdf,,,download_error: HTTP Error 404: Not Found
https://web.stanford.edu/class/archive/cs/cs109/cs109.1182/11%20Joint.pdf,,,download_error: HTTP Error 404: Not Found
https://web.stanford.edu/class/archive/cs/cs109/cs109.1182/12%20ContJoint.pdf,,,download_error: HTTP Error 404: Not Found
https://web.stanford.edu/class/archive/cs/cs109/cs109.1182/13%20PropertiesOfJoints.pdf,,,download_error: HTTP Error 404: Not Found
https://web.stanford.edu/class/archive/cs/cs109/cs109.1182/14%20PropertiesOfJoints2.pdf,,,download_error: HTTP Error 404: Not Found
https://web.stanford.edu/class/archive/cs/cs109/cs109.1182/15%20Convolution.pdf,,,download_error: HTTP Error 404: Not Found
https://web.stanford.edu/class/archive/cs/cs109/cs109.1182/16%20Beta.pdf,,,download_error: HTTP Error 404: Not Found
https://web.stanford.edu/class/archive/cs/cs109/cs109.1182/17%20GreatExpectations.pdf,,,download_error: HTTP Error 404: Not Found
https://web.stanford.edu/class/archive/cs/cs109/cs109.1182/18%20Covariance.pdf,,,download_error: HTTP Error 404: Not Found
https://web.stanford.edu/class/archive/cs/cs109/cs109.1182/19%20Samples.pdf,,,download_error: HTTP Error 404: Not Found
https://web.stanford.edu/class/archive/cs/cs109/cs109.1182/20%20CLT.pdf,,,download_error: HTTP Error 404: Not Found
https://web.stanford.edu/class/archive/cs/cs109/cs109.1182/21%20MaximumLikelihood.pdf,,,download_error: HTTP Error 404: Not Found
https://web.stanford.edu/class/archive/cs/cs109/cs109.1182/22%20GradientAscent.pdf,,,download_error: HTTP Error 404: Not Found
https://web.stanford.edu/class/archive/cs/cs109/cs109.1182/23%20MAP.pdf,,,download_error: HTTP Error 404: Not Found
https://web.stanford.edu/class/archive/cs/cs109/cs109.1182/24%20NaiveBayes.pdf,,,download_error: HTTP Error 404: Not Found
https://web.stanford.edu/class/archive/cs/cs109/cs109.1182/25%20LogisticRegression.pdf,,,download_error: HTTP Error 404: Not Found
https://web.stanford.edu/class/archive/cs/cs109/cs109.1182/26%20DeepLearning.pdf,,,download_error: HTTP Error 404: Not Found
https://web.stanford.edu/class/archive/cs/cs109/cs109.1182/27%20DeepLearningII.pdf,,,download_error: HTTP Error 404: Not Found
https://web.stanford.edu/class/archive/cs/cs109/cs109.1182/28%20FinalReview.pdf,,,download_error: HTTP Error 404: Not Found
https://web.stanford.edu/class/archive/cs/cs109/cs109.1182/29%20Montage.pdf,,,download_error: HTTP Error 404: Not Found
https://web.stanford.edu/class/archive/cs/cs109/cs109.1204/psets/pset1.pdf,/Users/jackb/GitHub/data-adventures/sandbox/stanford-109-questions/downloads/web.stanford.edu/class/archive/cs/cs109/cs109.1204/psets/pset1-90901339bf.pdf,application/pdf,downloaded
https://web.stanford.edu/class/archive/cs/cs109/cs109.1204/psets/pset2.pdf,/Users/jackb/GitHub/data-adventures/sandbox/stanford-109-questions/downloads/web.stanford.edu/class/archive/cs/cs109/cs109.1204/psets/pset2-f2eab31d84.pdf,application/pdf,downloaded
https://web.stanford.edu/class/archive/cs/cs109/cs109.1204/psets/pset3.pdf,/Users/jackb/GitHub/data-adventures/sandbox/stanford-109-questions/downloads/web.stanford.edu/class/archive/cs/cs109/cs109.1204/psets/pset3-74e95f2839.pdf,application/pdf,downloaded
https://web.stanford.edu/class/archive/cs/cs109/cs109.1204/psets/pset4.pdf,/Users/jackb/GitHub/data-adventures/sandbox/stanford-109-questions/downloads/web.stanford.edu/class/archive/cs/cs109/cs109.1204/psets/pset4-308b2bd8c8.pdf,application/pdf,downloaded
https://web.stanford.edu/class/archive/cs/cs109/cs109.1204/psets/pset5.pdf,/Users/jackb/GitHub/data-adventures/sandbox/stanford-109-questions/downloads/web.stanford.edu/class/archive/cs/cs109/cs109.1204/psets/pset5-2205dc7da7.pdf,application/pdf,downloaded
https://web.stanford.edu/class/archive/cs/cs109/cs109.1204/psets/pset6.pdf,/Users/jackb/GitHub/data-adventures/sandbox/stanford-109-questions/downloads/web.stanford.edu/class/archive/cs/cs109/cs109.1204/psets/pset6-2769710c08.pdf,application/pdf,downloaded
https://web.stanford.edu/class/archive/cs/cs109/cs109.1204/exams/PracticeMidterm.pdf,/Users/jackb/GitHub/data-adventures/sandbox/stanford-109-questions/downloads/web.stanford.edu/class/archive/cs/cs109/cs109.1204/exams/PracticeMidterm-928939fabc.pdf,application/pdf,downloaded
https://web.stanford.edu/class/archive/cs/cs109/cs109.1204/exams/PracticeMidtermSoln.pdf,/Users/jackb/GitHub/data-adventures/sandbox/stanford-109-questions/downloads/web.stanford.edu/class/archive/cs/cs109/cs109.1204/exams/PracticeMidtermSoln-1b18b7b964.pdf,application/pdf,downloaded
https://web.stanford.edu/class/archive/cs/cs109/cs109.1204/exams/MidtermFall2017.pdf,/Users/jackb/GitHub/data-adventures/sandbox/stanford-109-questions/downloads/web.stanford.edu/class/archive/cs/cs109/cs109.1204/exams/MidtermFall2017-5696dd6a30.pdf,application/pdf,downloaded
https://web.stanford.edu/class/archive/cs/cs109/cs109.1204/exams/MidtermFall2017Soln.pdf,/Users/jackb/GitHub/data-adventures/sandbox/stanford-109-questions/downloads/web.stanford.edu/class/archive/cs/cs109/cs109.1204/exams/MidtermFall2017Soln-17158bcefc.pdf,application/pdf,downloaded
https://web.stanford.edu/class/archive/cs/cs109/cs109.1204/exams/MidtermSpr2017.pdf,/Users/jackb/GitHub/data-adventures/sandbox/stanford-109-questions/downloads/web.stanford.edu/class/archive/cs/cs109/cs109.1204/exams/MidtermSpr2017-743950243a.pdf,application/pdf,downloaded
https://web.stanford.edu/class/archive/cs/cs109/cs109.1204/exams/MidtermSpr2017Soln.pdf,/Users/jackb/GitHub/data-adventures/sandbox/stanford-109-questions/downloads/web.stanford.edu/class/archive/cs/cs109/cs109.1204/exams/MidtermSpr2017Soln-d7b1ea5ba3.pdf,application/pdf,downloaded
https://web.stanford.edu/class/archive/cs/cs109/cs109.1204/exams/MidtermSpr2016.pdf,/Users/jackb/GitHub/data-adventures/sandbox/stanford-109-questions/downloads/web.stanford.edu/class/archive/cs/cs109/cs109.1204/exams/MidtermSpr2016-25914a93d7.pdf,application/pdf,downloaded
https://web.stanford.edu/class/archive/cs/cs109/cs109.1204/exams/MidtermSpr2016Soln.pdf,/Users/jackb/GitHub/data-adventures/sandbox/stanford-109-questions/downloads/web.stanford.edu/class/archive/cs/cs109/cs109.1204/exams/MidtermSpr2016Soln-319eb42bfc.pdf,application/pdf,downloaded
https://web.stanford.edu/class/archive/cs/cs109/cs109.1204/exams/Extra Problems 1.pdf,,,download_error: URL can't contain control characters. '/class/archive/cs/cs109/cs109.1204/exams/Extra Problems 1.pdf' (found at least ' ')
https://web.stanford.edu/class/archive/cs/cs109/cs109.1204/exams/Extra Problems 1 Soln.pdf,,,download_error: URL can't contain control characters. '/class/archive/cs/cs109/cs109.1204/exams/Extra Problems 1 Soln.pdf' (found at least ' ')
https://web.stanford.edu/class/archive/cs/cs109/cs109.1204/exams/Extra Problems 2.pdf,,,download_error: URL can't contain control characters. '/class/archive/cs/cs109/cs109.1204/exams/Extra Problems 2.pdf' (found at least ' ')
https://web.stanford.edu/class/archive/cs/cs109/cs109.1204/exams/Extra Problems 2 Soln.pdf,,,download_error: URL can't contain control characters. '/class/archive/cs/cs109/cs109.1204/exams/Extra Problems 2 Soln.pdf' (found at least ' ')
https://web.stanford.edu/class/archive/cs/cs109/cs109.1204/exams/Distributions.pdf,/Users/jackb/GitHub/data-adventures/sandbox/stanford-109-questions/downloads/web.stanford.edu/class/archive/cs/cs109/cs109.1204/exams/Distributions-d05dfe16d9.pdf,application/pdf,downloaded
https://web.stanford.edu/class/archive/cs/cs109/cs109.1204/exams/MidtermReview.pdf,/Users/jackb/GitHub/data-adventures/sandbox/stanford-109-questions/downloads/web.stanford.edu/class/archive/cs/cs109/cs109.1204/exams/MidtermReview-b6585dfa39.pdf,application/pdf,downloaded
https://web.stanford.edu/class/archive/cs/cs109/cs109.1204/exams/ReviewSlides.pdf,/Users/jackb/GitHub/data-adventures/sandbox/stanford-109-questions/downloads/web.stanford.edu/class/archive/cs/cs109/cs109.1204/exams/ReviewSlides-70a6e6b244.pdf,application/pdf,downloaded
https://web.stanford.edu/class/archive/cs/cs109/cs109.1204/exams/PracticeFinal.pdf,/Users/jackb/GitHub/data-adventures/sandbox/stanford-109-questions/downloads/web.stanford.edu/class/archive/cs/cs109/cs109.1204/exams/PracticeFinal-5abf2b9fe3.pdf,application/pdf,downloaded
https://web.stanford.edu/class/archive/cs/cs109/cs109.1204/exams/PracticeFinalSoln.pdf,/Users/jackb/GitHub/data-adventures/sandbox/stanford-109-questions/downloads/web.stanford.edu/class/archive/cs/cs109/cs109.1204/exams/PracticeFinalSoln-942c875dbf.pdf,application/pdf,downloaded
https://web.stanford.edu/class/archive/cs/cs109/cs109.1204/exams/FinalFall2017.pdf,/Users/jackb/GitHub/data-adventures/sandbox/stanford-109-questions/downloads/web.stanford.edu/class/archive/cs/cs109/cs109.1204/exams/FinalFall2017-dddea6d406.pdf,application/pdf,downloaded
https://web.stanford.edu/class/archive/cs/cs109/cs109.1204/exams/FinalFall2017Soln.pdf,/Users/jackb/GitHub/data-adventures/sandbox/stanford-109-questions/downloads/web.stanford.edu/class/archive/cs/cs109/cs109.1204/exams/FinalFall2017Soln-e178b9f599.pdf,application/pdf,downloaded
https://web.stanford.edu/class/archive/cs/cs109/cs109.1204/exams/FinalSpring2017.pdf,/Users/jackb/GitHub/data-adventures/sandbox/stanford-109-questions/downloads/web.stanford.edu/class/archive/cs/cs109/cs109.1204/exams/FinalSpring2017-bca4c558ed.pdf,application/pdf,downloaded
https://web.stanford.edu/class/archive/cs/cs109/cs109.1204/exams/FinalSpring2017Soln.pdf,/Users/jackb/GitHub/data-adventures/sandbox/stanford-109-questions/downloads/web.stanford.edu/class/archive/cs/cs109/cs109.1204/exams/FinalSpring2017Soln-cae059fb2c.pdf,application/pdf,downloaded
https://web.stanford.edu/class/archive/cs/cs109/cs109.1204/exams/PracticeFinalExtra.pdf,/Users/jackb/GitHub/data-adventures/sandbox/stanford-109-questions/downloads/web.stanford.edu/class/archive/cs/cs109/cs109.1204/exams/PracticeFinalExtra-9d5bb71ec7.pdf,application/pdf,downloaded
https://web.stanford.edu/class/archive/cs/cs109/cs109.1204/exams/PracticeFinalExtraSoln.pdf,/Users/jackb/GitHub/data-adventures/sandbox/stanford-109-questions/downloads/web.stanford.edu/class/archive/cs/cs109/cs109.1204/exams/PracticeFinalExtraSoln-80f58eb949.pdf,application/pdf,downloaded
https://web.stanford.edu/class/archive/cs/cs109/cs109.1206/lectures/01_counting_blank.pdf,/Users/jackb/GitHub/data-adventures/sandbox/stanford-109-questions/downloads/web.stanford.edu/class/archive/cs/cs109/cs109.1206/lectures/01_counting_blank-a6669cf72e.pdf,application/pdf,downloaded
https://web.stanford.edu/class/archive/cs/cs109/cs109.1206/lectures/01_counting_full.pdf,/Users/jackb/GitHub/data-adventures/sandbox/stanford-109-questions/downloads/web.stanford.edu/class/archive/cs/cs109/cs109.1206/lectures/01_counting_full-328afae4de.pdf,application/pdf,downloaded
https://web.stanford.edu/class/archive/cs/cs109/cs109.1206/lectureNotes/LN01_counting.pdf,/Users/jackb/GitHub/data-adventures/sandbox/stanford-109-questions/downloads/web.stanford.edu/class/archive/cs/cs109/cs109.1206/lectureNotes/LN01_counting-be24e3a24f.pdf,application/pdf,downloaded
https://web.stanford.edu/class/archive/cs/cs109/cs109.1206/lectures/02_combinatorics_blank.pdf,/Users/jackb/GitHub/data-adventures/sandbox/stanford-109-questions/downloads/web.stanford.edu/class/archive/cs/cs109/cs109.1206/lectures/02_combinatorics_blank-b7a167cf80.pdf,application/pdf,downloaded
https://web.stanford.edu/class/archive/cs/cs109/cs109.1206/lectures/02_combinatorics.pdf,/Users/jackb/GitHub/data-adventures/sandbox/stanford-109-questions/downloads/web.stanford.edu/class/archive/cs/cs109/cs109.1206/lectures/02_combinatorics-dcb848cd42.pdf,application/pdf,downloaded
https://web.stanford.edu/class/archive/cs/cs109/cs109.1206/lectureNotes/LN02_combinatorics.pdf,/Users/jackb/GitHub/data-adventures/sandbox/stanford-109-questions/downloads/web.stanford.edu/class/archive/cs/cs109/cs109.1206/lectureNotes/LN02_combinatorics-3fd26cbe4a.pdf,application/pdf,downloaded
https://web.stanford.edu/class/archive/cs/cs109/cs109.1206/lectures/03_probability_blank.pdf,/Users/jackb/GitHub/data-adventures/sandbox/stanford-109-questions/downloads/web.stanford.edu/class/archive/cs/cs109/cs109.1206/lectures/03_probability_blank-328bad4a83.pdf,application/pdf,downloaded
https://web.stanford.edu/class/archive/cs/cs109/cs109.1206/lectures/03_probability.pdf,/Users/jackb/GitHub/data-adventures/sandbox/stanford-109-questions/downloads/web.stanford.edu/class/archive/cs/cs109/cs109.1206/lectures/03_probability-e81f73d099.pdf,application/pdf,downloaded
https://web.stanford.edu/class/archive/cs/cs109/cs109.1206/lectureNotes/LN03_probability.pdf,/Users/jackb/GitHub/data-adventures/sandbox/stanford-109-questions/downloads/web.stanford.edu/class/archive/cs/cs109/cs109.1206/lectureNotes/LN03_probability-278adb6efd.pdf,application/pdf,downloaded
https://web.stanford.edu/class/archive/cs/cs109/cs109.1206/lectures/04_cond_bayes_blank.pdf,/Users/jackb/GitHub/data-adventures/sandbox/stanford-109-questions/downloads/web.stanford.edu/class/archive/cs/cs109/cs109.1206/lectures/04_cond_bayes_blank-371a5e3d2f.pdf,application/pdf,downloaded
https://web.stanford.edu/class/archive/cs/cs109/cs109.1206/lectures/04_cond_bayes.pdf,/Users/jackb/GitHub/data-adventures/sandbox/stanford-109-questions/downloads/web.stanford.edu/class/archive/cs/cs109/cs109.1206/lectures/04_cond_bayes-98acc7acee.pdf,application/pdf,downloaded
https://web.stanford.edu/class/archive/cs/cs109/cs109.1206/lectureNotes/LN04_cond_bayes.pdf,/Users/jackb/GitHub/data-adventures/sandbox/stanford-109-questions/downloads/web.stanford.edu/class/archive/cs/cs109/cs109.1206/lectureNotes/LN04_cond_bayes-39c0144e9b.pdf,application/pdf,downloaded
https://web.stanford.edu/class/archive/cs/cs109/cs109.1206/lectures/05_independence_blank.pdf,/Users/jackb/GitHub/data-adventures/sandbox/stanford-109-questions/downloads/web.stanford.edu/class/archive/cs/cs109/cs109.1206/lectures/05_independence_blank-34b5c96983.pdf,application/pdf,downloaded
https://web.stanford.edu/class/archive/cs/cs109/cs109.1206/lectures/05_independence.pdf,/Users/jackb/GitHub/data-adventures/sandbox/stanford-109-questions/downloads/web.stanford.edu/class/archive/cs/cs109/cs109.1206/lectures/05_independence-08a15e93b4.pdf,application/pdf,downloaded
https://web.stanford.edu/class/archive/cs/cs109/cs109.1206/lectureNotes/LN05_independence.pdf,/Users/jackb/GitHub/data-adventures/sandbox/stanford-109-questions/downloads/web.stanford.edu/class/archive/cs/cs109/cs109.1206/lectureNotes/LN05_independence-5fa5ec261c.pdf,application/pdf,downloaded
https://web.stanford.edu/class/archive/cs/cs109/cs109.1206/lectures/06_rvs_blank.pdf,/Users/jackb/GitHub/data-adventures/sandbox/stanford-109-questions/downloads/web.stanford.edu/class/archive/cs/cs109/cs109.1206/lectures/06_rvs_blank-b6ca69a2d3.pdf,application/pdf,downloaded
https://web.stanford.edu/class/archive/cs/cs109/cs109.1206/lectures/06_rvs.pdf,/Users/jackb/GitHub/data-adventures/sandbox/stanford-109-questions/downloads/web.stanford.edu/class/archive/cs/cs109/cs109.1206/lectures/06_rvs-fa47709491.pdf,application/pdf,downloaded
https://web.stanford.edu/class/archive/cs/cs109/cs109.1206/lectureNotes/LN06_random_variables.pdf,/Users/jackb/GitHub/data-adventures/sandbox/stanford-109-questions/downloads/web.stanford.edu/class/archive/cs/cs109/cs109.1206/lectureNotes/LN06_random_variables-d8c9519f75.pdf,application/pdf,downloaded
https://web.stanford.edu/class/archive/cs/cs109/cs109.1206/lectures/07_bernoulli_binomial_blank.pdf,/Users/jackb/GitHub/data-adventures/sandbox/stanford-109-questions/downloads/web.stanford.edu/class/archive/cs/cs109/cs109.1206/lectures/07_bernoulli_binomial_blank-9eacdf293b.pdf,application/pdf,downloaded
https://web.stanford.edu/class/archive/cs/cs109/cs109.1206/lectures/07_bernoulli_binomial.pdf,/Users/jackb/GitHub/data-adventures/sandbox/stanford-109-questions/downloads/web.stanford.edu/class/archive/cs/cs109/cs109.1206/lectures/07_bernoulli_binomial-5c4b920a67.pdf,application/pdf,downloaded
https://web.stanford.edu/class/archive/cs/cs109/cs109.1206/lectureNotes/LN07_bernoulli_binomial.pdf,/Users/jackb/GitHub/data-adventures/sandbox/stanford-109-questions/downloads/web.stanford.edu/class/archive/cs/cs109/cs109.1206/lectureNotes/LN07_bernoulli_binomial-4fc9884f84.pdf,application/pdf,downloaded
https://web.stanford.edu/class/archive/cs/cs109/cs109.1206/lectures/08_poisson_and_more_blank.pdf,/Users/jackb/GitHub/data-adventures/sandbox/stanford-109-questions/downloads/web.stanford.edu/class/archive/cs/cs109/cs109.1206/lectures/08_poisson_and_more_blank-192775b568.pdf,application/pdf,downloaded
https://web.stanford.edu/class/archive/cs/cs109/cs109.1206/lectures/08_poisson_and_more.pdf,/Users/jackb/GitHub/data-adventures/sandbox/stanford-109-questions/downloads/web.stanford.edu/class/archive/cs/cs109/cs109.1206/lectures/08_poisson_and_more-916251c999.pdf,application/pdf,downloaded
https://web.stanford.edu/class/archive/cs/cs109/cs109.1206/lectureNotes/LN08_poisson_and_more.pdf,/Users/jackb/GitHub/data-adventures/sandbox/stanford-109-questions/downloads/web.stanford.edu/class/archive/cs/cs109/cs109.1206/lectureNotes/LN08_poisson_and_more-cb82e61be9.pdf,application/pdf,downloaded
https://web.stanford.edu/class/archive/cs/cs109/cs109.1206/lectures/09_continuous_rv_blank.pdf,/Users/jackb/GitHub/data-adventures/sandbox/stanford-109-questions/downloads/web.stanford.edu/class/archive/cs/cs109/cs109.1206/lectures/09_continuous_rv_blank-bf00d2c867.pdf,application/pdf,downloaded
https://web.stanford.edu/class/archive/cs/cs109/cs109.1206/lectures/09_continuous_rv.pdf,/Users/jackb/GitHub/data-adventures/sandbox/stanford-109-questions/downloads/web.stanford.edu/class/archive/cs/cs109/cs109.1206/lectures/09_continuous_rv-e784baeaab.pdf,application/pdf,downloaded
https://web.stanford.edu/class/archive/cs/cs109/cs109.1206/lectureNotes/LN09_continuous_rv.pdf,/Users/jackb/GitHub/data-adventures/sandbox/stanford-109-questions/downloads/web.stanford.edu/class/archive/cs/cs109/cs109.1206/lectureNotes/LN09_continuous_rv-a1626b4530.pdf,application/pdf,downloaded
https://web.stanford.edu/class/archive/cs/cs109/cs109.1206/lectures/10_normal_gaussian_blank.pdf,/Users/jackb/GitHub/data-adventures/sandbox/stanford-109-questions/downloads/web.stanford.edu/class/archive/cs/cs109/cs109.1206/lectures/10_normal_gaussian_blank-270d24eb0c.pdf,application/pdf,downloaded
https://web.stanford.edu/class/archive/cs/cs109/cs109.1206/lectures/10_normal_gaussian.pdf,/Users/jackb/GitHub/data-adventures/sandbox/stanford-109-questions/downloads/web.stanford.edu/class/archive/cs/cs109/cs109.1206/lectures/10_normal_gaussian-33d27f4188.pdf,application/pdf,downloaded
https://web.stanford.edu/class/archive/cs/cs109/cs109.1206/lectureNotes/LN10_gaussian.pdf,/Users/jackb/GitHub/data-adventures/sandbox/stanford-109-questions/downloads/web.stanford.edu/class/archive/cs/cs109/cs109.1206/lectureNotes/LN10_gaussian-0745742703.pdf,application/pdf,downloaded
https://web.stanford.edu/class/archive/cs/cs109/cs109.1206/lectures/11_joint_rvs_blank.pdf,/Users/jackb/GitHub/data-adventures/sandbox/stanford-109-questions/downloads/web.stanford.edu/class/archive/cs/cs109/cs109.1206/lectures/11_joint_rvs_blank-69745bfef8.pdf,application/pdf,downloaded
https://web.stanford.edu/class/archive/cs/cs109/cs109.1206/lectures/11_joint_rvs.pdf,/Users/jackb/GitHub/data-adventures/sandbox/stanford-109-questions/downloads/web.stanford.edu/class/archive/cs/cs109/cs109.1206/lectures/11_joint_rvs-25297d0f66.pdf,application/pdf,downloaded
https://web.stanford.edu/class/archive/cs/cs109/cs109.1206/lectureNotes/LN11_joint_rv.pdf,/Users/jackb/GitHub/data-adventures/sandbox/stanford-109-questions/downloads/web.stanford.edu/class/archive/cs/cs109/cs109.1206/lectureNotes/LN11_joint_rv-6ae743e075.pdf,application/pdf,downloaded
https://web.stanford.edu/class/archive/cs/cs109/cs109.1206/lectures/12_independent_rvs_blank.pdf,/Users/jackb/GitHub/data-adventures/sandbox/stanford-109-questions/downloads/web.stanford.edu/class/archive/cs/cs109/cs109.1206/lectures/12_independent_rvs_blank-d7c72f7562.pdf,application/pdf,downloaded
https://web.stanford.edu/class/archive/cs/cs109/cs109.1206/lectures/12_independent_rvs.pdf,/Users/jackb/GitHub/data-adventures/sandbox/stanford-109-questions/downloads/web.stanford.edu/class/archive/cs/cs109/cs109.1206/lectures/12_independent_rvs-1d9c6f6586.pdf,application/pdf,downloaded
https://web.stanford.edu/class/archive/cs/cs109/cs109.1206/lectureNotes/LN12_independent_rvs.pdf,/Users/jackb/GitHub/data-adventures/sandbox/stanford-109-questions/downloads/web.stanford.edu/class/archive/cs/cs109/cs109.1206/lectureNotes/LN12_independent_rvs-5bfd07a7df.pdf,application/pdf,downloaded
https://web.stanford.edu/class/archive/cs/cs109/cs109.1206/lectures/13_joint_statistics_blank.pdf,/Users/jackb/GitHub/data-adventures/sandbox/stanford-109-questions/downloads/web.stanford.edu/class/archive/cs/cs109/cs109.1206/lectures/13_joint_statistics_blank-12123e1c60.pdf,application/pdf,downloaded
https://web.stanford.edu/class/archive/cs/cs109/cs109.1206/lectures/13_joint_statistics.pdf,/Users/jackb/GitHub/data-adventures/sandbox/stanford-109-questions/downloads/web.stanford.edu/class/archive/cs/cs109/cs109.1206/lectures/13_joint_statistics-d85c3ff7e5.pdf,application/pdf,downloaded
https://web.stanford.edu/class/archive/cs/cs109/cs109.1206/lectureNotes/LN13_joint_statistics.pdf,/Users/jackb/GitHub/data-adventures/sandbox/stanford-109-questions/downloads/web.stanford.edu/class/archive/cs/cs109/cs109.1206/lectureNotes/LN13_joint_statistics-8b3fd7ade7.pdf,application/pdf,downloaded
https://web.stanford.edu/class/archive/cs/cs109/cs109.1206/lectures/14_conditional_expectation_blank.pdf,/Users/jackb/GitHub/data-adventures/sandbox/stanford-109-questions/downloads/web.stanford.edu/class/archive/cs/cs109/cs109.1206/lectures/14_conditional_expectation_blank-0348c93ff1.pdf,application/pdf,downloaded
https://web.stanford.edu/class/archive/cs/cs109/cs109.1206/lectures/14_conditional_expectation.pdf,/Users/jackb/GitHub/data-adventures/sandbox/stanford-109-questions/downloads/web.stanford.edu/class/archive/cs/cs109/cs109.1206/lectures/14_conditional_expectation-2e8689f394.pdf,application/pdf,downloaded
https://web.stanford.edu/class/archive/cs/cs109/cs109.1206/lectureNotes/LN14_conditional_expectation.pdf,/Users/jackb/GitHub/data-adventures/sandbox/stanford-109-questions/downloads/web.stanford.edu/class/archive/cs/cs109/cs109.1206/lectureNotes/LN14_conditional_expectation-eca0317083.pdf,application/pdf,downloaded
https://web.stanford.edu/class/archive/cs/cs109/cs109.1206/lectures/15_general_inference_blank.pdf,/Users/jackb/GitHub/data-adventures/sandbox/stanford-109-questions/downloads/web.stanford.edu/class/archive/cs/cs109/cs109.1206/lectures/15_general_inference_blank-85658ce7d1.pdf,application/pdf,downloaded
https://web.stanford.edu/class/archive/cs/cs109/cs109.1206/lectures/15_general_inference.pdf,/Users/jackb/GitHub/data-adventures/sandbox/stanford-109-questions/downloads/web.stanford.edu/class/archive/cs/cs109/cs109.1206/lectures/15_general_inference-92f229589a.pdf,application/pdf,downloaded
https://web.stanford.edu/class/archive/cs/cs109/cs109.1206/lectureNotes/LN15_inference.pdf,/Users/jackb/GitHub/data-adventures/sandbox/stanford-109-questions/downloads/web.stanford.edu/class/archive/cs/cs109/cs109.1206/lectureNotes/LN15_inference-b30abff294.pdf,application/pdf,downloaded
https://web.stanford.edu/class/archive/cs/cs109/cs109.1206/lectures/16_cont_joint_i_blank.pdf,/Users/jackb/GitHub/data-adventures/sandbox/stanford-109-questions/downloads/web.stanford.edu/class/archive/cs/cs109/cs109.1206/lectures/16_cont_joint_i_blank-3ccc33deb2.pdf,application/pdf,downloaded
https://web.stanford.edu/class/archive/cs/cs109/cs109.1206/lectures/16_cont_joint_i.pdf,/Users/jackb/GitHub/data-adventures/sandbox/stanford-109-questions/downloads/web.stanford.edu/class/archive/cs/cs109/cs109.1206/lectures/16_cont_joint_i-738f78bd3e.pdf,application/pdf,downloaded
https://web.stanford.edu/class/archive/cs/cs109/cs109.1206/lectureNotes/LN16_cont_joint_rv.pdf,/Users/jackb/GitHub/data-adventures/sandbox/stanford-109-questions/downloads/web.stanford.edu/class/archive/cs/cs109/cs109.1206/lectureNotes/LN16_cont_joint_rv-1e89a21444.pdf,application/pdf,downloaded
https://web.stanford.edu/class/archive/cs/cs109/cs109.1206/lectures/17_cont_joint_ii_blank.pdf,/Users/jackb/GitHub/data-adventures/sandbox/stanford-109-questions/downloads/web.stanford.edu/class/archive/cs/cs109/cs109.1206/lectures/17_cont_joint_ii_blank-7f154a0ab9.pdf,application/pdf,downloaded
https://web.stanford.edu/class/archive/cs/cs109/cs109.1206/lectures/17_cont_joint_ii.pdf,/Users/jackb/GitHub/data-adventures/sandbox/stanford-109-questions/downloads/web.stanford.edu/class/archive/cs/cs109/cs109.1206/lectures/17_cont_joint_ii-41baf3d077.pdf,application/pdf,downloaded
https://web.stanford.edu/class/archive/cs/cs109/cs109.1206/lectureNotes/LN17_cont_joint_rv_ii.pdf,/Users/jackb/GitHub/data-adventures/sandbox/stanford-109-questions/downloads/web.stanford.edu/class/archive/cs/cs109/cs109.1206/lectureNotes/LN17_cont_joint_rv_ii-084e862524.pdf,application/pdf,downloaded
https://web.stanford.edu/class/archive/cs/cs109/cs109.1206/lectures/18_clt_blank.pdf,/Users/jackb/GitHub/data-adventures/sandbox/stanford-109-questions/downloads/web.stanford.edu/class/archive/cs/cs109/cs109.1206/lectures/18_clt_blank-6262e0a819.pdf,application/pdf,downloaded
https://web.stanford.edu/class/archive/cs/cs109/cs109.1206/lectures/18_clt.pdf,/Users/jackb/GitHub/data-adventures/sandbox/stanford-109-questions/downloads/web.stanford.edu/class/archive/cs/cs109/cs109.1206/lectures/18_clt-ce6fa47a1d.pdf,application/pdf,downloaded
https://web.stanford.edu/class/archive/cs/cs109/cs109.1206/lectureNotes/LN18_clt.pdf,/Users/jackb/GitHub/data-adventures/sandbox/stanford-109-questions/downloads/web.stanford.edu/class/archive/cs/cs109/cs109.1206/lectureNotes/LN18_clt-bf76ec32bb.pdf,application/pdf,downloaded
https://web.stanford.edu/class/archive/cs/cs109/cs109.1206/lectures/19_sampling_bootstrap_blank.pdf,/Users/jackb/GitHub/data-adventures/sandbox/stanford-109-questions/downloads/web.stanford.edu/class/archive/cs/cs109/cs109.1206/lectures/19_sampling_bootstrap_blank-a00abd75ef.pdf,application/pdf,downloaded
https://web.stanford.edu/class/archive/cs/cs109/cs109.1206/lectures/19_sampling_bootstrap.pdf,/Users/jackb/GitHub/data-adventures/sandbox/stanford-109-questions/downloads/web.stanford.edu/class/archive/cs/cs109/cs109.1206/lectures/19_sampling_bootstrap-2bb4b629a2.pdf,application/pdf,downloaded
https://web.stanford.edu/class/archive/cs/cs109/cs109.1206/lectureNotes/LN19_samples_bootstrapping.pdf,/Users/jackb/GitHub/data-adventures/sandbox/stanford-109-questions/downloads/web.stanford.edu/class/archive/cs/cs109/cs109.1206/lectureNotes/LN19_samples_bootstrapping-1b3102686a.pdf,application/pdf,downloaded
https://web.stanford.edu/class/archive/cs/cs109/cs109.1206/lectures/20_mle_blank.pdf,/Users/jackb/GitHub/data-adventures/sandbox/stanford-109-questions/downloads/web.stanford.edu/class/archive/cs/cs109/cs109.1206/lectures/20_mle_blank-85870e0b6a.pdf,application/pdf,downloaded
https://web.stanford.edu/class/archive/cs/cs109/cs109.1206/lectures/20_mle.pdf,/Users/jackb/GitHub/data-adventures/sandbox/stanford-109-questions/downloads/web.stanford.edu/class/archive/cs/cs109/cs109.1206/lectures/20_mle-08dd0a753b.pdf,application/pdf,downloaded
https://web.stanford.edu/class/archive/cs/cs109/cs109.1206/lectureNotes/LN20_parameters_mle.pdf,/Users/jackb/GitHub/data-adventures/sandbox/stanford-109-questions/downloads/web.stanford.edu/class/archive/cs/cs109/cs109.1206/lectureNotes/LN20_parameters_mle-57ef1e3a60.pdf,application/pdf,downloaded
https://web.stanford.edu/class/archive/cs/cs109/cs109.1206/lectures/21_beta_blank.pdf,/Users/jackb/GitHub/data-adventures/sandbox/stanford-109-questions/downloads/web.stanford.edu/class/archive/cs/cs109/cs109.1206/lectures/21_beta_blank-cab12d7de6.pdf,application/pdf,downloaded
https://web.stanford.edu/class/archive/cs/cs109/cs109.1206/lectures/21_beta.pdf,/Users/jackb/GitHub/data-adventures/sandbox/stanford-109-questions/downloads/web.stanford.edu/class/archive/cs/cs109/cs109.1206/lectures/21_beta-abf4ddfe9d.pdf,application/pdf,downloaded
https://web.stanford.edu/class/archive/cs/cs109/cs109.1206/lectureNotes/LN21_beta.pdf,/Users/jackb/GitHub/data-adventures/sandbox/stanford-109-questions/downloads/web.stanford.edu/class/archive/cs/cs109/cs109.1206/lectureNotes/LN21_beta-06d7f94d96.pdf,application/pdf,downloaded
https://web.stanford.edu/class/archive/cs/cs109/cs109.1206/lectures/22_map_blank.pdf,/Users/jackb/GitHub/data-adventures/sandbox/stanford-109-questions/downloads/web.stanford.edu/class/archive/cs/cs109/cs109.1206/lectures/22_map_blank-687ee360f1.pdf,application/pdf,downloaded
https://web.stanford.edu/class/archive/cs/cs109/cs109.1206/lectures/22_map.pdf,/Users/jackb/GitHub/data-adventures/sandbox/stanford-109-questions/downloads/web.stanford.edu/class/archive/cs/cs109/cs109.1206/lectures/22_map-0cf8dec363.pdf,application/pdf,downloaded
https://web.stanford.edu/class/archive/cs/cs109/cs109.1206/lectureNotes/LN22_map.pdf,/Users/jackb/GitHub/data-adventures/sandbox/stanford-109-questions/downloads/web.stanford.edu/class/archive/cs/cs109/cs109.1206/lectureNotes/LN22_map-d8c69eac1d.pdf,application/pdf,downloaded
https://web.stanford.edu/class/archive/cs/cs109/cs109.1206/lectures/23_naive_bayes_blank.pdf,/Users/jackb/GitHub/data-adventures/sandbox/stanford-109-questions/downloads/web.stanford.edu/class/archive/cs/cs109/cs109.1206/lectures/23_naive_bayes_blank-f9c88c8302.pdf,application/pdf,downloaded
https://web.stanford.edu/class/archive/cs/cs109/cs109.1206/lectures/23_naive_bayes.pdf,/Users/jackb/GitHub/data-adventures/sandbox/stanford-109-questions/downloads/web.stanford.edu/class/archive/cs/cs109/cs109.1206/lectures/23_naive_bayes-c792c62158.pdf,application/pdf,downloaded
https://web.stanford.edu/class/archive/cs/cs109/cs109.1206/lectureNotes/LN23_naive_bayes.pdf,/Users/jackb/GitHub/data-adventures/sandbox/stanford-109-questions/downloads/web.stanford.edu/class/archive/cs/cs109/cs109.1206/lectureNotes/LN23_naive_bayes-93fa7c3010.pdf,application/pdf,downloaded
https://web.stanford.edu/class/archive/cs/cs109/cs109.1206/lectures/24_gradient_ascent_blank.pdf,/Users/jackb/GitHub/data-adventures/sandbox/stanford-109-questions/downloads/web.stanford.edu/class/archive/cs/cs109/cs109.1206/lectures/24_gradient_ascent_blank-9a76946798.pdf,application/pdf,downloaded
https://web.stanford.edu/class/archive/cs/cs109/cs109.1206/lectures/24_gradient_ascent.pdf,/Users/jackb/GitHub/data-adventures/sandbox/stanford-109-questions/downloads/web.stanford.edu/class/archive/cs/cs109/cs109.1206/lectures/24_gradient_ascent-1456692bc0.pdf,application/pdf,downloaded
https://web.stanford.edu/class/archive/cs/cs109/cs109.1206/lectureNotes/LN24_gradient_ascent.pdf,/Users/jackb/GitHub/data-adventures/sandbox/stanford-109-questions/downloads/web.stanford.edu/class/archive/cs/cs109/cs109.1206/lectureNotes/LN24_gradient_ascent-3bf90d8fc3.pdf,application/pdf,downloaded
https://web.stanford.edu/class/archive/cs/cs109/cs109.1206/lectures/25_logistic_regression_blank.pdf,/Users/jackb/GitHub/data-adventures/sandbox/stanford-109-questions/downloads/web.stanford.edu/class/archive/cs/cs109/cs109.1206/lectures/25_logistic_regression_blank-bdcd48241d.pdf,application/pdf,downloaded
https://web.stanford.edu/class/archive/cs/cs109/cs109.1206/lectures/25_logistic_regression.pdf,/Users/jackb/GitHub/data-adventures/sandbox/stanford-109-questions/downloads/web.stanford.edu/class/archive/cs/cs109/cs109.1206/lectures/25_logistic_regression-185066e98c.pdf,application/pdf,downloaded
https://web.stanford.edu/class/archive/cs/cs109/cs109.1206/lectureNotes/LN25_logistic_regression.pdf,/Users/jackb/GitHub/data-adventures/sandbox/stanford-109-questions/downloads/web.stanford.edu/class/archive/cs/cs109/cs109.1206/lectureNotes/LN25_logistic_regression-b2fdb40c98.pdf,application/pdf,downloaded
https://web.stanford.edu/class/archive/cs/cs109/cs109.1206/lectures/26_extra_topic_i.pdf,/Users/jackb/GitHub/data-adventures/sandbox/stanford-109-questions/downloads/web.stanford.edu/class/archive/cs/cs109/cs109.1206/lectures/26_extra_topic_i-54c1cd30f7.pdf,application/pdf,downloaded
https://web.stanford.edu/class/archive/cs/cs109/cs109.1206/lectures/27_extra_topic_ii.pdf,/Users/jackb/GitHub/data-adventures/sandbox/stanford-109-questions/downloads/web.stanford.edu/class/archive/cs/cs109/cs109.1206/lectures/27_extra_topic_ii-811d7f5182.pdf,application/pdf,downloaded
https://web.stanford.edu/class/archive/cs/cs109/cs109.1206/restricted/pset1_soln.pdf,/Users/jackb/GitHub/data-adventures/sandbox/stanford-109-questions/downloads/web.stanford.edu/class/archive/cs/cs109/cs109.1206/restricted/pset1_soln-0af1658565.pdf,text/html;charset=utf-8,downloaded
https://web.stanford.edu/class/archive/cs/cs109/cs109.1206/restricted/pset2_soln.pdf,/Users/jackb/GitHub/data-adventures/sandbox/stanford-109-questions/downloads/web.stanford.edu/class/archive/cs/cs109/cs109.1206/restricted/pset2_soln-ce9056ee9f.pdf,text/html;charset=utf-8,downloaded
https://web.stanford.edu/class/archive/cs/cs109/cs109.1206/restricted/pset3_soln.pdf,/Users/jackb/GitHub/data-adventures/sandbox/stanford-109-questions/downloads/web.stanford.edu/class/archive/cs/cs109/cs109.1206/restricted/pset3_soln-784a409f77.pdf,text/html;charset=utf-8,downloaded
https://web.stanford.edu/class/archive/cs/cs109/cs109.1206/restricted/pset4_soln.pdf,/Users/jackb/GitHub/data-adventures/sandbox/stanford-109-questions/downloads/web.stanford.edu/class/archive/cs/cs109/cs109.1206/restricted/pset4_soln-6d0adf6323.pdf,text/html;charset=utf-8,downloaded
https://web.stanford.edu/class/archive/cs/cs109/cs109.1206/restricted/pset5_soln.pdf,/Users/jackb/GitHub/data-adventures/sandbox/stanford-109-questions/downloads/web.stanford.edu/class/archive/cs/cs109/cs109.1206/restricted/pset5_soln-b63a11c09e.pdf,text/html;charset=utf-8,downloaded
https://web.stanford.edu/class/archive/cs/cs109/cs109.1206/psets/cs109_contest.pdf,/Users/jackb/GitHub/data-adventures/sandbox/stanford-109-questions/downloads/web.stanford.edu/class/archive/cs/cs109/cs109.1206/psets/cs109_contest-f7ef005ba7.pdf,application/pdf,downloaded
https://web.stanford.edu/class/archive/cs/cs109/cs109.1206/section/1/warmup1.pdf,/Users/jackb/GitHub/data-adventures/sandbox/stanford-109-questions/downloads/web.stanford.edu/class/archive/cs/cs109/cs109.1206/section/1/warmup1-a337573179.pdf,application/pdf,downloaded
https://web.stanford.edu/class/archive/cs/cs109/cs109.1206/section/1/warmup1_soln.pdf,/Users/jackb/GitHub/data-adventures/sandbox/stanford-109-questions/downloads/web.stanford.edu/class/archive/cs/cs109/cs109.1206/section/1/warmup1_soln-2b4597e19a.pdf,application/pdf,downloaded
https://web.stanford.edu/class/archive/cs/cs109/cs109.1206/section/1/section1.pdf,/Users/jackb/GitHub/data-adventures/sandbox/stanford-109-questions/downloads/web.stanford.edu/class/archive/cs/cs109/cs109.1206/section/1/section1-c7d128abf4.pdf,application/pdf,downloaded
https://web.stanford.edu/class/archive/cs/cs109/cs109.1206/section/1/section1_soln.pdf,/Users/jackb/GitHub/data-adventures/sandbox/stanford-109-questions/downloads/web.stanford.edu/class/archive/cs/cs109/cs109.1206/section/1/section1_soln-5c7896eb87.pdf,application/pdf,downloaded
https://web.stanford.edu/class/archive/cs/cs109/cs109.1206/section/2/warmup2.pdf,/Users/jackb/GitHub/data-adventures/sandbox/stanford-109-questions/downloads/web.stanford.edu/class/archive/cs/cs109/cs109.1206/section/2/warmup2-2f0887f614.pdf,application/pdf,downloaded
https://web.stanford.edu/class/archive/cs/cs109/cs109.1206/section/2/warmup2_soln.pdf,/Users/jackb/GitHub/data-adventures/sandbox/stanford-109-questions/downloads/web.stanford.edu/class/archive/cs/cs109/cs109.1206/section/2/warmup2_soln-7ed5d42813.pdf,application/pdf,downloaded
https://web.stanford.edu/class/archive/cs/cs109/cs109.1206/section/2/section2.pdf,/Users/jackb/GitHub/data-adventures/sandbox/stanford-109-questions/downloads/web.stanford.edu/class/archive/cs/cs109/cs109.1206/section/2/section2-0a8f7acce4.pdf,application/pdf,downloaded
https://web.stanford.edu/class/archive/cs/cs109/cs109.1206/section/2/section2_soln.pdf,/Users/jackb/GitHub/data-adventures/sandbox/stanford-109-questions/downloads/web.stanford.edu/class/archive/cs/cs109/cs109.1206/section/2/section2_soln-84e863a421.pdf,application/pdf,downloaded
https://web.stanford.edu/class/archive/cs/cs109/cs109.1206/section/3/warmup3.pdf,/Users/jackb/GitHub/data-adventures/sandbox/stanford-109-questions/downloads/web.stanford.edu/class/archive/cs/cs109/cs109.1206/section/3/warmup3-3e40da5861.pdf,application/pdf,downloaded
https://web.stanford.edu/class/archive/cs/cs109/cs109.1206/section/3/warmup3_soln.pdf,/Users/jackb/GitHub/data-adventures/sandbox/stanford-109-questions/downloads/web.stanford.edu/class/archive/cs/cs109/cs109.1206/section/3/warmup3_soln-789869bcdb.pdf,application/pdf,downloaded
https://web.stanford.edu/class/archive/cs/cs109/cs109.1206/section/3/section3.pdf,/Users/jackb/GitHub/data-adventures/sandbox/stanford-109-questions/downloads/web.stanford.edu/class/archive/cs/cs109/cs109.1206/section/3/section3-20afae5c36.pdf,application/pdf,downloaded
https://web.stanford.edu/class/archive/cs/cs109/cs109.1206/section/3/section3_soln.pdf,/Users/jackb/GitHub/data-adventures/sandbox/stanford-109-questions/downloads/web.stanford.edu/class/archive/cs/cs109/cs109.1206/section/3/section3_soln-eec395b7c1.pdf,application/pdf,downloaded
https://web.stanford.edu/class/archive/cs/cs109/cs109.1206/section/4/warmup4.pdf,/Users/jackb/GitHub/data-adventures/sandbox/stanford-109-questions/downloads/web.stanford.edu/class/archive/cs/cs109/cs109.1206/section/4/warmup4-236e7601be.pdf,application/pdf,downloaded
https://web.stanford.edu/class/archive/cs/cs109/cs109.1206/section/4/warmup4_soln.pdf,/Users/jackb/GitHub/data-adventures/sandbox/stanford-109-questions/downloads/web.stanford.edu/class/archive/cs/cs109/cs109.1206/section/4/warmup4_soln-5ea34c2799.pdf,application/pdf,downloaded
https://web.stanford.edu/class/archive/cs/cs109/cs109.1206/section/4/section4.pdf,/Users/jackb/GitHub/data-adventures/sandbox/stanford-109-questions/downloads/web.stanford.edu/class/archive/cs/cs109/cs109.1206/section/4/section4-6ca3bc5272.pdf,application/pdf,downloaded
https://web.stanford.edu/class/archive/cs/cs109/cs109.1206/section/4/section4_soln.pdf,/Users/jackb/GitHub/data-adventures/sandbox/stanford-109-questions/downloads/web.stanford.edu/class/archive/cs/cs109/cs109.1206/section/4/section4_soln-aabe9264d5.pdf,application/pdf,downloaded
https://web.stanford.edu/class/archive/cs/cs109/cs109.1206/section/5/warmup5.pdf,/Users/jackb/GitHub/data-adventures/sandbox/stanford-109-questions/downloads/web.stanford.edu/class/archive/cs/cs109/cs109.1206/section/5/warmup5-8b821d8f77.pdf,application/pdf,downloaded
https://web.stanford.edu/class/archive/cs/cs109/cs109.1206/section/5/warmup5_soln.pdf,/Users/jackb/GitHub/data-adventures/sandbox/stanford-109-questions/downloads/web.stanford.edu/class/archive/cs/cs109/cs109.1206/section/5/warmup5_soln-0b0f926420.pdf,application/pdf,downloaded
https://web.stanford.edu/class/archive/cs/cs109/cs109.1206/section/5/section5.pdf,/Users/jackb/GitHub/data-adventures/sandbox/stanford-109-questions/downloads/web.stanford.edu/class/archive/cs/cs109/cs109.1206/section/5/section5-9dbef39747.pdf,application/pdf,downloaded
https://web.stanford.edu/class/archive/cs/cs109/cs109.1206/section/5/section5_soln.pdf,/Users/jackb/GitHub/data-adventures/sandbox/stanford-109-questions/downloads/web.stanford.edu/class/archive/cs/cs109/cs109.1206/section/5/section5_soln-d7e74269ea.pdf,application/pdf,downloaded
https://web.stanford.edu/class/archive/cs/cs109/cs109.1206/section/6/warmup6.pdf,/Users/jackb/GitHub/data-adventures/sandbox/stanford-109-questions/downloads/web.stanford.edu/class/archive/cs/cs109/cs109.1206/section/6/warmup6-399e0ea7c3.pdf,application/pdf,downloaded
https://web.stanford.edu/class/archive/cs/cs109/cs109.1206/section/6/warmup6_soln.pdf,/Users/jackb/GitHub/data-adventures/sandbox/stanford-109-questions/downloads/web.stanford.edu/class/archive/cs/cs109/cs109.1206/section/6/warmup6_soln-c45a6e0fde.pdf,application/pdf,downloaded
https://web.stanford.edu/class/archive/cs/cs109/cs109.1206/section/6/section6.pdf,/Users/jackb/GitHub/data-adventures/sandbox/stanford-109-questions/downloads/web.stanford.edu/class/archive/cs/cs109/cs109.1206/section/6/section6-5ef1cd5ac2.pdf,application/pdf,downloaded
https://web.stanford.edu/class/archive/cs/cs109/cs109.1206/section/6/section6_soln.pdf,/Users/jackb/GitHub/data-adventures/sandbox/stanford-109-questions/downloads/web.stanford.edu/class/archive/cs/cs109/cs109.1206/section/6/section6_soln-516060fb4f.pdf,application/pdf,downloaded
https://web.stanford.edu/class/archive/cs/cs109/cs109.1206/section/7/warmup7.pdf,/Users/jackb/GitHub/data-adventures/sandbox/stanford-109-questions/downloads/web.stanford.edu/class/archive/cs/cs109/cs109.1206/section/7/warmup7-cfc1761f28.pdf,application/pdf,downloaded
https://web.stanford.edu/class/archive/cs/cs109/cs109.1206/section/7/warmup7_soln.pdf,/Users/jackb/GitHub/data-adventures/sandbox/stanford-109-questions/downloads/web.stanford.edu/class/archive/cs/cs109/cs109.1206/section/7/warmup7_soln-ea584daff0.pdf,application/pdf,downloaded
https://web.stanford.edu/class/archive/cs/cs109/cs109.1206/section/7/section7.pdf,/Users/jackb/GitHub/data-adventures/sandbox/stanford-109-questions/downloads/web.stanford.edu/class/archive/cs/cs109/cs109.1206/section/7/section7-7528d10c34.pdf,application/pdf,downloaded
https://web.stanford.edu/class/archive/cs/cs109/cs109.1206/section/7/section7_soln.pdf,/Users/jackb/GitHub/data-adventures/sandbox/stanford-109-questions/downloads/web.stanford.edu/class/archive/cs/cs109/cs109.1206/section/7/section7_soln-59387ea34b.pdf,application/pdf,downloaded
https://web.stanford.edu/class/archive/cs/cs109/cs109.1206/section/8/warmup8.pdf,/Users/jackb/GitHub/data-adventures/sandbox/stanford-109-questions/downloads/web.stanford.edu/class/archive/cs/cs109/cs109.1206/section/8/warmup8-e608ad2135.pdf,application/pdf,downloaded
https://web.stanford.edu/class/archive/cs/cs109/cs109.1206/section/8/warmup8_soln.pdf,/Users/jackb/GitHub/data-adventures/sandbox/stanford-109-questions/downloads/web.stanford.edu/class/archive/cs/cs109/cs109.1206/section/8/warmup8_soln-3fdf131d9d.pdf,application/pdf,downloaded
https://web.stanford.edu/class/archive/cs/cs109/cs109.1206/section/8/section8.pdf,/Users/jackb/GitHub/data-adventures/sandbox/stanford-109-questions/downloads/web.stanford.edu/class/archive/cs/cs109/cs109.1206/section/8/section8-2c8c88db00.pdf,application/pdf,downloaded
https://web.stanford.edu/class/archive/cs/cs109/cs109.1206/section/8/section8_soln.pdf,/Users/jackb/GitHub/data-adventures/sandbox/stanford-109-questions/downloads/web.stanford.edu/class/archive/cs/cs109/cs109.1206/section/8/section8_soln-1bf9c2b877.pdf,application/pdf,downloaded
https://web.stanford.edu/class/archive/cs/cs109/cs109.1206/handouts/H01_administrivia.pdf,/Users/jackb/GitHub/data-adventures/sandbox/stanford-109-questions/downloads/web.stanford.edu/class/archive/cs/cs109/cs109.1206/handouts/H01_administrivia-10707d7e6e.pdf,application/pdf,downloaded
https://web.stanford.edu/class/archive/cs/cs109/cs109.1206/handouts/H02_calculation_ref.pdf,/Users/jackb/GitHub/data-adventures/sandbox/stanford-109-questions/downloads/web.stanford.edu/class/archive/cs/cs109/cs109.1206/handouts/H02_calculation_ref-57d3382120.pdf,application/pdf,downloaded
https://web.stanford.edu/class/archive/cs/cs109/cs109.1206/handouts/H03_python_slides.pdf,/Users/jackb/GitHub/data-adventures/sandbox/stanford-109-questions/downloads/web.stanford.edu/class/archive/cs/cs109/cs109.1206/handouts/H03_python_slides-8bf8e3eb98.pdf,application/pdf,downloaded
https://web.stanford.edu/class/archive/cs/cs109/cs109.1206/handouts/H04_standard_normal.pdf,/Users/jackb/GitHub/data-adventures/sandbox/stanford-109-questions/downloads/web.stanford.edu/class/archive/cs/cs109/cs109.1206/handouts/H04_standard_normal-1b029397bd.pdf,application/pdf,downloaded
https://web.stanford.edu/class/archive/cs/cs109/cs109.1206/handouts/H05_prob_reference.pdf,/Users/jackb/GitHub/data-adventures/sandbox/stanford-109-questions/downloads/web.stanford.edu/class/archive/cs/cs109/cs109.1206/handouts/H05_prob_reference-5efb0895e6.pdf,application/pdf,downloaded
https://web.stanford.edu/class/archive/cs/cs109/cs109.1206/psets/contest/modernizing_community_moderation.pdf,/Users/jackb/GitHub/data-adventures/sandbox/stanford-109-questions/downloads/web.stanford.edu/class/archive/cs/cs109/cs109.1206/psets/contest/modernizing_community_moderation-7323eb812c.pdf,application/pdf,downloaded
https://web.stanford.edu/class/archive/cs/cs109/cs109.1206/psets/contest/Using Data on Student-Teacher Ratios and School Capital Investments to Predict Educational Outcomes for Middle and High School Children in New York State.pdf,,,download_error: URL can't contain control characters. '/class/archive/cs/cs109/cs109.1206/psets/contest/Using Data on Student-Teacher Ratios and School Capital Investments to Predict Educational Outcomes for Middle and High School Children in New York State.pdf' (found at least ' ')
https://web.stanford.edu/class/archive/cs/cs109/cs109.1206/exams/review_session01.pdf,/Users/jackb/GitHub/data-adventures/sandbox/stanford-109-questions/downloads/web.stanford.edu/class/archive/cs/cs109/cs109.1206/exams/review_session01-7e07aa247b.pdf,application/pdf,downloaded
https://web.stanford.edu/class/archive/cs/cs109/cs109.1206/restricted/concept_checks/CC01-02_lecture.pdf,/Users/jackb/GitHub/data-adventures/sandbox/stanford-109-questions/downloads/web.stanford.edu/class/archive/cs/cs109/cs109.1206/restricted/concept_checks/CC01-02_lecture-d72d23e5d6.pdf,text/html;charset=utf-8,downloaded
https://web.stanford.edu/class/archive/cs/cs109/cs109.1206/restricted/concept_checks/CC03_lecture.pdf,/Users/jackb/GitHub/data-adventures/sandbox/stanford-109-questions/downloads/web.stanford.edu/class/archive/cs/cs109/cs109.1206/restricted/concept_checks/CC03_lecture-85dbc94e73.pdf,text/html;charset=utf-8,downloaded
https://web.stanford.edu/class/archive/cs/cs109/cs109.1206/restricted/concept_checks/CC04_lecture.pdf,/Users/jackb/GitHub/data-adventures/sandbox/stanford-109-questions/downloads/web.stanford.edu/class/archive/cs/cs109/cs109.1206/restricted/concept_checks/CC04_lecture-566fcbc087.pdf,text/html;charset=utf-8,downloaded
https://web.stanford.edu/class/archive/cs/cs109/cs109.1206/restricted/concept_checks/CC05_lecture.pdf,/Users/jackb/GitHub/data-adventures/sandbox/stanford-109-questions/downloads/web.stanford.edu/class/archive/cs/cs109/cs109.1206/restricted/concept_checks/CC05_lecture-e43b2b88ef.pdf,text/html;charset=utf-8,downloaded
https://web.stanford.edu/class/archive/cs/cs109/cs109.1206/restricted/concept_checks/CC07_lecture.pdf,/Users/jackb/GitHub/data-adventures/sandbox/stanford-109-questions/downloads/web.stanford.edu/class/archive/cs/cs109/cs109.1206/restricted/concept_checks/CC07_lecture-784aec80a9.pdf,text/html;charset=utf-8,downloaded
https://web.stanford.edu/class/archive/cs/cs109/cs109.1206/restricted/concept_checks/CC08_lecture.pdf,/Users/jackb/GitHub/data-adventures/sandbox/stanford-109-questions/downloads/web.stanford.edu/class/archive/cs/cs109/cs109.1206/restricted/concept_checks/CC08_lecture-48574d2e02.pdf,text/html;charset=utf-8,downloaded
https://web.stanford.edu/class/archive/cs/cs109/cs109.1206/restricted/concept_checks/CC09_lecture.pdf,/Users/jackb/GitHub/data-adventures/sandbox/stanford-109-questions/downloads/web.stanford.edu/class/archive/cs/cs109/cs109.1206/restricted/concept_checks/CC09_lecture-2f7567dc91.pdf,text/html;charset=utf-8,downloaded
https://web.stanford.edu/class/archive/cs/cs109/cs109.1206/restricted/concept_checks/CC10_lecture.pdf,/Users/jackb/GitHub/data-adventures/sandbox/stanford-109-questions/downloads/web.stanford.edu/class/archive/cs/cs109/cs109.1206/restricted/concept_checks/CC10_lecture-b386fe69cf.pdf,text/html;charset=utf-8,downloaded
https://web.stanford.edu/class/archive/cs/cs109/cs109.1206/restricted/concept_checks/CC11_lecture.pdf,/Users/jackb/GitHub/data-adventures/sandbox/stanford-109-questions/downloads/web.stanford.edu/class/archive/cs/cs109/cs109.1206/restricted/concept_checks/CC11_lecture-da3aff81c3.pdf,text/html;charset=utf-8,downloaded
https://web.stanford.edu/class/archive/cs/cs109/cs109.1206/restricted/concept_checks/CC12_lecture.pdf,/Users/jackb/GitHub/data-adventures/sandbox/stanford-109-questions/downloads/web.stanford.edu/class/archive/cs/cs109/cs109.1206/restricted/concept_checks/CC12_lecture-5ac7ba8cba.pdf,text/html;charset=utf-8,downloaded
https://web.stanford.edu/class/archive/cs/cs109/cs109.1206/restricted/concept_checks/CC13_lecture.pdf,/Users/jackb/GitHub/data-adventures/sandbox/stanford-109-questions/downloads/web.stanford.edu/class/archive/cs/cs109/cs109.1206/restricted/concept_checks/CC13_lecture-7e9ec336c6.pdf,text/html;charset=utf-8,downloaded
https://web.stanford.edu/class/archive/cs/cs109/cs109.1206/restricted/concept_checks/CC14_lecture.pdf,/Users/jackb/GitHub/data-adventures/sandbox/stanford-109-questions/downloads/web.stanford.edu/class/archive/cs/cs109/cs109.1206/restricted/concept_checks/CC14_lecture-b063ad62f2.pdf,text/html;charset=utf-8,downloaded
https://web.stanford.edu/class/archive/cs/cs109/cs109.1206/restricted/concept_checks/CC15_lecture.pdf,/Users/jackb/GitHub/data-adventures/sandbox/stanford-109-questions/downloads/web.stanford.edu/class/archive/cs/cs109/cs109.1206/restricted/concept_checks/CC15_lecture-4c50491ca6.pdf,text/html;charset=utf-8,downloaded
https://web.stanford.edu/class/archive/cs/cs109/cs109.1206/restricted/concept_checks/CC16_lecture.pdf,/Users/jackb/GitHub/data-adventures/sandbox/stanford-109-questions/downloads/web.stanford.edu/class/archive/cs/cs109/cs109.1206/restricted/concept_checks/CC16_lecture-eeafb5085e.pdf,text/html;charset=utf-8,downloaded
https://web.stanford.edu/class/archive/cs/cs109/cs109.1206/restricted/concept_checks/CC17_lecture.pdf,/Users/jackb/GitHub/data-adventures/sandbox/stanford-109-questions/downloads/web.stanford.edu/class/archive/cs/cs109/cs109.1206/restricted/concept_checks/CC17_lecture-749f24832a.pdf,text/html;charset=utf-8,downloaded
https://web.stanford.edu/class/archive/cs/cs109/cs109.1206/restricted/concept_checks/CC18_lecture.pdf,/Users/jackb/GitHub/data-adventures/sandbox/stanford-109-questions/downloads/web.stanford.edu/class/archive/cs/cs109/cs109.1206/restricted/concept_checks/CC18_lecture-35b76b9962.pdf,text/html;charset=utf-8,downloaded
https://web.stanford.edu/class/archive/cs/cs109/cs109.1206/restricted/concept_checks/CC19_lecture.pdf,/Users/jackb/GitHub/data-adventures/sandbox/stanford-109-questions/downloads/web.stanford.edu/class/archive/cs/cs109/cs109.1206/restricted/concept_checks/CC19_lecture-aceb2936af.pdf,text/html;charset=utf-8,downloaded
https://web.stanford.edu/class/archive/cs/cs109/cs109.1206/restricted/concept_checks/CC20_lecture.pdf,/Users/jackb/GitHub/data-adventures/sandbox/stanford-109-questions/downloads/web.stanford.edu/class/archive/cs/cs109/cs109.1206/restricted/concept_checks/CC20_lecture-1ab0d4f675.pdf,text/html;charset=utf-8,downloaded
https://web.stanford.edu/class/archive/cs/cs109/cs109.1206/restricted/concept_checks/CC21_lecture.pdf,/Users/jackb/GitHub/data-adventures/sandbox/stanford-109-questions/downloads/web.stanford.edu/class/archive/cs/cs109/cs109.1206/restricted/concept_checks/CC21_lecture-ca4a8baea6.pdf,text/html;charset=utf-8,downloaded
https://web.stanford.edu/class/archive/cs/cs109/cs109.1204/reader/1 Counting.pdf,,,download_error: URL can't contain control characters. '/class/archive/cs/cs109/cs109.1204/reader/1 Counting.pdf' (found at least ' ')
https://web.stanford.edu/class/archive/cs/cs109/cs109.1204/reader/2 Probability.pdf,,,download_error: URL can't contain control characters. '/class/archive/cs/cs109/cs109.1204/reader/2 Probability.pdf' (found at least ' ')
https://web.stanford.edu/class/archive/cs/cs109/cs109.1204/reader/3 Conditional.pdf,,,download_error: URL can't contain control characters. '/class/archive/cs/cs109/cs109.1204/reader/3 Conditional.pdf' (found at least ' ')
https://web.stanford.edu/class/archive/cs/cs109/cs109.1204/reader/4 Random Variables.pdf,,,download_error: URL can't contain control characters. '/class/archive/cs/cs109/cs109.1204/reader/4 Random Variables.pdf' (found at least ' ')
https://web.stanford.edu/class/archive/cs/cs109/cs109.1204/reader/5 Discrete Variables.pdf,,,download_error: URL can't contain control characters. '/class/archive/cs/cs109/cs109.1204/reader/5 Discrete Variables.pdf' (found at least ' ')
https://web.stanford.edu/class/archive/cs/cs109/cs109.1204/reader/6 Continuous Variables.pdf,,,download_error: URL can't contain control characters. '/class/archive/cs/cs109/cs109.1204/reader/6 Continuous Variables.pdf' (found at least ' ')
https://web.stanford.edu/class/archive/cs/cs109/cs109.1204/reader/7 Multivariate.pdf,,,download_error: URL can't contain control characters. '/class/archive/cs/cs109/cs109.1204/reader/7 Multivariate.pdf' (found at least ' ')
https://web.stanford.edu/class/archive/cs/cs109/cs109.1204/reader/8 Probability as a Variable.pdf,,,download_error: URL can't contain control characters. '/class/archive/cs/cs109/cs109.1204/reader/8 Probability as a Variable.pdf' (found at least ' ')
https://web.stanford.edu/class/archive/cs/cs109/cs109.1204/reader/9 Sampling.pdf,,,download_error: URL can't contain control characters. '/class/archive/cs/cs109/cs109.1204/reader/9 Sampling.pdf' (found at least ' ')
https://web.stanford.edu/class/archive/cs/cs109/cs109.1204/reader/10 Central Theorems.pdf,,,download_error: URL can't contain control characters. '/class/archive/cs/cs109/cs109.1204/reader/10 Central Theorems.pdf' (found at least ' ')
https://web.stanford.edu/class/archive/cs/cs109/cs109.1204/reader/11 Parameter Estimation.pdf,,,download_error: URL can't contain control characters. '/class/archive/cs/cs109/cs109.1204/reader/11 Parameter Estimation.pdf' (found at least ' ')
https://web.stanford.edu/class/archive/cs/cs109/cs109.1204/reader/12 Machine Learning.pdf,,,download_error: URL can't contain control characters. '/class/archive/cs/cs109/cs109.1204/reader/12 Machine Learning.pdf' (found at least ' ')
https://web.stanford.edu/class/archive/cs/cs109/cs109.1228/course-staff/course-staff/,,,page_error: HTTP Error 404: Not Found
https://web.stanford.edu/class/archive/cs/cs109/cs109.1228/course-staff/office-hours,,,page_error: HTTP Error 404: Not Found
https://web.stanford.edu/class/archive/cs/cs109/cs109.1232/lectures/bootstrap.zip,,,page_error: HTTP Error 404: Not Found
https://web.stanford.edu/class/archive/cs/cs109/cs109.1214/handouts/calculationReference.pdf,/Users/jackb/GitHub/data-adventures/sandbox/stanford-109-questions/downloads/web.stanford.edu/class/archive/cs/cs109/cs109.1214/handouts/calculationReference-32bc001cdf.pdf,application/pdf,downloaded
https://web.stanford.edu/class/archive/cs/cs109/cs109.1166/27-Review.pptx,,,page_error: HTTP Error 404: Not Found
https://web.stanford.edu/class/archive/cs/cs109/cs109.1182/23%20MAP.pptx,,,page_error: HTTP Error 404: Not Found
https://web.stanford.edu/class/archive/cs/cs109/cs109.1206/psets/pset1.pdf,/Users/jackb/GitHub/data-adventures/sandbox/stanford-109-questions/downloads/web.stanford.edu/class/archive/cs/cs109/cs109.1206/psets/pset1-97606ec2f0.pdf,application/pdf,downloaded
https://web.stanford.edu/class/archive/cs/cs109/cs109.1206/psets/pset2.pdf,/Users/jackb/GitHub/data-adventures/sandbox/stanford-109-questions/downloads/web.stanford.edu/class/archive/cs/cs109/cs109.1206/psets/pset2-8a3f388aef.pdf,application/pdf,downloaded
https://web.stanford.edu/class/archive/cs/cs109/cs109.1206/psets/pset3.pdf,/Users/jackb/GitHub/data-adventures/sandbox/stanford-109-questions/downloads/web.stanford.edu/class/archive/cs/cs109/cs109.1206/psets/pset3-42753e69f0.pdf,application/pdf,downloaded
https://web.stanford.edu/class/archive/cs/cs109/cs109.1206/psets/pset4.pdf,/Users/jackb/GitHub/data-adventures/sandbox/stanford-109-questions/downloads/web.stanford.edu/class/archive/cs/cs109/cs109.1206/psets/pset4-03011dff9d.pdf,application/pdf,downloaded
https://web.stanford.edu/class/archive/cs/cs109/cs109.1206/psets/pset5.pdf,/Users/jackb/GitHub/data-adventures/sandbox/stanford-109-questions/downloads/web.stanford.edu/class/archive/cs/cs109/cs109.1206/psets/pset5-be21043201.pdf,application/pdf,downloaded
https://web.stanford.edu/class/archive/cs/cs109/cs109.1206/psets/pset6.pdf,/Users/jackb/GitHub/data-adventures/sandbox/stanford-109-questions/downloads/web.stanford.edu/class/archive/cs/cs109/cs109.1206/psets/pset6-fa70c20c63.pdf,application/pdf,downloaded
https://web.stanford.edu/class/archive/cs/cs109/cs109.1206/exams/quiz1/quiz1.pdf,/Users/jackb/GitHub/data-adventures/sandbox/stanford-109-questions/downloads/web.stanford.edu/class/archive/cs/cs109/cs109.1206/exams/quiz1/quiz1-dd3fa82eca.pdf,application/pdf,downloaded
https://web.stanford.edu/class/archive/cs/cs109/cs109.1206/restricted/quiz1_soln.pdf,/Users/jackb/GitHub/data-adventures/sandbox/stanford-109-questions/downloads/web.stanford.edu/class/archive/cs/cs109/cs109.1206/restricted/quiz1_soln-824e8b1b0f.pdf,text/html;charset=utf-8,downloaded
https://web.stanford.edu/class/archive/cs/cs109/cs109.1206/cgi-bin/quiz02.py,,text/html;charset=utf-8,skipped_html
https://web.stanford.edu/class/archive/cs/cs109/cs109.1206/exams/PracticeMidterm.pdf,/Users/jackb/GitHub/data-adventures/sandbox/stanford-109-questions/downloads/web.stanford.edu/class/archive/cs/cs109/cs109.1206/exams/PracticeMidterm-265d0cf130.pdf,application/pdf,downloaded
https://web.stanford.edu/class/archive/cs/cs109/cs109.1206/exams/PracticeMidtermSoln.pdf,/Users/jackb/GitHub/data-adventures/sandbox/stanford-109-questions/downloads/web.stanford.edu/class/archive/cs/cs109/cs109.1206/exams/PracticeMidtermSoln-5cc71c8084.pdf,application/pdf,downloaded
https://web.stanford.edu/class/archive/cs/cs109/cs109.1206/exams/MidtermFall2017.pdf,/Users/jackb/GitHub/data-adventures/sandbox/stanford-109-questions/downloads/web.stanford.edu/class/archive/cs/cs109/cs109.1206/exams/MidtermFall2017-bb01587fe3.pdf,application/pdf,downloaded
https://web.stanford.edu/class/archive/cs/cs109/cs109.1206/exams/MidtermFall2017Soln.pdf,/Users/jackb/GitHub/data-adventures/sandbox/stanford-109-questions/downloads/web.stanford.edu/class/archive/cs/cs109/cs109.1206/exams/MidtermFall2017Soln-30289c9242.pdf,application/pdf,downloaded
https://web.stanford.edu/class/archive/cs/cs109/cs109.1206/exams/MidtermSpr2017.pdf,/Users/jackb/GitHub/data-adventures/sandbox/stanford-109-questions/downloads/web.stanford.edu/class/archive/cs/cs109/cs109.1206/exams/MidtermSpr2017-45c08f5e78.pdf,application/pdf,downloaded
https://web.stanford.edu/class/archive/cs/cs109/cs109.1206/exams/MidtermSpr2017Soln.pdf,/Users/jackb/GitHub/data-adventures/sandbox/stanford-109-questions/downloads/web.stanford.edu/class/archive/cs/cs109/cs109.1206/exams/MidtermSpr2017Soln-971725a085.pdf,application/pdf,downloaded
https://web.stanford.edu/class/archive/cs/cs109/cs109.1206/exams/MidtermSpr2016.pdf,/Users/jackb/GitHub/data-adventures/sandbox/stanford-109-questions/downloads/web.stanford.edu/class/archive/cs/cs109/cs109.1206/exams/MidtermSpr2016-a856dfae08.pdf,application/pdf,downloaded
https://web.stanford.edu/class/archive/cs/cs109/cs109.1206/exams/MidtermSpr2016Soln.pdf,/Users/jackb/GitHub/data-adventures/sandbox/stanford-109-questions/downloads/web.stanford.edu/class/archive/cs/cs109/cs109.1206/exams/MidtermSpr2016Soln-15284a5388.pdf,application/pdf,downloaded
https://web.stanford.edu/class/archive/cs/cs109/cs109.1206/exams/Extra Problems 1.pdf,,,download_error: URL can't contain control characters. '/class/archive/cs/cs109/cs109.1206/exams/Extra Problems 1.pdf' (found at least ' ')
https://web.stanford.edu/class/archive/cs/cs109/cs109.1206/exams/Extra Problems 1 Soln.pdf,,,download_error: URL can't contain control characters. '/class/archive/cs/cs109/cs109.1206/exams/Extra Problems 1 Soln.pdf' (found at least ' ')
https://web.stanford.edu/class/archive/cs/cs109/cs109.1206/exams/Extra Problems 2.pdf,,,download_error: URL can't contain control characters. '/class/archive/cs/cs109/cs109.1206/exams/Extra Problems 2.pdf' (found at least ' ')
https://web.stanford.edu/class/archive/cs/cs109/cs109.1206/exams/Extra Problems 2 Soln.pdf,,,download_error: URL can't contain control characters. '/class/archive/cs/cs109/cs109.1206/exams/Extra Problems 2 Soln.pdf' (found at least ' ')
https://web.stanford.edu/class/archive/cs/cs109/cs109.1206/exams/Distributions.pdf,/Users/jackb/GitHub/data-adventures/sandbox/stanford-109-questions/downloads/web.stanford.edu/class/archive/cs/cs109/cs109.1206/exams/Distributions-25eaaebaaf.pdf,application/pdf,downloaded
https://web.stanford.edu/class/archive/cs/cs109/cs109.1206/exams/MidtermReview.pdf,/Users/jackb/GitHub/data-adventures/sandbox/stanford-109-questions/downloads/web.stanford.edu/class/archive/cs/cs109/cs109.1206/exams/MidtermReview-2bd830b9d1.pdf,application/pdf,downloaded
https://web.stanford.edu/class/archive/cs/cs109/cs109.1206/exams/PracticeFinal.pdf,/Users/jackb/GitHub/data-adventures/sandbox/stanford-109-questions/downloads/web.stanford.edu/class/archive/cs/cs109/cs109.1206/exams/PracticeFinal-d7da13ff84.pdf,application/pdf,downloaded
https://web.stanford.edu/class/archive/cs/cs109/cs109.1206/exams/PracticeFinalSoln.pdf,/Users/jackb/GitHub/data-adventures/sandbox/stanford-109-questions/downloads/web.stanford.edu/class/archive/cs/cs109/cs109.1206/exams/PracticeFinalSoln-0db5798769.pdf,application/pdf,downloaded
https://web.stanford.edu/class/archive/cs/cs109/cs109.1206/quiz/quiz1.pdf,,,download_error: HTTP Error 404: Not Found
https://web.stanford.edu/class/archive/cs/cs109/cs109.1206/quiz/quiz1_soln.pdf,,,download_error: HTTP Error 404: Not Found
https://web.stanford.edu/class/archive/cs/cs109/cs109.1206/exams/FinalFall2017.pdf,/Users/jackb/GitHub/data-adventures/sandbox/stanford-109-questions/downloads/web.stanford.edu/class/archive/cs/cs109/cs109.1206/exams/FinalFall2017-73d421c90f.pdf,application/pdf,downloaded
https://web.stanford.edu/class/archive/cs/cs109/cs109.1206/exams/FinalFall2017Soln.pdf,/Users/jackb/GitHub/data-adventures/sandbox/stanford-109-questions/downloads/web.stanford.edu/class/archive/cs/cs109/cs109.1206/exams/FinalFall2017Soln-f405355600.pdf,application/pdf,downloaded
https://web.stanford.edu/class/archive/cs/cs109/cs109.1206/exams/FinalSpring2017.pdf,/Users/jackb/GitHub/data-adventures/sandbox/stanford-109-questions/downloads/web.stanford.edu/class/archive/cs/cs109/cs109.1206/exams/FinalSpring2017-fe525237f1.pdf,application/pdf,downloaded
https://web.stanford.edu/class/archive/cs/cs109/cs109.1206/exams/FinalSpring2017Soln.pdf,/Users/jackb/GitHub/data-adventures/sandbox/stanford-109-questions/downloads/web.stanford.edu/class/archive/cs/cs109/cs109.1206/exams/FinalSpring2017Soln-54f3a55486.pdf,application/pdf,downloaded
https://web.stanford.edu/class/archive/cs/cs109/cs109.1206/exams/review_session02.pdf,/Users/jackb/GitHub/data-adventures/sandbox/stanford-109-questions/downloads/web.stanford.edu/class/archive/cs/cs109/cs109.1206/exams/review_session02-f38f8662aa.pdf,application/pdf,downloaded
https://web.stanford.edu/class/archive/cs/cs109/cs109.1206/handouts/H06_python_array_slides.pdf,/Users/jackb/GitHub/data-adventures/sandbox/stanford-109-questions/downloads/web.stanford.edu/class/archive/cs/cs109/cs109.1206/handouts/H06_python_array_slides-f5f98a1be5.pdf,application/pdf,downloaded
https://web.stanford.edu/class/archive/cs/cs109/cs109.1206/handouts/latex/install.pdf,/Users/jackb/GitHub/data-adventures/sandbox/stanford-109-questions/downloads/web.stanford.edu/class/archive/cs/cs109/cs109.1206/handouts/latex/install-0170d49738.pdf,application/pdf,downloaded
https://web.stanford.edu/class/archive/cs/cs109/cs109.1206/handouts/latex/example.pdf,/Users/jackb/GitHub/data-adventures/sandbox/stanford-109-questions/downloads/web.stanford.edu/class/archive/cs/cs109/cs109.1206/handouts/latex/example-3d880a9da6.pdf,application/pdf,downloaded
https://web.stanford.edu/class/archive/cs/cs109/cs109.1208/lectures/01_counting_blank.pdf,/Users/jackb/GitHub/data-adventures/sandbox/stanford-109-questions/downloads/web.stanford.edu/class/archive/cs/cs109/cs109.1208/lectures/01_counting_blank-13929d01d2.pdf,application/pdf,downloaded
https://web.stanford.edu/class/archive/cs/cs109/cs109.1208/lectures/01_counting.pdf,/Users/jackb/GitHub/data-adventures/sandbox/stanford-109-questions/downloads/web.stanford.edu/class/archive/cs/cs109/cs109.1208/lectures/01_counting-77dccdffc3.pdf,application/pdf,downloaded
https://web.stanford.edu/class/archive/cs/cs109/cs109.1208/lectureNotes/LN01_counting.pdf,/Users/jackb/GitHub/data-adventures/sandbox/stanford-109-questions/downloads/web.stanford.edu/class/archive/cs/cs109/cs109.1208/lectureNotes/LN01_counting-8de386168a.pdf,application/pdf,downloaded
https://web.stanford.edu/class/archive/cs/cs109/cs109.1208/lectures/02_combinatorics_blank.pdf,/Users/jackb/GitHub/data-adventures/sandbox/stanford-109-questions/downloads/web.stanford.edu/class/archive/cs/cs109/cs109.1208/lectures/02_combinatorics_blank-c2c283ec90.pdf,application/pdf,downloaded
https://web.stanford.edu/class/archive/cs/cs109/cs109.1208/lectures/02_combinatorics.pdf,/Users/jackb/GitHub/data-adventures/sandbox/stanford-109-questions/downloads/web.stanford.edu/class/archive/cs/cs109/cs109.1208/lectures/02_combinatorics-7ba07efc5c.pdf,application/pdf,downloaded
https://web.stanford.edu/class/archive/cs/cs109/cs109.1208/lectureNotes/LN02_combinatorics.pdf,/Users/jackb/GitHub/data-adventures/sandbox/stanford-109-questions/downloads/web.stanford.edu/class/archive/cs/cs109/cs109.1208/lectureNotes/LN02_combinatorics-6e564299fc.pdf,application/pdf,downloaded
https://web.stanford.edu/class/archive/cs/cs109/cs109.1208/lectures/03_probability_blank.pdf,/Users/jackb/GitHub/data-adventures/sandbox/stanford-109-questions/downloads/web.stanford.edu/class/archive/cs/cs109/cs109.1208/lectures/03_probability_blank-43b27238d1.pdf,application/pdf,downloaded
https://web.stanford.edu/class/archive/cs/cs109/cs109.1208/lectures/03_probability.pdf,/Users/jackb/GitHub/data-adventures/sandbox/stanford-109-questions/downloads/web.stanford.edu/class/archive/cs/cs109/cs109.1208/lectures/03_probability-60aedbaaba.pdf,application/pdf,downloaded
https://web.stanford.edu/class/archive/cs/cs109/cs109.1208/lectureNotes/LN03_probability.pdf,/Users/jackb/GitHub/data-adventures/sandbox/stanford-109-questions/downloads/web.stanford.edu/class/archive/cs/cs109/cs109.1208/lectureNotes/LN03_probability-fd8f4190c2.pdf,application/pdf,downloaded
https://web.stanford.edu/class/archive/cs/cs109/cs109.1208/lectures/04_cond_bayes_blank.pdf,/Users/jackb/GitHub/data-adventures/sandbox/stanford-109-questions/downloads/web.stanford.edu/class/archive/cs/cs109/cs109.1208/lectures/04_cond_bayes_blank-fd1a143123.pdf,application/pdf,downloaded
https://web.stanford.edu/class/archive/cs/cs109/cs109.1208/lectures/04_cond_bayes.pdf,/Users/jackb/GitHub/data-adventures/sandbox/stanford-109-questions/downloads/web.stanford.edu/class/archive/cs/cs109/cs109.1208/lectures/04_cond_bayes-3ba47ddcb0.pdf,application/pdf,downloaded
https://web.stanford.edu/class/archive/cs/cs109/cs109.1208/lectureNotes/LN04_cond_bayes.pdf,/Users/jackb/GitHub/data-adventures/sandbox/stanford-109-questions/downloads/web.stanford.edu/class/archive/cs/cs109/cs109.1208/lectureNotes/LN04_cond_bayes-0fb44b854c.pdf,application/pdf,downloaded
https://web.stanford.edu/class/archive/cs/cs109/cs109.1208/lectures/05_independence_blank.pdf,/Users/jackb/GitHub/data-adventures/sandbox/stanford-109-questions/downloads/web.stanford.edu/class/archive/cs/cs109/cs109.1208/lectures/05_independence_blank-15c253c4f2.pdf,application/pdf,downloaded
https://web.stanford.edu/class/archive/cs/cs109/cs109.1208/lectures/05_independence.pdf,/Users/jackb/GitHub/data-adventures/sandbox/stanford-109-questions/downloads/web.stanford.edu/class/archive/cs/cs109/cs109.1208/lectures/05_independence-dd9312f27d.pdf,application/pdf,downloaded
https://web.stanford.edu/class/archive/cs/cs109/cs109.1208/lectureNotes/LN05_independence.pdf,/Users/jackb/GitHub/data-adventures/sandbox/stanford-109-questions/downloads/web.stanford.edu/class/archive/cs/cs109/cs109.1208/lectureNotes/LN05_independence-f23227be68.pdf,application/pdf,downloaded
https://web.stanford.edu/class/archive/cs/cs109/cs109.1208/lectures/06_rvs_i.pdf,/Users/jackb/GitHub/data-adventures/sandbox/stanford-109-questions/downloads/web.stanford.edu/class/archive/cs/cs109/cs109.1208/lectures/06_rvs_i-9fcd10ff14.pdf,application/pdf,downloaded
https://web.stanford.edu/class/archive/cs/cs109/cs109.1208/lectures/06_rvs.pdf,/Users/jackb/GitHub/data-adventures/sandbox/stanford-109-questions/downloads/web.stanford.edu/class/archive/cs/cs109/cs109.1208/lectures/06_rvs-2ec6b0b3e2.pdf,application/pdf,downloaded
https://web.stanford.edu/class/archive/cs/cs109/cs109.1208/lectures/07_bernoulli_binomial.pdf,/Users/jackb/GitHub/data-adventures/sandbox/stanford-109-questions/downloads/web.stanford.edu/class/archive/cs/cs109/cs109.1208/lectures/07_bernoulli_binomial-99b8fb7a69.pdf,application/pdf,downloaded
https://web.stanford.edu/class/archive/cs/cs109/cs109.1208/lectureNotes/LN06_random_variables.pdf,/Users/jackb/GitHub/data-adventures/sandbox/stanford-109-questions/downloads/web.stanford.edu/class/archive/cs/cs109/cs109.1208/lectureNotes/LN06_random_variables-0f29c6e53d.pdf,application/pdf,downloaded
https://web.stanford.edu/class/archive/cs/cs109/cs109.1208/lectureNotes/LN07_bernoulli_binomial.pdf,/Users/jackb/GitHub/data-adventures/sandbox/stanford-109-questions/downloads/web.stanford.edu/class/archive/cs/cs109/cs109.1208/lectureNotes/LN07_bernoulli_binomial-871598c2fe.pdf,application/pdf,downloaded
https://web.stanford.edu/class/archive/cs/cs109/cs109.1208/lectures/07_rvs_ii.pdf,/Users/jackb/GitHub/data-adventures/sandbox/stanford-109-questions/downloads/web.stanford.edu/class/archive/cs/cs109/cs109.1208/lectures/07_rvs_ii-b469b3c512.pdf,application/pdf,downloaded
https://web.stanford.edu/class/archive/cs/cs109/cs109.1208/lectures/08_poisson_and_more.pdf,/Users/jackb/GitHub/data-adventures/sandbox/stanford-109-questions/downloads/web.stanford.edu/class/archive/cs/cs109/cs109.1208/lectures/08_poisson_and_more-efbe33e4b4.pdf,application/pdf,downloaded
https://web.stanford.edu/class/archive/cs/cs109/cs109.1208/lectureNotes/LN08_poisson_and_more.pdf,/Users/jackb/GitHub/data-adventures/sandbox/stanford-109-questions/downloads/web.stanford.edu/class/archive/cs/cs109/cs109.1208/lectureNotes/LN08_poisson_and_more-2ed187b8d5.pdf,application/pdf,downloaded
https://web.stanford.edu/class/archive/cs/cs109/cs109.1208/lectures/09_continuous_rv_blank.pdf,/Users/jackb/GitHub/data-adventures/sandbox/stanford-109-questions/downloads/web.stanford.edu/class/archive/cs/cs109/cs109.1208/lectures/09_continuous_rv_blank-4b84f42a44.pdf,application/pdf,downloaded
https://web.stanford.edu/class/archive/cs/cs109/cs109.1208/lectures/09_continuous_rv.pdf,/Users/jackb/GitHub/data-adventures/sandbox/stanford-109-questions/downloads/web.stanford.edu/class/archive/cs/cs109/cs109.1208/lectures/09_continuous_rv-e3c96d7b65.pdf,application/pdf,downloaded
https://web.stanford.edu/class/archive/cs/cs109/cs109.1208/lectureNotes/LN09_continuous_rv.pdf,/Users/jackb/GitHub/data-adventures/sandbox/stanford-109-questions/downloads/web.stanford.edu/class/archive/cs/cs109/cs109.1208/lectureNotes/LN09_continuous_rv-ebdf316e8c.pdf,application/pdf,downloaded
https://web.stanford.edu/class/archive/cs/cs109/cs109.1208/lectures/10_normal_gaussian_blank.pdf,/Users/jackb/GitHub/data-adventures/sandbox/stanford-109-questions/downloads/web.stanford.edu/class/archive/cs/cs109/cs109.1208/lectures/10_normal_gaussian_blank-7606fee87b.pdf,application/pdf,downloaded
https://web.stanford.edu/class/archive/cs/cs109/cs109.1208/lectures/10_normal_gaussian.pdf,/Users/jackb/GitHub/data-adventures/sandbox/stanford-109-questions/downloads/web.stanford.edu/class/archive/cs/cs109/cs109.1208/lectures/10_normal_gaussian-c586149ff2.pdf,application/pdf,downloaded
https://web.stanford.edu/class/archive/cs/cs109/cs109.1208/lectureNotes/LN10_gaussian.pdf,/Users/jackb/GitHub/data-adventures/sandbox/stanford-109-questions/downloads/web.stanford.edu/class/archive/cs/cs109/cs109.1208/lectureNotes/LN10_gaussian-4e2347cb23.pdf,application/pdf,downloaded
https://web.stanford.edu/class/archive/cs/cs109/cs109.1208/lectures/11_joint_rvs_blank.pdf,/Users/jackb/GitHub/data-adventures/sandbox/stanford-109-questions/downloads/web.stanford.edu/class/archive/cs/cs109/cs109.1208/lectures/11_joint_rvs_blank-36f6503bf7.pdf,application/pdf,downloaded
https://web.stanford.edu/class/archive/cs/cs109/cs109.1208/lectures/11_joint_rvs.pdf,/Users/jackb/GitHub/data-adventures/sandbox/stanford-109-questions/downloads/web.stanford.edu/class/archive/cs/cs109/cs109.1208/lectures/11_joint_rvs-2d2b56a311.pdf,application/pdf,downloaded
https://web.stanford.edu/class/archive/cs/cs109/cs109.1208/lectureNotes/LN11_joint_rv.pdf,/Users/jackb/GitHub/data-adventures/sandbox/stanford-109-questions/downloads/web.stanford.edu/class/archive/cs/cs109/cs109.1208/lectureNotes/LN11_joint_rv-3256cb2bff.pdf,application/pdf,downloaded
https://web.stanford.edu/class/archive/cs/cs109/cs109.1208/lectures/12_independent_rvs_blank.pdf,/Users/jackb/GitHub/data-adventures/sandbox/stanford-109-questions/downloads/web.stanford.edu/class/archive/cs/cs109/cs109.1208/lectures/12_independent_rvs_blank-c222ac72f8.pdf,application/pdf,downloaded
https://web.stanford.edu/class/archive/cs/cs109/cs109.1208/lectures/12_independent_rvs.pdf,/Users/jackb/GitHub/data-adventures/sandbox/stanford-109-questions/downloads/web.stanford.edu/class/archive/cs/cs109/cs109.1208/lectures/12_independent_rvs-27febd3eec.pdf,application/pdf,downloaded
https://web.stanford.edu/class/archive/cs/cs109/cs109.1208/lectureNotes/LN12_independent_rvs.pdf,/Users/jackb/GitHub/data-adventures/sandbox/stanford-109-questions/downloads/web.stanford.edu/class/archive/cs/cs109/cs109.1208/lectureNotes/LN12_independent_rvs-bf401916f8.pdf,application/pdf,downloaded
https://web.stanford.edu/class/archive/cs/cs109/cs109.1208/lectures/13_joint_statistics_blank.pdf,/Users/jackb/GitHub/data-adventures/sandbox/stanford-109-questions/downloads/web.stanford.edu/class/archive/cs/cs109/cs109.1208/lectures/13_joint_statistics_blank-579e2438cf.pdf,application/pdf,downloaded
https://web.stanford.edu/class/archive/cs/cs109/cs109.1208/lectures/13_joint_statistics.pdf,/Users/jackb/GitHub/data-adventures/sandbox/stanford-109-questions/downloads/web.stanford.edu/class/archive/cs/cs109/cs109.1208/lectures/13_joint_statistics-86f9d65d24.pdf,application/pdf,downloaded
https://web.stanford.edu/class/archive/cs/cs109/cs109.1208/lectureNotes/LN13_joint_statistics.pdf,/Users/jackb/GitHub/data-adventures/sandbox/stanford-109-questions/downloads/web.stanford.edu/class/archive/cs/cs109/cs109.1208/lectureNotes/LN13_joint_statistics-b32fc571e3.pdf,application/pdf,downloaded
https://web.stanford.edu/class/archive/cs/cs109/cs109.1208/lectures/14_conditional_expectation_blank.pdf,/Users/jackb/GitHub/data-adventures/sandbox/stanford-109-questions/downloads/web.stanford.edu/class/archive/cs/cs109/cs109.1208/lectures/14_conditional_expectation_blank-62cc6d6c37.pdf,application/pdf,downloaded
https://web.stanford.edu/class/archive/cs/cs109/cs109.1208/lectures/14_conditional_expectation.pdf,/Users/jackb/GitHub/data-adventures/sandbox/stanford-109-questions/downloads/web.stanford.edu/class/archive/cs/cs109/cs109.1208/lectures/14_conditional_expectation-76b305aa7b.pdf,application/pdf,downloaded
https://web.stanford.edu/class/archive/cs/cs109/cs109.1208/lectures/15_general_inference.pdf,/Users/jackb/GitHub/data-adventures/sandbox/stanford-109-questions/downloads/web.stanford.edu/class/archive/cs/cs109/cs109.1208/lectures/15_general_inference-7759129b51.pdf,application/pdf,downloaded
https://web.stanford.edu/class/archive/cs/cs109/cs109.1208/lectureNotes/LN14_conditional_expectation.pdf,/Users/jackb/GitHub/data-adventures/sandbox/stanford-109-questions/downloads/web.stanford.edu/class/archive/cs/cs109/cs109.1208/lectureNotes/LN14_conditional_expectation-27b1e931cb.pdf,application/pdf,downloaded
https://web.stanford.edu/class/archive/cs/cs109/cs109.1208/lectureNotes/LN15_inference.pdf,/Users/jackb/GitHub/data-adventures/sandbox/stanford-109-questions/downloads/web.stanford.edu/class/archive/cs/cs109/cs109.1208/lectureNotes/LN15_inference-ac9c44d6f9.pdf,application/pdf,downloaded
https://web.stanford.edu/class/archive/cs/cs109/cs109.1208/lectures/16_cont_joint_i_blank.pdf,/Users/jackb/GitHub/data-adventures/sandbox/stanford-109-questions/downloads/web.stanford.edu/class/archive/cs/cs109/cs109.1208/lectures/16_cont_joint_i_blank-b03ceb4794.pdf,application/pdf,downloaded
https://web.stanford.edu/class/archive/cs/cs109/cs109.1208/lectures/16_cont_joint_i.pdf,/Users/jackb/GitHub/data-adventures/sandbox/stanford-109-questions/downloads/web.stanford.edu/class/archive/cs/cs109/cs109.1208/lectures/16_cont_joint_i-0f7ff798bb.pdf,application/pdf,downloaded
https://web.stanford.edu/class/archive/cs/cs109/cs109.1208/lectureNotes/LN16_cont_joint_rv.pdf,/Users/jackb/GitHub/data-adventures/sandbox/stanford-109-questions/downloads/web.stanford.edu/class/archive/cs/cs109/cs109.1208/lectureNotes/LN16_cont_joint_rv-19f3429192.pdf,application/pdf,downloaded
https://web.stanford.edu/class/archive/cs/cs109/cs109.1208/lectures/17_cont_joint_ii_blank.pdf,/Users/jackb/GitHub/data-adventures/sandbox/stanford-109-questions/downloads/web.stanford.edu/class/archive/cs/cs109/cs109.1208/lectures/17_cont_joint_ii_blank-bc9146a70f.pdf,application/pdf,downloaded
https://web.stanford.edu/class/archive/cs/cs109/cs109.1208/lectures/17_cont_joint_ii.pdf,/Users/jackb/GitHub/data-adventures/sandbox/stanford-109-questions/downloads/web.stanford.edu/class/archive/cs/cs109/cs109.1208/lectures/17_cont_joint_ii-983eab335c.pdf,application/pdf,downloaded
https://web.stanford.edu/class/archive/cs/cs109/cs109.1208/lectures/18_clt.pdf,/Users/jackb/GitHub/data-adventures/sandbox/stanford-109-questions/downloads/web.stanford.edu/class/archive/cs/cs109/cs109.1208/lectures/18_clt-74f4311ce4.pdf,application/pdf,downloaded
https://web.stanford.edu/class/archive/cs/cs109/cs109.1208/lectureNotes/LN17_cont_joint_rv_ii.pdf,/Users/jackb/GitHub/data-adventures/sandbox/stanford-109-questions/downloads/web.stanford.edu/class/archive/cs/cs109/cs109.1208/lectureNotes/LN17_cont_joint_rv_ii-5ae0130f0f.pdf,application/pdf,downloaded
https://web.stanford.edu/class/archive/cs/cs109/cs109.1208/lectureNotes/LN18_clt.pdf,/Users/jackb/GitHub/data-adventures/sandbox/stanford-109-questions/downloads/web.stanford.edu/class/archive/cs/cs109/cs109.1208/lectureNotes/LN18_clt-3ef9be53f5.pdf,application/pdf,downloaded
https://web.stanford.edu/class/archive/cs/cs109/cs109.1208/lectures/19_sampling_bootstrap_p_hacking.pdf,/Users/jackb/GitHub/data-adventures/sandbox/stanford-109-questions/downloads/web.stanford.edu/class/archive/cs/cs109/cs109.1208/lectures/19_sampling_bootstrap_p_hacking-dd3c6f4663.pdf,application/pdf,downloaded
https://web.stanford.edu/class/archive/cs/cs109/cs109.1208/lectures/19_fixed_variance.pdf,/Users/jackb/GitHub/data-adventures/sandbox/stanford-109-questions/downloads/web.stanford.edu/class/archive/cs/cs109/cs109.1208/lectures/19_fixed_variance-4e3dbeaa13.pdf,application/pdf,downloaded
https://web.stanford.edu/class/archive/cs/cs109/cs109.1208/lectureNotes/LN19_samples_bootstrapping.pdf,/Users/jackb/GitHub/data-adventures/sandbox/stanford-109-questions/downloads/web.stanford.edu/class/archive/cs/cs109/cs109.1208/lectureNotes/LN19_samples_bootstrapping-7f69587c57.pdf,application/pdf,downloaded
https://web.stanford.edu/class/archive/cs/cs109/cs109.1208/lectures/20_mle_blank-announcements.pdf,/Users/jackb/GitHub/data-adventures/sandbox/stanford-109-questions/downloads/web.stanford.edu/class/archive/cs/cs109/cs109.1208/lectures/20_mle_blank-announcements-e2b038c54c.pdf,application/pdf,downloaded
https://web.stanford.edu/class/archive/cs/cs109/cs109.1208/lectures/20_mle.pdf,/Users/jackb/GitHub/data-adventures/sandbox/stanford-109-questions/downloads/web.stanford.edu/class/archive/cs/cs109/cs109.1208/lectures/20_mle-608023b8a5.pdf,application/pdf,downloaded
https://web.stanford.edu/class/archive/cs/cs109/cs109.1208/lectureNotes/LN20_parameters_mle.pdf,/Users/jackb/GitHub/data-adventures/sandbox/stanford-109-questions/downloads/web.stanford.edu/class/archive/cs/cs109/cs109.1208/lectureNotes/LN20_parameters_mle-6ebca92588.pdf,application/pdf,downloaded
https://web.stanford.edu/class/archive/cs/cs109/cs109.1208/lectures/21_beta_blank.pdf,/Users/jackb/GitHub/data-adventures/sandbox/stanford-109-questions/downloads/web.stanford.edu/class/archive/cs/cs109/cs109.1208/lectures/21_beta_blank-84e57a2439.pdf,application/pdf,downloaded
https://web.stanford.edu/class/archive/cs/cs109/cs109.1208/lectures/21_beta.pdf,/Users/jackb/GitHub/data-adventures/sandbox/stanford-109-questions/downloads/web.stanford.edu/class/archive/cs/cs109/cs109.1208/lectures/21_beta-02b373e5d2.pdf,application/pdf,downloaded
https://web.stanford.edu/class/archive/cs/cs109/cs109.1208/lectureNotes/LN21_beta.pdf,/Users/jackb/GitHub/data-adventures/sandbox/stanford-109-questions/downloads/web.stanford.edu/class/archive/cs/cs109/cs109.1208/lectureNotes/LN21_beta-d1192e30fa.pdf,application/pdf,downloaded
https://web.stanford.edu/class/archive/cs/cs109/cs109.1208/lectures/22_map_blank.pdf,/Users/jackb/GitHub/data-adventures/sandbox/stanford-109-questions/downloads/web.stanford.edu/class/archive/cs/cs109/cs109.1208/lectures/22_map_blank-b0737aa123.pdf,application/pdf,downloaded
https://web.stanford.edu/class/archive/cs/cs109/cs109.1208/lectures/22_map.pdf,/Users/jackb/GitHub/data-adventures/sandbox/stanford-109-questions/downloads/web.stanford.edu/class/archive/cs/cs109/cs109.1208/lectures/22_map-3ac9d9c8de.pdf,application/pdf,downloaded
https://web.stanford.edu/class/archive/cs/cs109/cs109.1208/lectureNotes/LN22_map.pdf,/Users/jackb/GitHub/data-adventures/sandbox/stanford-109-questions/downloads/web.stanford.edu/class/archive/cs/cs109/cs109.1208/lectureNotes/LN22_map-eb35d94174.pdf,application/pdf,downloaded
https://web.stanford.edu/class/archive/cs/cs109/cs109.1208/lectures/23_naive_bayes.pdf,/Users/jackb/GitHub/data-adventures/sandbox/stanford-109-questions/downloads/web.stanford.edu/class/archive/cs/cs109/cs109.1208/lectures/23_naive_bayes-8226880543.pdf,application/pdf,downloaded
https://web.stanford.edu/class/archive/cs/cs109/cs109.1208/lectureNotes/LN23_naive_bayes.pdf,/Users/jackb/GitHub/data-adventures/sandbox/stanford-109-questions/downloads/web.stanford.edu/class/archive/cs/cs109/cs109.1208/lectureNotes/LN23_naive_bayes-dc498281a5.pdf,application/pdf,downloaded
https://web.stanford.edu/class/archive/cs/cs109/cs109.1208/lectures/24_gradient_ascent_blank.pdf,/Users/jackb/GitHub/data-adventures/sandbox/stanford-109-questions/downloads/web.stanford.edu/class/archive/cs/cs109/cs109.1208/lectures/24_gradient_ascent_blank-8d214d8027.pdf,application/pdf,downloaded
https://web.stanford.edu/class/archive/cs/cs109/cs109.1208/lectures/24_gradient_ascent.pdf,/Users/jackb/GitHub/data-adventures/sandbox/stanford-109-questions/downloads/web.stanford.edu/class/archive/cs/cs109/cs109.1208/lectures/24_gradient_ascent-41ed868014.pdf,application/pdf,downloaded
https://web.stanford.edu/class/archive/cs/cs109/cs109.1208/lectureNotes/LN24_gradient_ascent.pdf,/Users/jackb/GitHub/data-adventures/sandbox/stanford-109-questions/downloads/web.stanford.edu/class/archive/cs/cs109/cs109.1208/lectureNotes/LN24_gradient_ascent-d23e62db0a.pdf,application/pdf,downloaded
https://web.stanford.edu/class/archive/cs/cs109/cs109.1208/lectures/25_logistic_regression_blank.pdf,/Users/jackb/GitHub/data-adventures/sandbox/stanford-109-questions/downloads/web.stanford.edu/class/archive/cs/cs109/cs109.1208/lectures/25_logistic_regression_blank-efa920d564.pdf,application/pdf,downloaded
https://web.stanford.edu/class/archive/cs/cs109/cs109.1208/lectures/25_logistic_regression.pdf,/Users/jackb/GitHub/data-adventures/sandbox/stanford-109-questions/downloads/web.stanford.edu/class/archive/cs/cs109/cs109.1208/lectures/25_logistic_regression-d20eca8575.pdf,application/pdf,downloaded
https://web.stanford.edu/class/archive/cs/cs109/cs109.1208/lectureNotes/LN25_logistic_regression.pdf,/Users/jackb/GitHub/data-adventures/sandbox/stanford-109-questions/downloads/web.stanford.edu/class/archive/cs/cs109/cs109.1208/lectureNotes/LN25_logistic_regression-c1522ef067.pdf,application/pdf,downloaded
https://web.stanford.edu/class/archive/cs/cs109/cs109.1208/restricted/pset1_soln.pdf,/Users/jackb/GitHub/data-adventures/sandbox/stanford-109-questions/downloads/web.stanford.edu/class/archive/cs/cs109/cs109.1208/restricted/pset1_soln-74853bd8bc.pdf,text/html;charset=utf-8,downloaded
https://web.stanford.edu/class/archive/cs/cs109/cs109.1208/restricted/pset2_soln.pdf,/Users/jackb/GitHub/data-adventures/sandbox/stanford-109-questions/downloads/web.stanford.edu/class/archive/cs/cs109/cs109.1208/restricted/pset2_soln-0afa4f1706.pdf,text/html;charset=utf-8,downloaded
https://web.stanford.edu/class/archive/cs/cs109/cs109.1208/restricted/pset3_soln.pdf,/Users/jackb/GitHub/data-adventures/sandbox/stanford-109-questions/downloads/web.stanford.edu/class/archive/cs/cs109/cs109.1208/restricted/pset3_soln-531a1caa59.pdf,text/html;charset=utf-8,downloaded
https://web.stanford.edu/class/archive/cs/cs109/cs109.1208/restricted/pset4_soln.pdf,/Users/jackb/GitHub/data-adventures/sandbox/stanford-109-questions/downloads/web.stanford.edu/class/archive/cs/cs109/cs109.1208/restricted/pset4_soln-b38270d002.pdf,text/html;charset=utf-8,downloaded
https://web.stanford.edu/class/archive/cs/cs109/cs109.1208/restricted/pset5_soln.pdf,/Users/jackb/GitHub/data-adventures/sandbox/stanford-109-questions/downloads/web.stanford.edu/class/archive/cs/cs109/cs109.1208/restricted/pset5_soln-e5536a5f9d.pdf,text/html;charset=utf-8,downloaded
https://web.stanford.edu/class/archive/cs/cs109/cs109.1208/restricted/pset6_soln.pdf,/Users/jackb/GitHub/data-adventures/sandbox/stanford-109-questions/downloads/web.stanford.edu/class/archive/cs/cs109/cs109.1208/restricted/pset6_soln-29caba7f5b.pdf,text/html;charset=utf-8,downloaded
https://web.stanford.edu/class/archive/cs/cs109/cs109.1208/section/1/warmup1.pdf,/Users/jackb/GitHub/data-adventures/sandbox/stanford-109-questions/downloads/web.stanford.edu/class/archive/cs/cs109/cs109.1208/section/1/warmup1-4706bfeb12.pdf,application/pdf,downloaded
https://web.stanford.edu/class/archive/cs/cs109/cs109.1208/section/1/warmup1_soln.pdf,/Users/jackb/GitHub/data-adventures/sandbox/stanford-109-questions/downloads/web.stanford.edu/class/archive/cs/cs109/cs109.1208/section/1/warmup1_soln-2b70671d3b.pdf,application/pdf,downloaded
https://web.stanford.edu/class/archive/cs/cs109/cs109.1208/section/1/section1.pdf,/Users/jackb/GitHub/data-adventures/sandbox/stanford-109-questions/downloads/web.stanford.edu/class/archive/cs/cs109/cs109.1208/section/1/section1-9d5f2a3b2a.pdf,application/pdf,downloaded
https://web.stanford.edu/class/archive/cs/cs109/cs109.1208/section/1/section1_soln.pdf,/Users/jackb/GitHub/data-adventures/sandbox/stanford-109-questions/downloads/web.stanford.edu/class/archive/cs/cs109/cs109.1208/section/1/section1_soln-666152d59f.pdf,application/pdf,downloaded
https://web.stanford.edu/class/archive/cs/cs109/cs109.1208/section/2/warmup2.pdf,/Users/jackb/GitHub/data-adventures/sandbox/stanford-109-questions/downloads/web.stanford.edu/class/archive/cs/cs109/cs109.1208/section/2/warmup2-e4df7debf0.pdf,application/pdf,downloaded
https://web.stanford.edu/class/archive/cs/cs109/cs109.1208/section/2/warmup2_soln.pdf,/Users/jackb/GitHub/data-adventures/sandbox/stanford-109-questions/downloads/web.stanford.edu/class/archive/cs/cs109/cs109.1208/section/2/warmup2_soln-1ffef95f3a.pdf,application/pdf,downloaded
https://web.stanford.edu/class/archive/cs/cs109/cs109.1208/section/2/section2.pdf,/Users/jackb/GitHub/data-adventures/sandbox/stanford-109-questions/downloads/web.stanford.edu/class/archive/cs/cs109/cs109.1208/section/2/section2-0cadc602bb.pdf,application/pdf,downloaded
https://web.stanford.edu/class/archive/cs/cs109/cs109.1208/section/2/section2_soln.pdf,/Users/jackb/GitHub/data-adventures/sandbox/stanford-109-questions/downloads/web.stanford.edu/class/archive/cs/cs109/cs109.1208/section/2/section2_soln-18f538c574.pdf,application/pdf,downloaded
https://web.stanford.edu/class/archive/cs/cs109/cs109.1208/section/3/warmup3.pdf,/Users/jackb/GitHub/data-adventures/sandbox/stanford-109-questions/downloads/web.stanford.edu/class/archive/cs/cs109/cs109.1208/section/3/warmup3-0c6fc2a9cf.pdf,application/pdf,downloaded
https://web.stanford.edu/class/archive/cs/cs109/cs109.1208/section/3/warmup3_soln.pdf,/Users/jackb/GitHub/data-adventures/sandbox/stanford-109-questions/downloads/web.stanford.edu/class/archive/cs/cs109/cs109.1208/section/3/warmup3_soln-40f33a77a9.pdf,application/pdf,downloaded
https://web.stanford.edu/class/archive/cs/cs109/cs109.1208/section/3/section3.pdf,/Users/jackb/GitHub/data-adventures/sandbox/stanford-109-questions/downloads/web.stanford.edu/class/archive/cs/cs109/cs109.1208/section/3/section3-de233b2ac5.pdf,application/pdf,downloaded
https://web.stanford.edu/class/archive/cs/cs109/cs109.1208/section/3/section3_soln.pdf,/Users/jackb/GitHub/data-adventures/sandbox/stanford-109-questions/downloads/web.stanford.edu/class/archive/cs/cs109/cs109.1208/section/3/section3_soln-1f563ab30a.pdf,application/pdf,downloaded
https://web.stanford.edu/class/archive/cs/cs109/cs109.1208/section/4/warmup4.pdf,/Users/jackb/GitHub/data-adventures/sandbox/stanford-109-questions/downloads/web.stanford.edu/class/archive/cs/cs109/cs109.1208/section/4/warmup4-f60322126e.pdf,application/pdf,downloaded
https://web.stanford.edu/class/archive/cs/cs109/cs109.1208/section/4/warmup4_soln.pdf,/Users/jackb/GitHub/data-adventures/sandbox/stanford-109-questions/downloads/web.stanford.edu/class/archive/cs/cs109/cs109.1208/section/4/warmup4_soln-3fadf4e319.pdf,application/pdf,downloaded
https://web.stanford.edu/class/archive/cs/cs109/cs109.1208/section/4/section4.pdf,/Users/jackb/GitHub/data-adventures/sandbox/stanford-109-questions/downloads/web.stanford.edu/class/archive/cs/cs109/cs109.1208/section/4/section4-df3b3311ae.pdf,application/pdf,downloaded
https://web.stanford.edu/class/archive/cs/cs109/cs109.1208/section/4/section4_soln.pdf,/Users/jackb/GitHub/data-adventures/sandbox/stanford-109-questions/downloads/web.stanford.edu/class/archive/cs/cs109/cs109.1208/section/4/section4_soln-d4b71d0078.pdf,application/pdf,downloaded
https://web.stanford.edu/class/archive/cs/cs109/cs109.1208/section/5/warmup5.pdf,/Users/jackb/GitHub/data-adventures/sandbox/stanford-109-questions/downloads/web.stanford.edu/class/archive/cs/cs109/cs109.1208/section/5/warmup5-6742035bcd.pdf,application/pdf,downloaded
https://web.stanford.edu/class/archive/cs/cs109/cs109.1208/section/5/warmup5_soln.pdf,/Users/jackb/GitHub/data-adventures/sandbox/stanford-109-questions/downloads/web.stanford.edu/class/archive/cs/cs109/cs109.1208/section/5/warmup5_soln-21ec222842.pdf,application/pdf,downloaded
https://web.stanford.edu/class/archive/cs/cs109/cs109.1208/section/5/section5.pdf,/Users/jackb/GitHub/data-adventures/sandbox/stanford-109-questions/downloads/web.stanford.edu/class/archive/cs/cs109/cs109.1208/section/5/section5-3008d5aca4.pdf,application/pdf,downloaded
https://web.stanford.edu/class/archive/cs/cs109/cs109.1208/section/5/section5_soln.pdf,/Users/jackb/GitHub/data-adventures/sandbox/stanford-109-questions/downloads/web.stanford.edu/class/archive/cs/cs109/cs109.1208/section/5/section5_soln-894387cfbf.pdf,application/pdf,downloaded
https://web.stanford.edu/class/archive/cs/cs109/cs109.1208/section/6/warmup6.pdf,/Users/jackb/GitHub/data-adventures/sandbox/stanford-109-questions/downloads/web.stanford.edu/class/archive/cs/cs109/cs109.1208/section/6/warmup6-cf5a1380b9.pdf,application/pdf,downloaded
https://web.stanford.edu/class/archive/cs/cs109/cs109.1208/section/6/warmup6_soln.pdf,/Users/jackb/GitHub/data-adventures/sandbox/stanford-109-questions/downloads/web.stanford.edu/class/archive/cs/cs109/cs109.1208/section/6/warmup6_soln-489ef55b30.pdf,application/pdf,downloaded
https://web.stanford.edu/class/archive/cs/cs109/cs109.1208/section/6/section6.pdf,/Users/jackb/GitHub/data-adventures/sandbox/stanford-109-questions/downloads/web.stanford.edu/class/archive/cs/cs109/cs109.1208/section/6/section6-2c5031b3eb.pdf,application/pdf,downloaded
https://web.stanford.edu/class/archive/cs/cs109/cs109.1208/section/6/section6_soln.pdf,/Users/jackb/GitHub/data-adventures/sandbox/stanford-109-questions/downloads/web.stanford.edu/class/archive/cs/cs109/cs109.1208/section/6/section6_soln-375246d8a9.pdf,application/pdf,downloaded
https://web.stanford.edu/class/archive/cs/cs109/cs109.1208/section/7/warmup7.pdf,/Users/jackb/GitHub/data-adventures/sandbox/stanford-109-questions/downloads/web.stanford.edu/class/archive/cs/cs109/cs109.1208/section/7/warmup7-ef9473ad69.pdf,application/pdf,downloaded
https://web.stanford.edu/class/archive/cs/cs109/cs109.1208/section/7/warmup7_soln.pdf,/Users/jackb/GitHub/data-adventures/sandbox/stanford-109-questions/downloads/web.stanford.edu/class/archive/cs/cs109/cs109.1208/section/7/warmup7_soln-773805aefa.pdf,application/pdf,downloaded
https://web.stanford.edu/class/archive/cs/cs109/cs109.1208/section/7/section7.pdf,/Users/jackb/GitHub/data-adventures/sandbox/stanford-109-questions/downloads/web.stanford.edu/class/archive/cs/cs109/cs109.1208/section/7/section7-87dc1476ed.pdf,application/pdf,downloaded
https://web.stanford.edu/class/archive/cs/cs109/cs109.1208/section/7/section7_soln.pdf,/Users/jackb/GitHub/data-adventures/sandbox/stanford-109-questions/downloads/web.stanford.edu/class/archive/cs/cs109/cs109.1208/section/7/section7_soln-9278bc783c.pdf,application/pdf,downloaded
https://web.stanford.edu/class/archive/cs/cs109/cs109.1208/section/8/warmup8.pdf,/Users/jackb/GitHub/data-adventures/sandbox/stanford-109-questions/downloads/web.stanford.edu/class/archive/cs/cs109/cs109.1208/section/8/warmup8-5c76998089.pdf,application/pdf,downloaded
https://web.stanford.edu/class/archive/cs/cs109/cs109.1208/section/8/warmup8_soln.pdf,/Users/jackb/GitHub/data-adventures/sandbox/stanford-109-questions/downloads/web.stanford.edu/class/archive/cs/cs109/cs109.1208/section/8/warmup8_soln-35ce379b52.pdf,application/pdf,downloaded
https://web.stanford.edu/class/archive/cs/cs109/cs109.1208/section/8/section8.pdf,/Users/jackb/GitHub/data-adventures/sandbox/stanford-109-questions/downloads/web.stanford.edu/class/archive/cs/cs109/cs109.1208/section/8/section8-ba44b39faa.pdf,application/pdf,downloaded
https://web.stanford.edu/class/archive/cs/cs109/cs109.1208/section/8/section8_soln.pdf,/Users/jackb/GitHub/data-adventures/sandbox/stanford-109-questions/downloads/web.stanford.edu/class/archive/cs/cs109/cs109.1208/section/8/section8_soln-cfd6f0842c.pdf,application/pdf,downloaded
https://web.stanford.edu/class/archive/cs/cs109/cs109.1208/handouts/H01_administrivia.pdf,/Users/jackb/GitHub/data-adventures/sandbox/stanford-109-questions/downloads/web.stanford.edu/class/archive/cs/cs109/cs109.1208/handouts/H01_administrivia-93582a4bda.pdf,application/pdf,downloaded
https://web.stanford.edu/class/archive/cs/cs109/cs109.1208/handouts/H02_calculation_ref.pdf,/Users/jackb/GitHub/data-adventures/sandbox/stanford-109-questions/downloads/web.stanford.edu/class/archive/cs/cs109/cs109.1208/handouts/H02_calculation_ref-f4f9d68733.pdf,application/pdf,downloaded
https://web.stanford.edu/class/archive/cs/cs109/cs109.1208/handouts/latex_cheat.pdf,/Users/jackb/GitHub/data-adventures/sandbox/stanford-109-questions/downloads/web.stanford.edu/class/archive/cs/cs109/cs109.1208/handouts/latex_cheat-0db5e5b41a.pdf,application/pdf,downloaded
https://web.stanford.edu/class/archive/cs/cs109/cs109.1208/handouts/H03_python_slides.pdf,/Users/jackb/GitHub/data-adventures/sandbox/stanford-109-questions/downloads/web.stanford.edu/class/archive/cs/cs109/cs109.1208/handouts/H03_python_slides-2ab297cf3d.pdf,application/pdf,downloaded
https://web.stanford.edu/class/archive/cs/cs109/cs109.1208/handouts/H04_standard_normal.pdf,/Users/jackb/GitHub/data-adventures/sandbox/stanford-109-questions/downloads/web.stanford.edu/class/archive/cs/cs109/cs109.1208/handouts/H04_standard_normal-6fb7a158d6.pdf,application/pdf,downloaded
https://web.stanford.edu/class/archive/cs/cs109/cs109.1208/handouts/H05_prob_reference.pdf,/Users/jackb/GitHub/data-adventures/sandbox/stanford-109-questions/downloads/web.stanford.edu/class/archive/cs/cs109/cs109.1208/handouts/H05_prob_reference-104b262a26.pdf,application/pdf,downloaded
https://web.stanford.edu/class/archive/cs/cs109/cs109.1208/psets/cs109_contest.pdf,,,download_error: HTTP Error 404: Not Found
https://web.stanford.edu/class/archive/cs/cs109/cs109.1206/reader/1 Counting.pdf,,,download_error: URL can't contain control characters. '/class/archive/cs/cs109/cs109.1206/reader/1 Counting.pdf' (found at least ' ')
https://web.stanford.edu/class/archive/cs/cs109/cs109.1206/reader/2 Probability.pdf,,,download_error: URL can't contain control characters. '/class/archive/cs/cs109/cs109.1206/reader/2 Probability.pdf' (found at least ' ')
https://web.stanford.edu/class/archive/cs/cs109/cs109.1206/reader/3 Conditional.pdf,,,download_error: URL can't contain control characters. '/class/archive/cs/cs109/cs109.1206/reader/3 Conditional.pdf' (found at least ' ')
https://web.stanford.edu/class/archive/cs/cs109/cs109.1206/reader/4 Random Variables.pdf,,,download_error: URL can't contain control characters. '/class/archive/cs/cs109/cs109.1206/reader/4 Random Variables.pdf' (found at least ' ')
https://web.stanford.edu/class/archive/cs/cs109/cs109.1206/reader/5 Discrete Variables.pdf,,,download_error: URL can't contain control characters. '/class/archive/cs/cs109/cs109.1206/reader/5 Discrete Variables.pdf' (found at least ' ')
https://web.stanford.edu/class/archive/cs/cs109/cs109.1206/reader/6 Continuous Variables.pdf,,,download_error: URL can't contain control characters. '/class/archive/cs/cs109/cs109.1206/reader/6 Continuous Variables.pdf' (found at least ' ')
https://web.stanford.edu/class/archive/cs/cs109/cs109.1206/reader/7 Multivariate.pdf,,,download_error: URL can't contain control characters. '/class/archive/cs/cs109/cs109.1206/reader/7 Multivariate.pdf' (found at least ' ')
https://web.stanford.edu/class/archive/cs/cs109/cs109.1206/reader/8 Probability as a Variable.pdf,,,download_error: URL can't contain control characters. '/class/archive/cs/cs109/cs109.1206/reader/8 Probability as a Variable.pdf' (found at least ' ')
https://web.stanford.edu/class/archive/cs/cs109/cs109.1206/reader/9 Sampling.pdf,,,download_error: URL can't contain control characters. '/class/archive/cs/cs109/cs109.1206/reader/9 Sampling.pdf' (found at least ' ')
https://web.stanford.edu/class/archive/cs/cs109/cs109.1206/reader/10 Central Theorems.pdf,,,download_error: URL can't contain control characters. '/class/archive/cs/cs109/cs109.1206/reader/10 Central Theorems.pdf' (found at least ' ')
https://web.stanford.edu/class/archive/cs/cs109/cs109.1206/reader/11 Parameter Estimation.pdf,,,download_error: URL can't contain control characters. '/class/archive/cs/cs109/cs109.1206/reader/11 Parameter Estimation.pdf' (found at least ' ')
https://web.stanford.edu/class/archive/cs/cs109/cs109.1206/reader/12 Machine Learning.pdf,,,download_error: URL can't contain control characters. '/class/archive/cs/cs109/cs109.1206/reader/12 Machine Learning.pdf' (found at least ' ')
https://web.stanford.edu/class/archive/cs/cs109/cs109.1214/challenge/emily-jin.pdf,/Users/jackb/GitHub/data-adventures/sandbox/stanford-109-questions/downloads/web.stanford.edu/class/archive/cs/cs109/cs109.1214/challenge/emily-jin-9059ea848e.pdf,application/pdf,downloaded
https://web.stanford.edu/class/archive/cs/cs109/cs109.1214/challenge/jaden-clark.pdf,/Users/jackb/GitHub/data-adventures/sandbox/stanford-109-questions/downloads/web.stanford.edu/class/archive/cs/cs109/cs109.1214/challenge/jaden-clark-77690e88ed.pdf,application/pdf,downloaded
https://web.stanford.edu/class/archive/cs/cs109/cs109.1214/challenge/miles-mccain.pdf,/Users/jackb/GitHub/data-adventures/sandbox/stanford-109-questions/downloads/web.stanford.edu/class/archive/cs/cs109/cs109.1214/challenge/miles-mccain-05b6b8be70.pdf,application/pdf,downloaded
https://web.stanford.edu/class/archive/cs/cs109/cs109.1214/handouts/H01_honor_code.pdf,,,download_error: HTTP Error 404: Not Found
https://web.stanford.edu/class/archive/cs/cs109/cs109.1214/lectures/1-Welcome/1-Welcome.pdf,/Users/jackb/GitHub/data-adventures/sandbox/stanford-109-questions/downloads/web.stanford.edu/class/archive/cs/cs109/cs109.1214/lectures/1-Welcome/1-Welcome-259e44cc82.pdf,application/pdf,downloaded
https://web.stanford.edu/class/archive/cs/cs109/cs109.1214/lectures/2-Combinatorics/2-Combinatorics.pdf,/Users/jackb/GitHub/data-adventures/sandbox/stanford-109-questions/downloads/web.stanford.edu/class/archive/cs/cs109/cs109.1214/lectures/2-Combinatorics/2-Combinatorics-a5f81d8235.pdf,application/pdf,downloaded
https://web.stanford.edu/class/archive/cs/cs109/cs109.1214/lectures/3-IntroProbability/3-IntroProbability.pdf,/Users/jackb/GitHub/data-adventures/sandbox/stanford-109-questions/downloads/web.stanford.edu/class/archive/cs/cs109/cs109.1214/lectures/3-IntroProbability/3-IntroProbability-1ed428b54b.pdf,application/pdf,downloaded
https://web.stanford.edu/class/archive/cs/cs109/cs109.1214/lectures/4-ConditioningAndBayes/4-ConditioningAndBayes.pdf,/Users/jackb/GitHub/data-adventures/sandbox/stanford-109-questions/downloads/web.stanford.edu/class/archive/cs/cs109/cs109.1214/lectures/4-ConditioningAndBayes/4-ConditioningAndBayes-7836a7397a.pdf,application/pdf,downloaded
https://web.stanford.edu/class/archive/cs/cs109/cs109.1214/lectures/5-Independence/5-Independence.pdf,/Users/jackb/GitHub/data-adventures/sandbox/stanford-109-questions/downloads/web.stanford.edu/class/archive/cs/cs109/cs109.1214/lectures/5-Independence/5-Independence-d035dcef21.pdf,application/pdf,downloaded
https://web.stanford.edu/class/archive/cs/cs109/cs109.1214/lectures/6-RandomVariables/6-RandomVariables.pdf,/Users/jackb/GitHub/data-adventures/sandbox/stanford-109-questions/downloads/web.stanford.edu/class/archive/cs/cs109/cs109.1214/lectures/6-RandomVariables/6-RandomVariables-0a28c73190.pdf,application/pdf,downloaded
https://web.stanford.edu/class/archive/cs/cs109/cs109.1214/lectures/7-BernoulliBinomial/7-BernoulliBinomial.pdf,/Users/jackb/GitHub/data-adventures/sandbox/stanford-109-questions/downloads/web.stanford.edu/class/archive/cs/cs109/cs109.1214/lectures/7-BernoulliBinomial/7-BernoulliBinomial-f60ee0353c.pdf,application/pdf,downloaded
https://web.stanford.edu/class/archive/cs/cs109/cs109.1214/lectures/8-Poisson/8-Poisson.pdf,/Users/jackb/GitHub/data-adventures/sandbox/stanford-109-questions/downloads/web.stanford.edu/class/archive/cs/cs109/cs109.1214/lectures/8-Poisson/8-Poisson-c618d79259.pdf,application/pdf,downloaded
https://web.stanford.edu/class/archive/cs/cs109/cs109.1214/lectures/9-Continuous/9-Continuous.pdf,/Users/jackb/GitHub/data-adventures/sandbox/stanford-109-questions/downloads/web.stanford.edu/class/archive/cs/cs109/cs109.1214/lectures/9-Continuous/9-Continuous-fbd62957b0.pdf,application/pdf,downloaded
https://web.stanford.edu/class/archive/cs/cs109/cs109.1214/lectures/10-Gaussian/10-Gaussian.pdf,/Users/jackb/GitHub/data-adventures/sandbox/stanford-109-questions/downloads/web.stanford.edu/class/archive/cs/cs109/cs109.1214/lectures/10-Gaussian/10-Gaussian-5a8c87bd8d.pdf,application/pdf,downloaded
https://web.stanford.edu/class/archive/cs/cs109/cs109.1214/lectures/11-ProbabilisticModels/11-ProbabilisticModels.pdf,/Users/jackb/GitHub/data-adventures/sandbox/stanford-109-questions/downloads/web.stanford.edu/class/archive/cs/cs109/cs109.1214/lectures/11-ProbabilisticModels/11-ProbabilisticModels-2e3fcbbd72.pdf,application/pdf,downloaded
https://web.stanford.edu/class/archive/cs/cs109/cs109.1214/lectures/12-IndependentRVs/12-IndependentRVs.pdf,/Users/jackb/GitHub/data-adventures/sandbox/stanford-109-questions/downloads/web.stanford.edu/class/archive/cs/cs109/cs109.1214/lectures/12-IndependentRVs/12-IndependentRVs-e671f12fca.pdf,application/pdf,downloaded
https://web.stanford.edu/class/archive/cs/cs109/cs109.1214/lectures/13-JointStatistics/EthicsOfClimateChange109.pdf,/Users/jackb/GitHub/data-adventures/sandbox/stanford-109-questions/downloads/web.stanford.edu/class/archive/cs/cs109/cs109.1214/lectures/13-JointStatistics/EthicsOfClimateChange109-a0cabb9fe7.pdf,application/pdf,downloaded
https://web.stanford.edu/class/archive/cs/cs109/cs109.1214/lectures/13-JointStatistics/13-JointStatistics.pdf,/Users/jackb/GitHub/data-adventures/sandbox/stanford-109-questions/downloads/web.stanford.edu/class/archive/cs/cs109/cs109.1214/lectures/13-JointStatistics/13-JointStatistics-cb50a40dab.pdf,application/pdf,downloaded
https://web.stanford.edu/class/archive/cs/cs109/cs109.1214/lectures/14-ConditionalRVs/14-ConditionalRVs.pdf,/Users/jackb/GitHub/data-adventures/sandbox/stanford-109-questions/downloads/web.stanford.edu/class/archive/cs/cs109/cs109.1214/lectures/14-ConditionalRVs/14-ConditionalRVs-8b049e0b0e.pdf,application/pdf,downloaded
https://web.stanford.edu/class/archive/cs/cs109/cs109.1214/lectures/15-ContinuousJoint/15-ContinuousJoint.pdf,/Users/jackb/GitHub/data-adventures/sandbox/stanford-109-questions/downloads/web.stanford.edu/class/archive/cs/cs109/cs109.1214/lectures/15-ContinuousJoint/15-ContinuousJoint-62938f2552.pdf,application/pdf,downloaded
https://web.stanford.edu/class/archive/cs/cs109/cs109.1214/lectures/16-ContinuousInference/16-ContinuousInference.pdf,/Users/jackb/GitHub/data-adventures/sandbox/stanford-109-questions/downloads/web.stanford.edu/class/archive/cs/cs109/cs109.1214/lectures/16-ContinuousInference/16-ContinuousInference-5a464f5de6.pdf,application/pdf,downloaded
https://web.stanford.edu/class/archive/cs/cs109/cs109.1214/lectures/17-GeneralInference/17-GeneralInference.pdf,/Users/jackb/GitHub/data-adventures/sandbox/stanford-109-questions/downloads/web.stanford.edu/class/archive/cs/cs109/cs109.1214/lectures/17-GeneralInference/17-GeneralInference-b6d850c97f.pdf,application/pdf,downloaded
https://web.stanford.edu/class/archive/cs/cs109/cs109.1214/lectures/18-CentralLimitTheorem/18-CentralLimitTheorem.pdf,/Users/jackb/GitHub/data-adventures/sandbox/stanford-109-questions/downloads/web.stanford.edu/class/archive/cs/cs109/cs109.1214/lectures/18-CentralLimitTheorem/18-CentralLimitTheorem-8afb0c3807.pdf,application/pdf,downloaded
https://web.stanford.edu/class/archive/cs/cs109/cs109.1214/lectures/19-Bootstrapping/19-Bootstrapping.pdf,/Users/jackb/GitHub/data-adventures/sandbox/stanford-109-questions/downloads/web.stanford.edu/class/archive/cs/cs109/cs109.1214/lectures/19-Bootstrapping/19-Bootstrapping-c65f303677.pdf,application/pdf,downloaded
https://web.stanford.edu/class/archive/cs/cs109/cs109.1214/lectures/20-Beta/20-Beta.pdf,/Users/jackb/GitHub/data-adventures/sandbox/stanford-109-questions/downloads/web.stanford.edu/class/archive/cs/cs109/cs109.1214/lectures/20-Beta/20-Beta-d25443d70a.pdf,application/pdf,downloaded
https://web.stanford.edu/class/archive/cs/cs109/cs109.1214/lectures/21-MaximumLikelihoodEstimation/21-MaximumLikelihoodEstimation.pdf,/Users/jackb/GitHub/data-adventures/sandbox/stanford-109-questions/downloads/web.stanford.edu/class/archive/cs/cs109/cs109.1214/lectures/21-MaximumLikelihoodEstimation/21-MaximumLikelihoodEstimation-5b8dd5e67b.pdf,application/pdf,downloaded
https://web.stanford.edu/class/archive/cs/cs109/cs109.1214/lectures/22-MaximumAPosteriori/22-MaximumAPosteriori.pdf,/Users/jackb/GitHub/data-adventures/sandbox/stanford-109-questions/downloads/web.stanford.edu/class/archive/cs/cs109/cs109.1214/lectures/22-MaximumAPosteriori/22-MaximumAPosteriori-6065ef41e3.pdf,application/pdf,downloaded
https://web.stanford.edu/class/archive/cs/cs109/cs109.1214/lectures/23-NaiveBayes/23-NaiveBayes.pdf,/Users/jackb/GitHub/data-adventures/sandbox/stanford-109-questions/downloads/web.stanford.edu/class/archive/cs/cs109/cs109.1214/lectures/23-NaiveBayes/23-NaiveBayes-529adff80e.pdf,application/pdf,downloaded
https://web.stanford.edu/class/archive/cs/cs109/cs109.1214/lectures/24-LogisticRegression/24-LogisticRegression.pdf,/Users/jackb/GitHub/data-adventures/sandbox/stanford-109-questions/downloads/web.stanford.edu/class/archive/cs/cs109/cs109.1214/lectures/24-LogisticRegression/24-LogisticRegression-e98861e49e.pdf,application/pdf,downloaded
https://web.stanford.edu/class/archive/cs/cs109/cs109.1214/lectures/25-DeepLearning/25-DeepLearning.pdf,/Users/jackb/GitHub/data-adventures/sandbox/stanford-109-questions/downloads/web.stanford.edu/class/archive/cs/cs109/cs109.1214/lectures/25-DeepLearning/25-DeepLearning-8de2f7f1d6.pdf,application/pdf,downloaded
https://web.stanford.edu/class/archive/cs/cs109/cs109.1214/lectures/26-EthicsOfMachineLearning/26-EthicsOfMachineLearning.pdf,/Users/jackb/GitHub/data-adventures/sandbox/stanford-109-questions/downloads/web.stanford.edu/class/archive/cs/cs109/cs109.1214/lectures/26-EthicsOfMachineLearning/26-EthicsOfMachineLearning-6ad85ca380.pdf,application/pdf,downloaded
https://web.stanford.edu/class/archive/cs/cs109/cs109.1214/lectures/27-FutureOfProbability/27-FutureOfProbability.pdf,/Users/jackb/GitHub/data-adventures/sandbox/stanford-109-questions/downloads/web.stanford.edu/class/archive/cs/cs109/cs109.1214/lectures/27-FutureOfProbability/27-FutureOfProbability-f8de8d77e5.pdf,application/pdf,downloaded
https://web.stanford.edu/class/archive/cs/cs109/cs109.1214/section/1/section-1.pdf,/Users/jackb/GitHub/data-adventures/sandbox/stanford-109-questions/downloads/web.stanford.edu/class/archive/cs/cs109/cs109.1214/section/1/section-1-b10bb779ca.pdf,application/pdf,downloaded
https://web.stanford.edu/class/archive/cs/cs109/cs109.1214/section/1/section-1-soln.pdf,/Users/jackb/GitHub/data-adventures/sandbox/stanford-109-questions/downloads/web.stanford.edu/class/archive/cs/cs109/cs109.1214/section/1/section-1-soln-06bdc9d075.pdf,application/pdf,downloaded
https://web.stanford.edu/class/archive/cs/cs109/cs109.1214/section/2/section-2.pdf,/Users/jackb/GitHub/data-adventures/sandbox/stanford-109-questions/downloads/web.stanford.edu/class/archive/cs/cs109/cs109.1214/section/2/section-2-0b7f01cdc4.pdf,application/pdf,downloaded
https://web.stanford.edu/class/archive/cs/cs109/cs109.1214/section/2/section-2-soln.pdf,/Users/jackb/GitHub/data-adventures/sandbox/stanford-109-questions/downloads/web.stanford.edu/class/archive/cs/cs109/cs109.1214/section/2/section-2-soln-a3ec6d5cdf.pdf,application/pdf,downloaded
https://web.stanford.edu/class/archive/cs/cs109/cs109.1214/section/3/section-3.pdf,/Users/jackb/GitHub/data-adventures/sandbox/stanford-109-questions/downloads/web.stanford.edu/class/archive/cs/cs109/cs109.1214/section/3/section-3-99a44bf52b.pdf,application/pdf,downloaded
https://web.stanford.edu/class/archive/cs/cs109/cs109.1214/section/3/section-3-soln.pdf,/Users/jackb/GitHub/data-adventures/sandbox/stanford-109-questions/downloads/web.stanford.edu/class/archive/cs/cs109/cs109.1214/section/3/section-3-soln-6f7754e744.pdf,application/pdf,downloaded
https://web.stanford.edu/class/archive/cs/cs109/cs109.1214/section/4/section-4.pdf,/Users/jackb/GitHub/data-adventures/sandbox/stanford-109-questions/downloads/web.stanford.edu/class/archive/cs/cs109/cs109.1214/section/4/section-4-79e8dce69f.pdf,application/pdf,downloaded
https://web.stanford.edu/class/archive/cs/cs109/cs109.1214/section/4/section-4-soln.pdf,/Users/jackb/GitHub/data-adventures/sandbox/stanford-109-questions/downloads/web.stanford.edu/class/archive/cs/cs109/cs109.1214/section/4/section-4-soln-e5f3a30227.pdf,application/pdf,downloaded
https://web.stanford.edu/class/archive/cs/cs109/cs109.1214/section/5/section-5.pdf,/Users/jackb/GitHub/data-adventures/sandbox/stanford-109-questions/downloads/web.stanford.edu/class/archive/cs/cs109/cs109.1214/section/5/section-5-b34d4e0630.pdf,application/pdf,downloaded
https://web.stanford.edu/class/archive/cs/cs109/cs109.1214/section/5/section-5-soln.pdf,/Users/jackb/GitHub/data-adventures/sandbox/stanford-109-questions/downloads/web.stanford.edu/class/archive/cs/cs109/cs109.1214/section/5/section-5-soln-a86409f668.pdf,application/pdf,downloaded
https://web.stanford.edu/class/archive/cs/cs109/cs109.1214/section/6/section-6.pdf,/Users/jackb/GitHub/data-adventures/sandbox/stanford-109-questions/downloads/web.stanford.edu/class/archive/cs/cs109/cs109.1214/section/6/section-6-82ecc50505.pdf,application/pdf,downloaded
https://web.stanford.edu/class/archive/cs/cs109/cs109.1214/section/6/section-6-soln.pdf,/Users/jackb/GitHub/data-adventures/sandbox/stanford-109-questions/downloads/web.stanford.edu/class/archive/cs/cs109/cs109.1214/section/6/section-6-soln-50690dde75.pdf,application/pdf,downloaded
https://web.stanford.edu/class/archive/cs/cs109/cs109.1214/section/7/section-7.pdf,/Users/jackb/GitHub/data-adventures/sandbox/stanford-109-questions/downloads/web.stanford.edu/class/archive/cs/cs109/cs109.1214/section/7/section-7-ef322b06b4.pdf,application/pdf,downloaded
https://web.stanford.edu/class/archive/cs/cs109/cs109.1214/section/7/section-7-soln.pdf,/Users/jackb/GitHub/data-adventures/sandbox/stanford-109-questions/downloads/web.stanford.edu/class/archive/cs/cs109/cs109.1214/section/7/section-7-soln-3e29d1328b.pdf,application/pdf,downloaded
https://web.stanford.edu/class/archive/cs/cs109/cs109.1214/section/8/section-8.pdf,/Users/jackb/GitHub/data-adventures/sandbox/stanford-109-questions/downloads/web.stanford.edu/class/archive/cs/cs109/cs109.1214/section/8/section-8-7c09d13900.pdf,application/pdf,downloaded
https://web.stanford.edu/class/archive/cs/cs109/cs109.1214/section/8/section-8-soln.pdf,/Users/jackb/GitHub/data-adventures/sandbox/stanford-109-questions/downloads/web.stanford.edu/class/archive/cs/cs109/cs109.1214/section/8/section-8-soln-c7ca8d771a.pdf,application/pdf,downloaded
https://web.stanford.edu/class/archive/cs/cs109/cs109.1214/section/9/section-9.pdf,/Users/jackb/GitHub/data-adventures/sandbox/stanford-109-questions/downloads/web.stanford.edu/class/archive/cs/cs109/cs109.1214/section/9/section-9-10f2917da5.pdf,application/pdf,downloaded
https://web.stanford.edu/class/archive/cs/cs109/cs109.1214/section/9/section-9-soln.pdf,/Users/jackb/GitHub/data-adventures/sandbox/stanford-109-questions/downloads/web.stanford.edu/class/archive/cs/cs109/cs109.1214/section/9/section-9-soln-064d5abd84.pdf,application/pdf,downloaded
https://web.stanford.edu/class/archive/cs/cs109/cs109.1214/handouts/latex/install.pdf,/Users/jackb/GitHub/data-adventures/sandbox/stanford-109-questions/downloads/web.stanford.edu/class/archive/cs/cs109/cs109.1214/handouts/latex/install-0be7345c3f.pdf,application/pdf,downloaded
https://web.stanford.edu/class/archive/cs/cs109/cs109.1214/handouts/latex/example.pdf,/Users/jackb/GitHub/data-adventures/sandbox/stanford-109-questions/downloads/web.stanford.edu/class/archive/cs/cs109/cs109.1214/handouts/latex/example-027fee20c5.pdf,application/pdf,downloaded
https://web.stanford.edu/class/archive/cs/cs109/cs109.1214/quizzes/PracticeMidterm.pdf,/Users/jackb/GitHub/data-adventures/sandbox/stanford-109-questions/downloads/web.stanford.edu/class/archive/cs/cs109/cs109.1214/quizzes/PracticeMidterm-77533cf512.pdf,application/pdf,downloaded
https://web.stanford.edu/class/archive/cs/cs109/cs109.1214/quizzes/PracticeMidtermSoln.pdf,/Users/jackb/GitHub/data-adventures/sandbox/stanford-109-questions/downloads/web.stanford.edu/class/archive/cs/cs109/cs109.1214/quizzes/PracticeMidtermSoln-f1f6943735.pdf,application/pdf,downloaded
https://web.stanford.edu/class/archive/cs/cs109/cs109.1214/quizzes/MidtermSpr2017.pdf,/Users/jackb/GitHub/data-adventures/sandbox/stanford-109-questions/downloads/web.stanford.edu/class/archive/cs/cs109/cs109.1214/quizzes/MidtermSpr2017-31719e6c9c.pdf,application/pdf,downloaded
https://web.stanford.edu/class/archive/cs/cs109/cs109.1214/quizzes/MidtermSpr2017Soln.pdf,/Users/jackb/GitHub/data-adventures/sandbox/stanford-109-questions/downloads/web.stanford.edu/class/archive/cs/cs109/cs109.1214/quizzes/MidtermSpr2017Soln-4fefd8a716.pdf,application/pdf,downloaded
https://web.stanford.edu/class/archive/cs/cs109/cs109.1214/quizzes/MidtermSpr2016.pdf,/Users/jackb/GitHub/data-adventures/sandbox/stanford-109-questions/downloads/web.stanford.edu/class/archive/cs/cs109/cs109.1214/quizzes/MidtermSpr2016-b31e4c24ed.pdf,application/pdf,downloaded
https://web.stanford.edu/class/archive/cs/cs109/cs109.1214/quizzes/MidtermSpr2016Soln.pdf,/Users/jackb/GitHub/data-adventures/sandbox/stanford-109-questions/downloads/web.stanford.edu/class/archive/cs/cs109/cs109.1214/quizzes/MidtermSpr2016Soln-cd67871e22.pdf,application/pdf,downloaded
https://web.stanford.edu/class/archive/cs/cs109/cs109.1214/quizzes/PracticeFinal.pdf,/Users/jackb/GitHub/data-adventures/sandbox/stanford-109-questions/downloads/web.stanford.edu/class/archive/cs/cs109/cs109.1214/quizzes/PracticeFinal-5dbfebde02.pdf,application/pdf,downloaded
https://web.stanford.edu/class/archive/cs/cs109/cs109.1214/quizzes/PracticeFinalSoln.pdf,/Users/jackb/GitHub/data-adventures/sandbox/stanford-109-questions/downloads/web.stanford.edu/class/archive/cs/cs109/cs109.1214/quizzes/PracticeFinalSoln-9f3843a900.pdf,application/pdf,downloaded
https://web.stanford.edu/class/archive/cs/cs109/cs109.1214/quizzes/MidtermFall2017.pdf,/Users/jackb/GitHub/data-adventures/sandbox/stanford-109-questions/downloads/web.stanford.edu/class/archive/cs/cs109/cs109.1214/quizzes/MidtermFall2017-658157e149.pdf,application/pdf,downloaded
https://web.stanford.edu/class/archive/cs/cs109/cs109.1214/quizzes/MidtermFall2017Soln.pdf,/Users/jackb/GitHub/data-adventures/sandbox/stanford-109-questions/downloads/web.stanford.edu/class/archive/cs/cs109/cs109.1214/quizzes/MidtermFall2017Soln-a3c043832c.pdf,application/pdf,downloaded
https://web.stanford.edu/class/archive/cs/cs109/cs109.1214/quizzes/Extra Problems 1.pdf,,,download_error: URL can't contain control characters. '/class/archive/cs/cs109/cs109.1214/quizzes/Extra Problems 1.pdf' (found at least ' ')
https://web.stanford.edu/class/archive/cs/cs109/cs109.1214/quizzes/Extra Problems 1 Soln.pdf,,,download_error: URL can't contain control characters. '/class/archive/cs/cs109/cs109.1214/quizzes/Extra Problems 1 Soln.pdf' (found at least ' ')
https://web.stanford.edu/class/archive/cs/cs109/cs109.1214/quizzes/Extra Problems 2.pdf,,,download_error: URL can't contain control characters. '/class/archive/cs/cs109/cs109.1214/quizzes/Extra Problems 2.pdf' (found at least ' ')
https://web.stanford.edu/class/archive/cs/cs109/cs109.1214/quizzes/Extra Problems 2 Soln.pdf,,,download_error: URL can't contain control characters. '/class/archive/cs/cs109/cs109.1214/quizzes/Extra Problems 2 Soln.pdf' (found at least ' ')
https://web.stanford.edu/class/archive/cs/cs109/cs109.1214/quizzes/FinalFall2017.pdf,/Users/jackb/GitHub/data-adventures/sandbox/stanford-109-questions/downloads/web.stanford.edu/class/archive/cs/cs109/cs109.1214/quizzes/FinalFall2017-4167731145.pdf,application/pdf,downloaded
https://web.stanford.edu/class/archive/cs/cs109/cs109.1214/quizzes/FinalFall2017Soln.pdf,/Users/jackb/GitHub/data-adventures/sandbox/stanford-109-questions/downloads/web.stanford.edu/class/archive/cs/cs109/cs109.1214/quizzes/FinalFall2017Soln-fff376bc91.pdf,application/pdf,downloaded
https://web.stanford.edu/class/archive/cs/cs109/cs109.1214/quizzes/FinalSpring2017.pdf,/Users/jackb/GitHub/data-adventures/sandbox/stanford-109-questions/downloads/web.stanford.edu/class/archive/cs/cs109/cs109.1214/quizzes/FinalSpring2017-441794ac93.pdf,application/pdf,downloaded
https://web.stanford.edu/class/archive/cs/cs109/cs109.1214/quizzes/FinalSpring2017Soln.pdf,/Users/jackb/GitHub/data-adventures/sandbox/stanford-109-questions/downloads/web.stanford.edu/class/archive/cs/cs109/cs109.1214/quizzes/FinalSpring2017Soln-fd82d421a1.pdf,application/pdf,downloaded
https://web.stanford.edu/class/archive/cs/cs109/cs109.1214/quizzes/PracticeFinalExtra.pdf,/Users/jackb/GitHub/data-adventures/sandbox/stanford-109-questions/downloads/web.stanford.edu/class/archive/cs/cs109/cs109.1214/quizzes/PracticeFinalExtra-c934339560.pdf,application/pdf,downloaded
https://web.stanford.edu/class/archive/cs/cs109/cs109.1214/quizzes/PracticeFinalExtraSoln.pdf,/Users/jackb/GitHub/data-adventures/sandbox/stanford-109-questions/downloads/web.stanford.edu/class/archive/cs/cs109/cs109.1214/quizzes/PracticeFinalExtraSoln-ec55751e5d.pdf,application/pdf,downloaded
https://web.stanford.edu/class/archive/cs/cs109/cs109.1214/quizzes/MidtermReview.pdf,/Users/jackb/GitHub/data-adventures/sandbox/stanford-109-questions/downloads/web.stanford.edu/class/archive/cs/cs109/cs109.1214/quizzes/MidtermReview-d90b8f77a3.pdf,application/pdf,downloaded
https://web.stanford.edu/class/archive/cs/cs109/cs109.1214/quizzes/review1-slides.pdf,/Users/jackb/GitHub/data-adventures/sandbox/stanford-109-questions/downloads/web.stanford.edu/class/archive/cs/cs109/cs109.1214/quizzes/review1-slides-195c4d03d3.pdf,application/pdf,downloaded
https://web.stanford.edu/class/archive/cs/cs109/cs109.1214/quizzes/review2-slides.pdf,/Users/jackb/GitHub/data-adventures/sandbox/stanford-109-questions/downloads/web.stanford.edu/class/archive/cs/cs109/cs109.1214/quizzes/review2-slides-e77f67bc00.pdf,application/pdf,downloaded
https://web.stanford.edu/class/archive/cs/cs109/cs109.1214/quizzes/review3-slides.pdf,/Users/jackb/GitHub/data-adventures/sandbox/stanford-109-questions/downloads/web.stanford.edu/class/archive/cs/cs109/cs109.1214/quizzes/review3-slides-880b741ee2.pdf,application/pdf,downloaded
https://web.stanford.edu/class/archive/cs/cs109/cs109.1214/quizzes/quiz1/quiz1.pdf,/Users/jackb/GitHub/data-adventures/sandbox/stanford-109-questions/downloads/web.stanford.edu/class/archive/cs/cs109/cs109.1214/quizzes/quiz1/quiz1-3a746edbd0.pdf,application/pdf,downloaded
https://web.stanford.edu/class/archive/cs/cs109/cs109.1214/quizzes/quiz1/quiz1-soln.pdf,/Users/jackb/GitHub/data-adventures/sandbox/stanford-109-questions/downloads/web.stanford.edu/class/archive/cs/cs109/cs109.1214/quizzes/quiz1/quiz1-soln-329b817a24.pdf,application/pdf,downloaded
https://web.stanford.edu/class/archive/cs/cs109/cs109.1214/quizzes/quiz2/quiz2.pdf,/Users/jackb/GitHub/data-adventures/sandbox/stanford-109-questions/downloads/web.stanford.edu/class/archive/cs/cs109/cs109.1214/quizzes/quiz2/quiz2-883a974986.pdf,application/pdf,downloaded
https://web.stanford.edu/class/archive/cs/cs109/cs109.1214/quizzes/quiz2/quiz2-soln.pdf,/Users/jackb/GitHub/data-adventures/sandbox/stanford-109-questions/downloads/web.stanford.edu/class/archive/cs/cs109/cs109.1214/quizzes/quiz2/quiz2-soln-52bc7a9ce4.pdf,application/pdf,downloaded
https://web.stanford.edu/class/archive/cs/cs109/cs109.1214/quizzes/quiz3/quiz3.pdf,/Users/jackb/GitHub/data-adventures/sandbox/stanford-109-questions/downloads/web.stanford.edu/class/archive/cs/cs109/cs109.1214/quizzes/quiz3/quiz3-8bb4580ed8.pdf,application/pdf,downloaded
https://web.stanford.edu/class/archive/cs/cs109/cs109.1214/quizzes/quiz3/quiz3-soln.pdf,/Users/jackb/GitHub/data-adventures/sandbox/stanford-109-questions/downloads/web.stanford.edu/class/archive/cs/cs109/cs109.1214/quizzes/quiz3/quiz3-soln-033d58b426.pdf,application/pdf,downloaded
