country,country_name,year,variable,value,pop_code
BR,Brazil,1820,bottom50_share,0.1173,999_j
BR,Brazil,1850,bottom50_share,0.1159,999_j
BR,Brazil,1880,bottom50_share,0.1145,999_j
BR,Brazil,1900,bottom50_share,0.1131,999_j
BR,Brazil,1910,bottom50_share,0.1103,999_j
BR,Brazil,1920,bottom50_share,0.0973,999_j
BR,Brazil,1930,bottom50_share,0.0933,999_j
BR,Brazil,1940,bottom50_share,0.0879,999_j
BR,Brazil,1950,bottom50_share,0.0933,999_j
BR,Brazil,1960,bottom50_share,0.0999,999_j
BR,Brazil,1970,bottom50_share,0.0959,999_j
BR,Brazil,1980,bottom50_share,0.0912,999_j
BR,Brazil,1981,bottom50_share,0.0912,999_j
BR,Brazil,1982,bottom50_share,0.0912,999_j
BR,Brazil,1983,bottom50_share,0.0912,999_j
BR,Brazil,1984,bottom50_share,0.0912,999_j
BR,Brazil,1985,bottom50_share,0.0912,999_j
BR,Brazil,1986,bottom50_share,0.0912,999_j
BR,Brazil,1987,bottom50_share,0.0912,999_j
BR,Brazil,1988,bottom50_share,0.0912,999_j
BR,Brazil,1989,bottom50_share,0.0912,999_j
BR,Brazil,1990,bottom50_share,0.0912,999_j
BR,Brazil,1991,bottom50_share,0.0912,999_j
BR,Brazil,1992,bottom50_share,0.0912,999_j
BR,Brazil,1993,bottom50_share,0.0912,999_j
BR,Brazil,1994,bottom50_share,0.0912,999_j
BR,Brazil,1995,bottom50_share,0.0912,999_j
BR,Brazil,1996,bottom50_share,0.0912,999_j
BR,Brazil,1997,bottom50_share,0.0912,999_j
BR,Brazil,1998,bottom50_share,0.0912,999_j
BR,Brazil,1999,bottom50_share,0.0912,999_j
BR,Brazil,2000,bottom50_share,0.0912,999_j
BR,Brazil,2001,bottom50_share,0.0912,999_j
BR,Brazil,2002,bottom50_share,0.0906,999_j
BR,Brazil,2003,bottom50_share,0.0937,999_j
BR,Brazil,2004,bottom50_share,0.0956,999_j
BR,Brazil,2005,bottom50_share,0.0907,999_j
BR,Brazil,2006,bottom50_share,0.0932,999_j
BR,Brazil,2007,bottom50_share,0.0997,999_j
BR,Brazil,2008,bottom50_share,0.1018,999_j
BR,Brazil,2009,bottom50_share,0.1035,999_j
BR,Brazil,2010,bottom50_share,0.1027,999_j
BR,Brazil,2011,bottom50_share,0.102,999_j
BR,Brazil,2012,bottom50_share,0.1059,999_j
BR,Brazil,2013,bottom50_share,0.1082,999_j
BR,Brazil,2014,bottom50_share,0.1072,999_j
BR,Brazil,2015,bottom50_share,0.1033,999_j
BR,Brazil,2016,bottom50_share,0.0963,999_j
BR,Brazil,2017,bottom50_share,0.0964,999_j
BR,Brazil,2018,bottom50_share,0.0964,999_j
BR,Brazil,2019,bottom50_share,0.1003,999_j
BR,Brazil,2020,bottom50_share,0.0819,999_j
BR,Brazil,2021,bottom50_share,0.0823,999_j
BR,Brazil,2022,bottom50_share,0.0906,999_j
BR,Brazil,2023,bottom50_share,0.0926,999_j
BR,Brazil,2024,bottom50_share,0.0926,999_j
BR,Brazil,1820,top10_share,0.5324,999_j
BR,Brazil,1850,top10_share,0.538,999_j
BR,Brazil,1880,top10_share,0.5436,999_j
BR,Brazil,1900,top10_share,0.5492,999_j
BR,Brazil,1910,top10_share,0.5605,999_j
BR,Brazil,1920,top10_share,0.6123,999_j
BR,Brazil,1930,top10_share,0.6282,999_j
BR,Brazil,1940,top10_share,0.6494,999_j
BR,Brazil,1950,top10_share,0.6282,999_j
BR,Brazil,1960,top10_share,0.6016,999_j
BR,Brazil,1970,top10_share,0.6176,999_j
BR,Brazil,1980,top10_share,0.5861,999_j
BR,Brazil,1981,top10_share,0.5861,999_j
BR,Brazil,1982,top10_share,0.5861,999_j
BR,Brazil,1983,top10_share,0.5861,999_j
BR,Brazil,1984,top10_share,0.5861,999_j
BR,Brazil,1985,top10_share,0.5861,999_j
BR,Brazil,1986,top10_share,0.5861,999_j
BR,Brazil,1987,top10_share,0.5861,999_j
BR,Brazil,1988,top10_share,0.5861,999_j
BR,Brazil,1989,top10_share,0.5861,999_j
BR,Brazil,1990,top10_share,0.5861,999_j
BR,Brazil,1991,top10_share,0.5861,999_j
BR,Brazil,1992,top10_share,0.5861,999_j
BR,Brazil,1993,top10_share,0.5861,999_j
BR,Brazil,1994,top10_share,0.5861,999_j
BR,Brazil,1995,top10_share,0.5861,999_j
BR,Brazil,1996,top10_share,0.5861,999_j
BR,Brazil,1997,top10_share,0.5861,999_j
BR,Brazil,1998,top10_share,0.5861,999_j
BR,Brazil,1999,top10_share,0.5861,999_j
BR,Brazil,2000,top10_share,0.5861,999_j
BR,Brazil,2001,top10_share,0.5861,999_j
BR,Brazil,2002,top10_share,0.5934,999_j
BR,Brazil,2003,top10_share,0.5898,999_j
BR,Brazil,2004,top10_share,0.5818,999_j
BR,Brazil,2005,top10_share,0.6049,999_j
BR,Brazil,2006,top10_share,0.6039,999_j
BR,Brazil,2007,top10_share,0.5878,999_j
BR,Brazil,2008,top10_share,0.5844,999_j
BR,Brazil,2009,top10_share,0.5798,999_j
BR,Brazil,2010,top10_share,0.5875,999_j
BR,Brazil,2011,top10_share,0.5952,999_j
BR,Brazil,2012,top10_share,0.5856,999_j
BR,Brazil,2013,top10_share,0.5759,999_j
BR,Brazil,2014,top10_share,0.5792,999_j
BR,Brazil,2015,top10_share,0.5913,999_j
BR,Brazil,2016,top10_share,0.5835,999_j
BR,Brazil,2017,top10_share,0.5785,999_j
BR,Brazil,2018,top10_share,0.5742,999_j
BR,Brazil,2019,top10_share,0.5645,999_j
BR,Brazil,2020,top10_share,0.5908,999_j
BR,Brazil,2021,top10_share,0.5994,999_j
BR,Brazil,2022,top10_share,0.5939,999_j
BR,Brazil,2023,top10_share,0.5912,999_j
BR,Brazil,2024,top10_share,0.5912,999_j
BR,Brazil,1820,top1_share,0.2348,999_j
BR,Brazil,1850,top1_share,0.2373,999_j
BR,Brazil,1880,top1_share,0.2397,999_j
BR,Brazil,1900,top1_share,0.2422,999_j
BR,Brazil,1910,top1_share,0.2472,999_j
BR,Brazil,1920,top1_share,0.27,999_j
BR,Brazil,1930,top1_share,0.3,999_j
BR,Brazil,1940,top1_share,0.34,999_j
BR,Brazil,1950,top1_share,0.3,999_j
BR,Brazil,1960,top1_share,0.25,999_j
BR,Brazil,1970,top1_share,0.28,999_j
BR,Brazil,1980,top1_share,0.2724,999_j
BR,Brazil,1981,top1_share,0.2724,999_j
BR,Brazil,1982,top1_share,0.2724,999_j
BR,Brazil,1983,top1_share,0.2724,999_j
BR,Brazil,1984,top1_share,0.2724,999_j
BR,Brazil,1985,top1_share,0.2724,999_j
BR,Brazil,1986,top1_share,0.2724,999_j
BR,Brazil,1987,top1_share,0.2724,999_j
BR,Brazil,1988,top1_share,0.2724,999_j
BR,Brazil,1989,top1_share,0.2724,999_j
BR,Brazil,1990,top1_share,0.2724,999_j
BR,Brazil,1991,top1_share,0.2724,999_j
BR,Brazil,1992,top1_share,0.2724,999_j
BR,Brazil,1993,top1_share,0.2724,999_j
BR,Brazil,1994,top1_share,0.2724,999_j
BR,Brazil,1995,top1_share,0.2724,999_j
BR,Brazil,1996,top1_share,0.2724,999_j
BR,Brazil,1997,top1_share,0.2724,999_j
BR,Brazil,1998,top1_share,0.2724,999_j
BR,Brazil,1999,top1_share,0.2724,999_j
BR,Brazil,2000,top1_share,0.2724,999_j
BR,Brazil,2001,top1_share,0.2724,999_j
BR,Brazil,2002,top1_share,0.2664,999_j
BR,Brazil,2003,top1_share,0.2734,999_j
BR,Brazil,2004,top1_share,0.2811,999_j
BR,Brazil,2005,top1_share,0.2831,999_j
BR,Brazil,2006,top1_share,0.289,999_j
BR,Brazil,2007,top1_share,0.2999,999_j
BR,Brazil,2008,top1_share,0.2927,999_j
BR,Brazil,2009,top1_share,0.2728,999_j
BR,Brazil,2010,top1_share,0.2907,999_j
BR,Brazil,2011,top1_share,0.3085,999_j
BR,Brazil,2012,top1_share,0.3273,999_j
BR,Brazil,2013,top1_share,0.2958,999_j
BR,Brazil,2014,top1_share,0.3047,999_j
BR,Brazil,2015,top1_share,0.2758,999_j
BR,Brazil,2016,top1_share,0.2526,999_j
BR,Brazil,2017,top1_share,0.2592,999_j
BR,Brazil,2018,top1_share,0.247,999_j
BR,Brazil,2019,top1_share,0.2533,999_j
BR,Brazil,2020,top1_share,0.2705,999_j
BR,Brazil,2021,top1_share,0.2804,999_j
BR,Brazil,2022,top1_share,0.2575,999_j
BR,Brazil,2023,top1_share,0.265,999_j
BR,Brazil,2024,top1_share,0.265,999_j
CN,China,1820,bottom50_share,0.1855,999_j
CN,China,1850,bottom50_share,0.1812,999_j
CN,China,1880,bottom50_share,0.1594,999_j
CN,China,1900,bottom50_share,0.1571,999_j
CN,China,1910,bottom50_share,0.1691,999_j
CN,China,1920,bottom50_share,0.1558,999_j
CN,China,1930,bottom50_share,0.1511,999_j
CN,China,1940,bottom50_share,0.1791,999_j
CN,China,1950,bottom50_share,0.254,999_j
CN,China,1960,bottom50_share,0.254,999_j
CN,China,1970,bottom50_share,0.254,999_j
CN,China,1978,bottom50_share,0.2473,999_j
CN,China,1979,bottom50_share,0.2466,999_j
CN,China,1980,bottom50_share,0.2454,999_j
CN,China,1981,bottom50_share,0.2427,999_j
CN,China,1982,bottom50_share,0.2376,999_j
CN,China,1983,bottom50_share,0.2402,999_j
CN,China,1984,bottom50_share,0.2375,999_j
CN,China,1985,bottom50_share,0.2342,999_j
CN,China,1986,bottom50_share,0.2213,999_j
CN,China,1987,bottom50_share,0.2169,999_j
CN,China,1988,bottom50_share,0.215,999_j
CN,China,1989,bottom50_share,0.2089,999_j
CN,China,1990,bottom50_share,0.2109,999_j
CN,China,1991,bottom50_share,0.1992,999_j
CN,China,1992,bottom50_share,0.1906,999_j
CN,China,1993,bottom50_share,0.1817,999_j
CN,China,1994,bottom50_share,0.178,999_j
CN,China,1995,bottom50_share,0.1817,999_j
CN,China,1996,bottom50_share,0.1873,999_j
CN,China,1997,bottom50_share,0.1876,999_j
CN,China,1998,bottom50_share,0.1882,999_j
CN,China,1999,bottom50_share,0.1818,999_j
CN,China,2000,bottom50_share,0.1707,999_j
CN,China,2001,bottom50_share,0.1652,999_j
CN,China,2002,bottom50_share,0.153,999_j
CN,China,2003,bottom50_share,0.1489,999_j
CN,China,2004,bottom50_share,0.1489,999_j
CN,China,2005,bottom50_share,0.1417,999_j
CN,China,2006,bottom50_share,0.1416,999_j
CN,China,2007,bottom50_share,0.1401,999_j
CN,China,2008,bottom50_share,0.1397,999_j
CN,China,2009,bottom50_share,0.139,999_j
CN,China,2010,bottom50_share,0.136,999_j
CN,China,2011,bottom50_share,0.1385,999_j
CN,China,2012,bottom50_share,0.1429,999_j
CN,China,2013,bottom50_share,0.1379,999_j
CN,China,2014,bottom50_share,0.1414,999_j
CN,China,2015,bottom50_share,0.1412,999_j
CN,China,2016,bottom50_share,0.1411,999_j
CN,China,2017,bottom50_share,0.1386,999_j
CN,China,2018,bottom50_share,0.1393,999_j
CN,China,2019,bottom50_share,0.1398,999_j
CN,China,2020,bottom50_share,0.1377,999_j
CN,China,2021,bottom50_share,0.1374,999_j
CN,China,2022,bottom50_share,0.1351,999_j
CN,China,2023,bottom50_share,0.1351,999_j
CN,China,2024,bottom50_share,0.1351,999_j
CN,China,1820,top10_share,0.4648,999_j
CN,China,1850,top10_share,0.4772,999_j
CN,China,1880,top10_share,0.5124,999_j
CN,China,1900,top10_share,0.5161,999_j
CN,China,1910,top10_share,0.512,999_j
CN,China,1920,top10_share,0.5503,999_j
CN,China,1930,top10_share,0.5356,999_j
CN,China,1940,top10_share,0.4832,999_j
CN,China,1950,top10_share,0.267,999_j
CN,China,1960,top10_share,0.267,999_j
CN,China,1970,top10_share,0.267,999_j
CN,China,1978,top10_share,0.2798,999_j
CN,China,1979,top10_share,0.2798,999_j
CN,China,1980,top10_share,0.2805,999_j
CN,China,1981,top10_share,0.2847,999_j
CN,China,1982,top10_share,0.2887,999_j
CN,China,1983,top10_share,0.2896,999_j
CN,China,1984,top10_share,0.2945,999_j
CN,China,1985,top10_share,0.3031,999_j
CN,China,1986,top10_share,0.3054,999_j
CN,China,1987,top10_share,0.3037,999_j
CN,China,1988,top10_share,0.3071,999_j
CN,China,1989,top10_share,0.3126,999_j
CN,China,1990,top10_share,0.31,999_j
CN,China,1991,top10_share,0.3164,999_j
CN,China,1992,top10_share,0.3284,999_j
CN,China,1993,top10_share,0.3403,999_j
CN,China,1994,top10_share,0.3446,999_j
CN,China,1995,top10_share,0.3403,999_j
CN,China,1996,top10_share,0.3405,999_j
CN,China,1997,top10_share,0.3406,999_j
CN,China,1998,top10_share,0.3439,999_j
CN,China,1999,top10_share,0.3493,999_j
CN,China,2000,top10_share,0.36,999_j
CN,China,2001,top10_share,0.3675,999_j
CN,China,2002,top10_share,0.398,999_j
CN,China,2003,top10_share,0.4063,999_j
CN,China,2004,top10_share,0.4134,999_j
CN,China,2005,top10_share,0.4228,999_j
CN,China,2006,top10_share,0.4248,999_j
CN,China,2007,top10_share,0.4281,999_j
CN,China,2008,top10_share,0.4281,999_j
CN,China,2009,top10_share,0.4274,999_j
CN,China,2010,top10_share,0.4295,999_j
CN,China,2011,top10_share,0.4323,999_j
CN,China,2012,top10_share,0.4181,999_j
CN,China,2013,top10_share,0.4247,999_j
CN,China,2014,top10_share,0.4168,999_j
CN,China,2015,top10_share,0.4178,999_j
CN,China,2016,top10_share,0.418,999_j
CN,China,2017,top10_share,0.4283,999_j
CN,China,2018,top10_share,0.4253,999_j
CN,China,2019,top10_share,0.4236,999_j
CN,China,2020,top10_share,0.432,999_j
CN,China,2021,top10_share,0.4335,999_j
CN,China,2022,top10_share,0.4346,999_j
CN,China,2023,top10_share,0.4346,999_j
CN,China,2024,top10_share,0.4346,999_j
CN,China,1820,top1_share,0.1616,999_j
CN,China,1850,top1_share,0.1735,999_j
CN,China,1880,top1_share,0.1761,999_j
CN,China,1900,top1_share,0.1784,999_j
CN,China,1910,top1_share,0.2026,999_j
CN,China,1920,top1_share,0.2178,999_j
CN,China,1930,top1_share,0.2014,999_j
CN,China,1940,top1_share,0.1817,999_j
CN,China,1950,top1_share,0.05,999_j
CN,China,1960,top1_share,0.05,999_j
CN,China,1970,top1_share,0.05,999_j
CN,China,1978,top1_share,0.0654,999_j
CN,China,1979,top1_share,0.0656,999_j
CN,China,1980,top1_share,0.0661,999_j
CN,China,1981,top1_share,0.069,999_j
CN,China,1982,top1_share,0.0713,999_j
CN,China,1983,top1_share,0.0731,999_j
CN,China,1984,top1_share,0.0765,999_j
CN,China,1985,top1_share,0.0822,999_j
CN,China,1986,top1_share,0.0815,999_j
CN,China,1987,top1_share,0.0804,999_j
CN,China,1988,top1_share,0.0817,999_j
CN,China,1989,top1_share,0.0837,999_j
CN,China,1990,top1_share,0.0825,999_j
CN,China,1991,top1_share,0.0846,999_j
CN,China,1992,top1_share,0.0889,999_j
CN,China,1993,top1_share,0.0933,999_j
CN,China,1994,top1_share,0.0958,999_j
CN,China,1995,top1_share,0.0942,999_j
CN,China,1996,top1_share,0.0969,999_j
CN,China,1997,top1_share,0.0969,999_j
CN,China,1998,top1_share,0.0998,999_j
CN,China,1999,top1_share,0.1006,999_j
CN,China,2000,top1_share,0.105,999_j
CN,China,2001,top1_share,0.11,999_j
CN,China,2002,top1_share,0.1269,999_j
CN,China,2003,top1_share,0.1327,999_j
CN,China,2004,top1_share,0.1397,999_j
CN,China,2005,top1_share,0.1434,999_j
CN,China,2006,top1_share,0.1491,999_j
CN,China,2007,top1_share,0.1542,999_j
CN,China,2008,top1_share,0.1533,999_j
CN,China,2009,top1_share,0.1556,999_j
CN,China,2010,top1_share,0.1524,999_j
CN,China,2011,top1_share,0.1471,999_j
CN,China,2012,top1_share,0.1387,999_j
CN,China,2013,top1_share,0.1393,999_j
CN,China,2014,top1_share,0.1378,999_j
CN,China,2015,top1_share,0.1404,999_j
CN,China,2016,top1_share,0.1405,999_j
CN,China,2017,top1_share,0.1516,999_j
CN,China,2018,top1_share,0.1485,999_j
CN,China,2019,top1_share,0.1466,999_j
CN,China,2020,top1_share,0.1556,999_j
CN,China,2021,top1_share,0.1572,999_j
CN,China,2022,top1_share,0.1576,999_j
CN,China,2023,top1_share,0.1576,999_j
CN,China,2024,top1_share,0.1576,999_j
DE,Germany,1820,bottom50_share,0.1815,999_j
DE,Germany,1850,bottom50_share,0.178,999_j
DE,Germany,1871,bottom50_share,0.182,999_j
DE,Germany,1872,bottom50_share,0.1822,999_j
DE,Germany,1873,bottom50_share,0.1824,999_j
DE,Germany,1874,bottom50_share,0.1826,999_j
DE,Germany,1875,bottom50_share,0.1828,999_j
DE,Germany,1876,bottom50_share,0.1833,999_j
DE,Germany,1877,bottom50_share,0.1835,999_j
DE,Germany,1878,bottom50_share,0.1835,999_j
DE,Germany,1879,bottom50_share,0.1836,999_j
DE,Germany,1880,bottom50_share,0.1836,999_j
DE,Germany,1881,bottom50_share,0.1828,999_j
DE,Germany,1882,bottom50_share,0.182,999_j
DE,Germany,1883,bottom50_share,0.181,999_j
DE,Germany,1884,bottom50_share,0.1802,999_j
DE,Germany,1885,bottom50_share,0.1796,999_j
DE,Germany,1886,bottom50_share,0.1788,999_j
DE,Germany,1887,bottom50_share,0.1781,999_j
DE,Germany,1888,bottom50_share,0.1771,999_j
DE,Germany,1889,bottom50_share,0.1761,999_j
DE,Germany,1890,bottom50_share,0.1753,999_j
DE,Germany,1891,bottom50_share,0.1747,999_j
DE,Germany,1892,bottom50_share,0.1742,999_j
DE,Germany,1893,bottom50_share,0.1743,999_j
DE,Germany,1894,bottom50_share,0.1734,999_j
DE,Germany,1895,bottom50_share,0.1721,999_j
DE,Germany,1896,bottom50_share,0.1719,999_j
DE,Germany,1897,bottom50_share,0.1708,999_j
DE,Germany,1898,bottom50_share,0.1695,999_j
DE,Germany,1899,bottom50_share,0.1685,999_j
DE,Germany,1900,bottom50_share,0.1678,999_j
DE,Germany,1901,bottom50_share,0.1688,999_j
DE,Germany,1902,bottom50_share,0.1695,999_j
DE,Germany,1903,bottom50_share,0.171,999_j
DE,Germany,1904,bottom50_share,0.1715,999_j
DE,Germany,1905,bottom50_share,0.1716,999_j
DE,Germany,1906,bottom50_share,0.1722,999_j
DE,Germany,1907,bottom50_share,0.1731,999_j
DE,Germany,1908,bottom50_share,0.1745,999_j
DE,Germany,1909,bottom50_share,0.1755,999_j
DE,Germany,1910,bottom50_share,0.1759,999_j
DE,Germany,1911,bottom50_share,0.1758,999_j
DE,Germany,1912,bottom50_share,0.1753,999_j
DE,Germany,1913,bottom50_share,0.1741,999_j
DE,Germany,1914,bottom50_share,0.1737,999_j
DE,Germany,1915,bottom50_share,0.1738,999_j
DE,Germany,1916,bottom50_share,0.1716,999_j
DE,Germany,1917,bottom50_share,0.1719,999_j
DE,Germany,1918,bottom50_share,0.1724,999_j
DE,Germany,1919,bottom50_share,0.1712,999_j
DE,Germany,1920,bottom50_share,0.1724,999_j
DE,Germany,1925,bottom50_share,0.1981,999_j
DE,Germany,1926,bottom50_share,0.205,999_j
DE,Germany,1927,bottom50_share,0.2092,999_j
DE,Germany,1928,bottom50_share,0.2136,999_j
DE,Germany,1929,bottom50_share,0.2192,999_j
DE,Germany,1930,bottom50_share,0.2229,999_j
DE,Germany,1932,bottom50_share,0.2167,999_j
DE,Germany,1933,bottom50_share,0.2151,999_j
DE,Germany,1934,bottom50_share,0.2116,999_j
DE,Germany,1935,bottom50_share,0.2077,999_j
DE,Germany,1936,bottom50_share,0.2036,999_j
DE,Germany,1937,bottom50_share,0.1999,999_j
DE,Germany,1938,bottom50_share,0.1972,999_j
DE,Germany,1940,bottom50_share,0.1917,999_j
DE,Germany,1949,bottom50_share,0.2191,999_j
DE,Germany,1950,bottom50_share,0.2205,999_j
DE,Germany,1954,bottom50_share,0.2251,999_j
DE,Germany,1957,bottom50_share,0.2272,999_j
DE,Germany,1960,bottom50_share,0.2289,999_j
DE,Germany,1961,bottom50_share,0.229,999_j
DE,Germany,1965,bottom50_share,0.2327,999_j
DE,Germany,1968,bottom50_share,0.236,999_j
DE,Germany,1970,bottom50_share,0.2409,999_j
DE,Germany,1971,bottom50_share,0.2382,999_j
DE,Germany,1974,bottom50_share,0.2415,999_j
DE,Germany,1977,bottom50_share,0.2438,999_j
DE,Germany,1980,bottom50_share,0.2325,999_j
DE,Germany,1981,bottom50_share,0.2338,999_j
DE,Germany,1982,bottom50_share,0.236,999_j
DE,Germany,1983,bottom50_share,0.2342,999_j
DE,Germany,1984,bottom50_share,0.237,999_j
DE,Germany,1985,bottom50_share,0.2359,999_j
DE,Germany,1986,bottom50_share,0.2334,999_j
DE,Germany,1987,bottom50_share,0.2304,999_j
DE,Germany,1988,bottom50_share,0.2239,999_j
DE,Germany,1989,bottom50_share,0.2177,999_j
DE,Germany,1990,bottom50_share,0.2162,999_j
DE,Germany,1991,bottom50_share,0.221,999_j
DE,Germany,1992,bottom50_share,0.224,999_j
DE,Germany,1993,bottom50_share,0.2273,999_j
DE,Germany,1994,bottom50_share,0.229,999_j
DE,Germany,1995,bottom50_share,0.2309,999_j
DE,Germany,1996,bottom50_share,0.2248,999_j
DE,Germany,1997,bottom50_share,0.2201,999_j
DE,Germany,1998,bottom50_share,0.2151,999_j
DE,Germany,1999,bottom50_share,0.2155,999_j
DE,Germany,2000,bottom50_share,0.2162,999_j
DE,Germany,2001,bottom50_share,0.2153,999_j
DE,Germany,2002,bottom50_share,0.2096,999_j
DE,Germany,2003,bottom50_share,0.2149,999_j
DE,Germany,2004,bottom50_share,0.2105,999_j
DE,Germany,2005,bottom50_share,0.198,999_j
DE,Germany,2006,bottom50_share,0.1972,999_j
DE,Germany,2007,bottom50_share,0.191,999_j
DE,Germany,2008,bottom50_share,0.1909,999_j
DE,Germany,2009,bottom50_share,0.1911,999_j
DE,Germany,2010,bottom50_share,0.1931,999_j
DE,Germany,2011,bottom50_share,0.1908,999_j
DE,Germany,2012,bottom50_share,0.1897,999_j
DE,Germany,2013,bottom50_share,0.1827,999_j
DE,Germany,2014,bottom50_share,0.1814,999_j
DE,Germany,2015,bottom50_share,0.1824,999_j
DE,Germany,2016,bottom50_share,0.1843,999_j
DE,Germany,2017,bottom50_share,0.1858,999_j
DE,Germany,2018,bottom50_share,0.1885,999_j
DE,Germany,2019,bottom50_share,0.188,999_j
DE,Germany,2020,bottom50_share,0.188,999_j
DE,Germany,2021,bottom50_share,0.1882,999_j
DE,Germany,2022,bottom50_share,0.1878,999_j
DE,Germany,2023,bottom50_share,0.1877,999_j
DE,Germany,2024,bottom50_share,0.1877,999_j
DE,Germany,1820,top10_share,0.4705,999_j
DE,Germany,1850,top10_share,0.4808,999_j
DE,Germany,1871,top10_share,0.4691,999_j
DE,Germany,1872,top10_share,0.4685,999_j
DE,Germany,1873,top10_share,0.468,999_j
DE,Germany,1874,top10_share,0.4674,999_j
DE,Germany,1875,top10_share,0.4666,999_j
DE,Germany,1876,top10_share,0.4653,999_j
DE,Germany,1877,top10_share,0.4647,999_j
DE,Germany,1878,top10_share,0.4646,999_j
DE,Germany,1879,top10_share,0.4643,999_j
DE,Germany,1880,top10_share,0.4642,999_j
DE,Germany,1881,top10_share,0.4666,999_j
DE,Germany,1882,top10_share,0.469,999_j
DE,Germany,1883,top10_share,0.472,999_j
DE,Germany,1884,top10_share,0.4742,999_j
DE,Germany,1885,top10_share,0.4759,999_j
DE,Germany,1886,top10_share,0.4783,999_j
DE,Germany,1887,top10_share,0.4805,999_j
DE,Germany,1888,top10_share,0.4834,999_j
DE,Germany,1889,top10_share,0.4863,999_j
DE,Germany,1890,top10_share,0.4886,999_j
DE,Germany,1891,top10_share,0.4902,999_j
DE,Germany,1892,top10_share,0.4918,999_j
DE,Germany,1893,top10_share,0.4914,999_j
DE,Germany,1894,top10_share,0.4942,999_j
DE,Germany,1895,top10_share,0.4979,999_j
DE,Germany,1896,top10_share,0.4984,999_j
DE,Germany,1897,top10_share,0.5018,999_j
DE,Germany,1898,top10_share,0.5055,999_j
DE,Germany,1899,top10_share,0.5084,999_j
DE,Germany,1900,top10_share,0.5105,999_j
DE,Germany,1901,top10_share,0.5075,999_j
DE,Germany,1902,top10_share,0.5055,999_j
DE,Germany,1903,top10_share,0.5012,999_j
DE,Germany,1904,top10_share,0.4998,999_j
DE,Germany,1905,top10_share,0.4992,999_j
DE,Germany,1906,top10_share,0.4977,999_j
DE,Germany,1907,top10_share,0.495,999_j
DE,Germany,1908,top10_share,0.491,999_j
DE,Germany,1909,top10_share,0.488,999_j
DE,Germany,1910,top10_share,0.4868,999_j
DE,Germany,1911,top10_share,0.4871,999_j
DE,Germany,1912,top10_share,0.4887,999_j
DE,Germany,1913,top10_share,0.4921,999_j
DE,Germany,1914,top10_share,0.4932,999_j
DE,Germany,1915,top10_share,0.4931,999_j
DE,Germany,1916,top10_share,0.4993,999_j
DE,Germany,1917,top10_share,0.4985,999_j
DE,Germany,1918,top10_share,0.4969,999_j
DE,Germany,1919,top10_share,0.5004,999_j
DE,Germany,1920,top10_share,0.497,999_j
DE,Germany,1925,top10_share,0.422,999_j
DE,Germany,1926,top10_share,0.402,999_j
DE,Germany,1927,top10_share,0.3895,999_j
DE,Germany,1928,top10_share,0.3769,999_j
DE,Germany,1929,top10_share,0.3606,999_j
DE,Germany,1930,top10_share,0.3497,999_j
DE,Germany,1932,top10_share,0.3677,999_j
DE,Germany,1933,top10_share,0.3724,999_j
DE,Germany,1934,top10_share,0.3826,999_j
DE,Germany,1935,top10_share,0.3941,999_j
DE,Germany,1936,top10_share,0.4059,999_j
DE,Germany,1937,top10_share,0.4169,999_j
DE,Germany,1938,top10_share,0.4247,999_j
DE,Germany,1940,top10_share,0.4408,999_j
DE,Germany,1949,top10_share,0.4011,999_j
DE,Germany,1950,top10_share,0.4012,999_j
DE,Germany,1954,top10_share,0.3702,999_j
DE,Germany,1957,top10_share,0.3505,999_j
DE,Germany,1960,top10_share,0.3323,999_j
DE,Germany,1961,top10_share,0.3317,999_j
DE,Germany,1965,top10_share,0.3202,999_j
DE,Germany,1968,top10_share,0.3102,999_j
DE,Germany,1970,top10_share,0.2971,999_j
DE,Germany,1971,top10_share,0.3035,999_j
DE,Germany,1974,top10_share,0.2933,999_j
DE,Germany,1977,top10_share,0.2862,999_j
DE,Germany,1980,top10_share,0.286,999_j
DE,Germany,1981,top10_share,0.2814,999_j
DE,Germany,1982,top10_share,0.2804,999_j
DE,Germany,1983,top10_share,0.2847,999_j
DE,Germany,1984,top10_share,0.2849,999_j
DE,Germany,1985,top10_share,0.2871,999_j
DE,Germany,1986,top10_share,0.2937,999_j
DE,Germany,1987,top10_share,0.3015,999_j
DE,Germany,1988,top10_share,0.3159,999_j
DE,Germany,1989,top10_share,0.3246,999_j
DE,Germany,1990,top10_share,0.3255,999_j
DE,Germany,1991,top10_share,0.3149,999_j
DE,Germany,1992,top10_share,0.3096,999_j
DE,Germany,1993,top10_share,0.3043,999_j
DE,Germany,1994,top10_share,0.2997,999_j
DE,Germany,1995,top10_share,0.2979,999_j
DE,Germany,1996,top10_share,0.3064,999_j
DE,Germany,1997,top10_share,0.3154,999_j
DE,Germany,1998,top10_share,0.3217,999_j
DE,Germany,1999,top10_share,0.3213,999_j
DE,Germany,2000,top10_share,0.3229,999_j
DE,Germany,2001,top10_share,0.3239,999_j
DE,Germany,2002,top10_share,0.3241,999_j
DE,Germany,2003,top10_share,0.3165,999_j
DE,Germany,2004,top10_share,0.3289,999_j
DE,Germany,2005,top10_share,0.3481,999_j
DE,Germany,2006,top10_share,0.3531,999_j
DE,Germany,2007,top10_share,0.3691,999_j
DE,Germany,2008,top10_share,0.3676,999_j
DE,Germany,2009,top10_share,0.3725,999_j
DE,Germany,2010,top10_share,0.3669,999_j
DE,Germany,2011,top10_share,0.3679,999_j
DE,Germany,2012,top10_share,0.3632,999_j
DE,Germany,2013,top10_share,0.3776,999_j
DE,Germany,2014,top10_share,0.3826,999_j
DE,Germany,2015,top10_share,0.3817,999_j
DE,Germany,2016,top10_share,0.3811,999_j
DE,Germany,2017,top10_share,0.3781,999_j
DE,Germany,2018,top10_share,0.3737,999_j
DE,Germany,2019,top10_share,0.3745,999_j
DE,Germany,2020,top10_share,0.3745,999_j
DE,Germany,2021,top10_share,0.3742,999_j
DE,Germany,2022,top10_share,0.3764,999_j
DE,Germany,2023,top10_share,0.3765,999_j
DE,Germany,2024,top10_share,0.3765,999_j
DE,Germany,1820,top1_share,0.1769,999_j
DE,Germany,1850,top1_share,0.1808,999_j
DE,Germany,1871,top1_share,0.1762,999_j
DE,Germany,1872,top1_share,0.176,999_j
DE,Germany,1873,top1_share,0.1758,999_j
DE,Germany,1874,top1_share,0.1755,999_j
DE,Germany,1875,top1_share,0.1749,999_j
DE,Germany,1876,top1_share,0.1737,999_j
DE,Germany,1877,top1_share,0.1734,999_j
DE,Germany,1878,top1_share,0.1739,999_j
DE,Germany,1879,top1_share,0.174,999_j
DE,Germany,1880,top1_share,0.1745,999_j
DE,Germany,1881,top1_share,0.1772,999_j
DE,Germany,1882,top1_share,0.1797,999_j
DE,Germany,1883,top1_share,0.1834,999_j
DE,Germany,1884,top1_share,0.1857,999_j
DE,Germany,1885,top1_share,0.1872,999_j
DE,Germany,1886,top1_share,0.1898,999_j
DE,Germany,1887,top1_share,0.1921,999_j
DE,Germany,1888,top1_share,0.1956,999_j
DE,Germany,1889,top1_share,0.199,999_j
DE,Germany,1890,top1_share,0.2015,999_j
DE,Germany,1891,top1_share,0.2028,999_j
DE,Germany,1892,top1_share,0.2041,999_j
DE,Germany,1893,top1_share,0.2024,999_j
DE,Germany,1894,top1_share,0.2056,999_j
DE,Germany,1895,top1_share,0.2104,999_j
DE,Germany,1896,top1_share,0.2101,999_j
DE,Germany,1897,top1_share,0.2142,999_j
DE,Germany,1898,top1_share,0.2189,999_j
DE,Germany,1899,top1_share,0.2222,999_j
DE,Germany,1900,top1_share,0.2244,999_j
DE,Germany,1901,top1_share,0.2224,999_j
DE,Germany,1902,top1_share,0.222,999_j
DE,Germany,1903,top1_share,0.2178,999_j
DE,Germany,1904,top1_share,0.2183,999_j
DE,Germany,1905,top1_share,0.2201,999_j
DE,Germany,1906,top1_share,0.2203,999_j
DE,Germany,1907,top1_share,0.2188,999_j
DE,Germany,1908,top1_share,0.2152,999_j
DE,Germany,1909,top1_share,0.2132,999_j
DE,Germany,1910,top1_share,0.214,999_j
DE,Germany,1911,top1_share,0.2133,999_j
DE,Germany,1912,top1_share,0.2147,999_j
DE,Germany,1913,top1_share,0.2188,999_j
DE,Germany,1914,top1_share,0.2193,999_j
DE,Germany,1915,top1_share,0.218,999_j
DE,Germany,1916,top1_share,0.2265,999_j
DE,Germany,1917,top1_share,0.2242,999_j
DE,Germany,1918,top1_share,0.2206,999_j
DE,Germany,1919,top1_share,0.2249,999_j
DE,Germany,1920,top1_share,0.2185,999_j
DE,Germany,1925,top1_share,0.1698,999_j
DE,Germany,1926,top1_share,0.1529,999_j
DE,Germany,1927,top1_share,0.1469,999_j
DE,Germany,1928,top1_share,0.1405,999_j
DE,Germany,1929,top1_share,0.129,999_j
DE,Germany,1930,top1_share,0.1249,999_j
DE,Germany,1932,top1_share,0.1311,999_j
DE,Germany,1933,top1_share,0.1282,999_j
DE,Germany,1934,top1_share,0.133,999_j
DE,Germany,1935,top1_share,0.1395,999_j
DE,Germany,1936,top1_share,0.1467,999_j
DE,Germany,1937,top1_share,0.1527,999_j
DE,Germany,1938,top1_share,0.154,999_j
DE,Germany,1940,top1_share,0.1574,999_j
DE,Germany,1949,top1_share,0.1067,999_j
DE,Germany,1950,top1_share,0.1078,999_j
DE,Germany,1954,top1_share,0.1055,999_j
DE,Germany,1957,top1_share,0.109,999_j
DE,Germany,1960,top1_share,0.1143,999_j
DE,Germany,1961,top1_share,0.116,999_j
DE,Germany,1965,top1_share,0.1109,999_j
DE,Germany,1968,top1_share,0.1052,999_j
DE,Germany,1970,top1_share,0.1022,999_j
DE,Germany,1971,top1_share,0.1037,999_j
DE,Germany,1974,top1_share,0.0979,999_j
DE,Germany,1977,top1_share,0.096,999_j
DE,Germany,1980,top1_share,0.0984,999_j
DE,Germany,1981,top1_share,0.0942,999_j
DE,Germany,1982,top1_share,0.0922,999_j
DE,Germany,1983,top1_share,0.094,999_j
DE,Germany,1984,top1_share,0.0941,999_j
DE,Germany,1985,top1_share,0.0955,999_j
DE,Germany,1986,top1_share,0.0997,999_j
DE,Germany,1987,top1_share,0.104,999_j
DE,Germany,1988,top1_share,0.1129,999_j
DE,Germany,1989,top1_share,0.118,999_j
DE,Germany,1990,top1_share,0.1145,999_j
DE,Germany,1991,top1_share,0.103,999_j
DE,Germany,1992,top1_share,0.096,999_j
DE,Germany,1993,top1_share,0.0921,999_j
DE,Germany,1994,top1_share,0.0892,999_j
DE,Germany,1995,top1_share,0.0878,999_j
DE,Germany,1996,top1_share,0.0954,999_j
DE,Germany,1997,top1_share,0.1027,999_j
DE,Germany,1998,top1_share,0.1097,999_j
DE,Germany,1999,top1_share,0.1064,999_j
DE,Germany,2000,top1_share,0.1049,999_j
DE,Germany,2001,top1_share,0.1028,999_j
DE,Germany,2002,top1_share,0.101,999_j
DE,Germany,2003,top1_share,0.0945,999_j
DE,Germany,2004,top1_share,0.1058,999_j
DE,Germany,2005,top1_share,0.1209,999_j
DE,Germany,2006,top1_share,0.1269,999_j
DE,Germany,2007,top1_share,0.1361,999_j
DE,Germany,2008,top1_share,0.1345,999_j
DE,Germany,2009,top1_share,0.1298,999_j
DE,Germany,2010,top1_share,0.1287,999_j
DE,Germany,2011,top1_share,0.128,999_j
DE,Germany,2012,top1_share,0.1258,999_j
DE,Germany,2013,top1_share,0.131,999_j
DE,Germany,2014,top1_share,0.1326,999_j
DE,Germany,2015,top1_share,0.1326,999_j
DE,Germany,2016,top1_share,0.1325,999_j
DE,Germany,2017,top1_share,0.1319,999_j
DE,Germany,2018,top1_share,0.13,999_j
DE,Germany,2019,top1_share,0.1305,999_j
DE,Germany,2020,top1_share,0.1305,999_j
DE,Germany,2021,top1_share,0.1309,999_j
DE,Germany,2022,top1_share,0.1328,999_j
DE,Germany,2023,top1_share,0.1331,999_j
DE,Germany,2024,top1_share,0.1331,999_j
FR,France,1820,bottom50_share,0.1483,999_j
FR,France,1850,bottom50_share,0.146,999_j
FR,France,1880,bottom50_share,0.1453,999_j
FR,France,1900,bottom50_share,0.163,999_j
FR,France,1910,bottom50_share,0.1455,999_j
FR,France,1915,bottom50_share,0.1358,999_j
FR,France,1916,bottom50_share,0.134,999_j
FR,France,1917,bottom50_share,0.1343,999_j
FR,France,1918,bottom50_share,0.1419,999_j
FR,France,1919,bottom50_share,0.1399,999_j
FR,France,1920,bottom50_share,0.143,999_j
FR,France,1921,bottom50_share,0.146,999_j
FR,France,1922,bottom50_share,0.1422,999_j
FR,France,1923,bottom50_share,0.1375,999_j
FR,France,1924,bottom50_share,0.1421,999_j
FR,France,1925,bottom50_share,0.1441,999_j
FR,France,1926,bottom50_share,0.1487,999_j
FR,France,1927,bottom50_share,0.1459,999_j
FR,France,1928,bottom50_share,0.1475,999_j
FR,France,1929,bottom50_share,0.1529,999_j
FR,France,1930,bottom50_share,0.1591,999_j
FR,France,1931,bottom50_share,0.1604,999_j
FR,France,1932,bottom50_share,0.1536,999_j
FR,France,1933,bottom50_share,0.148,999_j
FR,France,1934,bottom50_share,0.1462,999_j
FR,France,1935,bottom50_share,0.1434,999_j
FR,France,1936,bottom50_share,0.1508,999_j
FR,France,1937,bottom50_share,0.1552,999_j
FR,France,1938,bottom50_share,0.1592,999_j
FR,France,1939,bottom50_share,0.1697,999_j
FR,France,1940,bottom50_share,0.1659,999_j
FR,France,1941,bottom50_share,0.1692,999_j
FR,France,1942,bottom50_share,0.1806,999_j
FR,France,1943,bottom50_share,0.1957,999_j
FR,France,1944,bottom50_share,0.2011,999_j
FR,France,1945,bottom50_share,0.205,999_j
FR,France,1946,bottom50_share,0.1896,999_j
FR,France,1947,bottom50_share,0.1851,999_j
FR,France,1948,bottom50_share,0.1915,999_j
FR,France,1949,bottom50_share,0.1931,999_j
FR,France,1950,bottom50_share,0.1946,999_j
FR,France,1951,bottom50_share,0.1904,999_j
FR,France,1952,bottom50_share,0.188,999_j
FR,France,1953,bottom50_share,0.19,999_j
FR,France,1954,bottom50_share,0.1868,999_j
FR,France,1955,bottom50_share,0.1842,999_j
FR,France,1956,bottom50_share,0.1858,999_j
FR,France,1957,bottom50_share,0.184,999_j
FR,France,1958,bottom50_share,0.1857,999_j
FR,France,1959,bottom50_share,0.1798,999_j
FR,France,1960,bottom50_share,0.1809,999_j
FR,France,1961,bottom50_share,0.1794,999_j
FR,France,1962,bottom50_share,0.1806,999_j
FR,France,1963,bottom50_share,0.178,999_j
FR,France,1964,bottom50_share,0.1792,999_j
FR,France,1965,bottom50_share,0.1756,999_j
FR,France,1966,bottom50_share,0.1785,999_j
FR,France,1967,bottom50_share,0.1784,999_j
FR,France,1968,bottom50_share,0.1848,999_j
FR,France,1969,bottom50_share,0.1892,999_j
FR,France,1970,bottom50_share,0.1925,999_j
FR,France,1971,bottom50_share,0.1941,999_j
FR,France,1972,bottom50_share,0.1977,999_j
FR,France,1973,bottom50_share,0.1941,999_j
FR,France,1974,bottom50_share,0.1969,999_j
FR,France,1975,bottom50_share,0.2001,999_j
FR,France,1976,bottom50_share,0.2017,999_j
FR,France,1977,bottom50_share,0.2109,999_j
FR,France,1978,bottom50_share,0.2158,999_j
FR,France,1979,bottom50_share,0.2157,999_j
FR,France,1980,bottom50_share,0.2266,999_j
FR,France,1981,bottom50_share,0.2276,999_j
FR,France,1982,bottom50_share,0.2285,999_j
FR,France,1983,bottom50_share,0.2277,999_j
FR,France,1984,bottom50_share,0.2259,999_j
FR,France,1985,bottom50_share,0.2261,999_j
FR,France,1986,bottom50_share,0.2239,999_j
FR,France,1987,bottom50_share,0.223,999_j
FR,France,1988,bottom50_share,0.2225,999_j
FR,France,1989,bottom50_share,0.2176,999_j
FR,France,1990,bottom50_share,0.2153,999_j
FR,France,1991,bottom50_share,0.2194,999_j
FR,France,1992,bottom50_share,0.2168,999_j
FR,France,1993,bottom50_share,0.215,999_j
FR,France,1994,bottom50_share,0.2128,999_j
FR,France,1995,bottom50_share,0.2131,999_j
FR,France,1996,bottom50_share,0.2105,999_j
FR,France,1997,bottom50_share,0.2073,999_j
FR,France,1998,bottom50_share,0.2054,999_j
FR,France,1999,bottom50_share,0.2061,999_j
FR,France,2000,bottom50_share,0.2054,999_j
FR,France,2001,bottom50_share,0.2067,999_j
FR,France,2002,bottom50_share,0.2037,999_j
FR,France,2003,bottom50_share,0.2019,999_j
FR,France,2004,bottom50_share,0.1994,999_j
FR,France,2005,bottom50_share,0.2,999_j
FR,France,2006,bottom50_share,0.2021,999_j
FR,France,2007,bottom50_share,0.1985,999_j
FR,France,2008,bottom50_share,0.1979,999_j
FR,France,2009,bottom50_share,0.2032,999_j
FR,France,2010,bottom50_share,0.2023,999_j
FR,France,2011,bottom50_share,0.2043,999_j
FR,France,2012,bottom50_share,0.2082,999_j
FR,France,2013,bottom50_share,0.2092,999_j
FR,France,2014,bottom50_share,0.2112,999_j
FR,France,2015,bottom50_share,0.2055,999_j
FR,France,2016,bottom50_share,0.2065,999_j
FR,France,2017,bottom50_share,0.2059,999_j
FR,France,2018,bottom50_share,0.2034,999_j
FR,France,2019,bottom50_share,0.2048,999_j
FR,France,2020,bottom50_share,0.2055,999_j
FR,France,2021,bottom50_share,0.2026,999_j
FR,France,2022,bottom50_share,0.2034,999_j
FR,France,2023,bottom50_share,0.203,999_j
FR,France,2024,bottom50_share,0.203,999_j
FR,France,1820,top10_share,0.509,999_j
FR,France,1850,top10_share,0.5168,999_j
FR,France,1880,top10_share,0.5189,999_j
FR,France,1900,top10_share,0.4942,999_j
FR,France,1910,top10_share,0.5184,999_j
FR,France,1915,top10_share,0.4867,999_j
FR,France,1916,top10_share,0.5067,999_j
FR,France,1917,top10_share,0.5045,999_j
FR,France,1918,top10_share,0.4754,999_j
FR,France,1919,top10_share,0.4851,999_j
FR,France,1920,top10_share,0.4747,999_j
FR,France,1921,top10_share,0.4633,999_j
FR,France,1922,top10_share,0.4784,999_j
FR,France,1923,top10_share,0.4967,999_j
FR,France,1924,top10_share,0.4793,999_j
FR,France,1925,top10_share,0.4723,999_j
FR,France,1926,top10_share,0.4568,999_j
FR,France,1927,top10_share,0.4699,999_j
FR,France,1928,top10_share,0.4692,999_j
FR,France,1929,top10_share,0.4549,999_j
FR,France,1930,top10_share,0.4321,999_j
FR,France,1931,top10_share,0.4287,999_j
FR,France,1932,top10_share,0.4503,999_j
FR,France,1933,top10_share,0.4689,999_j
FR,France,1934,top10_share,0.4751,999_j
FR,France,1935,top10_share,0.4853,999_j
FR,France,1936,top10_share,0.4593,999_j
FR,France,1937,top10_share,0.4523,999_j
FR,France,1938,top10_share,0.4398,999_j
FR,France,1939,top10_share,0.4143,999_j
FR,France,1940,top10_share,0.4246,999_j
FR,France,1941,top10_share,0.4127,999_j
FR,France,1942,top10_share,0.3855,999_j
FR,France,1943,top10_share,0.3477,999_j
FR,France,1944,top10_share,0.3253,999_j
FR,France,1945,top10_share,0.3137,999_j
FR,France,1946,top10_share,0.3472,999_j
FR,France,1947,top10_share,0.3598,999_j
FR,France,1948,top10_share,0.3401,999_j
FR,France,1949,top10_share,0.3422,999_j
FR,France,1950,top10_share,0.3406,999_j
FR,France,1951,top10_share,0.3488,999_j
FR,France,1952,top10_share,0.3562,999_j
FR,France,1953,top10_share,0.3538,999_j
FR,France,1954,top10_share,0.3605,999_j
FR,France,1955,top10_share,0.3672,999_j
FR,France,1956,top10_share,0.3625,999_j
FR,France,1957,top10_share,0.3673,999_j
FR,France,1958,top10_share,0.3585,999_j
FR,France,1959,top10_share,0.3791,999_j
FR,France,1960,top10_share,0.3794,999_j
FR,France,1961,top10_share,0.3841,999_j
FR,France,1962,top10_share,0.3727,999_j
FR,France,1963,top10_share,0.3725,999_j
FR,France,1964,top10_share,0.3789,999_j
FR,France,1965,top10_share,0.3824,999_j
FR,France,1966,top10_share,0.3721,999_j
FR,France,1967,top10_share,0.3703,999_j
FR,France,1968,top10_share,0.3565,999_j
FR,France,1969,top10_share,0.3478,999_j
FR,France,1970,top10_share,0.3446,999_j
FR,France,1971,top10_share,0.3411,999_j
FR,France,1972,top10_share,0.3387,999_j
FR,France,1973,top10_share,0.3455,999_j
FR,France,1974,top10_share,0.3411,999_j
FR,France,1975,top10_share,0.3362,999_j
FR,France,1976,top10_share,0.3317,999_j
FR,France,1977,top10_share,0.3167,999_j
FR,France,1978,top10_share,0.3104,999_j
FR,France,1979,top10_share,0.321,999_j
FR,France,1980,top10_share,0.2876,999_j
FR,France,1981,top10_share,0.2854,999_j
FR,France,1982,top10_share,0.2826,999_j
FR,France,1983,top10_share,0.2833,999_j
FR,France,1984,top10_share,0.285,999_j
FR,France,1985,top10_share,0.2891,999_j
FR,France,1986,top10_share,0.2978,999_j
FR,France,1987,top10_share,0.3032,999_j
FR,France,1988,top10_share,0.3078,999_j
FR,France,1989,top10_share,0.315,999_j
FR,France,1990,top10_share,0.3156,999_j
FR,France,1991,top10_share,0.3107,999_j
FR,France,1992,top10_share,0.3077,999_j
FR,France,1993,top10_share,0.3065,999_j
FR,France,1994,top10_share,0.312,999_j
FR,France,1995,top10_share,0.3132,999_j
FR,France,1996,top10_share,0.3222,999_j
FR,France,1997,top10_share,0.3262,999_j
FR,France,1998,top10_share,0.3329,999_j
FR,France,1999,top10_share,0.3325,999_j
FR,France,2000,top10_share,0.3359,999_j
FR,France,2001,top10_share,0.3378,999_j
FR,France,2002,top10_share,0.3361,999_j
FR,France,2003,top10_share,0.3375,999_j
FR,France,2004,top10_share,0.3431,999_j
FR,France,2005,top10_share,0.3426,999_j
FR,France,2006,top10_share,0.3403,999_j
FR,France,2007,top10_share,0.3492,999_j
FR,France,2008,top10_share,0.352,999_j
FR,France,2009,top10_share,0.333,999_j
FR,France,2010,top10_share,0.3381,999_j
FR,France,2011,top10_share,0.3392,999_j
FR,France,2012,top10_share,0.3292,999_j
FR,France,2013,top10_share,0.3233,999_j
FR,France,2014,top10_share,0.3249,999_j
FR,France,2015,top10_share,0.3334,999_j
FR,France,2016,top10_share,0.3338,999_j
FR,France,2017,top10_share,0.3364,999_j
FR,France,2018,top10_share,0.3433,999_j
FR,France,2019,top10_share,0.3406,999_j
FR,France,2020,top10_share,0.3384,999_j
FR,France,2021,top10_share,0.349,999_j
FR,France,2022,top10_share,0.344,999_j
FR,France,2023,top10_share,0.3403,999_j
FR,France,2024,top10_share,0.3403,999_j
FR,France,1820,top1_share,0.197,999_j
FR,France,1850,top1_share,0.208,999_j
FR,France,1880,top1_share,0.215,999_j
FR,France,1900,top1_share,0.2369,999_j
FR,France,1910,top1_share,0.2273,999_j
FR,France,1915,top1_share,0.1989,999_j
FR,France,1916,top1_share,0.2293,999_j
FR,France,1917,top1_share,0.2266,999_j
FR,France,1918,top1_share,0.2014,999_j
FR,France,1919,top1_share,0.2104,999_j
FR,France,1920,top1_share,0.2013,999_j
FR,France,1921,top1_share,0.1919,999_j
FR,France,1922,top1_share,0.21,999_j
FR,France,1923,top1_share,0.2334,999_j
FR,France,1924,top1_share,0.2164,999_j
FR,France,1925,top1_share,0.2102,999_j
FR,France,1926,top1_share,0.2065,999_j
FR,France,1927,top1_share,0.2135,999_j
FR,France,1928,top1_share,0.2149,999_j
FR,France,1929,top1_share,0.2012,999_j
FR,France,1930,top1_share,0.1733,999_j
FR,France,1931,top1_share,0.1655,999_j
FR,France,1932,top1_share,0.1696,999_j
FR,France,1933,top1_share,0.1775,999_j
FR,France,1934,top1_share,0.1772,999_j
FR,France,1935,top1_share,0.1847,999_j
FR,France,1936,top1_share,0.1739,999_j
FR,France,1937,top1_share,0.1755,999_j
FR,France,1938,top1_share,0.1661,999_j
FR,France,1939,top1_share,0.1651,999_j
FR,France,1940,top1_share,0.1688,999_j
FR,France,1941,top1_share,0.1612,999_j
FR,France,1942,top1_share,0.1475,999_j
FR,France,1943,top1_share,0.1192,999_j
FR,France,1944,top1_share,0.1006,999_j
FR,France,1945,top1_share,0.0854,999_j
FR,France,1946,top1_share,0.1051,999_j
FR,France,1947,top1_share,0.1079,999_j
FR,France,1948,top1_share,0.0999,999_j
FR,France,1949,top1_share,0.1035,999_j
FR,France,1950,top1_share,0.1043,999_j
FR,France,1951,top1_share,0.1079,999_j
FR,France,1952,top1_share,0.1105,999_j
FR,France,1953,top1_share,0.1094,999_j
FR,France,1954,top1_share,0.1114,999_j
FR,France,1955,top1_share,0.1136,999_j
FR,France,1956,top1_share,0.1106,999_j
FR,France,1957,top1_share,0.1133,999_j
FR,France,1958,top1_share,0.1046,999_j
FR,France,1959,top1_share,0.1132,999_j
FR,France,1960,top1_share,0.1153,999_j
FR,France,1961,top1_share,0.1165,999_j
FR,France,1962,top1_share,0.1105,999_j
FR,France,1963,top1_share,0.1082,999_j
FR,France,1964,top1_share,0.1094,999_j
FR,France,1965,top1_share,0.1103,999_j
FR,France,1966,top1_share,0.1082,999_j
FR,France,1967,top1_share,0.1081,999_j
FR,France,1968,top1_share,0.1026,999_j
FR,France,1969,top1_share,0.1,999_j
FR,France,1970,top1_share,0.0976,999_j
FR,France,1971,top1_share,0.0978,999_j
FR,France,1972,top1_share,0.096,999_j
FR,France,1973,top1_share,0.102,999_j
FR,France,1974,top1_share,0.0984,999_j
FR,France,1975,top1_share,0.092,999_j
FR,France,1976,top1_share,0.0922,999_j
FR,France,1977,top1_share,0.0865,999_j
FR,France,1978,top1_share,0.084,999_j
FR,France,1979,top1_share,0.0875,999_j
FR,France,1980,top1_share,0.0754,999_j
FR,France,1981,top1_share,0.0734,999_j
FR,France,1982,top1_share,0.0703,999_j
FR,France,1983,top1_share,0.0698,999_j
FR,France,1984,top1_share,0.0701,999_j
FR,France,1985,top1_share,0.0727,999_j
FR,France,1986,top1_share,0.0784,999_j
FR,France,1987,top1_share,0.0822,999_j
FR,France,1988,top1_share,0.0844,999_j
FR,France,1989,top1_share,0.0891,999_j
FR,France,1990,top1_share,0.0897,999_j
FR,France,1991,top1_share,0.0903,999_j
FR,France,1992,top1_share,0.0872,999_j
FR,France,1993,top1_share,0.0866,999_j
FR,France,1994,top1_share,0.0913,999_j
FR,France,1995,top1_share,0.0929,999_j
FR,France,1996,top1_share,0.1022,999_j
FR,France,1997,top1_share,0.1067,999_j
FR,France,1998,top1_share,0.1118,999_j
FR,France,1999,top1_share,0.1105,999_j
FR,France,2000,top1_share,0.1133,999_j
FR,France,2001,top1_share,0.115,999_j
FR,France,2002,top1_share,0.1108,999_j
FR,France,2003,top1_share,0.112,999_j
FR,France,2004,top1_share,0.1171,999_j
FR,France,2005,top1_share,0.1152,999_j
FR,France,2006,top1_share,0.1117,999_j
FR,France,2007,top1_share,0.1185,999_j
FR,France,2008,top1_share,0.1209,999_j
FR,France,2009,top1_share,0.1036,999_j
FR,France,2010,top1_share,0.1102,999_j
FR,France,2011,top1_share,0.1124,999_j
FR,France,2012,top1_share,0.1024,999_j
FR,France,2013,top1_share,0.0955,999_j
FR,France,2014,top1_share,0.0979,999_j
FR,France,2015,top1_share,0.1034,999_j
FR,France,2016,top1_share,0.1039,999_j
FR,France,2017,top1_share,0.1079,999_j
FR,France,2018,top1_share,0.1175,999_j
FR,France,2019,top1_share,0.1139,999_j
FR,France,2020,top1_share,0.1115,999_j
FR,France,2021,top1_share,0.1272,999_j
FR,France,2022,top1_share,0.121,999_j
FR,France,2023,top1_share,0.1182,999_j
FR,France,2024,top1_share,0.1182,999_j
GB,United Kingdom,1820,bottom50_share,0.1659,999_j
GB,United Kingdom,1850,bottom50_share,0.1646,999_j
GB,United Kingdom,1880,bottom50_share,0.1541,999_j
GB,United Kingdom,1900,bottom50_share,0.1527,999_j
GB,United Kingdom,1908,bottom50_share,0.1572,999_j
GB,United Kingdom,1909,bottom50_share,0.1575,999_j
GB,United Kingdom,1910,bottom50_share,0.1579,999_j
GB,United Kingdom,1911,bottom50_share,0.1586,999_j
GB,United Kingdom,1912,bottom50_share,0.1606,999_j
GB,United Kingdom,1913,bottom50_share,0.1603,999_j
GB,United Kingdom,1914,bottom50_share,0.1623,999_j
GB,United Kingdom,1915,bottom50_share,0.1644,999_j
GB,United Kingdom,1916,bottom50_share,0.1641,999_j
GB,United Kingdom,1917,bottom50_share,0.1665,999_j
GB,United Kingdom,1918,bottom50_share,0.1687,999_j
GB,United Kingdom,1919,bottom50_share,0.1687,999_j
GB,United Kingdom,1920,bottom50_share,0.1716,999_j
GB,United Kingdom,1921,bottom50_share,0.1769,999_j
GB,United Kingdom,1922,bottom50_share,0.1828,999_j
GB,United Kingdom,1923,bottom50_share,0.1864,999_j
GB,United Kingdom,1924,bottom50_share,0.1928,999_j
GB,United Kingdom,1925,bottom50_share,0.1993,999_j
GB,United Kingdom,1926,bottom50_share,0.2033,999_j
GB,United Kingdom,1927,bottom50_share,0.2096,999_j
GB,United Kingdom,1928,bottom50_share,0.2158,999_j
GB,United Kingdom,1929,bottom50_share,0.2204,999_j
GB,United Kingdom,1930,bottom50_share,0.228,999_j
GB,United Kingdom,1931,bottom50_share,0.2285,999_j
GB,United Kingdom,1932,bottom50_share,0.227,999_j
GB,United Kingdom,1933,bottom50_share,0.2282,999_j
GB,United Kingdom,1934,bottom50_share,0.2269,999_j
GB,United Kingdom,1935,bottom50_share,0.2252,999_j
GB,United Kingdom,1936,bottom50_share,0.2236,999_j
GB,United Kingdom,1937,bottom50_share,0.2241,999_j
GB,United Kingdom,1938,bottom50_share,0.2232,999_j
GB,United Kingdom,1939,bottom50_share,0.2218,999_j
GB,United Kingdom,1940,bottom50_share,0.2228,999_j
GB,United Kingdom,1941,bottom50_share,0.2237,999_j
GB,United Kingdom,1942,bottom50_share,0.2227,999_j
GB,United Kingdom,1943,bottom50_share,0.2245,999_j
GB,United Kingdom,1944,bottom50_share,0.2237,999_j
GB,United Kingdom,1945,bottom50_share,0.2227,999_j
GB,United Kingdom,1946,bottom50_share,0.2213,999_j
GB,United Kingdom,1947,bottom50_share,0.2221,999_j
GB,United Kingdom,1948,bottom50_share,0.2223,999_j
GB,United Kingdom,1949,bottom50_share,0.2232,999_j
GB,United Kingdom,1950,bottom50_share,0.2218,999_j
GB,United Kingdom,1951,bottom50_share,0.2232,999_j
GB,United Kingdom,1952,bottom50_share,0.223,999_j
GB,United Kingdom,1953,bottom50_share,0.2251,999_j
GB,United Kingdom,1954,bottom50_share,0.2252,999_j
GB,United Kingdom,1955,bottom50_share,0.2251,999_j
GB,United Kingdom,1956,bottom50_share,0.227,999_j
GB,United Kingdom,1957,bottom50_share,0.2271,999_j
GB,United Kingdom,1958,bottom50_share,0.2271,999_j
GB,United Kingdom,1959,bottom50_share,0.228,999_j
GB,United Kingdom,1960,bottom50_share,0.2276,999_j
GB,United Kingdom,1962,bottom50_share,0.2289,999_j
GB,United Kingdom,1963,bottom50_share,0.2293,999_j
GB,United Kingdom,1964,bottom50_share,0.2297,999_j
GB,United Kingdom,1965,bottom50_share,0.2304,999_j
GB,United Kingdom,1966,bottom50_share,0.2314,999_j
GB,United Kingdom,1967,bottom50_share,0.2322,999_j
GB,United Kingdom,1968,bottom50_share,0.2328,999_j
GB,United Kingdom,1969,bottom50_share,0.2333,999_j
GB,United Kingdom,1970,bottom50_share,0.2306,999_j
GB,United Kingdom,1971,bottom50_share,0.2348,999_j
GB,United Kingdom,1972,bottom50_share,0.2352,999_j
GB,United Kingdom,1973,bottom50_share,0.2356,999_j
GB,United Kingdom,1974,bottom50_share,0.2369,999_j
GB,United Kingdom,1975,bottom50_share,0.2375,999_j
GB,United Kingdom,1976,bottom50_share,0.2388,999_j
GB,United Kingdom,1977,bottom50_share,0.2391,999_j
GB,United Kingdom,1978,bottom50_share,0.2396,999_j
GB,United Kingdom,1979,bottom50_share,0.2399,999_j
GB,United Kingdom,1980,bottom50_share,0.2257,999_j
GB,United Kingdom,1981,bottom50_share,0.2257,999_j
GB,United Kingdom,1982,bottom50_share,0.2253,999_j
GB,United Kingdom,1983,bottom50_share,0.2219,999_j
GB,United Kingdom,1984,bottom50_share,0.218,999_j
GB,United Kingdom,1985,bottom50_share,0.2156,999_j
GB,United Kingdom,1986,bottom50_share,0.2148,999_j
GB,United Kingdom,1987,bottom50_share,0.2125,999_j
GB,United Kingdom,1988,bottom50_share,0.2085,999_j
GB,United Kingdom,1989,bottom50_share,0.2094,999_j
GB,United Kingdom,1990,bottom50_share,0.1952,999_j
GB,United Kingdom,1991,bottom50_share,0.1923,999_j
GB,United Kingdom,1992,bottom50_share,0.1919,999_j
GB,United Kingdom,1993,bottom50_share,0.1893,999_j
GB,United Kingdom,1994,bottom50_share,0.1923,999_j
GB,United Kingdom,1995,bottom50_share,0.1871,999_j
GB,United Kingdom,1996,bottom50_share,0.187,999_j
GB,United Kingdom,1997,bottom50_share,0.1871,999_j
GB,United Kingdom,1998,bottom50_share,0.1859,999_j
GB,United Kingdom,1999,bottom50_share,0.1824,999_j
GB,United Kingdom,2000,bottom50_share,0.1875,999_j
GB,United Kingdom,2001,bottom50_share,0.1851,999_j
GB,United Kingdom,2002,bottom50_share,0.1846,999_j
GB,United Kingdom,2003,bottom50_share,0.1804,999_j
GB,United Kingdom,2004,bottom50_share,0.1849,999_j
GB,United Kingdom,2005,bottom50_share,0.1815,999_j
GB,United Kingdom,2006,bottom50_share,0.1799,999_j
GB,United Kingdom,2007,bottom50_share,0.1835,999_j
GB,United Kingdom,2008,bottom50_share,0.1861,999_j
GB,United Kingdom,2009,bottom50_share,0.1763,999_j
GB,United Kingdom,2010,bottom50_share,0.1976,999_j
GB,United Kingdom,2011,bottom50_share,0.1944,999_j
GB,United Kingdom,2012,bottom50_share,0.1878,999_j
GB,United Kingdom,2013,bottom50_share,0.1829,999_j
GB,United Kingdom,2014,bottom50_share,0.1931,999_j
GB,United Kingdom,2015,bottom50_share,0.1986,999_j
GB,United Kingdom,2016,bottom50_share,0.2002,999_j
GB,United Kingdom,2017,bottom50_share,0.2034,999_j
GB,United Kingdom,2018,bottom50_share,0.2019,999_j
GB,United Kingdom,2019,bottom50_share,0.2029,999_j
GB,United Kingdom,2020,bottom50_share,0.2029,999_j
GB,United Kingdom,2021,bottom50_share,0.2017,999_j
GB,United Kingdom,2022,bottom50_share,0.202,999_j
GB,United Kingdom,2023,bottom50_share,0.2043,999_j
GB,United Kingdom,2024,bottom50_share,0.2043,999_j
GB,United Kingdom,1820,top10_share,0.496,999_j
GB,United Kingdom,1850,top10_share,0.5,999_j
GB,United Kingdom,1880,top10_share,0.532,999_j
GB,United Kingdom,1900,top10_share,0.5362,999_j
GB,United Kingdom,1908,top10_share,0.5227,999_j
GB,United Kingdom,1909,top10_share,0.5217,999_j
GB,United Kingdom,1910,top10_share,0.5203,999_j
GB,United Kingdom,1911,top10_share,0.5173,999_j
GB,United Kingdom,1912,top10_share,0.5103,999_j
GB,United Kingdom,1913,top10_share,0.5104,999_j
GB,United Kingdom,1914,top10_share,0.5034,999_j
GB,United Kingdom,1915,top10_share,0.496,999_j
GB,United Kingdom,1916,top10_share,0.496,999_j
GB,United Kingdom,1917,top10_share,0.4877,999_j
GB,United Kingdom,1918,top10_share,0.4803,999_j
GB,United Kingdom,1919,top10_share,0.4793,999_j
GB,United Kingdom,1920,top10_share,0.4693,999_j
GB,United Kingdom,1921,top10_share,0.4656,999_j
GB,United Kingdom,1922,top10_share,0.46,999_j
GB,United Kingdom,1923,top10_share,0.4612,999_j
GB,United Kingdom,1924,top10_share,0.4542,999_j
GB,United Kingdom,1925,top10_share,0.4468,999_j
GB,United Kingdom,1926,top10_share,0.4465,999_j
GB,United Kingdom,1927,top10_share,0.44,999_j
GB,United Kingdom,1928,top10_share,0.4335,999_j
GB,United Kingdom,1929,top10_share,0.4314,999_j
GB,United Kingdom,1930,top10_share,0.4217,999_j
GB,United Kingdom,1931,top10_share,0.4116,999_j
GB,United Kingdom,1932,top10_share,0.4067,999_j
GB,United Kingdom,1933,top10_share,0.3948,999_j
GB,United Kingdom,1934,top10_share,0.3893,999_j
GB,United Kingdom,1935,top10_share,0.3852,999_j
GB,United Kingdom,1936,top10_share,0.3807,999_j
GB,United Kingdom,1937,top10_share,0.3706,999_j
GB,United Kingdom,1938,top10_share,0.3644,999_j
GB,United Kingdom,1939,top10_share,0.3594,999_j
GB,United Kingdom,1940,top10_share,0.3476,999_j
GB,United Kingdom,1941,top10_share,0.3427,999_j
GB,United Kingdom,1942,top10_share,0.3431,999_j
GB,United Kingdom,1943,top10_share,0.3355,999_j
GB,United Kingdom,1944,top10_share,0.3352,999_j
GB,United Kingdom,1945,top10_share,0.3357,999_j
GB,United Kingdom,1946,top10_share,0.3375,999_j
GB,United Kingdom,1947,top10_share,0.3326,999_j
GB,United Kingdom,1948,top10_share,0.3298,999_j
GB,United Kingdom,1949,top10_share,0.3245,999_j
GB,United Kingdom,1950,top10_share,0.3265,999_j
GB,United Kingdom,1951,top10_share,0.3223,999_j
GB,United Kingdom,1952,top10_share,0.3227,999_j
GB,United Kingdom,1953,top10_share,0.3164,999_j
GB,United Kingdom,1954,top10_share,0.3161,999_j
GB,United Kingdom,1955,top10_share,0.3162,999_j
GB,United Kingdom,1956,top10_share,0.3107,999_j
GB,United Kingdom,1957,top10_share,0.3103,999_j
GB,United Kingdom,1958,top10_share,0.3103,999_j
GB,United Kingdom,1959,top10_share,0.3075,999_j
GB,United Kingdom,1960,top10_share,0.3087,999_j
GB,United Kingdom,1962,top10_share,0.3056,999_j
GB,United Kingdom,1963,top10_share,0.305,999_j
GB,United Kingdom,1964,top10_share,0.3043,999_j
GB,United Kingdom,1965,top10_share,0.3026,999_j
GB,United Kingdom,1966,top10_share,0.3,999_j
GB,United Kingdom,1967,top10_share,0.298,999_j
GB,United Kingdom,1968,top10_share,0.2966,999_j
GB,United Kingdom,1969,top10_share,0.2955,999_j
GB,United Kingdom,1970,top10_share,0.2997,999_j
GB,United Kingdom,1971,top10_share,0.2917,999_j
GB,United Kingdom,1972,top10_share,0.291,999_j
GB,United Kingdom,1973,top10_share,0.2905,999_j
GB,United Kingdom,1974,top10_share,0.287,999_j
GB,United Kingdom,1975,top10_share,0.2855,999_j
GB,United Kingdom,1976,top10_share,0.282,999_j
GB,United Kingdom,1977,top10_share,0.2816,999_j
GB,United Kingdom,1978,top10_share,0.2806,999_j
GB,United Kingdom,1979,top10_share,0.2799,999_j
GB,United Kingdom,1980,top10_share,0.2848,999_j
GB,United Kingdom,1981,top10_share,0.2848,999_j
GB,United Kingdom,1982,top10_share,0.2866,999_j
GB,United Kingdom,1983,top10_share,0.2905,999_j
GB,United Kingdom,1984,top10_share,0.2964,999_j
GB,United Kingdom,1985,top10_share,0.2974,999_j
GB,United Kingdom,1986,top10_share,0.2989,999_j
GB,United Kingdom,1987,top10_share,0.3023,999_j
GB,United Kingdom,1988,top10_share,0.3095,999_j
GB,United Kingdom,1989,top10_share,0.3095,999_j
GB,United Kingdom,1990,top10_share,0.3291,999_j
GB,United Kingdom,1991,top10_share,0.3356,999_j
GB,United Kingdom,1992,top10_share,0.3363,999_j
GB,United Kingdom,1993,top10_share,0.3423,999_j
GB,United Kingdom,1994,top10_share,0.3435,999_j
GB,United Kingdom,1995,top10_share,0.3449,999_j
GB,United Kingdom,1996,top10_share,0.3564,999_j
GB,United Kingdom,1997,top10_share,0.3562,999_j
GB,United Kingdom,1998,top10_share,0.3662,999_j
GB,United Kingdom,1999,top10_share,0.3676,999_j
GB,United Kingdom,2000,top10_share,0.3597,999_j
GB,United Kingdom,2001,top10_share,0.363,999_j
GB,United Kingdom,2002,top10_share,0.3659,999_j
GB,United Kingdom,2003,top10_share,0.3781,999_j
GB,United Kingdom,2004,top10_share,0.3721,999_j
GB,United Kingdom,2005,top10_share,0.384,999_j
GB,United Kingdom,2006,top10_share,0.3873,999_j
GB,United Kingdom,2007,top10_share,0.3876,999_j
GB,United Kingdom,2008,top10_share,0.3707,999_j
GB,United Kingdom,2009,top10_share,0.3865,999_j
GB,United Kingdom,2010,top10_share,0.3484,999_j
GB,United Kingdom,2011,top10_share,0.358,999_j
GB,United Kingdom,2012,top10_share,0.3669,999_j
GB,United Kingdom,2013,top10_share,0.3881,999_j
GB,United Kingdom,2014,top10_share,0.3686,999_j
GB,United Kingdom,2015,top10_share,0.3569,999_j
GB,United Kingdom,2016,top10_share,0.3572,999_j
GB,United Kingdom,2017,top10_share,0.3612,999_j
GB,United Kingdom,2018,top10_share,0.3612,999_j
GB,United Kingdom,2019,top10_share,0.3579,999_j
GB,United Kingdom,2020,top10_share,0.3579,999_j
GB,United Kingdom,2021,top10_share,0.36,999_j
GB,United Kingdom,2022,top10_share,0.3625,999_j
GB,United Kingdom,2023,top10_share,0.3622,999_j
GB,United Kingdom,2024,top10_share,0.3622,999_j
GB,United Kingdom,1820,top1_share,0.248,999_j
GB,United Kingdom,1850,top1_share,0.25,999_j
GB,United Kingdom,1880,top1_share,0.266,999_j
GB,United Kingdom,1900,top1_share,0.276,999_j
GB,United Kingdom,1908,top1_share,0.27,999_j
GB,United Kingdom,1909,top1_share,0.2703,999_j
GB,United Kingdom,1910,top1_share,0.27,999_j
GB,United Kingdom,1911,top1_share,0.2722,999_j
GB,United Kingdom,1912,top1_share,0.2685,999_j
GB,United Kingdom,1913,top1_share,0.2752,999_j
GB,United Kingdom,1914,top1_share,0.2714,999_j
GB,United Kingdom,1915,top1_share,0.2672,999_j
GB,United Kingdom,1916,top1_share,0.2735,999_j
GB,United Kingdom,1917,top1_share,0.268,999_j
GB,United Kingdom,1918,top1_share,0.2637,999_j
GB,United Kingdom,1919,top1_share,0.2685,999_j
GB,United Kingdom,1920,top1_share,0.2607,999_j
GB,United Kingdom,1921,top1_share,0.2595,999_j
GB,United Kingdom,1922,top1_share,0.2558,999_j
GB,United Kingdom,1923,top1_share,0.2613,999_j
GB,United Kingdom,1924,top1_share,0.2556,999_j
GB,United Kingdom,1925,top1_share,0.2493,999_j
GB,United Kingdom,1926,top1_share,0.2526,999_j
GB,United Kingdom,1927,top1_share,0.2476,999_j
GB,United Kingdom,1928,top1_share,0.2425,999_j
GB,United Kingdom,1929,top1_share,0.2435,999_j
GB,United Kingdom,1930,top1_share,0.2343,999_j
GB,United Kingdom,1931,top1_share,0.222,999_j
GB,United Kingdom,1932,top1_share,0.2166,999_j
GB,United Kingdom,1933,top1_share,0.202,999_j
GB,United Kingdom,1934,top1_share,0.1958,999_j
GB,United Kingdom,1935,top1_share,0.1914,999_j
GB,United Kingdom,1936,top1_share,0.1866,999_j
GB,United Kingdom,1937,top1_share,0.1744,999_j
GB,United Kingdom,1938,top1_share,0.1672,999_j
GB,United Kingdom,1939,top1_share,0.1617,999_j
GB,United Kingdom,1940,top1_share,0.1473,999_j
GB,United Kingdom,1941,top1_share,0.14,999_j
GB,United Kingdom,1942,top1_share,0.1398,999_j
GB,United Kingdom,1943,top1_share,0.129,999_j
GB,United Kingdom,1944,top1_share,0.1279,999_j
GB,United Kingdom,1945,top1_share,0.1278,999_j
GB,United Kingdom,1946,top1_share,0.1294,999_j
GB,United Kingdom,1947,top1_share,0.1222,999_j
GB,United Kingdom,1948,top1_share,0.1177,999_j
GB,United Kingdom,1949,top1_share,0.1099,999_j
GB,United Kingdom,1950,top1_share,0.1118,999_j
GB,United Kingdom,1951,top1_share,0.1062,999_j
GB,United Kingdom,1952,top1_share,0.1068,999_j
GB,United Kingdom,1953,top1_share,0.0986,999_j
GB,United Kingdom,1954,top1_share,0.0982,999_j
GB,United Kingdom,1955,top1_share,0.0984,999_j
GB,United Kingdom,1956,top1_share,0.0911,999_j
GB,United Kingdom,1957,top1_share,0.0907,999_j
GB,United Kingdom,1958,top1_share,0.0907,999_j
GB,United Kingdom,1959,top1_share,0.087,999_j
GB,United Kingdom,1960,top1_share,0.0887,999_j
GB,United Kingdom,1962,top1_share,0.0862,999_j
GB,United Kingdom,1963,top1_share,0.0863,999_j
GB,United Kingdom,1964,top1_share,0.0861,999_j
GB,United Kingdom,1965,top1_share,0.0847,999_j
GB,United Kingdom,1966,top1_share,0.0821,999_j
GB,United Kingdom,1967,top1_share,0.0803,999_j
GB,United Kingdom,1968,top1_share,0.0792,999_j
GB,United Kingdom,1969,top1_share,0.0787,999_j
GB,United Kingdom,1970,top1_share,0.0742,999_j
GB,United Kingdom,1971,top1_share,0.0753,999_j
GB,United Kingdom,1972,top1_share,0.0751,999_j
GB,United Kingdom,1973,top1_share,0.0753,999_j
GB,United Kingdom,1974,top1_share,0.0716,999_j
GB,United Kingdom,1975,top1_share,0.0704,999_j
GB,United Kingdom,1976,top1_share,0.0666,999_j
GB,United Kingdom,1977,top1_share,0.0669,999_j
GB,United Kingdom,1978,top1_share,0.0664,999_j
GB,United Kingdom,1979,top1_share,0.0664,999_j
GB,United Kingdom,1980,top1_share,0.0678,999_j
GB,United Kingdom,1981,top1_share,0.0678,999_j
GB,United Kingdom,1982,top1_share,0.0692,999_j
GB,United Kingdom,1983,top1_share,0.0688,999_j
GB,United Kingdom,1984,top1_share,0.0715,999_j
GB,United Kingdom,1985,top1_share,0.0731,999_j
GB,United Kingdom,1986,top1_share,0.0743,999_j
GB,United Kingdom,1987,top1_share,0.0765,999_j
GB,United Kingdom,1988,top1_share,0.083,999_j
GB,United Kingdom,1989,top1_share,0.0832,999_j
GB,United Kingdom,1990,top1_share,0.091,999_j
GB,United Kingdom,1991,top1_share,0.0954,999_j
GB,United Kingdom,1992,top1_share,0.0924,999_j
GB,United Kingdom,1993,top1_share,0.0972,999_j
GB,United Kingdom,1994,top1_share,0.0996,999_j
GB,United Kingdom,1995,top1_share,0.1012,999_j
GB,United Kingdom,1996,top1_share,0.1159,999_j
GB,United Kingdom,1997,top1_share,0.1208,999_j
GB,United Kingdom,1998,top1_share,0.1298,999_j
GB,United Kingdom,1999,top1_share,0.1215,999_j
GB,United Kingdom,2000,top1_share,0.1173,999_j
GB,United Kingdom,2001,top1_share,0.1164,999_j
GB,United Kingdom,2002,top1_share,0.12,999_j
GB,United Kingdom,2003,top1_share,0.1314,999_j
GB,United Kingdom,2004,top1_share,0.1297,999_j
GB,United Kingdom,2005,top1_share,0.1428,999_j
GB,United Kingdom,2006,top1_share,0.1467,999_j
GB,United Kingdom,2007,top1_share,0.1469,999_j
GB,United Kingdom,2008,top1_share,0.1407,999_j
GB,United Kingdom,2009,top1_share,0.1427,999_j
GB,United Kingdom,2010,top1_share,0.1229,999_j
GB,United Kingdom,2011,top1_share,0.1317,999_j
GB,United Kingdom,2012,top1_share,0.1276,999_j
GB,United Kingdom,2013,top1_share,0.1378,999_j
GB,United Kingdom,2014,top1_share,0.1332,999_j
GB,United Kingdom,2015,top1_share,0.123,999_j
GB,United Kingdom,2016,top1_share,0.1248,999_j
GB,United Kingdom,2017,top1_share,0.1344,999_j
GB,United Kingdom,2018,top1_share,0.1307,999_j
GB,United Kingdom,2019,top1_share,0.127,999_j
GB,United Kingdom,2020,top1_share,0.127,999_j
GB,United Kingdom,2021,top1_share,0.1291,999_j
GB,United Kingdom,2022,top1_share,0.1335,999_j
GB,United Kingdom,2023,top1_share,0.1308,999_j
GB,United Kingdom,2024,top1_share,0.1308,999_j
IN,India,1820,bottom50_share,0.1756,999_j
IN,India,1850,bottom50_share,0.1688,999_j
IN,India,1880,bottom50_share,0.1533,999_j
IN,India,1900,bottom50_share,0.1561,999_j
IN,India,1910,bottom50_share,0.1864,999_j
IN,India,1920,bottom50_share,0.1577,999_j
IN,India,1922,bottom50_share,0.1615,999_j
IN,India,1923,bottom50_share,0.1629,999_j
IN,India,1924,bottom50_share,0.1661,999_j
IN,India,1925,bottom50_share,0.1673,999_j
IN,India,1926,bottom50_share,0.1698,999_j
IN,India,1927,bottom50_share,0.1714,999_j
IN,India,1928,bottom50_share,0.173,999_j
IN,India,1929,bottom50_share,0.1757,999_j
IN,India,1930,bottom50_share,0.1764,999_j
IN,India,1931,bottom50_share,0.1747,999_j
IN,India,1932,bottom50_share,0.1743,999_j
IN,India,1933,bottom50_share,0.1721,999_j
IN,India,1934,bottom50_share,0.1715,999_j
IN,India,1935,bottom50_share,0.1711,999_j
IN,India,1936,bottom50_share,0.1705,999_j
IN,India,1937,bottom50_share,0.1698,999_j
IN,India,1938,bottom50_share,0.168,999_j
IN,India,1939,bottom50_share,0.1674,999_j
IN,India,1940,bottom50_share,0.1666,999_j
IN,India,1941,bottom50_share,0.1726,999_j
IN,India,1943,bottom50_share,0.1842,999_j
IN,India,1944,bottom50_share,0.1887,999_j
IN,India,1945,bottom50_share,0.1931,999_j
IN,India,1947,bottom50_share,0.2047,999_j
IN,India,1948,bottom50_share,0.2091,999_j
IN,India,1949,bottom50_share,0.2154,999_j
IN,India,1950,bottom50_share,0.2189,999_j
IN,India,1951,bottom50_share,0.1895,999_j
IN,India,1952,bottom50_share,0.1893,999_j
IN,India,1953,bottom50_share,0.1932,999_j
IN,India,1954,bottom50_share,0.1858,999_j
IN,India,1955,bottom50_share,0.1784,999_j
IN,India,1956,bottom50_share,0.1771,999_j
IN,India,1957,bottom50_share,0.1863,999_j
IN,India,1958,bottom50_share,0.1816,999_j
IN,India,1959,bottom50_share,0.1839,999_j
IN,India,1960,bottom50_share,0.1912,999_j
IN,India,1961,bottom50_share,0.1928,999_j
IN,India,1962,bottom50_share,0.1973,999_j
IN,India,1963,bottom50_share,0.2062,999_j
IN,India,1964,bottom50_share,0.204,999_j
IN,India,1965,bottom50_share,0.2035,999_j
IN,India,1966,bottom50_share,0.2028,999_j
IN,India,1967,bottom50_share,0.2021,999_j
IN,India,1968,bottom50_share,0.2034,999_j
IN,India,1969,bottom50_share,0.1992,999_j
IN,India,1970,bottom50_share,0.1985,999_j
IN,India,1971,bottom50_share,0.2059,999_j
IN,India,1972,bottom50_share,0.2075,999_j
IN,India,1973,bottom50_share,0.2083,999_j
IN,India,1974,bottom50_share,0.2076,999_j
IN,India,1975,bottom50_share,0.2066,999_j
IN,India,1976,bottom50_share,0.2053,999_j
IN,India,1977,bottom50_share,0.2054,999_j
IN,India,1978,bottom50_share,0.2063,999_j
IN,India,1979,bottom50_share,0.2103,999_j
IN,India,1980,bottom50_share,0.2121,999_j
IN,India,1981,bottom50_share,0.2139,999_j
IN,India,1982,bottom50_share,0.2154,999_j
IN,India,1983,bottom50_share,0.1983,999_j
IN,India,1984,bottom50_share,0.204,999_j
IN,India,1985,bottom50_share,0.1992,999_j
IN,India,1986,bottom50_share,0.198,999_j
IN,India,1987,bottom50_share,0.1996,999_j
IN,India,1988,bottom50_share,0.1965,999_j
IN,India,1989,bottom50_share,0.1965,999_j
IN,India,1990,bottom50_share,0.2027,999_j
IN,India,1991,bottom50_share,0.2011,999_j
IN,India,1992,bottom50_share,0.1982,999_j
IN,India,1993,bottom50_share,0.1933,999_j
IN,India,1994,bottom50_share,0.1887,999_j
IN,India,1995,bottom50_share,0.189,999_j
IN,India,1996,bottom50_share,0.1905,999_j
IN,India,1997,bottom50_share,0.1883,999_j
IN,India,1998,bottom50_share,0.187,999_j
IN,India,1999,bottom50_share,0.1864,999_j
IN,India,2000,bottom50_share,0.1854,999_j
IN,India,2001,bottom50_share,0.1814,999_j
IN,India,2002,bottom50_share,0.1773,999_j
IN,India,2003,bottom50_share,0.1732,999_j
IN,India,2004,bottom50_share,0.169,999_j
IN,India,2005,bottom50_share,0.1648,999_j
IN,India,2006,bottom50_share,0.1607,999_j
IN,India,2007,bottom50_share,0.1564,999_j
IN,India,2008,bottom50_share,0.1521,999_j
IN,India,2009,bottom50_share,0.1477,999_j
IN,India,2010,bottom50_share,0.1433,999_j
IN,India,2011,bottom50_share,0.1373,999_j
IN,India,2012,bottom50_share,0.1346,999_j
IN,India,2013,bottom50_share,0.1339,999_j
IN,India,2014,bottom50_share,0.1313,999_j
IN,India,2015,bottom50_share,0.1297,999_j
IN,India,2016,bottom50_share,0.1256,999_j
IN,India,2017,bottom50_share,0.1239,999_j
IN,India,2018,bottom50_share,0.1281,999_j
IN,India,2019,bottom50_share,0.1307,999_j
IN,India,2020,bottom50_share,0.1372,999_j
IN,India,2021,bottom50_share,0.1364,999_j
IN,India,2022,bottom50_share,0.1325,999_j
IN,India,2023,bottom50_share,0.1325,999_j
IN,India,2024,bottom50_share,0.1325,999_j
IN,India,1820,top10_share,0.48,999_j
IN,India,1850,top10_share,0.5,999_j
IN,India,1880,top10_share,0.546,999_j
IN,India,1900,top10_share,0.5376,999_j
IN,India,1910,top10_share,0.448,999_j
IN,India,1920,top10_share,0.5329,999_j
IN,India,1922,top10_share,0.5217,999_j
IN,India,1923,top10_share,0.5175,999_j
IN,India,1924,top10_share,0.508,999_j
IN,India,1925,top10_share,0.5044,999_j
IN,India,1926,top10_share,0.4971,999_j
IN,India,1927,top10_share,0.4925,999_j
IN,India,1928,top10_share,0.4876,999_j
IN,India,1929,top10_share,0.4796,999_j
IN,India,1930,top10_share,0.4777,999_j
IN,India,1931,top10_share,0.4826,999_j
IN,India,1932,top10_share,0.4836,999_j
IN,India,1933,top10_share,0.4904,999_j
IN,India,1934,top10_share,0.4919,999_j
IN,India,1935,top10_share,0.4931,999_j
IN,India,1936,top10_share,0.495,999_j
IN,India,1937,top10_share,0.497,999_j
IN,India,1938,top10_share,0.5025,999_j
IN,India,1939,top10_share,0.5042,999_j
IN,India,1940,top10_share,0.5067,999_j
IN,India,1941,top10_share,0.4888,999_j
IN,India,1943,top10_share,0.4544,999_j
IN,India,1944,top10_share,0.4411,999_j
IN,India,1945,top10_share,0.428,999_j
IN,India,1947,top10_share,0.3938,999_j
IN,India,1948,top10_share,0.3806,999_j
IN,India,1949,top10_share,0.362,999_j
IN,India,1950,top10_share,0.3517,999_j
IN,India,1951,top10_share,0.3742,999_j
IN,India,1952,top10_share,0.3692,999_j
IN,India,1953,top10_share,0.3684,999_j
IN,India,1954,top10_share,0.3877,999_j
IN,India,1955,top10_share,0.402,999_j
IN,India,1956,top10_share,0.4015,999_j
IN,India,1957,top10_share,0.3961,999_j
IN,India,1958,top10_share,0.397,999_j
IN,India,1959,top10_share,0.3866,999_j
IN,India,1960,top10_share,0.3795,999_j
IN,India,1961,top10_share,0.3808,999_j
IN,India,1962,top10_share,0.3789,999_j
IN,India,1963,top10_share,0.3556,999_j
IN,India,1964,top10_share,0.3652,999_j
IN,India,1965,top10_share,0.369,999_j
IN,India,1966,top10_share,0.3725,999_j
IN,India,1967,top10_share,0.3676,999_j
IN,India,1968,top10_share,0.3616,999_j
IN,India,1969,top10_share,0.3717,999_j
IN,India,1970,top10_share,0.3754,999_j
IN,India,1971,top10_share,0.3543,999_j
IN,India,1972,top10_share,0.3511,999_j
IN,India,1973,top10_share,0.3499,999_j
IN,India,1974,top10_share,0.3502,999_j
IN,India,1975,top10_share,0.3512,999_j
IN,India,1976,top10_share,0.3532,999_j
IN,India,1977,top10_share,0.351,999_j
IN,India,1978,top10_share,0.346,999_j
IN,India,1979,top10_share,0.3313,999_j
IN,India,1980,top10_share,0.3236,999_j
IN,India,1981,top10_share,0.3155,999_j
IN,India,1982,top10_share,0.3087,999_j
IN,India,1983,top10_share,0.3615,999_j
IN,India,1984,top10_share,0.3424,999_j
IN,India,1985,top10_share,0.3568,999_j
IN,India,1986,top10_share,0.3597,999_j
IN,India,1987,top10_share,0.3537,999_j
IN,India,1988,top10_share,0.363,999_j
IN,India,1989,top10_share,0.3634,999_j
IN,India,1990,top10_share,0.344,999_j
IN,India,1991,top10_share,0.3502,999_j
IN,India,1992,top10_share,0.3599,999_j
IN,India,1993,top10_share,0.3767,999_j
IN,India,1994,top10_share,0.3922,999_j
IN,India,1995,top10_share,0.3928,999_j
IN,India,1996,top10_share,0.3894,999_j
IN,India,1997,top10_share,0.3975,999_j
IN,India,1998,top10_share,0.4025,999_j
IN,India,1999,top10_share,0.4052,999_j
IN,India,2000,top10_share,0.409,999_j
IN,India,2001,top10_share,0.4199,999_j
IN,India,2002,top10_share,0.431,999_j
IN,India,2003,top10_share,0.4423,999_j
IN,India,2004,top10_share,0.4538,999_j
IN,India,2005,top10_share,0.4655,999_j
IN,India,2006,top10_share,0.4782,999_j
IN,India,2007,top10_share,0.4913,999_j
IN,India,2008,top10_share,0.5046,999_j
IN,India,2009,top10_share,0.5183,999_j
IN,India,2010,top10_share,0.5321,999_j
IN,India,2011,top10_share,0.5517,999_j
IN,India,2012,top10_share,0.5603,999_j
IN,India,2013,top10_share,0.5627,999_j
IN,India,2014,top10_share,0.5713,999_j
IN,India,2015,top10_share,0.5777,999_j
IN,India,2016,top10_share,0.5923,999_j
IN,India,2017,top10_share,0.5987,999_j
IN,India,2018,top10_share,0.5893,999_j
IN,India,2019,top10_share,0.587,999_j
IN,India,2020,top10_share,0.5802,999_j
IN,India,2021,top10_share,0.5819,999_j
IN,India,2022,top10_share,0.5889,999_j
IN,India,2023,top10_share,0.5889,999_j
IN,India,2024,top10_share,0.5889,999_j
IN,India,1820,top1_share,0.16,999_j
IN,India,1850,top1_share,0.18,999_j
IN,India,1880,top1_share,0.182,999_j
IN,India,1900,top1_share,0.168,999_j
IN,India,1910,top1_share,0.14,999_j
IN,India,1920,top1_share,0.1665,999_j
IN,India,1922,top1_share,0.1602,999_j
IN,India,1923,top1_share,0.1595,999_j
IN,India,1924,top1_share,0.1498,999_j
IN,India,1925,top1_share,0.1499,999_j
IN,India,1926,top1_share,0.144,999_j
IN,India,1927,top1_share,0.1425,999_j
IN,India,1928,top1_share,0.1407,999_j
IN,India,1929,top1_share,0.1335,999_j
IN,India,1930,top1_share,0.1365,999_j
IN,India,1931,top1_share,0.1457,999_j
IN,India,1932,top1_share,0.1485,999_j
IN,India,1933,top1_share,0.1606,999_j
IN,India,1934,top1_share,0.1642,999_j
IN,India,1935,top1_share,0.1673,999_j
IN,India,1936,top1_share,0.1714,999_j
IN,India,1937,top1_share,0.1759,999_j
IN,India,1938,top1_share,0.1859,999_j
IN,India,1939,top1_share,0.1898,999_j
IN,India,1940,top1_share,0.1949,999_j
IN,India,1941,top1_share,0.1834,999_j
IN,India,1943,top1_share,0.1628,999_j
IN,India,1944,top1_share,0.1584,999_j
IN,India,1945,top1_share,0.1543,999_j
IN,India,1947,top1_share,0.1343,999_j
IN,India,1948,top1_share,0.1299,999_j
IN,India,1949,top1_share,0.1178,999_j
IN,India,1950,top1_share,0.1172,999_j
IN,India,1951,top1_share,0.1177,999_j
IN,India,1952,top1_share,0.1208,999_j
IN,India,1953,top1_share,0.1137,999_j
IN,India,1954,top1_share,0.1285,999_j
IN,India,1955,top1_share,0.1394,999_j
IN,India,1956,top1_share,0.1408,999_j
IN,India,1957,top1_share,0.1444,999_j
IN,India,1958,top1_share,0.1394,999_j
IN,India,1959,top1_share,0.1328,999_j
IN,India,1960,top1_share,0.1354,999_j
IN,India,1961,top1_share,0.1303,999_j
IN,India,1962,top1_share,0.1291,999_j
IN,India,1963,top1_share,0.1256,999_j
IN,India,1964,top1_share,0.1233,999_j
IN,India,1965,top1_share,0.1299,999_j
IN,India,1966,top1_share,0.1326,999_j
IN,India,1967,top1_share,0.1294,999_j
IN,India,1968,top1_share,0.1246,999_j
IN,India,1969,top1_share,0.1328,999_j
IN,India,1970,top1_share,0.1331,999_j
IN,India,1971,top1_share,0.1171,999_j
IN,India,1972,top1_share,0.1129,999_j
IN,India,1973,top1_share,0.1054,999_j
IN,India,1974,top1_share,0.1042,999_j
IN,India,1975,top1_share,0.107,999_j
IN,India,1976,top1_share,0.1056,999_j
IN,India,1977,top1_share,0.1001,999_j
IN,India,1978,top1_share,0.0952,999_j
IN,India,1979,top1_share,0.0824,999_j
IN,India,1980,top1_share,0.0754,999_j
IN,India,1981,top1_share,0.0688,999_j
IN,India,1982,top1_share,0.0628,999_j
IN,India,1983,top1_share,0.1057,999_j
IN,India,1984,top1_share,0.0912,999_j
IN,India,1985,top1_share,0.1072,999_j
IN,India,1986,top1_share,0.1109,999_j
IN,India,1987,top1_share,0.1059,999_j
IN,India,1988,top1_share,0.114,999_j
IN,India,1989,top1_share,0.1131,999_j
IN,India,1990,top1_share,0.1074,999_j
IN,India,1991,top1_share,0.1044,999_j
IN,India,1992,top1_share,0.1027,999_j
IN,India,1993,top1_share,0.1279,999_j
IN,India,1994,top1_share,0.1267,999_j
IN,India,1995,top1_share,0.1335,999_j
IN,India,1996,top1_share,0.1356,999_j
IN,India,1997,top1_share,0.1419,999_j
IN,India,1998,top1_share,0.1473,999_j
IN,India,1999,top1_share,0.1508,999_j
IN,India,2000,top1_share,0.1551,999_j
IN,India,2001,top1_share,0.1629,999_j
IN,India,2002,top1_share,0.171,999_j
IN,India,2003,top1_share,0.1794,999_j
IN,India,2004,top1_share,0.1881,999_j
IN,India,2005,top1_share,0.1971,999_j
IN,India,2006,top1_share,0.201,999_j
IN,India,2007,top1_share,0.205,999_j
IN,India,2008,top1_share,0.2088,999_j
IN,India,2009,top1_share,0.2127,999_j
IN,India,2010,top1_share,0.2164,999_j
IN,India,2011,top1_share,0.2154,999_j
IN,India,2012,top1_share,0.217,999_j
IN,India,2013,top1_share,0.22,999_j
IN,India,2014,top1_share,0.2173,999_j
IN,India,2015,top1_share,0.221,999_j
IN,India,2016,top1_share,0.2264,999_j
IN,India,2017,top1_share,0.2265,999_j
IN,India,2018,top1_share,0.2278,999_j
IN,India,2019,top1_share,0.2203,999_j
IN,India,2020,top1_share,0.2199,999_j
IN,India,2021,top1_share,0.2213,999_j
IN,India,2022,top1_share,0.2307,999_j
IN,India,2023,top1_share,0.2307,999_j
IN,India,2024,top1_share,0.2307,999_j
SE,Sweden,1820,bottom50_share,0.17,999_j
SE,Sweden,1850,bottom50_share,0.165,999_j
SE,Sweden,1880,bottom50_share,0.16,999_j
SE,Sweden,1900,bottom50_share,0.165,999_j
SE,Sweden,1903,bottom50_share,0.1688,999_j
SE,Sweden,1907,bottom50_share,0.1704,999_j
SE,Sweden,1910,bottom50_share,0.175,999_j
SE,Sweden,1911,bottom50_share,0.1766,999_j
SE,Sweden,1912,bottom50_share,0.1787,999_j
SE,Sweden,1916,bottom50_share,0.1827,999_j
SE,Sweden,1919,bottom50_share,0.1895,999_j
SE,Sweden,1920,bottom50_share,0.194,999_j
SE,Sweden,1930,bottom50_share,0.2095,999_j
SE,Sweden,1934,bottom50_share,0.2158,999_j
SE,Sweden,1935,bottom50_share,0.216,999_j
SE,Sweden,1940,bottom50_share,0.2229,999_j
SE,Sweden,1941,bottom50_share,0.2257,999_j
SE,Sweden,1943,bottom50_share,0.2296,999_j
SE,Sweden,1944,bottom50_share,0.2326,999_j
SE,Sweden,1945,bottom50_share,0.2359,999_j
SE,Sweden,1946,bottom50_share,0.2369,999_j
SE,Sweden,1947,bottom50_share,0.2414,999_j
SE,Sweden,1948,bottom50_share,0.2451,999_j
SE,Sweden,1949,bottom50_share,0.2479,999_j
SE,Sweden,1950,bottom50_share,0.2499,999_j
SE,Sweden,1951,bottom50_share,0.2517,999_j
SE,Sweden,1952,bottom50_share,0.2526,999_j
SE,Sweden,1953,bottom50_share,0.2549,999_j
SE,Sweden,1954,bottom50_share,0.2559,999_j
SE,Sweden,1955,bottom50_share,0.2569,999_j
SE,Sweden,1956,bottom50_share,0.2589,999_j
SE,Sweden,1957,bottom50_share,0.2596,999_j
SE,Sweden,1958,bottom50_share,0.2606,999_j
SE,Sweden,1959,bottom50_share,0.2612,999_j
SE,Sweden,1960,bottom50_share,0.2627,999_j
SE,Sweden,1961,bottom50_share,0.2632,999_j
SE,Sweden,1962,bottom50_share,0.2643,999_j
SE,Sweden,1963,bottom50_share,0.2643,999_j
SE,Sweden,1964,bottom50_share,0.2652,999_j
SE,Sweden,1965,bottom50_share,0.2664,999_j
SE,Sweden,1966,bottom50_share,0.2663,999_j
SE,Sweden,1967,bottom50_share,0.2669,999_j
SE,Sweden,1968,bottom50_share,0.2683,999_j
SE,Sweden,1969,bottom50_share,0.2677,999_j
SE,Sweden,1970,bottom50_share,0.2665,999_j
SE,Sweden,1971,bottom50_share,0.2707,999_j
SE,Sweden,1972,bottom50_share,0.2727,999_j
SE,Sweden,1973,bottom50_share,0.2716,999_j
SE,Sweden,1974,bottom50_share,0.2728,999_j
SE,Sweden,1975,bottom50_share,0.2747,999_j
SE,Sweden,1976,bottom50_share,0.2746,999_j
SE,Sweden,1977,bottom50_share,0.276,999_j
SE,Sweden,1978,bottom50_share,0.2773,999_j
SE,Sweden,1979,bottom50_share,0.2784,999_j
SE,Sweden,1980,bottom50_share,0.2659,999_j
SE,Sweden,1981,bottom50_share,0.2695,999_j
SE,Sweden,1982,bottom50_share,0.2653,999_j
SE,Sweden,1983,bottom50_share,0.2636,999_j
SE,Sweden,1984,bottom50_share,0.2614,999_j
SE,Sweden,1985,bottom50_share,0.2614,999_j
SE,Sweden,1986,bottom50_share,0.2608,999_j
SE,Sweden,1987,bottom50_share,0.2616,999_j
SE,Sweden,1988,bottom50_share,0.2596,999_j
SE,Sweden,1989,bottom50_share,0.2618,999_j
SE,Sweden,1990,bottom50_share,0.2673,999_j
SE,Sweden,1991,bottom50_share,0.2627,999_j
SE,Sweden,1992,bottom50_share,0.2645,999_j
SE,Sweden,1993,bottom50_share,0.2606,999_j
SE,Sweden,1994,bottom50_share,0.2484,999_j
SE,Sweden,1995,bottom50_share,0.2479,999_j
SE,Sweden,1996,bottom50_share,0.2498,999_j
SE,Sweden,1997,bottom50_share,0.244,999_j
SE,Sweden,1998,bottom50_share,0.2432,999_j
SE,Sweden,1999,bottom50_share,0.2417,999_j
SE,Sweden,2000,bottom50_share,0.2529,999_j
SE,Sweden,2001,bottom50_share,0.2553,999_j
SE,Sweden,2002,bottom50_share,0.255,999_j
SE,Sweden,2003,bottom50_share,0.2503,999_j
SE,Sweden,2004,bottom50_share,0.2486,999_j
SE,Sweden,2005,bottom50_share,0.242,999_j
SE,Sweden,2006,bottom50_share,0.2382,999_j
SE,Sweden,2007,bottom50_share,0.2355,999_j
SE,Sweden,2008,bottom50_share,0.2374,999_j
SE,Sweden,2009,bottom50_share,0.2378,999_j
SE,Sweden,2010,bottom50_share,0.2278,999_j
SE,Sweden,2011,bottom50_share,0.2314,999_j
SE,Sweden,2012,bottom50_share,0.2455,999_j
SE,Sweden,2013,bottom50_share,0.2443,999_j
SE,Sweden,2014,bottom50_share,0.2399,999_j
SE,Sweden,2015,bottom50_share,0.2353,999_j
SE,Sweden,2016,bottom50_share,0.243,999_j
SE,Sweden,2017,bottom50_share,0.2408,999_j
SE,Sweden,2018,bottom50_share,0.2424,999_j
SE,Sweden,2019,bottom50_share,0.239,999_j
SE,Sweden,2020,bottom50_share,0.239,999_j
SE,Sweden,2021,bottom50_share,0.2398,999_j
SE,Sweden,2022,bottom50_share,0.2417,999_j
SE,Sweden,2023,bottom50_share,0.2442,999_j
SE,Sweden,2024,bottom50_share,0.2442,999_j
SE,Sweden,1820,top10_share,0.495,999_j
SE,Sweden,1850,top10_share,0.5021,999_j
SE,Sweden,1880,top10_share,0.5147,999_j
SE,Sweden,1900,top10_share,0.5192,999_j
SE,Sweden,1903,top10_share,0.5085,999_j
SE,Sweden,1907,top10_share,0.5045,999_j
SE,Sweden,1910,top10_share,0.4917,999_j
SE,Sweden,1911,top10_share,0.4817,999_j
SE,Sweden,1912,top10_share,0.4699,999_j
SE,Sweden,1916,top10_share,0.4367,999_j
SE,Sweden,1919,top10_share,0.4004,999_j
SE,Sweden,1920,top10_share,0.381,999_j
SE,Sweden,1930,top10_share,0.3955,999_j
SE,Sweden,1934,top10_share,0.377,999_j
SE,Sweden,1935,top10_share,0.3762,999_j
SE,Sweden,1940,top10_share,0.3556,999_j
SE,Sweden,1941,top10_share,0.3509,999_j
SE,Sweden,1943,top10_share,0.3458,999_j
SE,Sweden,1944,top10_share,0.3402,999_j
SE,Sweden,1945,top10_share,0.334,999_j
SE,Sweden,1946,top10_share,0.334,999_j
SE,Sweden,1947,top10_share,0.3243,999_j
SE,Sweden,1948,top10_share,0.317,999_j
SE,Sweden,1949,top10_share,0.312,999_j
SE,Sweden,1950,top10_share,0.3091,999_j
SE,Sweden,1951,top10_share,0.3075,999_j
SE,Sweden,1952,top10_share,0.3078,999_j
SE,Sweden,1953,top10_share,0.3046,999_j
SE,Sweden,1954,top10_share,0.3049,999_j
SE,Sweden,1955,top10_share,0.3053,999_j
SE,Sweden,1956,top10_share,0.3029,999_j
SE,Sweden,1957,top10_share,0.3041,999_j
SE,Sweden,1958,top10_share,0.3043,999_j
SE,Sweden,1959,top10_share,0.3058,999_j
SE,Sweden,1960,top10_share,0.3045,999_j
SE,Sweden,1961,top10_share,0.3028,999_j
SE,Sweden,1962,top10_share,0.2995,999_j
SE,Sweden,1963,top10_share,0.2991,999_j
SE,Sweden,1964,top10_share,0.2963,999_j
SE,Sweden,1965,top10_share,0.2928,999_j
SE,Sweden,1966,top10_share,0.2924,999_j
SE,Sweden,1967,top10_share,0.2906,999_j
SE,Sweden,1968,top10_share,0.2864,999_j
SE,Sweden,1969,top10_share,0.2877,999_j
SE,Sweden,1970,top10_share,0.2947,999_j
SE,Sweden,1971,top10_share,0.2788,999_j
SE,Sweden,1972,top10_share,0.2729,999_j
SE,Sweden,1973,top10_share,0.2756,999_j
SE,Sweden,1974,top10_share,0.2718,999_j
SE,Sweden,1975,top10_share,0.2664,999_j
SE,Sweden,1976,top10_share,0.2663,999_j
SE,Sweden,1977,top10_share,0.262,999_j
SE,Sweden,1978,top10_share,0.2582,999_j
SE,Sweden,1979,top10_share,0.255,999_j
SE,Sweden,1980,top10_share,0.256,999_j
SE,Sweden,1981,top10_share,0.256,999_j
SE,Sweden,1982,top10_share,0.267,999_j
SE,Sweden,1983,top10_share,0.2703,999_j
SE,Sweden,1984,top10_share,0.284,999_j
SE,Sweden,1985,top10_share,0.282,999_j
SE,Sweden,1986,top10_share,0.2805,999_j
SE,Sweden,1987,top10_share,0.2814,999_j
SE,Sweden,1988,top10_share,0.2882,999_j
SE,Sweden,1989,top10_share,0.2805,999_j
SE,Sweden,1990,top10_share,0.2655,999_j
SE,Sweden,1991,top10_share,0.2716,999_j
SE,Sweden,1992,top10_share,0.2679,999_j
SE,Sweden,1993,top10_share,0.277,999_j
SE,Sweden,1994,top10_share,0.3058,999_j
SE,Sweden,1995,top10_share,0.3149,999_j
SE,Sweden,1996,top10_share,0.3067,999_j
SE,Sweden,1997,top10_share,0.3172,999_j
SE,Sweden,1998,top10_share,0.318,999_j
SE,Sweden,1999,top10_share,0.32,999_j
SE,Sweden,2000,top10_share,0.3108,999_j
SE,Sweden,2001,top10_share,0.2979,999_j
SE,Sweden,2002,top10_share,0.3016,999_j
SE,Sweden,2003,top10_share,0.3124,999_j
SE,Sweden,2004,top10_share,0.3184,999_j
SE,Sweden,2005,top10_share,0.3264,999_j
SE,Sweden,2006,top10_share,0.3378,999_j
SE,Sweden,2007,top10_share,0.3302,999_j
SE,Sweden,2008,top10_share,0.3193,999_j
SE,Sweden,2009,top10_share,0.3049,999_j
SE,Sweden,2010,top10_share,0.3163,999_j
SE,Sweden,2011,top10_share,0.3113,999_j
SE,Sweden,2012,top10_share,0.2999,999_j
SE,Sweden,2013,top10_share,0.3006,999_j
SE,Sweden,2014,top10_share,0.3026,999_j
SE,Sweden,2015,top10_share,0.3109,999_j
SE,Sweden,2016,top10_share,0.2933,999_j
SE,Sweden,2017,top10_share,0.3027,999_j
SE,Sweden,2018,top10_share,0.2964,999_j
SE,Sweden,2019,top10_share,0.3049,999_j
SE,Sweden,2020,top10_share,0.3049,999_j
SE,Sweden,2021,top10_share,0.3019,999_j
SE,Sweden,2022,top10_share,0.2971,999_j
SE,Sweden,2023,top10_share,0.2898,999_j
SE,Sweden,2024,top10_share,0.2898,999_j
SE,Sweden,1820,top1_share,0.2268,999_j
SE,Sweden,1850,top1_share,0.23,999_j
SE,Sweden,1880,top1_share,0.2358,999_j
SE,Sweden,1900,top1_share,0.2379,999_j
SE,Sweden,1903,top1_share,0.2409,999_j
SE,Sweden,1907,top1_share,0.2605,999_j
SE,Sweden,1910,top1_share,0.2604,999_j
SE,Sweden,1911,top1_share,0.2536,999_j
SE,Sweden,1912,top1_share,0.2444,999_j
SE,Sweden,1916,top1_share,0.2267,999_j
SE,Sweden,1919,top1_share,0.1974,999_j
SE,Sweden,1920,top1_share,0.1781,999_j
SE,Sweden,1930,top1_share,0.1589,999_j
SE,Sweden,1934,top1_share,0.1406,999_j
SE,Sweden,1935,top1_share,0.1414,999_j
SE,Sweden,1940,top1_share,0.1222,999_j
SE,Sweden,1941,top1_share,0.1197,999_j
SE,Sweden,1943,top1_share,0.1205,999_j
SE,Sweden,1944,top1_share,0.1167,999_j
SE,Sweden,1945,top1_share,0.1122,999_j
SE,Sweden,1946,top1_share,0.116,999_j
SE,Sweden,1947,top1_share,0.1067,999_j
SE,Sweden,1948,top1_share,0.1008,999_j
SE,Sweden,1949,top1_share,0.0979,999_j
SE,Sweden,1950,top1_share,0.0978,999_j
SE,Sweden,1951,top1_share,0.0953,999_j
SE,Sweden,1952,top1_share,0.0954,999_j
SE,Sweden,1953,top1_share,0.0909,999_j
SE,Sweden,1954,top1_share,0.0909,999_j
SE,Sweden,1955,top1_share,0.0912,999_j
SE,Sweden,1956,top1_share,0.0877,999_j
SE,Sweden,1957,top1_share,0.0888,999_j
SE,Sweden,1958,top1_share,0.0888,999_j
SE,Sweden,1959,top1_share,0.0903,999_j
SE,Sweden,1960,top1_share,0.0884,999_j
SE,Sweden,1961,top1_share,0.0887,999_j
SE,Sweden,1962,top1_share,0.087,999_j
SE,Sweden,1963,top1_share,0.089,999_j
SE,Sweden,1964,top1_share,0.088,999_j
SE,Sweden,1965,top1_share,0.086,999_j
SE,Sweden,1966,top1_share,0.0881,999_j
SE,Sweden,1967,top1_share,0.0883,999_j
SE,Sweden,1968,top1_share,0.0854,999_j
SE,Sweden,1969,top1_share,0.0896,999_j
SE,Sweden,1970,top1_share,0.0832,999_j
SE,Sweden,1971,top1_share,0.0832,999_j
SE,Sweden,1972,top1_share,0.0782,999_j
SE,Sweden,1973,top1_share,0.0841,999_j
SE,Sweden,1974,top1_share,0.0819,999_j
SE,Sweden,1975,top1_share,0.0775,999_j
SE,Sweden,1976,top1_share,0.0798,999_j
SE,Sweden,1977,top1_share,0.0769,999_j
SE,Sweden,1978,top1_share,0.0746,999_j
SE,Sweden,1979,top1_share,0.0729,999_j
SE,Sweden,1980,top1_share,0.072,999_j
SE,Sweden,1981,top1_share,0.0738,999_j
SE,Sweden,1982,top1_share,0.0838,999_j
SE,Sweden,1983,top1_share,0.0869,999_j
SE,Sweden,1984,top1_share,0.0996,999_j
SE,Sweden,1985,top1_share,0.0973,999_j
SE,Sweden,1986,top1_share,0.0954,999_j
SE,Sweden,1987,top1_share,0.0962,999_j
SE,Sweden,1988,top1_share,0.1031,999_j
SE,Sweden,1989,top1_share,0.0965,999_j
SE,Sweden,1990,top1_share,0.0815,999_j
SE,Sweden,1991,top1_share,0.0811,999_j
SE,Sweden,1992,top1_share,0.0785,999_j
SE,Sweden,1993,top1_share,0.0861,999_j
SE,Sweden,1994,top1_share,0.109,999_j
SE,Sweden,1995,top1_share,0.1175,999_j
SE,Sweden,1996,top1_share,0.107,999_j
SE,Sweden,1997,top1_share,0.1156,999_j
SE,Sweden,1998,top1_share,0.117,999_j
SE,Sweden,1999,top1_share,0.1186,999_j
SE,Sweden,2000,top1_share,0.103,999_j
SE,Sweden,2001,top1_share,0.0897,999_j
SE,Sweden,2002,top1_share,0.0937,999_j
SE,Sweden,2003,top1_share,0.1069,999_j
SE,Sweden,2004,top1_share,0.114,999_j
SE,Sweden,2005,top1_share,0.1188,999_j
SE,Sweden,2006,top1_share,0.1305,999_j
SE,Sweden,2007,top1_share,0.1247,999_j
SE,Sweden,2008,top1_share,0.1143,999_j
SE,Sweden,2009,top1_share,0.0994,999_j
SE,Sweden,2010,top1_share,0.1119,999_j
SE,Sweden,2011,top1_share,0.1063,999_j
SE,Sweden,2012,top1_share,0.0999,999_j
SE,Sweden,2013,top1_share,0.0999,999_j
SE,Sweden,2014,top1_share,0.1006,999_j
SE,Sweden,2015,top1_share,0.1058,999_j
SE,Sweden,2016,top1_share,0.092,999_j
SE,Sweden,2017,top1_share,0.1002,999_j
SE,Sweden,2018,top1_share,0.0963,999_j
SE,Sweden,2019,top1_share,0.1039,999_j
SE,Sweden,2020,top1_share,0.1039,999_j
SE,Sweden,2021,top1_share,0.1012,999_j
SE,Sweden,2022,top1_share,0.0974,999_j
SE,Sweden,2023,top1_share,0.0951,999_j
SE,Sweden,2024,top1_share,0.0951,999_j
US,United States,1820,bottom50_share,0.1651,999_j
US,United States,1850,bottom50_share,0.13,999_j
US,United States,1880,bottom50_share,0.17,999_j
US,United States,1900,bottom50_share,0.1629,999_j
US,United States,1910,bottom50_share,0.1709,999_j
US,United States,1913,bottom50_share,0.151,999_j
US,United States,1914,bottom50_share,0.1491,999_j
US,United States,1915,bottom50_share,0.1513,999_j
US,United States,1916,bottom50_share,0.1473,999_j
US,United States,1917,bottom50_share,0.1461,999_j
US,United States,1918,bottom50_share,0.1476,999_j
US,United States,1919,bottom50_share,0.1437,999_j
US,United States,1920,bottom50_share,0.1642,999_j
US,United States,1921,bottom50_share,0.1383,999_j
US,United States,1922,bottom50_share,0.142,999_j
US,United States,1923,bottom50_share,0.1488,999_j
US,United States,1924,bottom50_share,0.1414,999_j
US,United States,1925,bottom50_share,0.1373,999_j
US,United States,1926,bottom50_share,0.1356,999_j
US,United States,1927,bottom50_share,0.1378,999_j
US,United States,1928,bottom50_share,0.135,999_j
US,United States,1929,bottom50_share,0.1382,999_j
US,United States,1930,bottom50_share,0.1539,999_j
US,United States,1931,bottom50_share,0.1382,999_j
US,United States,1932,bottom50_share,0.1322,999_j
US,United States,1933,bottom50_share,0.1329,999_j
US,United States,1934,bottom50_share,0.1317,999_j
US,United States,1935,bottom50_share,0.1382,999_j
US,United States,1936,bottom50_share,0.1388,999_j
US,United States,1937,bottom50_share,0.1409,999_j
US,United States,1938,bottom50_share,0.142,999_j
US,United States,1939,bottom50_share,0.138,999_j
US,United States,1940,bottom50_share,0.155,999_j
US,United States,1941,bottom50_share,0.1451,999_j
US,United States,1942,bottom50_share,0.1768,999_j
US,United States,1943,bottom50_share,0.1879,999_j
US,United States,1944,bottom50_share,0.1967,999_j
US,United States,1945,bottom50_share,0.1582,999_j
US,United States,1946,bottom50_share,0.1712,999_j
US,United States,1947,bottom50_share,0.1729,999_j
US,United States,1948,bottom50_share,0.1739,999_j
US,United States,1949,bottom50_share,0.171,999_j
US,United States,1950,bottom50_share,0.1903,999_j
US,United States,1951,bottom50_share,0.1838,999_j
US,United States,1952,bottom50_share,0.1896,999_j
US,United States,1953,bottom50_share,0.1931,999_j
US,United States,1954,bottom50_share,0.1861,999_j
US,United States,1955,bottom50_share,0.1877,999_j
US,United States,1956,bottom50_share,0.1928,999_j
US,United States,1957,bottom50_share,0.1921,999_j
US,United States,1958,bottom50_share,0.1842,999_j
US,United States,1959,bottom50_share,0.1818,999_j
US,United States,1960,bottom50_share,0.1977,999_j
US,United States,1961,bottom50_share,0.1772,999_j
US,United States,1962,bottom50_share,0.1932,999_j
US,United States,1963,bottom50_share,0.1894,999_j
US,United States,1964,bottom50_share,0.1858,999_j
US,United States,1965,bottom50_share,0.1903,999_j
US,United States,1966,bottom50_share,0.1948,999_j
US,United States,1967,bottom50_share,0.2073,999_j
US,United States,1968,bottom50_share,0.2061,999_j
US,United States,1969,bottom50_share,0.2124,999_j
US,United States,1970,bottom50_share,0.2112,999_j
US,United States,1971,bottom50_share,0.2044,999_j
US,United States,1972,bottom50_share,0.2024,999_j
US,United States,1973,bottom50_share,0.2043,999_j
US,United States,1974,bottom50_share,0.21,999_j
US,United States,1975,bottom50_share,0.2041,999_j
US,United States,1976,bottom50_share,0.2053,999_j
US,United States,1977,bottom50_share,0.2027,999_j
US,United States,1978,bottom50_share,0.2024,999_j
US,United States,1979,bottom50_share,0.2034,999_j
US,United States,1980,bottom50_share,0.2008,999_j
US,United States,1981,bottom50_share,0.1969,999_j
US,United States,1982,bottom50_share,0.1916,999_j
US,United States,1983,bottom50_share,0.1832,999_j
US,United States,1984,bottom50_share,0.1796,999_j
US,United States,1985,bottom50_share,0.1782,999_j
US,United States,1986,bottom50_share,0.1761,999_j
US,United States,1987,bottom50_share,0.1736,999_j
US,United States,1988,bottom50_share,0.1687,999_j
US,United States,1989,bottom50_share,0.1698,999_j
US,United States,1990,bottom50_share,0.1685,999_j
US,United States,1991,bottom50_share,0.1671,999_j
US,United States,1992,bottom50_share,0.16,999_j
US,United States,1993,bottom50_share,0.1611,999_j
US,United States,1994,bottom50_share,0.1617,999_j
US,United States,1995,bottom50_share,0.1574,999_j
US,United States,1996,bottom50_share,0.1547,999_j
US,United States,1997,bottom50_share,0.1524,999_j
US,United States,1998,bottom50_share,0.1528,999_j
US,United States,1999,bottom50_share,0.1514,999_j
US,United States,2000,bottom50_share,0.1506,999_j
US,United States,2001,bottom50_share,0.1531,999_j
US,United States,2002,bottom50_share,0.154,999_j
US,United States,2003,bottom50_share,0.1509,999_j
US,United States,2004,bottom50_share,0.1478,999_j
US,United States,2005,bottom50_share,0.1432,999_j
US,United States,2006,bottom50_share,0.1408,999_j
US,United States,2007,bottom50_share,0.1431,999_j
US,United States,2008,bottom50_share,0.1429,999_j
US,United States,2009,bottom50_share,0.1425,999_j
US,United States,2010,bottom50_share,0.1387,999_j
US,United States,2011,bottom50_share,0.1356,999_j
US,United States,2012,bottom50_share,0.1315,999_j
US,United States,2013,bottom50_share,0.1345,999_j
US,United States,2014,bottom50_share,0.1314,999_j
US,United States,2015,bottom50_share,0.1321,999_j
US,United States,2016,bottom50_share,0.1295,999_j
US,United States,2017,bottom50_share,0.1348,999_j
US,United States,2018,bottom50_share,0.1334,999_j
US,United States,2019,bottom50_share,0.1358,999_j
US,United States,2020,bottom50_share,0.137,999_j
US,United States,2021,bottom50_share,0.1346,999_j
US,United States,2022,bottom50_share,0.1334,999_j
US,United States,2023,bottom50_share,0.1344,999_j
US,United States,2024,bottom50_share,0.1344,999_j
US,United States,1820,top10_share,0.4077,999_j
US,United States,1850,top10_share,0.4399,999_j
US,United States,1880,top10_share,0.41,999_j
US,United States,1900,top10_share,0.42,999_j
US,United States,1910,top10_share,0.421,999_j
US,United States,1913,top10_share,0.4311,999_j
US,United States,1914,top10_share,0.4373,999_j
US,United States,1915,top10_share,0.4303,999_j
US,United States,1916,top10_share,0.4442,999_j
US,United States,1917,top10_share,0.45,999_j
US,United States,1918,top10_share,0.4395,999_j
US,United States,1919,top10_share,0.459,999_j
US,United States,1920,top10_share,0.433,999_j
US,United States,1921,top10_share,0.4735,999_j
US,United States,1922,top10_share,0.4611,999_j
US,United States,1923,top10_share,0.4369,999_j
US,United States,1924,top10_share,0.4569,999_j
US,United States,1925,top10_share,0.4719,999_j
US,United States,1926,top10_share,0.4763,999_j
US,United States,1927,top10_share,0.4709,999_j
US,United States,1928,top10_share,0.4823,999_j
US,United States,1929,top10_share,0.4695,999_j
US,United States,1930,top10_share,0.4552,999_j
US,United States,1931,top10_share,0.4633,999_j
US,United States,1932,top10_share,0.4829,999_j
US,United States,1933,top10_share,0.4803,999_j
US,United States,1934,top10_share,0.4905,999_j
US,United States,1935,top10_share,0.4809,999_j
US,United States,1936,top10_share,0.4838,999_j
US,United States,1937,top10_share,0.4748,999_j
US,United States,1938,top10_share,0.4709,999_j
US,United States,1939,top10_share,0.4858,999_j
US,United States,1940,top10_share,0.4804,999_j
US,United States,1941,top10_share,0.47,999_j
US,United States,1942,top10_share,0.4235,999_j
US,United States,1943,top10_share,0.3884,999_j
US,United States,1944,top10_share,0.3606,999_j
US,United States,1945,top10_share,0.3529,999_j
US,United States,1946,top10_share,0.3695,999_j
US,United States,1947,top10_share,0.3687,999_j
US,United States,1948,top10_share,0.3888,999_j
US,United States,1949,top10_share,0.3835,999_j
US,United States,1950,top10_share,0.3833,999_j
US,United States,1951,top10_share,0.3794,999_j
US,United States,1952,top10_share,0.3664,999_j
US,United States,1953,top10_share,0.3563,999_j
US,United States,1954,top10_share,0.3601,999_j
US,United States,1955,top10_share,0.367,999_j
US,United States,1956,top10_share,0.3574,999_j
US,United States,1957,top10_share,0.3569,999_j
US,United States,1958,top10_share,0.3551,999_j
US,United States,1959,top10_share,0.3595,999_j
US,United States,1960,top10_share,0.3482,999_j
US,United States,1961,top10_share,0.3557,999_j
US,United States,1962,top10_share,0.3615,999_j
US,United States,1963,top10_share,0.3658,999_j
US,United States,1964,top10_share,0.3695,999_j
US,United States,1965,top10_share,0.3665,999_j
US,United States,1966,top10_share,0.3637,999_j
US,United States,1967,top10_share,0.3526,999_j
US,United States,1968,top10_share,0.3549,999_j
US,United States,1969,top10_share,0.3411,999_j
US,United States,1970,top10_share,0.3355,999_j
US,United States,1971,top10_share,0.3408,999_j
US,United States,1972,top10_share,0.3442,999_j
US,United States,1973,top10_share,0.3462,999_j
US,United States,1974,top10_share,0.3356,999_j
US,United States,1975,top10_share,0.3395,999_j
US,United States,1976,top10_share,0.339,999_j
US,United States,1977,top10_share,0.3427,999_j
US,United States,1978,top10_share,0.3402,999_j
US,United States,1979,top10_share,0.3431,999_j
US,United States,1980,top10_share,0.3384,999_j
US,United States,1981,top10_share,0.3433,999_j
US,United States,1982,top10_share,0.346,999_j
US,United States,1983,top10_share,0.3536,999_j
US,United States,1984,top10_share,0.3649,999_j
US,United States,1985,top10_share,0.3655,999_j
US,United States,1986,top10_share,0.3634,999_j
US,United States,1987,top10_share,0.3747,999_j
US,United States,1988,top10_share,0.3924,999_j
US,United States,1989,top10_share,0.3878,999_j
US,United States,1990,top10_share,0.3876,999_j
US,United States,1991,top10_share,0.3832,999_j
US,United States,1992,top10_share,0.3941,999_j
US,United States,1993,top10_share,0.391,999_j
US,United States,1994,top10_share,0.3913,999_j
US,United States,1995,top10_share,0.399,999_j
US,United States,1996,top10_share,0.408,999_j
US,United States,1997,top10_share,0.4155,999_j
US,United States,1998,top10_share,0.4192,999_j
US,United States,1999,top10_share,0.4228,999_j
US,United States,2000,top10_share,0.4273,999_j
US,United States,2001,top10_share,0.4194,999_j
US,United States,2002,top10_share,0.4149,999_j
US,United States,2003,top10_share,0.4164,999_j
US,United States,2004,top10_share,0.4242,999_j
US,United States,2005,top10_share,0.4359,999_j
US,United States,2006,top10_share,0.4429,999_j
US,United States,2007,top10_share,0.4404,999_j
US,United States,2008,top10_share,0.4356,999_j
US,United States,2009,top10_share,0.4245,999_j
US,United States,2010,top10_share,0.4381,999_j
US,United States,2011,top10_share,0.4426,999_j
US,United States,2012,top10_share,0.4559,999_j
US,United States,2013,top10_share,0.449,999_j
US,United States,2014,top10_share,0.4558,999_j
US,United States,2015,top10_share,0.455,999_j
US,United States,2016,top10_share,0.4536,999_j
US,United States,2017,top10_share,0.4546,999_j
US,United States,2018,top10_share,0.4581,999_j
US,United States,2019,top10_share,0.4567,999_j
US,United States,2020,top10_share,0.4461,999_j
US,United States,2021,top10_share,0.4607,999_j
US,United States,2022,top10_share,0.4686,999_j
US,United States,2023,top10_share,0.4676,999_j
US,United States,2024,top10_share,0.4676,999_j
US,United States,1820,top1_share,0.1553,999_j
US,United States,1850,top1_share,0.1662,999_j
US,United States,1880,top1_share,0.145,999_j
US,United States,1900,top1_share,0.155,999_j
US,United States,1910,top1_share,0.1995,999_j
US,United States,1913,top1_share,0.2043,999_j
US,United States,1914,top1_share,0.2091,999_j
US,United States,1915,top1_share,0.2029,999_j
US,United States,1916,top1_share,0.2136,999_j
US,United States,1917,top1_share,0.2131,999_j
US,United States,1918,top1_share,0.1968,999_j
US,United States,1919,top1_share,0.2164,999_j
US,United States,1920,top1_share,0.1877,999_j
US,United States,1921,top1_share,0.1915,999_j
US,United States,1922,top1_share,0.1858,999_j
US,United States,1923,top1_share,0.177,999_j
US,United States,1924,top1_share,0.1847,999_j
US,United States,1925,top1_share,0.2068,999_j
US,United States,1926,top1_share,0.2194,999_j
US,United States,1927,top1_share,0.2126,999_j
US,United States,1928,top1_share,0.2229,999_j
US,United States,1929,top1_share,0.2218,999_j
US,United States,1930,top1_share,0.1906,999_j
US,United States,1931,top1_share,0.1676,999_j
US,United States,1932,top1_share,0.1651,999_j
US,United States,1933,top1_share,0.1751,999_j
US,United States,1934,top1_share,0.1906,999_j
US,United States,1935,top1_share,0.1933,999_j
US,United States,1936,top1_share,0.2094,999_j
US,United States,1937,top1_share,0.2067,999_j
US,United States,1938,top1_share,0.1864,999_j
US,United States,1939,top1_share,0.1957,999_j
US,United States,1940,top1_share,0.2048,999_j
US,United States,1941,top1_share,0.2158,999_j
US,United States,1942,top1_share,0.2059,999_j
US,United States,1943,top1_share,0.1859,999_j
US,United States,1944,top1_share,0.1535,999_j
US,United States,1945,top1_share,0.1425,999_j
US,United States,1946,top1_share,0.1428,999_j
US,United States,1947,top1_share,0.1497,999_j
US,United States,1948,top1_share,0.1631,999_j
US,United States,1949,top1_share,0.1572,999_j
US,United States,1950,top1_share,0.1639,999_j
US,United States,1951,top1_share,0.16,999_j
US,United States,1952,top1_share,0.1497,999_j
US,United States,1953,top1_share,0.1401,999_j
US,United States,1954,top1_share,0.1395,999_j
US,United States,1955,top1_share,0.1461,999_j
US,United States,1956,top1_share,0.1384,999_j
US,United States,1957,top1_share,0.1353,999_j
US,United States,1958,top1_share,0.1268,999_j
US,United States,1959,top1_share,0.1321,999_j
US,United States,1960,top1_share,0.1243,999_j
US,United States,1961,top1_share,0.1253,999_j
US,United States,1962,top1_share,0.1284,999_j
US,United States,1963,top1_share,0.1298,999_j
US,United States,1964,top1_share,0.1311,999_j
US,United States,1965,top1_share,0.1303,999_j
US,United States,1966,top1_share,0.1297,999_j
US,United States,1967,top1_share,0.1237,999_j
US,United States,1968,top1_share,0.1261,999_j
US,United States,1969,top1_share,0.116,999_j
US,United States,1970,top1_share,0.107,999_j
US,United States,1971,top1_share,0.1105,999_j
US,United States,1972,top1_share,0.1108,999_j
US,United States,1973,top1_share,0.1088,999_j
US,United States,1974,top1_share,0.1037,999_j
US,United States,1975,top1_share,0.1043,999_j
US,United States,1976,top1_share,0.1036,999_j
US,United States,1977,top1_share,0.1058,999_j
US,United States,1978,top1_share,0.1035,999_j
US,United States,1979,top1_share,0.1086,999_j
US,United States,1980,top1_share,0.1042,999_j
US,United States,1981,top1_share,0.1067,999_j
US,United States,1982,top1_share,0.1099,999_j
US,United States,1983,top1_share,0.115,999_j
US,United States,1984,top1_share,0.1215,999_j
US,United States,1985,top1_share,0.1227,999_j
US,United States,1986,top1_share,0.1198,999_j
US,United States,1987,top1_share,0.1324,999_j
US,United States,1988,top1_share,0.1521,999_j
US,United States,1989,top1_share,0.1469,999_j
US,United States,1990,top1_share,0.1471,999_j
US,United States,1991,top1_share,0.1365,999_j
US,United States,1992,top1_share,0.1468,999_j
US,United States,1993,top1_share,0.1415,999_j
US,United States,1994,top1_share,0.1402,999_j
US,United States,1995,top1_share,0.1452,999_j
US,United States,1996,top1_share,0.1525,999_j
US,United States,1997,top1_share,0.16,999_j
US,United States,1998,top1_share,0.1632,999_j
US,United States,1999,top1_share,0.1676,999_j
US,United States,2000,top1_share,0.1734,999_j
US,United States,2001,top1_share,0.1659,999_j
US,United States,2002,top1_share,0.161,999_j
US,United States,2003,top1_share,0.1632,999_j
US,United States,2004,top1_share,0.1706,999_j
US,United States,2005,top1_share,0.1806,999_j
US,United States,2006,top1_share,0.1852,999_j
US,United States,2007,top1_share,0.1838,999_j
US,United States,2008,top1_share,0.1793,999_j
US,United States,2009,top1_share,0.167,999_j
US,United States,2010,top1_share,0.1789,999_j
US,United States,2011,top1_share,0.1808,999_j
US,United States,2012,top1_share,0.1949,999_j
US,United States,2013,top1_share,0.1846,999_j
US,United States,2014,top1_share,0.1897,999_j
US,United States,2015,top1_share,0.1889,999_j
US,United States,2016,top1_share,0.1866,999_j
US,United States,2017,top1_share,0.1905,999_j
US,United States,2018,top1_share,0.1924,999_j
US,United States,2019,top1_share,0.1904,999_j
US,United States,2020,top1_share,0.1817,999_j
US,United States,2021,top1_share,0.1988,999_j
US,United States,2022,top1_share,0.2073,999_j
US,United States,2023,top1_share,0.2073,999_j
US,United States,2024,top1_share,0.2073,999_j
ZA,South Africa,1820,bottom50_share,0.1464,999_j
ZA,South Africa,1850,bottom50_share,0.1432,999_j
ZA,South Africa,1880,bottom50_share,0.14,999_j
ZA,South Africa,1900,bottom50_share,0.1351,999_j
ZA,South Africa,1910,bottom50_share,0.127,999_j
ZA,South Africa,1913,bottom50_share,0.1187,999_j
ZA,South Africa,1914,bottom50_share,0.1163,999_j
ZA,South Africa,1915,bottom50_share,0.1139,999_j
ZA,South Africa,1916,bottom50_share,0.1108,999_j
ZA,South Africa,1917,bottom50_share,0.1082,999_j
ZA,South Africa,1918,bottom50_share,0.1061,999_j
ZA,South Africa,1919,bottom50_share,0.1047,999_j
ZA,South Africa,1920,bottom50_share,0.1012,999_j
ZA,South Africa,1921,bottom50_share,0.101,999_j
ZA,South Africa,1922,bottom50_share,0.1018,999_j
ZA,South Africa,1923,bottom50_share,0.1026,999_j
ZA,South Africa,1924,bottom50_share,0.1026,999_j
ZA,South Africa,1925,bottom50_share,0.1025,999_j
ZA,South Africa,1926,bottom50_share,0.1031,999_j
ZA,South Africa,1927,bottom50_share,0.1035,999_j
ZA,South Africa,1928,bottom50_share,0.1037,999_j
ZA,South Africa,1929,bottom50_share,0.1041,999_j
ZA,South Africa,1930,bottom50_share,0.104,999_j
ZA,South Africa,1931,bottom50_share,0.1046,999_j
ZA,South Africa,1932,bottom50_share,0.1056,999_j
ZA,South Africa,1933,bottom50_share,0.1063,999_j
ZA,South Africa,1934,bottom50_share,0.1075,999_j
ZA,South Africa,1935,bottom50_share,0.1078,999_j
ZA,South Africa,1936,bottom50_share,0.1084,999_j
ZA,South Africa,1937,bottom50_share,0.1095,999_j
ZA,South Africa,1938,bottom50_share,0.1104,999_j
ZA,South Africa,1939,bottom50_share,0.1117,999_j
ZA,South Africa,1940,bottom50_share,0.1118,999_j
ZA,South Africa,1944,bottom50_share,0.1116,999_j
ZA,South Africa,1945,bottom50_share,0.1121,999_j
ZA,South Africa,1946,bottom50_share,0.111,999_j
ZA,South Africa,1947,bottom50_share,0.1116,999_j
ZA,South Africa,1948,bottom50_share,0.1122,999_j
ZA,South Africa,1949,bottom50_share,0.1121,999_j
ZA,South Africa,1950,bottom50_share,0.1128,999_j
ZA,South Africa,1954,bottom50_share,0.1159,999_j
ZA,South Africa,1955,bottom50_share,0.1162,999_j
ZA,South Africa,1956,bottom50_share,0.117,999_j
ZA,South Africa,1957,bottom50_share,0.1175,999_j
ZA,South Africa,1958,bottom50_share,0.1182,999_j
ZA,South Africa,1959,bottom50_share,0.1188,999_j
ZA,South Africa,1960,bottom50_share,0.1194,999_j
ZA,South Africa,1961,bottom50_share,0.1216,999_j
ZA,South Africa,1963,bottom50_share,0.1246,999_j
ZA,South Africa,1964,bottom50_share,0.1267,999_j
ZA,South Africa,1965,bottom50_share,0.1291,999_j
ZA,South Africa,1967,bottom50_share,0.1328,999_j
ZA,South Africa,1969,bottom50_share,0.1362,999_j
ZA,South Africa,1970,bottom50_share,0.1192,999_j
ZA,South Africa,1971,bottom50_share,0.1408,999_j
ZA,South Africa,1974,bottom50_share,0.1467,999_j
ZA,South Africa,1975,bottom50_share,0.1492,999_j
ZA,South Africa,1978,bottom50_share,0.1558,999_j
ZA,South Africa,1979,bottom50_share,0.1584,999_j
ZA,South Africa,1980,bottom50_share,0.135,999_j
ZA,South Africa,1981,bottom50_share,0.135,999_j
ZA,South Africa,1982,bottom50_share,0.135,999_j
ZA,South Africa,1983,bottom50_share,0.135,999_j
ZA,South Africa,1984,bottom50_share,0.135,999_j
ZA,South Africa,1985,bottom50_share,0.135,999_j
ZA,South Africa,1986,bottom50_share,0.135,999_j
ZA,South Africa,1987,bottom50_share,0.135,999_j
ZA,South Africa,1988,bottom50_share,0.135,999_j
ZA,South Africa,1989,bottom50_share,0.135,999_j
ZA,South Africa,1990,bottom50_share,0.135,999_j
ZA,South Africa,1991,bottom50_share,0.1257,999_j
ZA,South Africa,1992,bottom50_share,0.1275,999_j
ZA,South Africa,1993,bottom50_share,0.1389,999_j
ZA,South Africa,1994,bottom50_share,0.1337,999_j
ZA,South Africa,1995,bottom50_share,0.1284,999_j
ZA,South Africa,1996,bottom50_share,0.1232,999_j
ZA,South Africa,1997,bottom50_share,0.118,999_j
ZA,South Africa,1998,bottom50_share,0.1128,999_j
ZA,South Africa,1999,bottom50_share,0.1076,999_j
ZA,South Africa,2000,bottom50_share,0.1025,999_j
ZA,South Africa,2001,bottom50_share,0.102,999_j
ZA,South Africa,2002,bottom50_share,0.1016,999_j
ZA,South Africa,2003,bottom50_share,0.1008,999_j
ZA,South Africa,2004,bottom50_share,0.1046,999_j
ZA,South Africa,2005,bottom50_share,0.1016,999_j
ZA,South Africa,2006,bottom50_share,0.0937,999_j
ZA,South Africa,2007,bottom50_share,0.0816,999_j
ZA,South Africa,2008,bottom50_share,0.0874,999_j
ZA,South Africa,2009,bottom50_share,0.0899,999_j
ZA,South Africa,2010,bottom50_share,0.0789,999_j
ZA,South Africa,2011,bottom50_share,0.0736,999_j
ZA,South Africa,2012,bottom50_share,0.059,999_j
ZA,South Africa,2013,bottom50_share,0.0585,999_j
ZA,South Africa,2014,bottom50_share,0.0581,999_j
ZA,South Africa,2015,bottom50_share,0.0581,999_j
ZA,South Africa,2016,bottom50_share,0.0581,999_j
ZA,South Africa,2017,bottom50_share,0.0581,999_j
ZA,South Africa,2018,bottom50_share,0.0581,999_j
ZA,South Africa,2019,bottom50_share,0.0581,999_j
ZA,South Africa,2020,bottom50_share,0.0581,999_j
ZA,South Africa,2021,bottom50_share,0.0581,999_j
ZA,South Africa,2022,bottom50_share,0.0581,999_j
ZA,South Africa,2023,bottom50_share,0.0581,999_j
ZA,South Africa,2024,bottom50_share,0.0527,999_j
ZA,South Africa,1820,top10_share,0.4926,999_j
ZA,South Africa,1850,top10_share,0.5038,999_j
ZA,South Africa,1880,top10_share,0.515,999_j
ZA,South Africa,1900,top10_share,0.5318,999_j
ZA,South Africa,1910,top10_share,0.5598,999_j
ZA,South Africa,1913,top10_share,0.5886,999_j
ZA,South Africa,1914,top10_share,0.5972,999_j
ZA,South Africa,1915,top10_share,0.6053,999_j
ZA,South Africa,1916,top10_share,0.6162,999_j
ZA,South Africa,1917,top10_share,0.6252,999_j
ZA,South Africa,1918,top10_share,0.6324,999_j
ZA,South Africa,1919,top10_share,0.6373,999_j
ZA,South Africa,1920,top10_share,0.6494,999_j
ZA,South Africa,1921,top10_share,0.6501,999_j
ZA,South Africa,1922,top10_share,0.6473,999_j
ZA,South Africa,1923,top10_share,0.6444,999_j
ZA,South Africa,1924,top10_share,0.6444,999_j
ZA,South Africa,1925,top10_share,0.6449,999_j
ZA,South Africa,1926,top10_share,0.6427,999_j
ZA,South Africa,1927,top10_share,0.6413,999_j
ZA,South Africa,1928,top10_share,0.6408,999_j
ZA,South Africa,1929,top10_share,0.6394,999_j
ZA,South Africa,1930,top10_share,0.6396,999_j
ZA,South Africa,1931,top10_share,0.6375,999_j
ZA,South Africa,1932,top10_share,0.6342,999_j
ZA,South Africa,1933,top10_share,0.6318,999_j
ZA,South Africa,1934,top10_share,0.6277,999_j
ZA,South Africa,1935,top10_share,0.6266,999_j
ZA,South Africa,1936,top10_share,0.6244,999_j
ZA,South Africa,1937,top10_share,0.6207,999_j
ZA,South Africa,1938,top10_share,0.6174,999_j
ZA,South Africa,1939,top10_share,0.6129,999_j
ZA,South Africa,1940,top10_share,0.6125,999_j
ZA,South Africa,1944,top10_share,0.6133,999_j
ZA,South Africa,1945,top10_share,0.6117,999_j
ZA,South Africa,1946,top10_share,0.6155,999_j
ZA,South Africa,1947,top10_share,0.6134,999_j
ZA,South Africa,1948,top10_share,0.6114,999_j
ZA,South Africa,1949,top10_share,0.6116,999_j
ZA,South Africa,1950,top10_share,0.6092,999_j
ZA,South Africa,1954,top10_share,0.5983,999_j
ZA,South Africa,1955,top10_share,0.5974,999_j
ZA,South Africa,1956,top10_share,0.5948,999_j
ZA,South Africa,1957,top10_share,0.5929,999_j
ZA,South Africa,1958,top10_share,0.5904,999_j
ZA,South Africa,1959,top10_share,0.5884,999_j
ZA,South Africa,1960,top10_share,0.5864,999_j
ZA,South Africa,1961,top10_share,0.5791,999_j
ZA,South Africa,1963,top10_share,0.5699,999_j
ZA,South Africa,1964,top10_share,0.5632,999_j
ZA,South Africa,1965,top10_share,0.5553,999_j
ZA,South Africa,1967,top10_share,0.5437,999_j
ZA,South Africa,1969,top10_share,0.5328,999_j
ZA,South Africa,1970,top10_share,0.5869,999_j
ZA,South Africa,1971,top10_share,0.5181,999_j
ZA,South Africa,1974,top10_share,0.4995,999_j
ZA,South Africa,1975,top10_share,0.4914,999_j
ZA,South Africa,1978,top10_share,0.4699,999_j
ZA,South Africa,1979,top10_share,0.4615,999_j
ZA,South Africa,1980,top10_share,0.4718,999_j
ZA,South Africa,1981,top10_share,0.4718,999_j
ZA,South Africa,1982,top10_share,0.4718,999_j
ZA,South Africa,1983,top10_share,0.4718,999_j
ZA,South Africa,1984,top10_share,0.4718,999_j
ZA,South Africa,1985,top10_share,0.4718,999_j
ZA,South Africa,1986,top10_share,0.4718,999_j
ZA,South Africa,1987,top10_share,0.4718,999_j
ZA,South Africa,1988,top10_share,0.4718,999_j
ZA,South Africa,1989,top10_share,0.4718,999_j
ZA,South Africa,1990,top10_share,0.4718,999_j
ZA,South Africa,1991,top10_share,0.4919,999_j
ZA,South Africa,1992,top10_share,0.4879,999_j
ZA,South Africa,1993,top10_share,0.4635,999_j
ZA,South Africa,1994,top10_share,0.4739,999_j
ZA,South Africa,1995,top10_share,0.4843,999_j
ZA,South Africa,1996,top10_share,0.4947,999_j
ZA,South Africa,1997,top10_share,0.505,999_j
ZA,South Africa,1998,top10_share,0.5153,999_j
ZA,South Africa,1999,top10_share,0.5256,999_j
ZA,South Africa,2000,top10_share,0.5358,999_j
ZA,South Africa,2001,top10_share,0.5473,999_j
ZA,South Africa,2002,top10_share,0.5589,999_j
ZA,South Africa,2003,top10_share,0.5711,999_j
ZA,South Africa,2004,top10_share,0.5737,999_j
ZA,South Africa,2005,top10_share,0.5906,999_j
ZA,South Africa,2006,top10_share,0.6007,999_j
ZA,South Africa,2007,top10_share,0.6197,999_j
ZA,South Africa,2008,top10_share,0.6006,999_j
ZA,South Africa,2009,top10_share,0.5929,999_j
ZA,South Africa,2010,top10_share,0.6143,999_j
ZA,South Africa,2011,top10_share,0.6243,999_j
ZA,South Africa,2012,top10_share,0.6544,999_j
ZA,South Africa,2013,top10_share,0.6542,999_j
ZA,South Africa,2014,top10_share,0.6541,999_j
ZA,South Africa,2015,top10_share,0.6541,999_j
ZA,South Africa,2016,top10_share,0.6541,999_j
ZA,South Africa,2017,top10_share,0.6541,999_j
ZA,South Africa,2018,top10_share,0.6541,999_j
ZA,South Africa,2019,top10_share,0.6541,999_j
ZA,South Africa,2020,top10_share,0.6541,999_j
ZA,South Africa,2021,top10_share,0.6541,999_j
ZA,South Africa,2022,top10_share,0.6541,999_j
ZA,South Africa,2023,top10_share,0.6541,999_j
ZA,South Africa,2024,top10_share,0.6654,999_j
ZA,South Africa,1820,top1_share,0.2033,999_j
ZA,South Africa,1850,top1_share,0.2079,999_j
ZA,South Africa,1880,top1_share,0.2103,999_j
ZA,South Africa,1900,top1_share,0.2196,999_j
ZA,South Africa,1910,top1_share,0.2336,999_j
ZA,South Africa,1913,top1_share,0.2417,999_j
ZA,South Africa,1914,top1_share,0.2425,999_j
ZA,South Africa,1915,top1_share,0.2425,999_j
ZA,South Africa,1916,top1_share,0.2478,999_j
ZA,South Africa,1917,top1_share,0.2494,999_j
ZA,South Africa,1918,top1_share,0.2473,999_j
ZA,South Africa,1919,top1_share,0.2404,999_j
ZA,South Africa,1920,top1_share,0.2485,999_j
ZA,South Africa,1921,top1_share,0.2499,999_j
ZA,South Africa,1922,top1_share,0.244,999_j
ZA,South Africa,1923,top1_share,0.2377,999_j
ZA,South Africa,1924,top1_share,0.2377,999_j
ZA,South Africa,1925,top1_share,0.2389,999_j
ZA,South Africa,1926,top1_share,0.2341,999_j
ZA,South Africa,1927,top1_share,0.2311,999_j
ZA,South Africa,1928,top1_share,0.23,999_j
ZA,South Africa,1929,top1_share,0.2271,999_j
ZA,South Africa,1930,top1_share,0.2276,999_j
ZA,South Africa,1931,top1_share,0.223,999_j
ZA,South Africa,1932,top1_share,0.216,999_j
ZA,South Africa,1933,top1_share,0.2108,999_j
ZA,South Africa,1934,top1_share,0.2019,999_j
ZA,South Africa,1935,top1_share,0.1996,999_j
ZA,South Africa,1936,top1_share,0.195,999_j
ZA,South Africa,1937,top1_share,0.187,999_j
ZA,South Africa,1938,top1_share,0.1798,999_j
ZA,South Africa,1939,top1_share,0.1702,999_j
ZA,South Africa,1940,top1_share,0.1695,999_j
ZA,South Africa,1944,top1_share,0.1711,999_j
ZA,South Africa,1945,top1_share,0.1677,999_j
ZA,South Africa,1946,top1_share,0.1759,999_j
ZA,South Africa,1947,top1_share,0.1713,999_j
ZA,South Africa,1948,top1_share,0.167,999_j
ZA,South Africa,1949,top1_share,0.1674,999_j
ZA,South Africa,1950,top1_share,0.1623,999_j
ZA,South Africa,1954,top1_share,0.1391,999_j
ZA,South Africa,1955,top1_share,0.137,999_j
ZA,South Africa,1956,top1_share,0.1313,999_j
ZA,South Africa,1957,top1_share,0.1273,999_j
ZA,South Africa,1958,top1_share,0.1219,999_j
ZA,South Africa,1959,top1_share,0.1177,999_j
ZA,South Africa,1960,top1_share,0.1135,999_j
ZA,South Africa,1961,top1_share,0.1109,999_j
ZA,South Africa,1963,top1_share,0.1167,999_j
ZA,South Africa,1964,top1_share,0.1153,999_j
ZA,South Africa,1965,top1_share,0.1115,999_j
ZA,South Africa,1967,top1_share,0.1123,999_j
ZA,South Africa,1969,top1_share,0.1143,999_j
ZA,South Africa,1970,top1_share,0.1146,999_j
ZA,South Africa,1971,top1_share,0.109,999_j
ZA,South Africa,1974,top1_share,0.1078,999_j
ZA,South Africa,1975,top1_share,0.1039,999_j
ZA,South Africa,1978,top1_share,0.0977,999_j
ZA,South Africa,1979,top1_share,0.0937,999_j
ZA,South Africa,1980,top1_share,0.1014,999_j
ZA,South Africa,1981,top1_share,0.1014,999_j
ZA,South Africa,1982,top1_share,0.1014,999_j
ZA,South Africa,1983,top1_share,0.1014,999_j
ZA,South Africa,1984,top1_share,0.1014,999_j
ZA,South Africa,1985,top1_share,0.1014,999_j
ZA,South Africa,1986,top1_share,0.1014,999_j
ZA,South Africa,1987,top1_share,0.1014,999_j
ZA,South Africa,1988,top1_share,0.1014,999_j
ZA,South Africa,1989,top1_share,0.1014,999_j
ZA,South Africa,1990,top1_share,0.1014,999_j
ZA,South Africa,1991,top1_share,0.1081,999_j
ZA,South Africa,1992,top1_share,0.1085,999_j
ZA,South Africa,1993,top1_share,0.1058,999_j
ZA,South Africa,1994,top1_share,0.1128,999_j
ZA,South Africa,1995,top1_share,0.1199,999_j
ZA,South Africa,1996,top1_share,0.1269,999_j
ZA,South Africa,1997,top1_share,0.1338,999_j
ZA,South Africa,1998,top1_share,0.1408,999_j
ZA,South Africa,1999,top1_share,0.1477,999_j
ZA,South Africa,2000,top1_share,0.1546,999_j
ZA,South Africa,2001,top1_share,0.1619,999_j
ZA,South Africa,2002,top1_share,0.1692,999_j
ZA,South Africa,2003,top1_share,0.1724,999_j
ZA,South Africa,2004,top1_share,0.1744,999_j
ZA,South Africa,2005,top1_share,0.1834,999_j
ZA,South Africa,2006,top1_share,0.1934,999_j
ZA,South Africa,2007,top1_share,0.2033,999_j
ZA,South Africa,2008,top1_share,0.1976,999_j
ZA,South Africa,2009,top1_share,0.1858,999_j
ZA,South Africa,2010,top1_share,0.1877,999_j
ZA,South Africa,2011,top1_share,0.1865,999_j
ZA,South Africa,2012,top1_share,0.1932,999_j
ZA,South Africa,2013,top1_share,0.1931,999_j
ZA,South Africa,2014,top1_share,0.1931,999_j
ZA,South Africa,2015,top1_share,0.1931,999_j
ZA,South Africa,2016,top1_share,0.1931,999_j
ZA,South Africa,2017,top1_share,0.1931,999_j
ZA,South Africa,2018,top1_share,0.1931,999_j
ZA,South Africa,2019,top1_share,0.1931,999_j
ZA,South Africa,2020,top1_share,0.1931,999_j
ZA,South Africa,2021,top1_share,0.1931,999_j
ZA,South Africa,2022,top1_share,0.1931,999_j
ZA,South Africa,2023,top1_share,0.1931,999_j
ZA,South Africa,2024,top1_share,0.2193,999_j
