{"type": "FeatureCollection", "features": [{"type": "Feature", "properties": {"NAME": null, "MTFCC": "H2030", "AREAWATER": "107796"}, "geometry": {"type": "Polygon", "coordinates": [[[-87.99463, 41.72959], [-87.99466, 41.72958], [-87.9946, 41.72949], [-87.99453, 41.72923], [-87.99433, 41.72911], [-87.99403, 41.72906], [-87.9937, 41.72907], [-87.99331, 41.72917], [-87.99324, 41.72917], [-87.9932, 41.72911], [-87.99309, 41.72899], [-87.99303, 41.72887], [-87.99301, 41.72883], [-87.99299, 41.72879], [-87.99294, 41.72866], [-87.99288, 41.72855], [-87.99285, 41.72852], [-87.99275, 41.72836], [-87.99262, 41.72821], [-87.99259, 41.72818], [-87.99255, 41.72817], [-87.99248, 41.72814], [-87.99236, 41.72812], [-87.99231, 41.72812], [-87.99225, 41.72813], [-87.99216, 41.72816], [-87.9921, 41.72817], [-87.99205, 41.72816], [-87.99192, 41.72813], [-87.9919, 41.72813], [-87.99184, 41.72812], [-87.99176, 41.7281], [-87.99172, 41.72805], [-87.9917, 41.72807], [-87.99168, 41.72808], [-87.99165, 41.72809], [-87.99162, 41.72808], [-87.99149, 41.72809], [-87.99138, 41.72808], [-87.9912, 41.72808], [-87.99098, 41.72805], [-87.99088, 41.72803], [-87.99073, 41.72796], [-87.99044, 41.72788], [-87.99026, 41.72781], [-87.99023, 41.7278], [-87.99016, 41.72777], [-87.9901, 41.72776], [-87.99003, 41.72772], [-87.98986, 41.72766], [-87.98969, 41.72757], [-87.98965, 41.72754], [-87.98964, 41.72752], [-87.98959, 41.72749], [-87.98951, 41.72746], [-87.98946, 41.72743], [-87.98935, 41.72739], [-87.98922, 41.72732], [-87.98909, 41.72728], [-87.98906, 41.72726], [-87.98904, 41.72724], [-87.98903, 41.72721], [-87.98903, 41.72717], [-87.98906, 41.72707], [-87.98908, 41.72705], [-87.98908, 41.72703], [-87.98908, 41.72696], [-87.98905, 41.72691], [-87.98901, 41.72686], [-87.98893, 41.72682], [-87.98884, 41.72678], [-87.9888, 41.72675], [-87.98878, 41.72672], [-87.98877, 41.72669], [-87.98875, 41.72668], [-87.98873, 41.72667], [-87.98874, 41.72664], [-87.98878, 41.72662], [-87.9888, 41.72661], [-87.98885, 41.72656], [-87.98892, 41.72651], [-87.98902, 41.72645], [-87.98903, 41.72643], [-87.98906, 41.72642], [-87.98908, 41.7264], [-87.98903, 41.7264], [-87.98901, 41.7263], [-87.98904, 41.72628], [-87.98899, 41.72626], [-87.98893, 41.72619], [-87.98885, 41.72611], [-87.98876, 41.72601], [-87.98868, 41.72593], [-87.98859, 41.72583], [-87.98851, 41.72575], [-87.98843, 41.72566], [-87.98837, 41.72557], [-87.98834, 41.72552], [-87.9883, 41.72547], [-87.98828, 41.72543], [-87.98828, 41.72541], [-87.98827, 41.72538], [-87.98825, 41.72536], [-87.98824, 41.72532], [-87.98824, 41.72529], [-87.98824, 41.72525], [-87.98823, 41.72522], [-87.98819, 41.72517], [-87.98816, 41.72515], [-87.98811, 41.72513], [-87.98803, 41.72514], [-87.98798, 41.72512], [-87.98795, 41.7251], [-87.98787, 41.72508], [-87.98783, 41.72508], [-87.98778, 41.72507], [-87.98774, 41.72503], [-87.98773, 41.72499], [-87.98771, 41.72494], [-87.98771, 41.72492], [-87.98774, 41.72487], [-87.9878, 41.72482], [-87.98783, 41.7248], [-87.98789, 41.72475], [-87.9879, 41.72472], [-87.9879, 41.7247], [-87.98783, 41.72468], [-87.98777, 41.72464], [-87.98758, 41.72456], [-87.98754, 41.72455], [-87.9875, 41.72455], [-87.98746, 41.72456], [-87.98743, 41.72457], [-87.98741, 41.72459], [-87.98739, 41.72462], [-87.98737, 41.72463], [-87.98725, 41.72469], [-87.98722, 41.72471], [-87.98717, 41.72479], [-87.98711, 41.72485], [-87.98706, 41.7249], [-87.98702, 41.72492], [-87.98698, 41.72495], [-87.98689, 41.72508], [-87.98687, 41.72509], [-87.98685, 41.72508], [-87.98683, 41.72506], [-87.98679, 41.72501], [-87.98674, 41.72499], [-87.98667, 41.72498], [-87.9866, 41.72496], [-87.98658, 41.72496], [-87.98653, 41.72498], [-87.98644, 41.72499], [-87.98641, 41.725], [-87.98639, 41.72502], [-87.98639, 41.72506], [-87.9864, 41.72509], [-87.98644, 41.72516], [-87.98646, 41.72519], [-87.98651, 41.72524], [-87.98654, 41.72528], [-87.98657, 41.72533], [-87.98659, 41.72541], [-87.9866, 41.72545], [-87.98659, 41.72547], [-87.98657, 41.72551], [-87.9865, 41.72559], [-87.98647, 41.72561], [-87.98641, 41.72564], [-87.98637, 41.72565], [-87.98625, 41.72569], [-87.98615, 41.72575], [-87.98612, 41.72576], [-87.98608, 41.72576], [-87.986, 41.72574], [-87.98591, 41.72573], [-87.98587, 41.72573], [-87.98583, 41.72575], [-87.98578, 41.72578], [-87.98572, 41.72582], [-87.98568, 41.72586], [-87.98562, 41.7259], [-87.98551, 41.72601], [-87.98549, 41.72603], [-87.98542, 41.72613], [-87.98532, 41.72618], [-87.98516, 41.72622], [-87.98501, 41.72624], [-87.98495, 41.72627], [-87.98491, 41.72632], [-87.9849, 41.72638], [-87.98491, 41.72642], [-87.98495, 41.72654], [-87.98495, 41.72657], [-87.98496, 41.72668], [-87.98496, 41.7267], [-87.98496, 41.72674], [-87.98494, 41.72677], [-87.98492, 41.7268], [-87.98488, 41.72681], [-87.9848, 41.72679], [-87.98477, 41.72678], [-87.98476, 41.7268], [-87.98473, 41.72683], [-87.98469, 41.72685], [-87.98467, 41.72686], [-87.98464, 41.72686], [-87.98454, 41.72686], [-87.98444, 41.72684], [-87.98439, 41.72683], [-87.98433, 41.72683], [-87.98431, 41.72683], [-87.98424, 41.72683], [-87.98422, 41.72683], [-87.98409, 41.72682], [-87.98408, 41.72684], [-87.98404, 41.72685], [-87.98401, 41.72683], [-87.98392, 41.72673], [-87.98376, 41.72662], [-87.98373, 41.72659], [-87.98369, 41.72656], [-87.98367, 41.72654], [-87.98364, 41.72651], [-87.98358, 41.72647], [-87.98357, 41.72645], [-87.98355, 41.72643], [-87.98351, 41.7264], [-87.98335, 41.72624], [-87.98328, 41.72618], [-87.98325, 41.72615], [-87.98319, 41.7261], [-87.9831, 41.72606], [-87.98306, 41.72603], [-87.98303, 41.72602], [-87.98298, 41.72603], [-87.98295, 41.72604], [-87.98292, 41.72604], [-87.9829, 41.72602], [-87.98289, 41.72599], [-87.98283, 41.72595], [-87.9828, 41.72593], [-87.9828, 41.7259], [-87.9828, 41.72586], [-87.9828, 41.72583], [-87.98278, 41.7258], [-87.98275, 41.72578], [-87.98263, 41.72575], [-87.98261, 41.72573], [-87.98263, 41.72571], [-87.98266, 41.72569], [-87.98268, 41.72568], [-87.98272, 41.72561], [-87.98273, 41.72557], [-87.98275, 41.7255], [-87.98275, 41.72544], [-87.98276, 41.72537], [-87.98274, 41.7253], [-87.98269, 41.7252], [-87.98263, 41.72511], [-87.98265, 41.72505], [-87.98267, 41.72503], [-87.98269, 41.72496], [-87.98271, 41.72494], [-87.98278, 41.72489], [-87.98279, 41.72486], [-87.98281, 41.72479], [-87.98281, 41.72473], [-87.98287, 41.72461], [-87.98292, 41.72456], [-87.98296, 41.72454], [-87.98302, 41.72452], [-87.98306, 41.72454], [-87.98309, 41.72457], [-87.98313, 41.72463], [-87.98316, 41.72465], [-87.98324, 41.72466], [-87.98328, 41.72464], [-87.98331, 41.72461], [-87.98336, 41.72452], [-87.98337, 41.72447], [-87.98337, 41.72444], [-87.98333, 41.72436], [-87.98334, 41.72433], [-87.98341, 41.72426], [-87.98344, 41.72425], [-87.98348, 41.72425], [-87.98354, 41.7243], [-87.98358, 41.72431], [-87.98361, 41.72431], [-87.98365, 41.7243], [-87.98373, 41.72426], [-87.9838, 41.72425], [-87.98382, 41.72424], [-87.98382, 41.7242], [-87.98381, 41.72418], [-87.98377, 41.72415], [-87.98375, 41.72413], [-87.98378, 41.72412], [-87.98389, 41.72411], [-87.98398, 41.72411], [-87.98406, 41.72413], [-87.9841, 41.72415], [-87.98412, 41.72418], [-87.98411, 41.7242], [-87.98413, 41.72422], [-87.98417, 41.72421], [-87.98423, 41.72417], [-87.98425, 41.72413], [-87.98427, 41.7241], [-87.98429, 41.72408], [-87.98443, 41.72401], [-87.98447, 41.724], [-87.98455, 41.72401], [-87.98458, 41.72399], [-87.9846, 41.72395], [-87.98462, 41.72392], [-87.98466, 41.7239], [-87.98468, 41.72387], [-87.98469, 41.72384], [-87.98469, 41.72382], [-87.98466, 41.7238], [-87.98468, 41.72377], [-87.98472, 41.72375], [-87.9848, 41.72374], [-87.98489, 41.72372], [-87.98492, 41.72372], [-87.98497, 41.72372], [-87.985, 41.7237], [-87.98511, 41.72363], [-87.98525, 41.72349], [-87.98528, 41.72344], [-87.98533, 41.72339], [-87.98537, 41.72338], [-87.98539, 41.72338], [-87.98543, 41.7234], [-87.98545, 41.72341], [-87.98553, 41.72338], [-87.98555, 41.7234], [-87.98555, 41.72345], [-87.98555, 41.72351], [-87.98556, 41.72353], [-87.98557, 41.72354], [-87.98563, 41.72354], [-87.98572, 41.72354], [-87.98583, 41.72353], [-87.98593, 41.72349], [-87.98594, 41.72347], [-87.98596, 41.72344], [-87.98603, 41.7234], [-87.98605, 41.72337], [-87.9861, 41.72332], [-87.98611, 41.72329], [-87.98613, 41.72327], [-87.98617, 41.72326], [-87.98619, 41.72324], [-87.98622, 41.72324], [-87.98627, 41.72322], [-87.98626, 41.7232], [-87.98627, 41.72317], [-87.98643, 41.72305], [-87.98651, 41.72297], [-87.98655, 41.72295], [-87.98661, 41.72295], [-87.98688, 41.72303], [-87.98692, 41.72302], [-87.9873, 41.72308], [-87.98732, 41.72306], [-87.98732, 41.72304], [-87.98727, 41.72299], [-87.98718, 41.72298], [-87.98716, 41.72297], [-87.98714, 41.72295], [-87.98711, 41.72291], [-87.98711, 41.7229], [-87.98712, 41.72286], [-87.98715, 41.72281], [-87.98717, 41.72279], [-87.98723, 41.7227], [-87.98723, 41.72268], [-87.98722, 41.72265], [-87.9872, 41.72256], [-87.98721, 41.72253], [-87.98718, 41.72253], [-87.98714, 41.72252], [-87.9871, 41.72253], [-87.98704, 41.72257], [-87.98699, 41.72264], [-87.98699, 41.72273], [-87.98697, 41.72278], [-87.98692, 41.72283], [-87.98689, 41.72285], [-87.98684, 41.72287], [-87.98678, 41.72293], [-87.98676, 41.72293], [-87.98673, 41.72293], [-87.98666, 41.72292], [-87.98661, 41.72292], [-87.98657, 41.72289], [-87.98655, 41.72289], [-87.98652, 41.7229], [-87.98649, 41.72292], [-87.98639, 41.723], [-87.98637, 41.72303], [-87.98631, 41.72311], [-87.98627, 41.72314], [-87.98623, 41.72315], [-87.98621, 41.72317], [-87.98618, 41.72319], [-87.98616, 41.72323], [-87.9861, 41.72327], [-87.98608, 41.72329], [-87.98605, 41.72334], [-87.98602, 41.72336], [-87.986, 41.7234], [-87.98594, 41.72342], [-87.98592, 41.72345], [-87.98588, 41.72348], [-87.98585, 41.72348], [-87.98579, 41.72349], [-87.98573, 41.72351], [-87.9857, 41.72351], [-87.98567, 41.72351], [-87.98563, 41.72351], [-87.98558, 41.72352], [-87.98558, 41.7235], [-87.98558, 41.72345], [-87.98557, 41.7234], [-87.98556, 41.72337], [-87.98555, 41.72335], [-87.98552, 41.72335], [-87.98549, 41.72337], [-87.98546, 41.72337], [-87.98541, 41.72336], [-87.98537, 41.72336], [-87.98534, 41.72337], [-87.98532, 41.72338], [-87.98529, 41.7234], [-87.98525, 41.72344], [-87.98523, 41.72348], [-87.98516, 41.72355], [-87.98509, 41.72362], [-87.985, 41.72369], [-87.98496, 41.7237], [-87.98486, 41.72371], [-87.98482, 41.7237], [-87.98475, 41.72372], [-87.98468, 41.72375], [-87.98457, 41.72378], [-87.98455, 41.72379], [-87.98453, 41.72381], [-87.98458, 41.72383], [-87.98457, 41.72388], [-87.98456, 41.72391], [-87.98453, 41.72392], [-87.98449, 41.72394], [-87.98447, 41.72395], [-87.98446, 41.72397], [-87.98445, 41.72399], [-87.98442, 41.72399], [-87.98439, 41.72401], [-87.98436, 41.72401], [-87.98423, 41.72404], [-87.98416, 41.72408], [-87.98397, 41.72409], [-87.98389, 41.72409], [-87.98377, 41.7241], [-87.98368, 41.72412], [-87.98363, 41.72412], [-87.98359, 41.72412], [-87.98354, 41.72413], [-87.98349, 41.72414], [-87.98345, 41.72416], [-87.98341, 41.72419], [-87.98338, 41.72422], [-87.98336, 41.72426], [-87.98331, 41.72432], [-87.9833, 41.72436], [-87.98334, 41.72445], [-87.98335, 41.72447], [-87.98334, 41.72451], [-87.98331, 41.72457], [-87.98327, 41.7246], [-87.98324, 41.72461], [-87.98321, 41.72462], [-87.98318, 41.72461], [-87.98316, 41.72459], [-87.98311, 41.72453], [-87.98308, 41.72451], [-87.98304, 41.7245], [-87.983, 41.7245], [-87.98297, 41.72451], [-87.98288, 41.72455], [-87.98284, 41.72458], [-87.98281, 41.72463], [-87.98279, 41.7247], [-87.98277, 41.72483], [-87.98275, 41.72488], [-87.98269, 41.72492], [-87.98265, 41.72495], [-87.98261, 41.72508], [-87.98262, 41.72512], [-87.98269, 41.72525], [-87.98271, 41.72536], [-87.98271, 41.72552], [-87.9827, 41.72555], [-87.98266, 41.72564], [-87.98264, 41.72566], [-87.9826, 41.72568], [-87.98255, 41.72568], [-87.98252, 41.72568], [-87.98247, 41.72567], [-87.98244, 41.72566], [-87.9824, 41.72567], [-87.98237, 41.72568], [-87.98232, 41.7257], [-87.98213, 41.72569], [-87.9821, 41.72571], [-87.98206, 41.72575], [-87.98201, 41.72581], [-87.98198, 41.72581], [-87.98196, 41.72579], [-87.98192, 41.72578], [-87.98186, 41.72578], [-87.9818, 41.72578], [-87.98176, 41.72578], [-87.98163, 41.7258], [-87.98145, 41.72582], [-87.98139, 41.72582], [-87.98127, 41.72579], [-87.98119, 41.72578], [-87.98112, 41.72578], [-87.98107, 41.7258], [-87.98105, 41.72582], [-87.98104, 41.72585], [-87.98103, 41.72587], [-87.981, 41.72587], [-87.98093, 41.72585], [-87.98083, 41.72585], [-87.98077, 41.72584], [-87.98058, 41.7258], [-87.98053, 41.7258], [-87.98048, 41.7258], [-87.98035, 41.72583], [-87.98031, 41.72585], [-87.98017, 41.72587], [-87.98008, 41.72587], [-87.98001, 41.72589], [-87.97994, 41.72585], [-87.97988, 41.72584], [-87.97984, 41.72587], [-87.97978, 41.7259], [-87.97976, 41.72595], [-87.97974, 41.72596], [-87.97966, 41.72592], [-87.97956, 41.72589], [-87.9795, 41.72585], [-87.97949, 41.72583], [-87.97943, 41.72576], [-87.97936, 41.72572], [-87.97934, 41.72572], [-87.97933, 41.72574], [-87.97931, 41.72575], [-87.97931, 41.72578], [-87.9793, 41.7258], [-87.97927, 41.72581], [-87.97922, 41.72582], [-87.97917, 41.72586], [-87.97916, 41.7259], [-87.97914, 41.72594], [-87.97912, 41.72595], [-87.97915, 41.72598], [-87.97916, 41.72601], [-87.97914, 41.72603], [-87.9791, 41.72601], [-87.97905, 41.726], [-87.97885, 41.72599], [-87.97876, 41.72599], [-87.97872, 41.726], [-87.97861, 41.72599], [-87.97853, 41.72601], [-87.97848, 41.72604], [-87.97845, 41.72606], [-87.97838, 41.72613], [-87.97837, 41.72616], [-87.97836, 41.7262], [-87.97834, 41.72627], [-87.97836, 41.72631], [-87.97839, 41.72634], [-87.9784, 41.72636], [-87.97838, 41.7264], [-87.97832, 41.7264], [-87.9783, 41.72636], [-87.97824, 41.72631], [-87.97821, 41.72629], [-87.97816, 41.72628], [-87.97811, 41.72628], [-87.97801, 41.72632], [-87.97791, 41.72632], [-87.97785, 41.72633], [-87.9778, 41.72635], [-87.97774, 41.72636], [-87.97764, 41.72636], [-87.97754, 41.72635], [-87.97748, 41.72636], [-87.97745, 41.72638], [-87.9774, 41.72638], [-87.97736, 41.72638], [-87.97726, 41.72644], [-87.97721, 41.72645], [-87.97715, 41.72645], [-87.97711, 41.72645], [-87.97707, 41.72644], [-87.97693, 41.72645], [-87.9769, 41.72645], [-87.9767, 41.72643], [-87.97654, 41.72644], [-87.97642, 41.72642], [-87.97635, 41.72642], [-87.9763, 41.72641], [-87.97623, 41.72638], [-87.97616, 41.72634], [-87.97613, 41.72631], [-87.97607, 41.72627], [-87.97599, 41.72623], [-87.97579, 41.72616], [-87.97567, 41.72613], [-87.97555, 41.72609], [-87.97551, 41.72606], [-87.97546, 41.72605], [-87.97541, 41.72602], [-87.97533, 41.72601], [-87.97527, 41.72598], [-87.97521, 41.72598], [-87.97519, 41.72597], [-87.97513, 41.72593], [-87.9751, 41.7259], [-87.97508, 41.72587], [-87.97506, 41.72585], [-87.97503, 41.7258], [-87.97501, 41.72578], [-87.97495, 41.72576], [-87.9749, 41.72571], [-87.97486, 41.72571], [-87.97485, 41.72567], [-87.97485, 41.72565], [-87.97485, 41.72563], [-87.97483, 41.72562], [-87.97481, 41.7256], [-87.9748, 41.72557], [-87.97481, 41.72546], [-87.97483, 41.7254], [-87.97484, 41.72538], [-87.97486, 41.72538], [-87.97491, 41.72535], [-87.9749, 41.72532], [-87.97491, 41.72529], [-87.97493, 41.72523], [-87.97493, 41.72517], [-87.97494, 41.72515], [-87.97497, 41.72512], [-87.97499, 41.72511], [-87.975, 41.72508], [-87.97502, 41.72503], [-87.97502, 41.725], [-87.97502, 41.72495], [-87.97504, 41.7249], [-87.9751, 41.72483], [-87.97514, 41.7248], [-87.97516, 41.72476], [-87.97516, 41.72473], [-87.97516, 41.72468], [-87.97519, 41.72464], [-87.97519, 41.72462], [-87.97513, 41.72454], [-87.97511, 41.72449], [-87.9751, 41.72447], [-87.97509, 41.72444], [-87.97509, 41.72442], [-87.97511, 41.72439], [-87.97512, 41.72437], [-87.97514, 41.72433], [-87.97512, 41.72431], [-87.9751, 41.72427], [-87.9751, 41.72424], [-87.97511, 41.72421], [-87.97512, 41.72419], [-87.97511, 41.72417], [-87.97509, 41.72413], [-87.97508, 41.7241], [-87.97505, 41.72404], [-87.97504, 41.72399], [-87.97504, 41.72393], [-87.97505, 41.72391], [-87.97515, 41.72392], [-87.9753, 41.72398], [-87.97537, 41.724], [-87.97543, 41.72405], [-87.97547, 41.72404], [-87.97538, 41.72399], [-87.97523, 41.72392], [-87.97516, 41.72391], [-87.97511, 41.7239], [-87.97505, 41.72389], [-87.97503, 41.72378], [-87.97504, 41.72371], [-87.97503, 41.72364], [-87.97501, 41.72359], [-87.97495, 41.72343], [-87.9749, 41.72338], [-87.97489, 41.72336], [-87.97491, 41.7233], [-87.97491, 41.72327], [-87.97487, 41.72311], [-87.97483, 41.72305], [-87.9748, 41.72302], [-87.97473, 41.72294], [-87.9747, 41.72292], [-87.97468, 41.72289], [-87.9746, 41.72285], [-87.97458, 41.72282], [-87.97425, 41.72259], [-87.97418, 41.72253], [-87.97412, 41.72249], [-87.97405, 41.72247], [-87.97401, 41.72247], [-87.97397, 41.72246], [-87.97388, 41.72245], [-87.97383, 41.72246], [-87.97379, 41.72248], [-87.97372, 41.72255], [-87.97368, 41.72256], [-87.97362, 41.72257], [-87.97353, 41.72257], [-87.97351, 41.72256], [-87.97346, 41.72256], [-87.97344, 41.72254], [-87.9734, 41.72252], [-87.97327, 41.72248], [-87.9732, 41.72245], [-87.97315, 41.72239], [-87.97306, 41.72232], [-87.97293, 41.72223], [-87.97287, 41.7222], [-87.97284, 41.72217], [-87.97271, 41.72194], [-87.97269, 41.72192], [-87.97265, 41.72192], [-87.97258, 41.72194], [-87.97222, 41.72221], [-87.97216, 41.72225], [-87.97206, 41.72228], [-87.97183, 41.72233], [-87.97174, 41.72234], [-87.97166, 41.72229], [-87.97161, 41.72224], [-87.97159, 41.7222], [-87.97155, 41.72214], [-87.97154, 41.72205], [-87.97149, 41.72191], [-87.97154, 41.72176], [-87.97152, 41.72167], [-87.97142, 41.72139], [-87.97137, 41.72131], [-87.97133, 41.72126], [-87.97128, 41.72122], [-87.97121, 41.72119], [-87.97119, 41.72114], [-87.9712, 41.7211], [-87.97123, 41.72106], [-87.97125, 41.72104], [-87.97126, 41.72097], [-87.97126, 41.72091], [-87.9712, 41.72066], [-87.97116, 41.72029], [-87.97116, 41.72012], [-87.97117, 41.72008], [-87.9712, 41.72006], [-87.9713, 41.72007], [-87.97121, 41.72004], [-87.97118, 41.72002], [-87.97118, 41.71999], [-87.97117, 41.71992], [-87.97115, 41.71986], [-87.97115, 41.71973], [-87.97109, 41.71966], [-87.97107, 41.71959], [-87.97101, 41.71943], [-87.97097, 41.71933], [-87.97084, 41.71906], [-87.9708, 41.71896], [-87.97069, 41.71867], [-87.97065, 41.7186], [-87.97058, 41.71847], [-87.97055, 41.71839], [-87.97046, 41.71822], [-87.97039, 41.71807], [-87.9704, 41.718], [-87.97038, 41.71789], [-87.97034, 41.71779], [-87.97024, 41.71756], [-87.97018, 41.71745], [-87.97015, 41.71737], [-87.97014, 41.7173], [-87.97011, 41.7173], [-87.97009, 41.71729], [-87.97005, 41.71725], [-87.97002, 41.71724], [-87.96999, 41.71724], [-87.96995, 41.71723], [-87.96982, 41.71717], [-87.96978, 41.71716], [-87.96975, 41.71714], [-87.96966, 41.7171], [-87.96952, 41.71703], [-87.96948, 41.71702], [-87.96932, 41.71699], [-87.96928, 41.71699], [-87.96925, 41.71698], [-87.96915, 41.71696], [-87.96912, 41.71695], [-87.96909, 41.71694], [-87.96864, 41.7169], [-87.96855, 41.7169], [-87.96837, 41.71688], [-87.96785, 41.71682], [-87.96777, 41.7168], [-87.96768, 41.71677], [-87.96763, 41.71674], [-87.96757, 41.71672], [-87.96752, 41.71669], [-87.96747, 41.71665], [-87.96738, 41.71654], [-87.96735, 41.71652], [-87.96732, 41.71651], [-87.96728, 41.71649], [-87.96726, 41.71645], [-87.9672, 41.71639], [-87.96712, 41.71628], [-87.96704, 41.71622], [-87.96701, 41.71617], [-87.96687, 41.71605], [-87.96679, 41.716], [-87.96668, 41.71593], [-87.96665, 41.7159], [-87.96664, 41.71585], [-87.96665, 41.7158], [-87.96666, 41.71575], [-87.96662, 41.71565], [-87.96655, 41.71556], [-87.96651, 41.71553], [-87.96644, 41.71546], [-87.96639, 41.71535], [-87.96636, 41.71529], [-87.96635, 41.71526], [-87.96632, 41.71522], [-87.96628, 41.71512], [-87.96629, 41.71509], [-87.96627, 41.71506], [-87.96614, 41.71495], [-87.9661, 41.71493], [-87.96607, 41.7149], [-87.96606, 41.71486], [-87.96606, 41.71481], [-87.96608, 41.71479], [-87.96607, 41.71473], [-87.96609, 41.7147], [-87.96611, 41.7147], [-87.96616, 41.71466], [-87.96617, 41.71464], [-87.96619, 41.7146], [-87.96623, 41.7145], [-87.96626, 41.71447], [-87.9663, 41.71445], [-87.96636, 41.71443], [-87.96645, 41.71441], [-87.96657, 41.7144], [-87.96668, 41.71436], [-87.96673, 41.71433], [-87.96676, 41.71431], [-87.96692, 41.71425], [-87.96698, 41.71421], [-87.96703, 41.71419], [-87.96708, 41.71419], [-87.96713, 41.7142], [-87.96715, 41.71425], [-87.96718, 41.71429], [-87.96721, 41.7143], [-87.96724, 41.7143], [-87.96729, 41.7143], [-87.96734, 41.7143], [-87.9674, 41.71432], [-87.96752, 41.71436], [-87.96762, 41.71441], [-87.96777, 41.71445], [-87.96779, 41.71445], [-87.96782, 41.71444], [-87.96785, 41.71444], [-87.96791, 41.71441], [-87.96793, 41.7144], [-87.96795, 41.71437], [-87.96798, 41.71435], [-87.96802, 41.71432], [-87.96806, 41.7143], [-87.9681, 41.71427], [-87.96815, 41.7142], [-87.96815, 41.71418], [-87.96817, 41.71414], [-87.9682, 41.71412], [-87.96826, 41.71406], [-87.96844, 41.71393], [-87.96848, 41.71387], [-87.96849, 41.71385], [-87.96848, 41.71382], [-87.96846, 41.71377], [-87.96847, 41.71375], [-87.96848, 41.71374], [-87.96845, 41.71371], [-87.96844, 41.71369], [-87.96839, 41.71363], [-87.96835, 41.71358], [-87.96825, 41.71345], [-87.9682, 41.71337], [-87.96816, 41.71331], [-87.96816, 41.71325], [-87.96817, 41.71319], [-87.96817, 41.71316], [-87.96815, 41.71313], [-87.96809, 41.71307], [-87.96807, 41.71304], [-87.96803, 41.71299], [-87.96797, 41.71296], [-87.96795, 41.71293], [-87.96786, 41.71289], [-87.96782, 41.71286], [-87.9677, 41.7128], [-87.96765, 41.71276], [-87.96764, 41.71274], [-87.96763, 41.71271], [-87.96764, 41.71268], [-87.96762, 41.71265], [-87.96762, 41.71261], [-87.96762, 41.71253], [-87.96764, 41.7124], [-87.96767, 41.71234], [-87.96769, 41.71227], [-87.96767, 41.71218], [-87.96771, 41.71212], [-87.96776, 41.71208], [-87.96798, 41.71207], [-87.9681, 41.71204], [-87.96823, 41.71197], [-87.96844, 41.71188], [-87.96851, 41.71185], [-87.96856, 41.71187], [-87.96857, 41.71194], [-87.96861, 41.71199], [-87.96866, 41.712], [-87.96875, 41.71205], [-87.96877, 41.71208], [-87.96881, 41.71216], [-87.96884, 41.71217], [-87.96886, 41.71218], [-87.96889, 41.71219], [-87.96891, 41.71223], [-87.96891, 41.71225], [-87.9689, 41.71227], [-87.96887, 41.71227], [-87.96887, 41.71229], [-87.96887, 41.71232], [-87.96891, 41.71234], [-87.969, 41.71239], [-87.96924, 41.71255], [-87.96942, 41.71266], [-87.96945, 41.71272], [-87.96953, 41.71283], [-87.96958, 41.71284], [-87.96966, 41.71285], [-87.96976, 41.71286], [-87.96978, 41.71287], [-87.96981, 41.71289], [-87.96991, 41.71292], [-87.96996, 41.71292], [-87.97001, 41.7129], [-87.97006, 41.71289], [-87.97011, 41.71288], [-87.97014, 41.71286], [-87.97016, 41.71285], [-87.97018, 41.71282], [-87.97018, 41.71279], [-87.97014, 41.71267], [-87.97012, 41.71263], [-87.97009, 41.71264], [-87.97008, 41.71262], [-87.97007, 41.71258], [-87.97011, 41.71257], [-87.97015, 41.71259], [-87.9702, 41.71259], [-87.97023, 41.71258], [-87.97025, 41.71255], [-87.97029, 41.71254], [-87.97034, 41.71254], [-87.97037, 41.71256], [-87.97041, 41.71254], [-87.97043, 41.71252], [-87.97046, 41.71249], [-87.97049, 41.7125], [-87.97052, 41.7125], [-87.97054, 41.71251], [-87.97056, 41.71255], [-87.97061, 41.71269], [-87.97072, 41.71288], [-87.97075, 41.7129], [-87.97077, 41.71292], [-87.97079, 41.71287], [-87.97079, 41.71283], [-87.9708, 41.71281], [-87.97083, 41.71279], [-87.97085, 41.71279], [-87.9709, 41.71278], [-87.97095, 41.71277], [-87.97099, 41.71276], [-87.97107, 41.71273], [-87.97112, 41.71273], [-87.97118, 41.71272], [-87.97123, 41.71271], [-87.97127, 41.71269], [-87.97132, 41.71263], [-87.97136, 41.71261], [-87.97141, 41.71258], [-87.97144, 41.71257], [-87.97147, 41.71254], [-87.97151, 41.71252], [-87.97154, 41.7125], [-87.97157, 41.71248], [-87.97161, 41.71247], [-87.97164, 41.71246], [-87.97173, 41.71241], [-87.97184, 41.71238], [-87.97198, 41.71236], [-87.97211, 41.71233], [-87.97207, 41.71233], [-87.97192, 41.71235], [-87.97186, 41.71228], [-87.97187, 41.71221], [-87.97197, 41.71216], [-87.97209, 41.71215], [-87.97222, 41.71217], [-87.97238, 41.71221], [-87.97251, 41.71217], [-87.97261, 41.71217], [-87.97258, 41.71215], [-87.97261, 41.71214], [-87.97268, 41.71211], [-87.97263, 41.7121], [-87.97265, 41.71206], [-87.97267, 41.71199], [-87.97261, 41.71197], [-87.97256, 41.71203], [-87.9725, 41.71198], [-87.97246, 41.71193], [-87.97243, 41.71186], [-87.97241, 41.71177], [-87.97233, 41.7117], [-87.97233, 41.71161], [-87.97231, 41.71153], [-87.97229, 41.71133], [-87.97241, 41.71127], [-87.97244, 41.71117], [-87.97243, 41.7111], [-87.97249, 41.71095], [-87.9725, 41.71084], [-87.97254, 41.71077], [-87.97254, 41.71067], [-87.97263, 41.71059], [-87.97267, 41.71043], [-87.97269, 41.71033], [-87.97269, 41.71027], [-87.97275, 41.7102], [-87.97279, 41.71018], [-87.97282, 41.71018], [-87.97284, 41.71023], [-87.9729, 41.71028], [-87.973, 41.7103], [-87.97309, 41.71029], [-87.97322, 41.71024], [-87.97328, 41.71018], [-87.97336, 41.71017], [-87.97352, 41.71017], [-87.97368, 41.71019], [-87.97381, 41.71018], [-87.97401, 41.71011], [-87.97415, 41.71002], [-87.97428, 41.70992], [-87.97441, 41.70986], [-87.97447, 41.70986], [-87.97458, 41.70989], [-87.97475, 41.70993], [-87.97485, 41.70998], [-87.97485, 41.70996], [-87.97481, 41.70993], [-87.97474, 41.7099], [-87.97456, 41.70987], [-87.97445, 41.70983], [-87.97438, 41.70984], [-87.97425, 41.70989], [-87.97419, 41.70995], [-87.97409, 41.71003], [-87.97383, 41.71015], [-87.97376, 41.71016], [-87.97367, 41.71016], [-87.97356, 41.71014], [-87.97344, 41.71014], [-87.97338, 41.71012], [-87.97334, 41.71013], [-87.97325, 41.71016], [-87.97321, 41.7102], [-87.97312, 41.71025], [-87.97302, 41.71028], [-87.97294, 41.71027], [-87.97287, 41.71024], [-87.97289, 41.7102], [-87.97288, 41.71017], [-87.97282, 41.71016], [-87.97277, 41.71016], [-87.97267, 41.71024], [-87.97259, 41.71023], [-87.97252, 41.71023], [-87.97238, 41.71033], [-87.9723, 41.71035], [-87.97219, 41.7104], [-87.97213, 41.71045], [-87.97217, 41.71055], [-87.97211, 41.71057], [-87.97206, 41.71061], [-87.97204, 41.71068], [-87.97196, 41.71074], [-87.9719, 41.71077], [-87.97192, 41.71085], [-87.97198, 41.71088], [-87.97202, 41.71092], [-87.97205, 41.71099], [-87.97204, 41.71104], [-87.97205, 41.71115], [-87.97208, 41.71123], [-87.97214, 41.71127], [-87.97221, 41.71134], [-87.97224, 41.71148], [-87.97228, 41.71158], [-87.97229, 41.71165], [-87.97233, 41.71176], [-87.97238, 41.71184], [-87.97244, 41.71195], [-87.97248, 41.712], [-87.97253, 41.71205], [-87.97253, 41.71211], [-87.9725, 41.71215], [-87.9724, 41.71218], [-87.97234, 41.71219], [-87.97228, 41.71217], [-87.97219, 41.71213], [-87.97214, 41.71209], [-87.97202, 41.7121], [-87.97191, 41.71207], [-87.97183, 41.71203], [-87.97178, 41.71202], [-87.97176, 41.71201], [-87.97171, 41.71199], [-87.97169, 41.712], [-87.97162, 41.71202], [-87.97144, 41.71204], [-87.97139, 41.71204], [-87.97134, 41.71204], [-87.97129, 41.71206], [-87.97124, 41.71211], [-87.9712, 41.71216], [-87.97115, 41.71217], [-87.97112, 41.71218], [-87.97109, 41.71219], [-87.97107, 41.71222], [-87.97101, 41.71227], [-87.97098, 41.71227], [-87.97092, 41.71222], [-87.97087, 41.71221], [-87.97083, 41.71222], [-87.9708, 41.71223], [-87.97077, 41.71226], [-87.97074, 41.71228], [-87.97066, 41.7123], [-87.97061, 41.71232], [-87.9705, 41.7124], [-87.9705, 41.71244], [-87.97048, 41.71246], [-87.97046, 41.71247], [-87.97037, 41.71246], [-87.97035, 41.71247], [-87.97032, 41.71246], [-87.9702, 41.71248], [-87.97018, 41.7125], [-87.97017, 41.71252], [-87.97009, 41.71252], [-87.97006, 41.71251], [-87.97002, 41.71251], [-87.97001, 41.71252], [-87.97, 41.71256], [-87.97002, 41.7126], [-87.97003, 41.71264], [-87.97008, 41.71267], [-87.97012, 41.71274], [-87.97011, 41.71277], [-87.9701, 41.7128], [-87.97006, 41.71284], [-87.97003, 41.71285], [-87.96996, 41.71287], [-87.96992, 41.71288], [-87.96989, 41.71288], [-87.96986, 41.71287], [-87.96984, 41.71285], [-87.96975, 41.71282], [-87.9697, 41.71281], [-87.96965, 41.71282], [-87.96958, 41.71282], [-87.96955, 41.71281], [-87.96947, 41.71271], [-87.96943, 41.71264], [-87.96943, 41.71259], [-87.9694, 41.71257], [-87.96924, 41.71248], [-87.96899, 41.71233], [-87.96894, 41.7123], [-87.96893, 41.71228], [-87.96894, 41.71225], [-87.96894, 41.71222], [-87.96889, 41.71216], [-87.96886, 41.71216], [-87.96884, 41.71215], [-87.9688, 41.71208], [-87.96876, 41.71204], [-87.96861, 41.71196], [-87.96857, 41.71185], [-87.96858, 41.7118], [-87.96863, 41.71173], [-87.96866, 41.71165], [-87.96866, 41.71158], [-87.96867, 41.71154], [-87.9687, 41.71145], [-87.96872, 41.71121], [-87.96872, 41.7111], [-87.96869, 41.711], [-87.9686, 41.71077], [-87.96853, 41.71051], [-87.96849, 41.71042], [-87.96843, 41.71021], [-87.96838, 41.71011], [-87.96836, 41.71008], [-87.96831, 41.71], [-87.96821, 41.70992], [-87.96809, 41.70986], [-87.96803, 41.70984], [-87.96777, 41.70972], [-87.9677, 41.70971], [-87.96759, 41.70972], [-87.96748, 41.70973], [-87.96736, 41.70974], [-87.96724, 41.70976], [-87.96705, 41.70987], [-87.96698, 41.70992], [-87.96687, 41.70993], [-87.96674, 41.70991], [-87.9666, 41.70987], [-87.96639, 41.70974], [-87.9663, 41.7097], [-87.96618, 41.70968], [-87.96601, 41.70965], [-87.96562, 41.7096], [-87.96514, 41.70949], [-87.96501, 41.70941], [-87.96479, 41.70931], [-87.96468, 41.70923], [-87.96449, 41.70919], [-87.96435, 41.70914], [-87.9641, 41.70903], [-87.96398, 41.70897], [-87.96383, 41.70888], [-87.96373, 41.7088], [-87.96364, 41.70874], [-87.96357, 41.70867], [-87.96349, 41.70856], [-87.96346, 41.70847], [-87.96339, 41.70832], [-87.96329, 41.70821], [-87.96316, 41.70811], [-87.96304, 41.70798], [-87.96294, 41.70787], [-87.96287, 41.7078], [-87.96279, 41.70774], [-87.96277, 41.70772], [-87.96275, 41.7077], [-87.96273, 41.7076], [-87.96274, 41.70756], [-87.96276, 41.7075], [-87.96281, 41.70738], [-87.96288, 41.70728], [-87.963, 41.70718], [-87.96313, 41.70713], [-87.96322, 41.70711], [-87.96333, 41.70707], [-87.96348, 41.70701], [-87.96359, 41.70697], [-87.96366, 41.70694], [-87.96378, 41.70693], [-87.96395, 41.70694], [-87.96399, 41.70696], [-87.96406, 41.70702], [-87.96409, 41.70707], [-87.96431, 41.70714], [-87.9646, 41.70724], [-87.96472, 41.70725], [-87.96484, 41.70723], [-87.96496, 41.7072], [-87.96508, 41.70716], [-87.96518, 41.70708], [-87.96528, 41.70696], [-87.96532, 41.70688], [-87.96533, 41.70686], [-87.96543, 41.7067], [-87.96548, 41.70664], [-87.96553, 41.7066], [-87.96554, 41.70658], [-87.96556, 41.70658], [-87.96567, 41.70651], [-87.96577, 41.70649], [-87.96581, 41.70647], [-87.96589, 41.70644], [-87.96594, 41.70639], [-87.96599, 41.70634], [-87.96602, 41.70632], [-87.96606, 41.70629], [-87.96609, 41.70625], [-87.96611, 41.70622], [-87.96613, 41.70618], [-87.96617, 41.70606], [-87.96617, 41.70599], [-87.96615, 41.70593], [-87.96612, 41.70593], [-87.9661, 41.70591], [-87.96609, 41.70588], [-87.96609, 41.70584], [-87.96607, 41.70582], [-87.96604, 41.70578], [-87.96599, 41.70575], [-87.96595, 41.70573], [-87.96592, 41.70572], [-87.96587, 41.70573], [-87.96583, 41.70572], [-87.96577, 41.70567], [-87.9657, 41.70565], [-87.96562, 41.70563], [-87.96556, 41.70561], [-87.96546, 41.70559], [-87.96535, 41.70558], [-87.9653, 41.70558], [-87.9652, 41.70561], [-87.96518, 41.70562], [-87.96516, 41.70563], [-87.96513, 41.70563], [-87.96508, 41.7056], [-87.96504, 41.70559], [-87.96502, 41.70556], [-87.96498, 41.70553], [-87.96496, 41.7055], [-87.96493, 41.70548], [-87.9649, 41.70548], [-87.96485, 41.70544], [-87.96472, 41.70532], [-87.96469, 41.70529], [-87.96467, 41.70524], [-87.96467, 41.70521], [-87.96467, 41.70512], [-87.96468, 41.7051], [-87.96471, 41.70507], [-87.96474, 41.70505], [-87.9648, 41.70503], [-87.96485, 41.70503], [-87.96489, 41.70504], [-87.96497, 41.70507], [-87.96501, 41.70506], [-87.96506, 41.70505], [-87.96512, 41.70504], [-87.96517, 41.70504], [-87.96537, 41.70507], [-87.96543, 41.70506], [-87.96548, 41.70505], [-87.96553, 41.70504], [-87.96555, 41.70502], [-87.96557, 41.70501], [-87.96561, 41.705], [-87.9657, 41.70497], [-87.9658, 41.70491], [-87.96585, 41.70487], [-87.96588, 41.70484], [-87.96591, 41.7048], [-87.96594, 41.70472], [-87.96597, 41.70454], [-87.96597, 41.70426], [-87.96594, 41.70415], [-87.96594, 41.70409], [-87.96595, 41.70407], [-87.96598, 41.70407], [-87.96598, 41.70404], [-87.96598, 41.70395], [-87.96599, 41.70392], [-87.96599, 41.7039], [-87.96597, 41.70384], [-87.96597, 41.70378], [-87.96595, 41.70374], [-87.96594, 41.70358], [-87.96594, 41.70337], [-87.96596, 41.7033], [-87.96601, 41.70321], [-87.96604, 41.70313], [-87.96609, 41.70303], [-87.96615, 41.70293], [-87.9662, 41.70289], [-87.96634, 41.70275], [-87.96643, 41.70258], [-87.96651, 41.70246], [-87.96654, 41.7024], [-87.96657, 41.7023], [-87.96659, 41.7021], [-87.96658, 41.70197], [-87.96655, 41.7019], [-87.96656, 41.70186], [-87.96656, 41.70182], [-87.96658, 41.70179], [-87.96658, 41.70177], [-87.96656, 41.70169], [-87.96653, 41.70164], [-87.96648, 41.70157], [-87.96644, 41.70153], [-87.9664, 41.70149], [-87.9662, 41.70139], [-87.96616, 41.70136], [-87.96609, 41.7013], [-87.96595, 41.70119], [-87.9659, 41.70114], [-87.96585, 41.7011], [-87.96575, 41.70102], [-87.96564, 41.70092], [-87.9656, 41.70084], [-87.96557, 41.70074], [-87.96547, 41.70065], [-87.96547, 41.7006], [-87.96545, 41.70053], [-87.96542, 41.70043], [-87.96524, 41.70017], [-87.96516, 41.70008], [-87.96507, 41.70001], [-87.96499, 41.69996], [-87.96482, 41.69989], [-87.96475, 41.69987], [-87.96462, 41.69985], [-87.96453, 41.69981], [-87.96441, 41.69977], [-87.96427, 41.69967], [-87.96422, 41.6996], [-87.96419, 41.69953], [-87.96412, 41.69943], [-87.96409, 41.69936], [-87.9641, 41.69925], [-87.96408, 41.69919], [-87.96403, 41.69911], [-87.96383, 41.69887], [-87.96373, 41.6988], [-87.96364, 41.69876], [-87.9636, 41.69874], [-87.96354, 41.69875], [-87.96347, 41.69878], [-87.96338, 41.69876], [-87.96327, 41.6987], [-87.96327, 41.69868], [-87.96321, 41.69865], [-87.96309, 41.6986], [-87.963, 41.69856], [-87.96294, 41.69851], [-87.96285, 41.69838], [-87.96284, 41.69835], [-87.96284, 41.69832], [-87.96275, 41.69825], [-87.96269, 41.69816], [-87.96262, 41.69808], [-87.96261, 41.69804], [-87.96265, 41.69797], [-87.96267, 41.69792], [-87.96266, 41.69789], [-87.96265, 41.69785], [-87.96263, 41.69781], [-87.96256, 41.69781], [-87.9625, 41.69779], [-87.96242, 41.69773], [-87.96231, 41.69758], [-87.96228, 41.69754], [-87.9622, 41.69748], [-87.96217, 41.69747], [-87.96214, 41.69747], [-87.96211, 41.69748], [-87.96205, 41.69752], [-87.96199, 41.69758], [-87.96191, 41.69763], [-87.96183, 41.69766], [-87.96178, 41.69767], [-87.96166, 41.69764], [-87.96155, 41.69759], [-87.96145, 41.69753], [-87.96138, 41.69748], [-87.96133, 41.69743], [-87.96125, 41.69734], [-87.96111, 41.69722], [-87.96092, 41.69711], [-87.96083, 41.69708], [-87.96076, 41.69703], [-87.96071, 41.69701], [-87.96066, 41.69695], [-87.96066, 41.6969], [-87.96074, 41.69676], [-87.96077, 41.69668], [-87.96078, 41.69667], [-87.96073, 41.69649], [-87.96066, 41.69635], [-87.96046, 41.69635], [-87.9602, 41.69618], [-87.96004, 41.6961], [-87.95985, 41.69613], [-87.95994, 41.69614], [-87.96007, 41.6963], [-87.96016, 41.69635], [-87.96026, 41.6964], [-87.96039, 41.69643], [-87.96056, 41.69643], [-87.96064, 41.69637], [-87.96063, 41.69644], [-87.96059, 41.69653], [-87.96056, 41.69661], [-87.96057, 41.6967], [-87.96053, 41.69679], [-87.96048, 41.69687], [-87.96046, 41.69693], [-87.96048, 41.69703], [-87.96053, 41.69709], [-87.96063, 41.69715], [-87.96071, 41.69721], [-87.96076, 41.6973], [-87.96086, 41.69739], [-87.96108, 41.69753], [-87.96114, 41.6976], [-87.96118, 41.69763], [-87.9612, 41.6976], [-87.96117, 41.69755], [-87.96107, 41.69748], [-87.96089, 41.69737], [-87.96079, 41.69722], [-87.9608, 41.69718], [-87.96085, 41.69717], [-87.96099, 41.69722], [-87.96107, 41.69727], [-87.96119, 41.69738], [-87.96122, 41.69747], [-87.96124, 41.69755], [-87.96134, 41.69761], [-87.9616, 41.6977], [-87.96173, 41.69772], [-87.9618, 41.69772], [-87.96185, 41.69771], [-87.96189, 41.69771], [-87.96197, 41.69768], [-87.96203, 41.69764], [-87.96207, 41.69758], [-87.96212, 41.69752], [-87.96218, 41.69752], [-87.96227, 41.69758], [-87.96225, 41.69761], [-87.96229, 41.69766], [-87.9623, 41.6977], [-87.96231, 41.69777], [-87.96232, 41.69784], [-87.96231, 41.69789], [-87.96225, 41.6979], [-87.96225, 41.69796], [-87.96227, 41.69798], [-87.96231, 41.69801], [-87.96233, 41.69802], [-87.96238, 41.69807], [-87.96246, 41.69809], [-87.96251, 41.69812], [-87.96266, 41.69824], [-87.96271, 41.69833], [-87.96271, 41.69837], [-87.96276, 41.69838], [-87.96277, 41.6984], [-87.96277, 41.69843], [-87.96279, 41.69843], [-87.96284, 41.69849], [-87.96295, 41.6986], [-87.963, 41.69867], [-87.96308, 41.69876], [-87.96314, 41.69883], [-87.9632, 41.69896], [-87.96328, 41.69902], [-87.96325, 41.69897], [-87.96326, 41.69893], [-87.96329, 41.69892], [-87.96327, 41.6989], [-87.96315, 41.69878], [-87.96309, 41.69868], [-87.96303, 41.69863], [-87.96307, 41.69863], [-87.96312, 41.69866], [-87.96322, 41.69872], [-87.9633, 41.69877], [-87.96342, 41.69883], [-87.96351, 41.6988], [-87.96357, 41.69878], [-87.96362, 41.69878], [-87.96369, 41.69881], [-87.96377, 41.69886], [-87.96379, 41.69892], [-87.96387, 41.69898], [-87.96393, 41.69905], [-87.96398, 41.69916], [-87.96399, 41.69924], [-87.96398, 41.69927], [-87.96399, 41.69938], [-87.96403, 41.69947], [-87.96415, 41.69962], [-87.96423, 41.69971], [-87.96431, 41.69978], [-87.96441, 41.69985], [-87.9645, 41.6999], [-87.96457, 41.69991], [-87.96478, 41.69997], [-87.9649, 41.69999], [-87.96501, 41.70002], [-87.9651, 41.70009], [-87.96522, 41.70028], [-87.96526, 41.70034], [-87.96527, 41.70037], [-87.96533, 41.70044], [-87.96534, 41.70056], [-87.96538, 41.70064], [-87.96541, 41.70071], [-87.96544, 41.70076], [-87.96544, 41.70079], [-87.96547, 41.70086], [-87.96557, 41.70096], [-87.96567, 41.70108], [-87.96575, 41.70116], [-87.96583, 41.70122], [-87.96586, 41.70123], [-87.9659, 41.70128], [-87.96595, 41.70132], [-87.96611, 41.70144], [-87.96615, 41.70145], [-87.96625, 41.70149], [-87.96639, 41.70158], [-87.96643, 41.70163], [-87.96646, 41.70166], [-87.96648, 41.7017], [-87.96649, 41.70176], [-87.96647, 41.70195], [-87.96647, 41.70201], [-87.9665, 41.70212], [-87.9665, 41.70217], [-87.96649, 41.70224], [-87.96648, 41.70235], [-87.96641, 41.70249], [-87.96637, 41.70254], [-87.96631, 41.70264], [-87.96627, 41.70268], [-87.96623, 41.70271], [-87.9662, 41.70274], [-87.96616, 41.70279], [-87.9661, 41.70285], [-87.96599, 41.703], [-87.96596, 41.70309], [-87.96595, 41.70315], [-87.96593, 41.70319], [-87.96586, 41.70333], [-87.96583, 41.70343], [-87.96582, 41.70351], [-87.96583, 41.70363], [-87.96584, 41.70379], [-87.96585, 41.70387], [-87.96585, 41.70392], [-87.96583, 41.70402], [-87.96584, 41.70406], [-87.96583, 41.70417], [-87.96582, 41.7042], [-87.96582, 41.70422], [-87.96583, 41.70424], [-87.96582, 41.7043], [-87.96583, 41.70434], [-87.96583, 41.70438], [-87.96582, 41.70443], [-87.9658, 41.70448], [-87.96581, 41.70452], [-87.96587, 41.70459], [-87.96588, 41.70463], [-87.96587, 41.70467], [-87.96583, 41.70476], [-87.9658, 41.70482], [-87.96577, 41.70485], [-87.96572, 41.70488], [-87.96559, 41.70493], [-87.96553, 41.70494], [-87.96547, 41.70494], [-87.96534, 41.70493], [-87.96524, 41.70492], [-87.96518, 41.7049], [-87.96513, 41.70489], [-87.96508, 41.70489], [-87.96492, 41.70493], [-87.9648, 41.70497], [-87.96475, 41.705], [-87.96469, 41.70501], [-87.96466, 41.70502], [-87.96462, 41.70504], [-87.96457, 41.70511], [-87.96456, 41.70515], [-87.96458, 41.70527], [-87.96458, 41.70531], [-87.96466, 41.70547], [-87.96471, 41.70551], [-87.96476, 41.70555], [-87.96487, 41.70565], [-87.96488, 41.70567], [-87.96493, 41.70571], [-87.96497, 41.70576], [-87.96496, 41.7057], [-87.96499, 41.70568], [-87.96509, 41.70574], [-87.96513, 41.70577], [-87.96513, 41.70579], [-87.96517, 41.70578], [-87.96521, 41.70578], [-87.96524, 41.70579], [-87.96524, 41.70577], [-87.9652, 41.70575], [-87.9652, 41.70573], [-87.96523, 41.70569], [-87.96527, 41.70568], [-87.96538, 41.70568], [-87.96545, 41.70569], [-87.96551, 41.7057], [-87.96556, 41.70571], [-87.96563, 41.70573], [-87.96569, 41.70575], [-87.96573, 41.70577], [-87.96577, 41.70577], [-87.96589, 41.70581], [-87.96597, 41.70588], [-87.96605, 41.70596], [-87.96606, 41.706], [-87.96606, 41.70605], [-87.96605, 41.70608], [-87.96596, 41.70622], [-87.96585, 41.70632], [-87.96579, 41.70637], [-87.96576, 41.70641], [-87.96574, 41.70643], [-87.9656, 41.70649], [-87.96557, 41.70651], [-87.96544, 41.70657], [-87.96523, 41.70675], [-87.96521, 41.70693], [-87.96516, 41.70702], [-87.96508, 41.70708], [-87.96494, 41.70714], [-87.96488, 41.70718], [-87.96479, 41.70719], [-87.9647, 41.7072], [-87.96459, 41.70718], [-87.96413, 41.70697], [-87.96399, 41.70691], [-87.96388, 41.70688], [-87.96378, 41.70687], [-87.96369, 41.70688], [-87.96351, 41.70692], [-87.96335, 41.70698], [-87.96324, 41.70702], [-87.96313, 41.70706], [-87.96302, 41.7071], [-87.96291, 41.70716], [-87.96283, 41.70723], [-87.96277, 41.70731], [-87.96272, 41.7074], [-87.96266, 41.70755], [-87.96265, 41.70756], [-87.96266, 41.70762], [-87.96267, 41.70767], [-87.96269, 41.70774], [-87.96271, 41.70778], [-87.96278, 41.70786], [-87.96285, 41.7079], [-87.96295, 41.70801], [-87.96317, 41.70819], [-87.96324, 41.70827], [-87.96332, 41.7084], [-87.96336, 41.70848], [-87.96342, 41.70859], [-87.96356, 41.70877], [-87.96366, 41.70887], [-87.9638, 41.70898], [-87.96391, 41.70903], [-87.96417, 41.70915], [-87.96428, 41.70917], [-87.96443, 41.70924], [-87.96462, 41.70931], [-87.96474, 41.70936], [-87.96517, 41.70955], [-87.96533, 41.70961], [-87.9655, 41.70963], [-87.96591, 41.7097], [-87.96606, 41.70973], [-87.96617, 41.70975], [-87.96632, 41.7098], [-87.9664, 41.70985], [-87.96648, 41.70994], [-87.96657, 41.70998], [-87.9667, 41.70999], [-87.96686, 41.70999], [-87.96697, 41.70998], [-87.96703, 41.70995], [-87.96706, 41.70994], [-87.96707, 41.70992], [-87.9671, 41.70991], [-87.96713, 41.70988], [-87.96717, 41.70985], [-87.96727, 41.7098], [-87.96748, 41.70978], [-87.96757, 41.70978], [-87.9676, 41.70979], [-87.96769, 41.70983], [-87.96779, 41.70984], [-87.96795, 41.70991], [-87.96799, 41.70991], [-87.96807, 41.70993], [-87.96816, 41.70998], [-87.96824, 41.71004], [-87.96829, 41.71012], [-87.96832, 41.71023], [-87.96833, 41.7103], [-87.96844, 41.71065], [-87.96851, 41.71083], [-87.96859, 41.71106], [-87.96861, 41.7112], [-87.9686, 41.71137], [-87.96857, 41.71149], [-87.96856, 41.71154], [-87.96858, 41.71157], [-87.96855, 41.71165], [-87.96849, 41.71173], [-87.96826, 41.71187], [-87.96807, 41.71195], [-87.9679, 41.712], [-87.96778, 41.71203], [-87.96768, 41.71205], [-87.96761, 41.71213], [-87.96757, 41.7123], [-87.9675, 41.71249], [-87.96751, 41.71256], [-87.96751, 41.71272], [-87.96752, 41.71279], [-87.96755, 41.71282], [-87.96758, 41.71284], [-87.9676, 41.71284], [-87.96768, 41.71288], [-87.96777, 41.71292], [-87.96786, 41.71297], [-87.96798, 41.71309], [-87.96799, 41.71313], [-87.968, 41.71316], [-87.96802, 41.71319], [-87.96803, 41.71322], [-87.96803, 41.71326], [-87.96806, 41.7133], [-87.96806, 41.71333], [-87.96804, 41.71335], [-87.96806, 41.71338], [-87.96813, 41.71341], [-87.96815, 41.71344], [-87.96817, 41.7135], [-87.96834, 41.71368], [-87.96837, 41.71372], [-87.9684, 41.71382], [-87.9684, 41.71385], [-87.96839, 41.71388], [-87.96837, 41.7139], [-87.96831, 41.71396], [-87.96823, 41.71401], [-87.96819, 41.71403], [-87.96807, 41.71413], [-87.96804, 41.71422], [-87.96802, 41.71424], [-87.96799, 41.71426], [-87.9679, 41.71434], [-87.96785, 41.71437], [-87.96783, 41.71438], [-87.96779, 41.71439], [-87.96776, 41.71439], [-87.96769, 41.71437], [-87.9675, 41.71428], [-87.96742, 41.71425], [-87.96737, 41.71425], [-87.96727, 41.71424], [-87.96725, 41.71423], [-87.96723, 41.71421], [-87.9672, 41.71419], [-87.96717, 41.71415], [-87.96715, 41.71414], [-87.96712, 41.71413], [-87.96695, 41.71417], [-87.96693, 41.71418], [-87.96689, 41.71418], [-87.96671, 41.71425], [-87.96667, 41.71428], [-87.96658, 41.71431], [-87.96653, 41.71432], [-87.96648, 41.71434], [-87.96646, 41.71436], [-87.96642, 41.71438], [-87.96638, 41.71439], [-87.96628, 41.7144], [-87.96623, 41.71442], [-87.96618, 41.71446], [-87.96609, 41.71455], [-87.96607, 41.71459], [-87.96607, 41.71463], [-87.96606, 41.71465], [-87.96602, 41.71472], [-87.966, 41.71489], [-87.966, 41.71492], [-87.96602, 41.71496], [-87.96604, 41.71497], [-87.96608, 41.71502], [-87.96609, 41.71506], [-87.96613, 41.71513], [-87.9662, 41.71518], [-87.96623, 41.71521], [-87.96626, 41.71526], [-87.96625, 41.71529], [-87.96625, 41.71532], [-87.96628, 41.71533], [-87.96631, 41.71535], [-87.96634, 41.71542], [-87.96636, 41.71546], [-87.96642, 41.71553], [-87.96648, 41.7156], [-87.96655, 41.71567], [-87.96657, 41.71573], [-87.96658, 41.71577], [-87.96659, 41.7158], [-87.96658, 41.71584], [-87.96659, 41.71589], [-87.9666, 41.71593], [-87.96662, 41.71597], [-87.96667, 41.71601], [-87.96673, 41.71605], [-87.96695, 41.71621], [-87.96697, 41.71624], [-87.96701, 41.71627], [-87.96704, 41.71632], [-87.96706, 41.71634], [-87.96713, 41.71646], [-87.96718, 41.71652], [-87.96721, 41.71654], [-87.96729, 41.71657], [-87.96733, 41.71664], [-87.96737, 41.71667], [-87.96743, 41.71676], [-87.96749, 41.7168], [-87.9676, 41.71682], [-87.96777, 41.71686], [-87.96788, 41.71689], [-87.96795, 41.7169], [-87.96813, 41.71692], [-87.96827, 41.71693], [-87.96852, 41.71695], [-87.96867, 41.71698], [-87.96872, 41.71698], [-87.96892, 41.71698], [-87.96903, 41.717], [-87.9691, 41.71701], [-87.96919, 41.71702], [-87.96925, 41.71703], [-87.96942, 41.71706], [-87.96948, 41.71707], [-87.96973, 41.7172], [-87.96979, 41.71723], [-87.96998, 41.71729], [-87.97005, 41.71733], [-87.97007, 41.71737], [-87.97009, 41.71746], [-87.97015, 41.71758], [-87.97023, 41.71769], [-87.97028, 41.71781], [-87.97031, 41.71788], [-87.97031, 41.71794], [-87.97033, 41.71796], [-87.97034, 41.718], [-87.97034, 41.71808], [-87.97032, 41.7181], [-87.97032, 41.71813], [-87.97034, 41.71818], [-87.97039, 41.71825], [-87.97043, 41.71832], [-87.97047, 41.7184], [-87.97051, 41.71849], [-87.97055, 41.71857], [-87.97067, 41.71887], [-87.97077, 41.71906], [-87.97082, 41.71922], [-87.97088, 41.71932], [-87.97097, 41.7195], [-87.97107, 41.71974], [-87.97108, 41.71977], [-87.97107, 41.71983], [-87.97105, 41.71985], [-87.97105, 41.71988], [-87.97108, 41.71989], [-87.97108, 41.71997], [-87.97107, 41.72005], [-87.97108, 41.72012], [-87.97109, 41.72027], [-87.97109, 41.72035], [-87.9711, 41.72049], [-87.97111, 41.7206], [-87.9711, 41.72066], [-87.97113, 41.72065], [-87.97114, 41.7207], [-87.97117, 41.72078], [-87.97119, 41.7209], [-87.97118, 41.72097], [-87.97116, 41.72103], [-87.97113, 41.72108], [-87.97112, 41.72111], [-87.97109, 41.72114], [-87.97112, 41.72119], [-87.97119, 41.72125], [-87.97127, 41.72128], [-87.97132, 41.72134], [-87.97136, 41.72143], [-87.9714, 41.72152], [-87.97142, 41.72156], [-87.97149, 41.72175], [-87.97148, 41.72179], [-87.97141, 41.72191], [-87.97143, 41.72199], [-87.9715, 41.72216], [-87.97151, 41.72221], [-87.97153, 41.72227], [-87.97158, 41.72231], [-87.97163, 41.72235], [-87.97164, 41.72238], [-87.97166, 41.72242], [-87.97165, 41.7225], [-87.97163, 41.72258], [-87.9716, 41.72261], [-87.97153, 41.72271], [-87.97144, 41.72278], [-87.97136, 41.72285], [-87.97132, 41.72289], [-87.97125, 41.72296], [-87.97119, 41.72303], [-87.97116, 41.72307], [-87.97113, 41.72313], [-87.97111, 41.72317], [-87.9711, 41.7232], [-87.97107, 41.72323], [-87.97105, 41.72325], [-87.97108, 41.72326], [-87.9711, 41.72327], [-87.97112, 41.7233], [-87.97114, 41.72337], [-87.97116, 41.72351], [-87.97114, 41.72357], [-87.97112, 41.7236], [-87.97108, 41.72365], [-87.97105, 41.72369], [-87.97104, 41.72371], [-87.97098, 41.72376], [-87.97097, 41.72379], [-87.97094, 41.72381], [-87.97092, 41.72382], [-87.97079, 41.72381], [-87.97075, 41.72381], [-87.97065, 41.72379], [-87.97062, 41.72379], [-87.97059, 41.72381], [-87.97054, 41.72386], [-87.9705, 41.72396], [-87.97043, 41.72423], [-87.97046, 41.72432], [-87.97046, 41.72435], [-87.97048, 41.72437], [-87.97054, 41.7244], [-87.97065, 41.72444], [-87.97073, 41.72448], [-87.97085, 41.7246], [-87.97091, 41.72466], [-87.97104, 41.72479], [-87.97105, 41.72484], [-87.97106, 41.72492], [-87.97107, 41.72494], [-87.97107, 41.72499], [-87.97104, 41.72501], [-87.97103, 41.72503], [-87.97099, 41.72507], [-87.97087, 41.72513], [-87.97084, 41.72515], [-87.97078, 41.72521], [-87.97074, 41.72523], [-87.97066, 41.72528], [-87.97043, 41.72538], [-87.97039, 41.72538], [-87.97017, 41.72548], [-87.97003, 41.72553], [-87.96998, 41.72556], [-87.96995, 41.72559], [-87.9699, 41.72562], [-87.96985, 41.72565], [-87.96971, 41.72571], [-87.96956, 41.7258], [-87.96949, 41.72585], [-87.96948, 41.72588], [-87.96947, 41.72592], [-87.96944, 41.72597], [-87.96942, 41.72612], [-87.9694, 41.72617], [-87.96942, 41.72623], [-87.96943, 41.72627], [-87.96942, 41.7263], [-87.9694, 41.72632], [-87.96939, 41.72633], [-87.96933, 41.72637], [-87.9693, 41.72639], [-87.96923, 41.72644], [-87.96908, 41.72652], [-87.96903, 41.72654], [-87.96893, 41.72658], [-87.96886, 41.72663], [-87.96884, 41.72666], [-87.96883, 41.72672], [-87.96882, 41.72675], [-87.9688, 41.72678], [-87.96874, 41.72683], [-87.96865, 41.72689], [-87.96861, 41.72693], [-87.96855, 41.727], [-87.96843, 41.72708], [-87.96839, 41.72711], [-87.96836, 41.72713], [-87.96828, 41.72717], [-87.96824, 41.72717], [-87.96822, 41.72718], [-87.96819, 41.72721], [-87.96815, 41.72725], [-87.96807, 41.7274], [-87.96804, 41.72744], [-87.96798, 41.7275], [-87.96791, 41.72757], [-87.96791, 41.72759], [-87.96788, 41.72762], [-87.96774, 41.72773], [-87.96758, 41.72787], [-87.96751, 41.72793], [-87.96745, 41.72799], [-87.96732, 41.72811], [-87.96689, 41.72849], [-87.96676, 41.72862], [-87.9667, 41.72866], [-87.96636, 41.72888], [-87.96583, 41.72917], [-87.96566, 41.72927], [-87.96556, 41.72932], [-87.96549, 41.72936], [-87.96531, 41.72948], [-87.96524, 41.72951], [-87.96513, 41.72958], [-87.96488, 41.72971], [-87.96479, 41.72976], [-87.9646, 41.72987], [-87.96456, 41.72989], [-87.96452, 41.7299], [-87.96449, 41.72992], [-87.96444, 41.72994], [-87.96438, 41.72998], [-87.96434, 41.73003], [-87.96432, 41.73006], [-87.96433, 41.7301], [-87.96432, 41.73013], [-87.9643, 41.73015], [-87.96429, 41.7302], [-87.96429, 41.73023], [-87.9643, 41.73025], [-87.96432, 41.73028], [-87.96433, 41.73031], [-87.96434, 41.73035], [-87.96434, 41.73049], [-87.96433, 41.73054], [-87.96433, 41.73061], [-87.96435, 41.73087], [-87.96435, 41.73091], [-87.96431, 41.73095], [-87.96432, 41.73104], [-87.96432, 41.73114], [-87.96433, 41.73138], [-87.96433, 41.73153], [-87.96434, 41.73155], [-87.96437, 41.73158], [-87.96438, 41.73161], [-87.96438, 41.73168], [-87.96435, 41.7317], [-87.96435, 41.73182], [-87.96436, 41.7319], [-87.96435, 41.732], [-87.96434, 41.73202], [-87.96427, 41.73209], [-87.96424, 41.73211], [-87.96417, 41.73213], [-87.96402, 41.7322], [-87.96387, 41.73224], [-87.9638, 41.73228], [-87.96356, 41.73243], [-87.96352, 41.73244], [-87.96347, 41.73247], [-87.96317, 41.73269], [-87.96304, 41.73281], [-87.96299, 41.73287], [-87.96295, 41.73293], [-87.96291, 41.73295], [-87.96282, 41.73297], [-87.96274, 41.733], [-87.96269, 41.73304], [-87.96267, 41.73308], [-87.96266, 41.73315], [-87.96266, 41.7333], [-87.96267, 41.73338], [-87.96268, 41.73345], [-87.96268, 41.73353], [-87.96266, 41.7336], [-87.96262, 41.73365], [-87.96258, 41.73368], [-87.96249, 41.73371], [-87.96238, 41.73372], [-87.96201, 41.73372], [-87.96188, 41.73372], [-87.96158, 41.7337], [-87.9614, 41.73364], [-87.9611, 41.73351], [-87.96107, 41.7335], [-87.961, 41.73348], [-87.96097, 41.73346], [-87.96094, 41.7334], [-87.96094, 41.73336], [-87.96097, 41.7333], [-87.96096, 41.73327], [-87.96092, 41.73323], [-87.96087, 41.73321], [-87.96071, 41.73318], [-87.96064, 41.73314], [-87.96061, 41.7331], [-87.96057, 41.73307], [-87.96053, 41.73306], [-87.96046, 41.73306], [-87.96028, 41.73306], [-87.96013, 41.73306], [-87.95996, 41.73309], [-87.95987, 41.73307], [-87.95981, 41.73307], [-87.95975, 41.73308], [-87.95964, 41.7331], [-87.95961, 41.73311], [-87.95955, 41.73322], [-87.95955, 41.73327], [-87.95952, 41.7333], [-87.95946, 41.73332], [-87.95943, 41.73334], [-87.95942, 41.73336], [-87.95943, 41.7334], [-87.95942, 41.73344], [-87.95942, 41.73348], [-87.95947, 41.73354], [-87.95947, 41.73357], [-87.95944, 41.73359], [-87.9594, 41.73362], [-87.95932, 41.7337], [-87.95929, 41.73372], [-87.95923, 41.73374], [-87.95921, 41.73375], [-87.9592, 41.7338], [-87.95922, 41.73382], [-87.95925, 41.73384], [-87.95925, 41.73386], [-87.95922, 41.7339], [-87.95919, 41.73392], [-87.95917, 41.73395], [-87.95916, 41.73398], [-87.95916, 41.73405], [-87.95913, 41.73407], [-87.95906, 41.73408], [-87.95901, 41.73408], [-87.95898, 41.73408], [-87.95893, 41.7341], [-87.95888, 41.73413], [-87.95885, 41.73415], [-87.95881, 41.73416], [-87.95879, 41.73416], [-87.95876, 41.73416], [-87.95869, 41.73419], [-87.95864, 41.73421], [-87.95862, 41.73422], [-87.95862, 41.73425], [-87.95862, 41.7345], [-87.95861, 41.73469], [-87.95862, 41.73498], [-87.95864, 41.73507], [-87.95863, 41.73511], [-87.95864, 41.73518], [-87.95863, 41.73524], [-87.95866, 41.73543], [-87.95866, 41.73548], [-87.95862, 41.73561], [-87.9586, 41.73564], [-87.95858, 41.73572], [-87.95851, 41.73581], [-87.95843, 41.73587], [-87.95839, 41.73589], [-87.95835, 41.73591], [-87.95832, 41.73593], [-87.95829, 41.73597], [-87.95825, 41.736], [-87.95817, 41.73602], [-87.95812, 41.73602], [-87.9581, 41.73601], [-87.95805, 41.73601], [-87.95802, 41.73603], [-87.95798, 41.73609], [-87.95797, 41.73611], [-87.95797, 41.73614], [-87.95796, 41.73618], [-87.95783, 41.73646], [-87.95777, 41.7366], [-87.9577, 41.73675], [-87.95758, 41.73702], [-87.95754, 41.7371], [-87.95753, 41.73712], [-87.95745, 41.73714], [-87.95741, 41.73717], [-87.95737, 41.7372], [-87.95733, 41.73726], [-87.95729, 41.7373], [-87.95723, 41.73734], [-87.95721, 41.73737], [-87.9572, 41.73741], [-87.95715, 41.7375], [-87.95707, 41.73759], [-87.95695, 41.73776], [-87.9569, 41.73782], [-87.95666, 41.73802], [-87.95661, 41.73809], [-87.95654, 41.73815], [-87.95647, 41.7382], [-87.95636, 41.73826], [-87.95602, 41.73841], [-87.95574, 41.73852], [-87.95561, 41.73857], [-87.9555, 41.73862], [-87.95542, 41.73869], [-87.95525, 41.73892], [-87.95517, 41.73906], [-87.95514, 41.73915], [-87.95511, 41.73924], [-87.9551, 41.73935], [-87.95509, 41.73962], [-87.95509, 41.73982], [-87.95509, 41.74003], [-87.9551, 41.74017], [-87.95512, 41.74031], [-87.95512, 41.74041], [-87.95512, 41.74053], [-87.9551, 41.74063], [-87.95508, 41.74078], [-87.95506, 41.74087], [-87.95503, 41.74096], [-87.95499, 41.74104], [-87.95492, 41.74111], [-87.95479, 41.74115], [-87.95473, 41.74116], [-87.95443, 41.74116], [-87.95419, 41.74114], [-87.95401, 41.74112], [-87.95396, 41.74113], [-87.9539, 41.74114], [-87.95381, 41.7412], [-87.95369, 41.74127], [-87.95363, 41.74132], [-87.95359, 41.74135], [-87.9535, 41.74141], [-87.95343, 41.74146], [-87.95334, 41.74155], [-87.9533, 41.74156], [-87.9532, 41.7416], [-87.95312, 41.74163], [-87.95304, 41.7417], [-87.95297, 41.74179], [-87.9529, 41.74186], [-87.95277, 41.74198], [-87.9527, 41.74205], [-87.95246, 41.74223], [-87.9524, 41.74229], [-87.95234, 41.74235], [-87.95226, 41.74236], [-87.95207, 41.74236], [-87.95204, 41.74237], [-87.95195, 41.74237], [-87.95175, 41.74242], [-87.95166, 41.74242], [-87.95156, 41.74244], [-87.95127, 41.74252], [-87.9512, 41.74254], [-87.95107, 41.74256], [-87.95102, 41.74257], [-87.95095, 41.74257], [-87.9509, 41.74256], [-87.95063, 41.74247], [-87.95051, 41.74243], [-87.95041, 41.7424], [-87.95028, 41.74242], [-87.95022, 41.74241], [-87.95015, 41.74241], [-87.94992, 41.74235], [-87.94986, 41.74233], [-87.94975, 41.74231], [-87.94965, 41.74231], [-87.94958, 41.74232], [-87.94952, 41.74231], [-87.94941, 41.74228], [-87.94929, 41.74228], [-87.94923, 41.7423], [-87.94919, 41.74229], [-87.94919, 41.74237], [-87.94919, 41.74272], [-87.9492, 41.74291], [-87.94921, 41.7431], [-87.9492, 41.74318], [-87.9492, 41.74328], [-87.94921, 41.74342], [-87.94921, 41.74362], [-87.94923, 41.74385], [-87.94923, 41.74399], [-87.94924, 41.74431], [-87.94925, 41.74448], [-87.94925, 41.7445], [-87.94925, 41.7446], [-87.94926, 41.74465], [-87.94924, 41.74472], [-87.94928, 41.74481], [-87.94928, 41.74483], [-87.94924, 41.74487], [-87.94908, 41.74488], [-87.94873, 41.74488], [-87.94829, 41.7449], [-87.94815, 41.74491], [-87.94809, 41.74493], [-87.94809, 41.74496], [-87.94809, 41.745], [-87.9481, 41.74504], [-87.9481, 41.74509], [-87.94807, 41.74515], [-87.94806, 41.74523], [-87.94805, 41.74531], [-87.94806, 41.74538], [-87.94806, 41.74543], [-87.94807, 41.74554], [-87.94807, 41.74562], [-87.94806, 41.7457], [-87.948, 41.74578], [-87.94792, 41.74586], [-87.94789, 41.74588], [-87.94783, 41.74591], [-87.94774, 41.74593], [-87.94737, 41.74594], [-87.94705, 41.74593], [-87.94696, 41.74595], [-87.94693, 41.74598], [-87.94691, 41.74603], [-87.9469, 41.74608], [-87.9468, 41.74619], [-87.94687, 41.74615], [-87.94691, 41.7461], [-87.94693, 41.74609], [-87.94695, 41.74605], [-87.94698, 41.74599], [-87.94699, 41.74598], [-87.94701, 41.74596], [-87.94715, 41.74596], [-87.94741, 41.74596], [-87.9478, 41.74594], [-87.9479, 41.7459], [-87.94797, 41.74585], [-87.94802, 41.7458], [-87.94806, 41.74574], [-87.94811, 41.74564], [-87.94808, 41.74533], [-87.94808, 41.74519], [-87.94817, 41.74512], [-87.94816, 41.7451], [-87.94815, 41.74504], [-87.94814, 41.74501], [-87.94812, 41.74496], [-87.94816, 41.74494], [-87.94818, 41.74493], [-87.9483, 41.74492], [-87.94872, 41.74491], [-87.94908, 41.74491], [-87.94925, 41.74489], [-87.94931, 41.74483], [-87.94931, 41.74481], [-87.94927, 41.74472], [-87.94929, 41.74465], [-87.94928, 41.74457], [-87.94928, 41.74454], [-87.94928, 41.74451], [-87.94927, 41.74448], [-87.94926, 41.74438], [-87.94926, 41.74422], [-87.94926, 41.74387], [-87.94923, 41.74352], [-87.94924, 41.74349], [-87.94924, 41.74344], [-87.94922, 41.74326], [-87.94923, 41.74308], [-87.94922, 41.74277], [-87.94921, 41.74269], [-87.94921, 41.74259], [-87.94921, 41.74238], [-87.94925, 41.74232], [-87.94932, 41.7423], [-87.94943, 41.7423], [-87.94946, 41.74231], [-87.94949, 41.74233], [-87.94956, 41.74234], [-87.94966, 41.74234], [-87.94977, 41.74235], [-87.94986, 41.74237], [-87.95007, 41.74242], [-87.95022, 41.74243], [-87.95031, 41.74244], [-87.95038, 41.74243], [-87.95046, 41.74244], [-87.95053, 41.74248], [-87.95064, 41.74251], [-87.9509, 41.74259], [-87.95101, 41.74259], [-87.95112, 41.74258], [-87.95122, 41.74256], [-87.95133, 41.74253], [-87.95155, 41.74247], [-87.95163, 41.74246], [-87.95171, 41.74245], [-87.95199, 41.74241], [-87.95212, 41.74239], [-87.95231, 41.74239], [-87.95236, 41.74237], [-87.95243, 41.7423], [-87.95249, 41.74224], [-87.95256, 41.74218], [-87.95265, 41.74212], [-87.95285, 41.74194], [-87.95295, 41.74187], [-87.95305, 41.74177], [-87.9531, 41.7417], [-87.95315, 41.74165], [-87.95322, 41.74162], [-87.95333, 41.74159], [-87.95338, 41.74156], [-87.95345, 41.74151], [-87.95354, 41.74143], [-87.95362, 41.74135], [-87.95364, 41.74134], [-87.95368, 41.74132], [-87.95385, 41.7412], [-87.95391, 41.74117], [-87.95396, 41.74116], [-87.95401, 41.74115], [-87.95404, 41.74115], [-87.95422, 41.74117], [-87.95437, 41.74118], [-87.95473, 41.74119], [-87.9548, 41.74117], [-87.95486, 41.74116], [-87.95492, 41.74115], [-87.95499, 41.7411], [-87.95501, 41.74108], [-87.95505, 41.74102], [-87.95509, 41.74091], [-87.95511, 41.74083], [-87.95515, 41.74048], [-87.95514, 41.74006], [-87.95512, 41.73977], [-87.95511, 41.73953], [-87.95512, 41.73939], [-87.95513, 41.73933], [-87.95518, 41.73912], [-87.95526, 41.73895], [-87.95541, 41.73878], [-87.95549, 41.73867], [-87.95554, 41.73863], [-87.95564, 41.73858], [-87.95573, 41.73855], [-87.95584, 41.73851], [-87.95598, 41.73846], [-87.95604, 41.73844], [-87.95613, 41.73841], [-87.95627, 41.73833], [-87.95636, 41.73828], [-87.95651, 41.7382], [-87.9566, 41.73814], [-87.95665, 41.73809], [-87.95668, 41.73804], [-87.95676, 41.73798], [-87.9568, 41.73795], [-87.95688, 41.73788], [-87.95694, 41.73783], [-87.95698, 41.73778], [-87.95701, 41.73774], [-87.95705, 41.73766], [-87.95715, 41.73756], [-87.9572, 41.73751], [-87.95722, 41.73746], [-87.95725, 41.73738], [-87.95726, 41.73735], [-87.95731, 41.73732], [-87.95734, 41.7373], [-87.95738, 41.73725], [-87.95741, 41.7372], [-87.95744, 41.73717], [-87.95747, 41.73716], [-87.95751, 41.73715], [-87.9576, 41.73711], [-87.95762, 41.73709], [-87.95767, 41.73699], [-87.95778, 41.73671], [-87.95785, 41.73657], [-87.9579, 41.73644], [-87.95802, 41.73615], [-87.95804, 41.73611], [-87.95807, 41.73609], [-87.95808, 41.73606], [-87.95811, 41.73604], [-87.95813, 41.73604], [-87.9582, 41.73605], [-87.95823, 41.73605], [-87.95826, 41.73604], [-87.95836, 41.73594], [-87.95845, 41.7359], [-87.95852, 41.73585], [-87.95855, 41.73583], [-87.9586, 41.73575], [-87.95868, 41.73555], [-87.95869, 41.73553], [-87.95868, 41.73543], [-87.95869, 41.73538], [-87.95867, 41.73528], [-87.95867, 41.73505], [-87.95864, 41.73494], [-87.95864, 41.73488], [-87.95864, 41.73481], [-87.95864, 41.73476], [-87.95864, 41.73461], [-87.95866, 41.73442], [-87.95865, 41.73435], [-87.95865, 41.73425], [-87.95866, 41.73423], [-87.95869, 41.73421], [-87.95872, 41.7342], [-87.95875, 41.73419], [-87.95882, 41.73419], [-87.95885, 41.73418], [-87.95887, 41.73417], [-87.9589, 41.73414], [-87.95896, 41.73411], [-87.95902, 41.7341], [-87.95906, 41.7341], [-87.95911, 41.73409], [-87.95915, 41.73408], [-87.95918, 41.73407], [-87.95919, 41.73405], [-87.95919, 41.73402], [-87.95919, 41.73398], [-87.9592, 41.73396], [-87.95925, 41.73391], [-87.95927, 41.73387], [-87.95928, 41.73385], [-87.95927, 41.73383], [-87.95924, 41.73381], [-87.95923, 41.7338], [-87.95923, 41.73377], [-87.95925, 41.73376], [-87.9593, 41.73374], [-87.95932, 41.73373], [-87.95934, 41.7337], [-87.95939, 41.73368], [-87.95942, 41.73364], [-87.95948, 41.7336], [-87.9595, 41.73358], [-87.9595, 41.73356], [-87.9595, 41.73353], [-87.95948, 41.73351], [-87.95946, 41.73349], [-87.95946, 41.73342], [-87.95945, 41.73338], [-87.95947, 41.73335], [-87.9595, 41.73333], [-87.95953, 41.73332], [-87.95957, 41.73331], [-87.95958, 41.73328], [-87.95958, 41.73323], [-87.95959, 41.73321], [-87.95966, 41.73312], [-87.95968, 41.73312], [-87.95977, 41.73312], [-87.95982, 41.7331], [-87.95986, 41.7331], [-87.95992, 41.73311], [-87.95995, 41.73311], [-87.96013, 41.7331], [-87.96033, 41.73309], [-87.96035, 41.73309], [-87.96051, 41.73309], [-87.96057, 41.7331], [-87.96059, 41.73311], [-87.96063, 41.73316], [-87.96063, 41.73318], [-87.96064, 41.7332], [-87.9607, 41.73322], [-87.96079, 41.73324], [-87.96088, 41.73326], [-87.96091, 41.73327], [-87.96092, 41.73329], [-87.96091, 41.73334], [-87.96091, 41.73338], [-87.96093, 41.73345], [-87.96095, 41.73348], [-87.96097, 41.73349], [-87.96098, 41.73349], [-87.96107, 41.73352], [-87.9611, 41.73354], [-87.96115, 41.73356], [-87.96122, 41.73359], [-87.96142, 41.73367], [-87.96151, 41.73371], [-87.96159, 41.73373], [-87.96188, 41.73375], [-87.96201, 41.73374], [-87.96226, 41.73374], [-87.96246, 41.73373], [-87.96261, 41.73369], [-87.96264, 41.73366], [-87.96269, 41.7336], [-87.96272, 41.73354], [-87.96272, 41.73347], [-87.96271, 41.73338], [-87.96269, 41.73322], [-87.96271, 41.73309], [-87.96272, 41.73306], [-87.96278, 41.73301], [-87.96283, 41.73299], [-87.96294, 41.73298], [-87.96296, 41.73296], [-87.96301, 41.73291], [-87.96303, 41.73287], [-87.96307, 41.73282], [-87.96313, 41.73277], [-87.96325, 41.73266], [-87.96347, 41.7325], [-87.96358, 41.73244], [-87.96382, 41.73229], [-87.96389, 41.73226], [-87.96403, 41.73221], [-87.96425, 41.73213], [-87.96429, 41.7321], [-87.96434, 41.73207], [-87.96437, 41.73202], [-87.96439, 41.73204], [-87.96444, 41.73219], [-87.96446, 41.73224], [-87.96448, 41.73227], [-87.96453, 41.73232], [-87.96462, 41.73237], [-87.96464, 41.73242], [-87.96468, 41.73244], [-87.96479, 41.73249], [-87.96483, 41.7325], [-87.96488, 41.7325], [-87.96494, 41.73249], [-87.965, 41.73243], [-87.96509, 41.7324], [-87.96512, 41.7324], [-87.96515, 41.7324], [-87.96518, 41.7324], [-87.96527, 41.73239], [-87.96532, 41.73238], [-87.96541, 41.73237], [-87.96544, 41.73235], [-87.96545, 41.73232], [-87.96545, 41.73227], [-87.96543, 41.73224], [-87.96536, 41.7322], [-87.96536, 41.73218], [-87.96536, 41.73214], [-87.96534, 41.73216], [-87.96532, 41.7322], [-87.96533, 41.73224], [-87.96538, 41.73226], [-87.96539, 41.73229], [-87.96538, 41.73232], [-87.96535, 41.73234], [-87.96523, 41.73237], [-87.96517, 41.73237], [-87.96509, 41.73236], [-87.96505, 41.73236], [-87.96501, 41.73239], [-87.96491, 41.73245], [-87.96487, 41.73246], [-87.96483, 41.73246], [-87.96474, 41.73243], [-87.96469, 41.73243], [-87.96465, 41.73237], [-87.9646, 41.73232], [-87.96453, 41.73229], [-87.96451, 41.73227], [-87.96447, 41.7322], [-87.96445, 41.73214], [-87.96442, 41.73205], [-87.96442, 41.732], [-87.9644, 41.73194], [-87.9644, 41.73184], [-87.9644, 41.73181], [-87.96438, 41.73178], [-87.96438, 41.73172], [-87.96441, 41.73168], [-87.9644, 41.73142], [-87.96439, 41.73138], [-87.96435, 41.73129], [-87.96435, 41.73125], [-87.96435, 41.73121], [-87.96437, 41.73115], [-87.96438, 41.73112], [-87.96437, 41.73106], [-87.96437, 41.73098], [-87.96438, 41.73088], [-87.96437, 41.73032], [-87.96433, 41.73018], [-87.96433, 41.73015], [-87.96435, 41.73013], [-87.96438, 41.73005], [-87.96439, 41.73003], [-87.9644, 41.73], [-87.96446, 41.72996], [-87.96455, 41.72992], [-87.96461, 41.7299], [-87.96466, 41.72988], [-87.96485, 41.72976], [-87.96495, 41.72971], [-87.96517, 41.72959], [-87.96536, 41.72948], [-87.96601, 41.7291], [-87.96645, 41.72886], [-87.96668, 41.72872], [-87.96686, 41.72857], [-87.96689, 41.72854], [-87.96714, 41.72831], [-87.96717, 41.72829], [-87.96732, 41.72815], [-87.9676, 41.7279], [-87.96771, 41.72779], [-87.96788, 41.72766], [-87.96801, 41.72754], [-87.96805, 41.7275], [-87.96813, 41.72738], [-87.96817, 41.72731], [-87.96822, 41.72726], [-87.96828, 41.7272], [-87.96832, 41.72718], [-87.96839, 41.72715], [-87.96846, 41.72712], [-87.96855, 41.72705], [-87.96862, 41.72697], [-87.9687, 41.72689], [-87.96879, 41.72684], [-87.96883, 41.72681], [-87.96885, 41.72678], [-87.96887, 41.72675], [-87.96887, 41.72672], [-87.96889, 41.72666], [-87.96891, 41.72664], [-87.96894, 41.72663], [-87.96897, 41.72662], [-87.96903, 41.72658], [-87.96921, 41.72649], [-87.9693, 41.72644], [-87.96935, 41.72641], [-87.96943, 41.72633], [-87.96946, 41.7263], [-87.96947, 41.72627], [-87.96947, 41.72622], [-87.96946, 41.72615], [-87.96951, 41.72595], [-87.96957, 41.72584], [-87.96959, 41.72583], [-87.96964, 41.7258], [-87.96983, 41.72571], [-87.96987, 41.7257], [-87.96989, 41.72568], [-87.96997, 41.72563], [-87.97005, 41.72557], [-87.97008, 41.72555], [-87.97024, 41.7255], [-87.97034, 41.72545], [-87.97053, 41.72537], [-87.97067, 41.72533], [-87.97081, 41.72525], [-87.97092, 41.72516], [-87.97097, 41.72513], [-87.9711, 41.72504], [-87.97113, 41.72503], [-87.97114, 41.725], [-87.97113, 41.72493], [-87.97109, 41.72479], [-87.97107, 41.72478], [-87.97104, 41.72473], [-87.97094, 41.72462], [-87.97086, 41.72454], [-87.9708, 41.72449], [-87.97077, 41.72445], [-87.97066, 41.72439], [-87.97058, 41.72436], [-87.97053, 41.72434], [-87.97051, 41.72431], [-87.9705, 41.72421], [-87.97051, 41.72416], [-87.97054, 41.72406], [-87.97053, 41.72404], [-87.97055, 41.724], [-87.97056, 41.72398], [-87.97054, 41.72396], [-87.97055, 41.72394], [-87.97058, 41.72396], [-87.9706, 41.72395], [-87.9706, 41.7239], [-87.97061, 41.72387], [-87.97063, 41.72386], [-87.97067, 41.72383], [-87.97075, 41.72382], [-87.97085, 41.72384], [-87.97089, 41.72385], [-87.97092, 41.72387], [-87.97094, 41.72387], [-87.97098, 41.72385], [-87.97099, 41.72383], [-87.971, 41.72381], [-87.97101, 41.72378], [-87.97105, 41.72374], [-87.97109, 41.72367], [-87.97116, 41.72358], [-87.97119, 41.72353], [-87.97118, 41.72345], [-87.97114, 41.72328], [-87.97115, 41.72322], [-87.9712, 41.7231], [-87.97126, 41.72302], [-87.97134, 41.72293], [-87.97137, 41.72291], [-87.9714, 41.72289], [-87.97155, 41.72274], [-87.9716, 41.72268], [-87.9717, 41.72252], [-87.97173, 41.72247], [-87.97174, 41.72243], [-87.97173, 41.72239], [-87.97195, 41.72232], [-87.97203, 41.72231], [-87.97208, 41.72229], [-87.97221, 41.72226], [-87.97223, 41.72226], [-87.97247, 41.7221], [-87.97248, 41.72208], [-87.97252, 41.72205], [-87.97256, 41.72205], [-87.97258, 41.72204], [-87.97259, 41.72201], [-87.97262, 41.72199], [-87.97266, 41.722], [-87.97269, 41.72202], [-87.97275, 41.72214], [-87.97278, 41.72218], [-87.97281, 41.72221], [-87.97285, 41.72222], [-87.97294, 41.72227], [-87.97304, 41.72234], [-87.97314, 41.72244], [-87.97319, 41.72247], [-87.97323, 41.7225], [-87.97326, 41.72251], [-87.97336, 41.72254], [-87.97339, 41.72255], [-87.97342, 41.72257], [-87.97351, 41.7226], [-87.9736, 41.7226], [-87.97365, 41.7226], [-87.97372, 41.72258], [-87.97375, 41.72257], [-87.97381, 41.72251], [-87.97383, 41.7225], [-87.97394, 41.7225], [-87.97401, 41.72249], [-87.97408, 41.7225], [-87.97411, 41.72251], [-87.97424, 41.72263], [-87.97438, 41.72274], [-87.97447, 41.7228], [-87.97467, 41.72293], [-87.97468, 41.72295], [-87.97476, 41.72301], [-87.97481, 41.72307], [-87.97485, 41.72318], [-87.97486, 41.72325], [-87.97487, 41.72327], [-87.97488, 41.72331], [-87.97486, 41.72333], [-87.97485, 41.72338], [-87.97488, 41.72347], [-87.97491, 41.72349], [-87.97496, 41.72362], [-87.97498, 41.72369], [-87.975, 41.72378], [-87.975, 41.7239], [-87.975, 41.72396], [-87.97501, 41.72405], [-87.97502, 41.72408], [-87.97504, 41.7241], [-87.97505, 41.72414], [-87.97504, 41.72418], [-87.97505, 41.72431], [-87.97507, 41.72434], [-87.97509, 41.72436], [-87.97508, 41.72439], [-87.97505, 41.72441], [-87.97504, 41.72444], [-87.97505, 41.72447], [-87.97508, 41.72451], [-87.97511, 41.72457], [-87.97513, 41.72459], [-87.97516, 41.72462], [-87.97516, 41.72464], [-87.97513, 41.72466], [-87.97512, 41.72468], [-87.97514, 41.72474], [-87.97512, 41.72477], [-87.97509, 41.72479], [-87.97501, 41.72488], [-87.97499, 41.72494], [-87.97498, 41.72508], [-87.9749, 41.72516], [-87.9749, 41.72519], [-87.9749, 41.72522], [-87.97491, 41.72524], [-87.97488, 41.72528], [-87.97488, 41.72534], [-87.97484, 41.72536], [-87.9748, 41.72539], [-87.97479, 41.72541], [-87.97478, 41.72545], [-87.97478, 41.7255], [-87.97477, 41.72554], [-87.97477, 41.72557], [-87.97476, 41.7256], [-87.97478, 41.72562], [-87.9748, 41.72564], [-87.9748, 41.72566], [-87.97483, 41.72567], [-87.97482, 41.72572], [-87.97484, 41.72573], [-87.97489, 41.72574], [-87.97491, 41.72576], [-87.97494, 41.72578], [-87.97499, 41.7258], [-87.97507, 41.7259], [-87.97516, 41.72599], [-87.97519, 41.72601], [-87.97522, 41.72601], [-87.97526, 41.726], [-87.9753, 41.72601], [-87.97533, 41.72605], [-87.97533, 41.72608], [-87.97534, 41.72609], [-87.97535, 41.72612], [-87.97534, 41.72614], [-87.97526, 41.72614], [-87.97519, 41.7261], [-87.97504, 41.72601], [-87.97499, 41.72595], [-87.97496, 41.7259], [-87.97492, 41.72588], [-87.97476, 41.72595], [-87.97457, 41.726], [-87.97432, 41.72599], [-87.97421, 41.72601], [-87.97413, 41.72603], [-87.97405, 41.72608], [-87.97396, 41.72614], [-87.97382, 41.72635], [-87.97375, 41.72647], [-87.97368, 41.72656], [-87.9736, 41.72659], [-87.97352, 41.72657], [-87.97346, 41.72654], [-87.97344, 41.72652], [-87.97341, 41.72656], [-87.97341, 41.72664], [-87.97339, 41.72672], [-87.97343, 41.7268], [-87.9735, 41.7269], [-87.97357, 41.72694], [-87.97365, 41.72695], [-87.97373, 41.72694], [-87.97397, 41.72684], [-87.97408, 41.72682], [-87.97416, 41.72683], [-87.97418, 41.72684], [-87.97433, 41.72686], [-87.97443, 41.72686], [-87.97454, 41.72688], [-87.97463, 41.72688], [-87.97481, 41.72689], [-87.97499, 41.72692], [-87.97521, 41.72693], [-87.97531, 41.72692], [-87.97539, 41.72691], [-87.97557, 41.72691], [-87.97562, 41.7269], [-87.97583, 41.72683], [-87.97592, 41.72679], [-87.97599, 41.72672], [-87.97603, 41.72668], [-87.97604, 41.72664], [-87.97603, 41.72652], [-87.97601, 41.72649], [-87.97598, 41.72646], [-87.9758, 41.72635], [-87.97571, 41.7263], [-87.97557, 41.72625], [-87.9754, 41.72618], [-87.97539, 41.72616], [-87.97546, 41.72615], [-87.9755, 41.72615], [-87.97556, 41.72616], [-87.97562, 41.72619], [-87.97577, 41.72621], [-87.97582, 41.72623], [-87.97597, 41.72629], [-87.97601, 41.72632], [-87.97622, 41.72643], [-87.97634, 41.72647], [-87.97641, 41.72651], [-87.97648, 41.72652], [-87.97655, 41.72651], [-87.97662, 41.72648], [-87.97669, 41.72647], [-87.97673, 41.72647], [-87.97677, 41.72647], [-87.97682, 41.72649], [-87.97689, 41.7265], [-87.97703, 41.72649], [-87.97709, 41.72649], [-87.97715, 41.72649], [-87.97721, 41.72649], [-87.97725, 41.72649], [-87.9773, 41.72647], [-87.97735, 41.72645], [-87.97745, 41.72642], [-87.97749, 41.7264], [-87.97754, 41.7264], [-87.97771, 41.7264], [-87.97779, 41.7264], [-87.97786, 41.72637], [-87.9779, 41.72636], [-87.97803, 41.72636], [-87.97809, 41.72637], [-87.9781, 41.72632], [-87.97815, 41.72631], [-87.97817, 41.72632], [-87.97822, 41.72635], [-87.97825, 41.72638], [-87.97828, 41.72642], [-87.97833, 41.72643], [-87.97842, 41.72642], [-87.97844, 41.72638], [-87.97845, 41.72635], [-87.97844, 41.72631], [-87.9784, 41.72628], [-87.9784, 41.72626], [-87.97842, 41.72618], [-87.97847, 41.72611], [-87.97852, 41.72607], [-87.97857, 41.72605], [-87.97865, 41.72603], [-87.97873, 41.72604], [-87.97895, 41.72602], [-87.97903, 41.72602], [-87.9791, 41.72604], [-87.97912, 41.72605], [-87.97917, 41.72606], [-87.9792, 41.72605], [-87.97921, 41.72603], [-87.97921, 41.72601], [-87.9792, 41.72596], [-87.97921, 41.7259], [-87.97923, 41.72587], [-87.97927, 41.72585], [-87.9793, 41.72583], [-87.97934, 41.7258], [-87.97934, 41.72577], [-87.97936, 41.72576], [-87.9794, 41.72577], [-87.97943, 41.72579], [-87.97948, 41.72587], [-87.97951, 41.7259], [-87.97949, 41.72596], [-87.9795, 41.726], [-87.97951, 41.72602], [-87.97953, 41.72604], [-87.97957, 41.72603], [-87.97959, 41.72604], [-87.97961, 41.72609], [-87.97964, 41.7261], [-87.97966, 41.72614], [-87.97967, 41.72617], [-87.97964, 41.72619], [-87.97962, 41.72623], [-87.97963, 41.72627], [-87.97968, 41.72629], [-87.97972, 41.72629], [-87.97975, 41.72628], [-87.97978, 41.72635], [-87.97982, 41.72647], [-87.97985, 41.72651], [-87.97983, 41.72653], [-87.97982, 41.72655], [-87.97981, 41.72656], [-87.97978, 41.72659], [-87.97981, 41.72661], [-87.97985, 41.72662], [-87.97987, 41.72664], [-87.97991, 41.72665], [-87.97997, 41.72669], [-87.97997, 41.72665], [-87.97993, 41.72663], [-87.97988, 41.72662], [-87.97987, 41.7266], [-87.97982, 41.72659], [-87.97986, 41.72656], [-87.97988, 41.7265], [-87.97985, 41.72646], [-87.97981, 41.72634], [-87.97977, 41.72626], [-87.97979, 41.72624], [-87.9798, 41.72622], [-87.97979, 41.72621], [-87.97976, 41.72621], [-87.97973, 41.72619], [-87.9797, 41.72617], [-87.97969, 41.72613], [-87.97965, 41.72607], [-87.97967, 41.72605], [-87.97967, 41.72603], [-87.97963, 41.726], [-87.97959, 41.72601], [-87.97956, 41.72601], [-87.97953, 41.726], [-87.97952, 41.72597], [-87.97953, 41.72592], [-87.9796, 41.72593], [-87.97966, 41.72596], [-87.97971, 41.72599], [-87.97974, 41.72599], [-87.97978, 41.72598], [-87.97982, 41.72596], [-87.97984, 41.72591], [-87.97989, 41.72588], [-87.97992, 41.72588], [-87.97996, 41.72592], [-87.97997, 41.72595], [-87.98005, 41.72599], [-87.98013, 41.72607], [-87.98016, 41.72614], [-87.98022, 41.72621], [-87.98026, 41.72622], [-87.98032, 41.72619], [-87.98034, 41.72613], [-87.98041, 41.72609], [-87.98057, 41.7261], [-87.98062, 41.72608], [-87.98067, 41.72605], [-87.98072, 41.72605], [-87.98077, 41.72605], [-87.98082, 41.72602], [-87.98081, 41.72599], [-87.98078, 41.72597], [-87.98073, 41.72596], [-87.98071, 41.72594], [-87.9807, 41.72592], [-87.98071, 41.7259], [-87.98075, 41.7259], [-87.9808, 41.72591], [-87.98085, 41.72592], [-87.98091, 41.7259], [-87.98095, 41.72591], [-87.98099, 41.72592], [-87.98104, 41.72592], [-87.98108, 41.72588], [-87.98115, 41.72583], [-87.98118, 41.72582], [-87.98123, 41.72582], [-87.9813, 41.72584], [-87.9814, 41.72586], [-87.98162, 41.72583], [-87.98169, 41.72582], [-87.98173, 41.72582], [-87.98178, 41.72581], [-87.98183, 41.72581], [-87.98189, 41.72583], [-87.98194, 41.72585], [-87.98197, 41.72586], [-87.98202, 41.72586], [-87.98204, 41.72584], [-87.98208, 41.72581], [-87.98209, 41.72579], [-87.98211, 41.72575], [-87.98212, 41.72573], [-87.98215, 41.72573], [-87.98218, 41.72574], [-87.98224, 41.72574], [-87.98229, 41.72574], [-87.98235, 41.72573], [-87.98243, 41.72571], [-87.98256, 41.72576], [-87.98272, 41.7258], [-87.98275, 41.72583], [-87.98275, 41.72586], [-87.98275, 41.7259], [-87.98276, 41.72593], [-87.98277, 41.72595], [-87.98284, 41.72598], [-87.98284, 41.72602], [-87.98287, 41.72604], [-87.9829, 41.72606], [-87.98294, 41.72607], [-87.98298, 41.72607], [-87.98302, 41.72606], [-87.98305, 41.72606], [-87.98307, 41.72607], [-87.98308, 41.72614], [-87.9832, 41.72625], [-87.98338, 41.72639], [-87.98344, 41.72644], [-87.98351, 41.72649], [-87.98357, 41.72654], [-87.98363, 41.72656], [-87.98364, 41.72657], [-87.9837, 41.72661], [-87.98378, 41.72666], [-87.98384, 41.72671], [-87.9839, 41.72675], [-87.98392, 41.72676], [-87.98394, 41.72679], [-87.98401, 41.72686], [-87.98404, 41.72686], [-87.98412, 41.72686], [-87.98415, 41.72686], [-87.98419, 41.72685], [-87.98422, 41.72685], [-87.98425, 41.72685], [-87.98426, 41.72685], [-87.98434, 41.72685], [-87.98439, 41.72685], [-87.98444, 41.72686], [-87.98447, 41.72686], [-87.98455, 41.72688], [-87.98463, 41.72689], [-87.98468, 41.72688], [-87.98471, 41.72688], [-87.98475, 41.72686], [-87.98476, 41.72684], [-87.98479, 41.72683], [-87.9848, 41.72682], [-87.98482, 41.72682], [-87.98487, 41.72683], [-87.9849, 41.72683], [-87.98494, 41.72682], [-87.98495, 41.72682], [-87.98497, 41.7268], [-87.985, 41.72674], [-87.98501, 41.72672], [-87.985, 41.72665], [-87.98499, 41.72659], [-87.98495, 41.72644], [-87.98494, 41.72633], [-87.98495, 41.7263], [-87.98497, 41.72628], [-87.985, 41.72626], [-87.98508, 41.72626], [-87.98518, 41.72625], [-87.98529, 41.72621], [-87.98537, 41.7262], [-87.98543, 41.72617], [-87.98547, 41.72614], [-87.98549, 41.72612], [-87.98549, 41.72607], [-87.98551, 41.72605], [-87.98559, 41.72597], [-87.98579, 41.72584], [-87.9858, 41.72581], [-87.98583, 41.72579], [-87.98591, 41.72577], [-87.98601, 41.72577], [-87.98609, 41.72579], [-87.98613, 41.7258], [-87.98616, 41.72578], [-87.98632, 41.72569], [-87.98637, 41.72568], [-87.98639, 41.72569], [-87.98645, 41.72566], [-87.98652, 41.72562], [-87.98662, 41.72549], [-87.98663, 41.72545], [-87.98663, 41.72541], [-87.98661, 41.72534], [-87.98659, 41.72528], [-87.98655, 41.72523], [-87.98649, 41.72518], [-87.98643, 41.72507], [-87.98643, 41.72505], [-87.98645, 41.72503], [-87.98655, 41.72499], [-87.98668, 41.725], [-87.98673, 41.72501], [-87.98676, 41.72503], [-87.98679, 41.72506], [-87.98682, 41.72509], [-87.98687, 41.72512], [-87.9869, 41.72512], [-87.98692, 41.7251], [-87.98696, 41.72505], [-87.98704, 41.72496], [-87.98718, 41.72485], [-87.98723, 41.72479], [-87.98726, 41.72471], [-87.98728, 41.72469], [-87.98732, 41.72468], [-87.98737, 41.72466], [-87.98745, 41.72461], [-87.98749, 41.7246], [-87.98753, 41.7246], [-87.98763, 41.72462], [-87.98768, 41.72464], [-87.98779, 41.72467], [-87.98785, 41.72472], [-87.98785, 41.72475], [-87.98782, 41.72477], [-87.98779, 41.72479], [-87.98771, 41.72486], [-87.98768, 41.7249], [-87.98769, 41.725], [-87.98769, 41.72504], [-87.98771, 41.72506], [-87.98774, 41.72508], [-87.98786, 41.72512], [-87.98794, 41.72512], [-87.98799, 41.72515], [-87.98803, 41.72515], [-87.98811, 41.72515], [-87.98815, 41.72516], [-87.98817, 41.7252], [-87.98819, 41.72523], [-87.9882, 41.72527], [-87.98819, 41.72533], [-87.98819, 41.72537], [-87.98822, 41.72542], [-87.98824, 41.72545], [-87.98828, 41.72553], [-87.98831, 41.72558], [-87.98833, 41.72559], [-87.98834, 41.7256], [-87.98835, 41.72561], [-87.98841, 41.72567], [-87.98849, 41.72575], [-87.98857, 41.72584], [-87.98866, 41.72594], [-87.98873, 41.72602], [-87.98883, 41.72612], [-87.9889, 41.7262], [-87.98897, 41.72626], [-87.98897, 41.72629], [-87.98898, 41.72631], [-87.989, 41.72641], [-87.98896, 41.72642], [-87.98893, 41.72643], [-87.98889, 41.72642], [-87.98887, 41.72642], [-87.98878, 41.72647], [-87.98871, 41.72651], [-87.98866, 41.72652], [-87.98863, 41.72653], [-87.98859, 41.72656], [-87.98849, 41.7266], [-87.98849, 41.72663], [-87.98851, 41.72664], [-87.98862, 41.72664], [-87.98864, 41.72665], [-87.98865, 41.72667], [-87.98865, 41.72669], [-87.98863, 41.72671], [-87.98862, 41.72672], [-87.98865, 41.72679], [-87.98869, 41.72683], [-87.98872, 41.72691], [-87.98878, 41.72708], [-87.98881, 41.72712], [-87.98885, 41.72718], [-87.98894, 41.72726], [-87.98903, 41.72731], [-87.98919, 41.72737], [-87.98933, 41.72741], [-87.98937, 41.72743], [-87.98945, 41.72747], [-87.98958, 41.72751], [-87.9896, 41.72752], [-87.98967, 41.72758], [-87.98976, 41.72764], [-87.98979, 41.72765], [-87.98999, 41.72773], [-87.99013, 41.7278], [-87.99021, 41.72782], [-87.99027, 41.72784], [-87.9903, 41.72784], [-87.99039, 41.72788], [-87.99055, 41.72792], [-87.99061, 41.72795], [-87.99073, 41.72798], [-87.99085, 41.72804], [-87.99089, 41.72805], [-87.99106, 41.72808], [-87.99114, 41.72809], [-87.99118, 41.7281], [-87.9913, 41.7281], [-87.9915, 41.72811], [-87.99163, 41.7281], [-87.99166, 41.72811], [-87.99168, 41.72812], [-87.99169, 41.72815], [-87.99176, 41.72813], [-87.99184, 41.72814], [-87.9919, 41.72816], [-87.99191, 41.72818], [-87.992, 41.7282], [-87.99214, 41.72819], [-87.99218, 41.72819], [-87.99224, 41.72816], [-87.9923, 41.72814], [-87.99234, 41.72814], [-87.99245, 41.72816], [-87.99255, 41.72819], [-87.99259, 41.72822], [-87.99263, 41.72827], [-87.99274, 41.72841], [-87.9928, 41.72851], [-87.99287, 41.72858], [-87.9929, 41.72865], [-87.99292, 41.72872], [-87.99297, 41.72881], [-87.99299, 41.72885], [-87.99302, 41.72891], [-87.99307, 41.729], [-87.99309, 41.72904], [-87.99314, 41.72909], [-87.99316, 41.72912], [-87.99316, 41.72917], [-87.99315, 41.72921], [-87.99309, 41.72929], [-87.99304, 41.72938], [-87.99303, 41.72944], [-87.99301, 41.72948], [-87.99303, 41.7295], [-87.99305, 41.72951], [-87.99308, 41.72952], [-87.99312, 41.72953], [-87.99332, 41.72956], [-87.99357, 41.72958], [-87.9937, 41.7296], [-87.99392, 41.72965], [-87.99399, 41.72969], [-87.99402, 41.72974], [-87.99406, 41.72984], [-87.99407, 41.72993], [-87.99408, 41.72997], [-87.99412, 41.72999], [-87.99416, 41.73001], [-87.99416, 41.73006], [-87.99415, 41.73007], [-87.99412, 41.73006], [-87.99409, 41.73006], [-87.99409, 41.73009], [-87.99411, 41.73012], [-87.99414, 41.73016], [-87.99418, 41.73019], [-87.99423, 41.73022], [-87.99429, 41.73023], [-87.99435, 41.73023], [-87.99447, 41.73022], [-87.99453, 41.7302], [-87.99456, 41.73017], [-87.99457, 41.73013], [-87.99459, 41.73011], [-87.99459, 41.73008], [-87.9946, 41.73005], [-87.99461, 41.73003], [-87.9946, 41.73001], [-87.99461, 41.72999], [-87.99461, 41.72997], [-87.99459, 41.72995], [-87.99459, 41.72993], [-87.99461, 41.72991], [-87.99461, 41.72985], [-87.9946, 41.72983], [-87.99458, 41.72975], [-87.99458, 41.72971], [-87.99459, 41.72967], [-87.99463, 41.72959]], [[-87.98826, 41.72541], [-87.98826, 41.72542], [-87.98824, 41.72542], [-87.98821, 41.72537], [-87.98822, 41.72534], [-87.98825, 41.72538], [-87.98826, 41.72541]], [[-87.98624, 41.72318], [-87.98625, 41.72321], [-87.98621, 41.72322], [-87.9862, 41.7232], [-87.98624, 41.72318]], [[-87.97974, 41.72624], [-87.97974, 41.72626], [-87.97971, 41.72627], [-87.97968, 41.72627], [-87.97965, 41.72626], [-87.97965, 41.72624], [-87.97969, 41.72619], [-87.97973, 41.72622], [-87.97974, 41.72624]], [[-87.97965, 41.72603], [-87.97964, 41.72606], [-87.97962, 41.72605], [-87.97962, 41.72602], [-87.97965, 41.72603]], [[-87.97498, 41.7265], [-87.975, 41.72653], [-87.97497, 41.72652], [-87.97495, 41.7265], [-87.97498, 41.7265]], [[-87.97264, 41.71026], [-87.97264, 41.71027], [-87.97261, 41.71032], [-87.97257, 41.71037], [-87.97244, 41.71048], [-87.97241, 41.7105], [-87.97236, 41.71049], [-87.97233, 41.71049], [-87.9723, 41.7105], [-87.97227, 41.71052], [-87.97224, 41.71051], [-87.97223, 41.71049], [-87.97224, 41.71044], [-87.97225, 41.71042], [-87.97228, 41.71041], [-87.97231, 41.7104], [-87.97235, 41.71039], [-87.97243, 41.71035], [-87.97251, 41.71029], [-87.97261, 41.71026], [-87.97264, 41.71026]], [[-87.97008, 41.71254], [-87.97011, 41.71255], [-87.97007, 41.71256], [-87.97006, 41.71256], [-87.97003, 41.71255], [-87.97005, 41.71253], [-87.97008, 41.71254]], [[-87.96813, 41.71317], [-87.96814, 41.7132], [-87.96812, 41.71322], [-87.9681, 41.7132], [-87.96806, 41.71316], [-87.96805, 41.71314], [-87.96805, 41.7131], [-87.96807, 41.71311], [-87.96809, 41.71312], [-87.96812, 41.71315], [-87.96813, 41.71317]], [[-87.965, 41.70558], [-87.965, 41.70562], [-87.96497, 41.70562], [-87.96492, 41.70561], [-87.96489, 41.70553], [-87.96491, 41.70554], [-87.96498, 41.70557], [-87.965, 41.70558]], [[-87.96258, 41.69788], [-87.96257, 41.69793], [-87.96257, 41.69796], [-87.96254, 41.698], [-87.9625, 41.69801], [-87.96246, 41.69799], [-87.96246, 41.69798], [-87.96244, 41.69797], [-87.96242, 41.69793], [-87.96241, 41.6979], [-87.96237, 41.69784], [-87.96234, 41.69778], [-87.96235, 41.69772], [-87.96239, 41.69775], [-87.96246, 41.69783], [-87.9625, 41.69786], [-87.96258, 41.69788]], [[-87.96078, 41.69709], [-87.96077, 41.69711], [-87.96072, 41.69707], [-87.96062, 41.69701], [-87.96057, 41.69694], [-87.96062, 41.69692], [-87.96065, 41.69698], [-87.9607, 41.69705], [-87.96078, 41.69709]]]}}, {"type": "Feature", "properties": {"NAME": null, "MTFCC": "H2030", "AREAWATER": "91680"}, "geometry": {"type": "Polygon", "coordinates": [[[-87.93605, 41.70792], [-87.93609, 41.70787], [-87.93541, 41.70731], [-87.93522, 41.70757], [-87.93501, 41.70762], [-87.93492, 41.70775], [-87.93483, 41.70787], [-87.93472, 41.708], [-87.9346, 41.70812], [-87.93449, 41.70824], [-87.93442, 41.7083], [-87.93434, 41.70837], [-87.93423, 41.70846], [-87.9341, 41.70854], [-87.93398, 41.70862], [-87.93384, 41.7087], [-87.93371, 41.70877], [-87.93356, 41.70884], [-87.93352, 41.70885], [-87.9335, 41.70886], [-87.93288, 41.70905], [-87.93235, 41.70926], [-87.93225, 41.70928], [-87.93222, 41.70929], [-87.93208, 41.70933], [-87.93194, 41.70937], [-87.9318, 41.70942], [-87.93158, 41.7095], [-87.93136, 41.70959], [-87.93115, 41.70967], [-87.93093, 41.70976], [-87.93071, 41.70984], [-87.93066, 41.70986], [-87.93064, 41.70987], [-87.93059, 41.70989], [-87.93058, 41.7099], [-87.93041, 41.70999], [-87.93036, 41.71003], [-87.93029, 41.71006], [-87.93018, 41.71014], [-87.93008, 41.71019], [-87.93006, 41.7102], [-87.93003, 41.71022], [-87.92994, 41.7103], [-87.92968, 41.7105], [-87.92943, 41.71071], [-87.92936, 41.71077], [-87.92925, 41.71086], [-87.92902, 41.71108], [-87.92894, 41.71115], [-87.9287, 41.71137], [-87.92846, 41.71159], [-87.92833, 41.7117], [-87.92825, 41.71176], [-87.92794, 41.712], [-87.9277, 41.71222], [-87.92746, 41.71245], [-87.92742, 41.7125], [-87.92737, 41.71255], [-87.9273, 41.71259], [-87.92724, 41.71263], [-87.92717, 41.71267], [-87.92709, 41.7127], [-87.92701, 41.71272], [-87.92693, 41.71273], [-87.92684, 41.71274], [-87.92681, 41.71274], [-87.92672, 41.71275], [-87.9266, 41.71276], [-87.92647, 41.71277], [-87.92635, 41.71276], [-87.92622, 41.71276], [-87.92608, 41.71275], [-87.92595, 41.71273], [-87.92584, 41.71273], [-87.92572, 41.71274], [-87.92561, 41.71275], [-87.9255, 41.71277], [-87.92539, 41.71279], [-87.92528, 41.71282], [-87.92518, 41.71286], [-87.92509, 41.7129], [-87.925, 41.71294], [-87.92492, 41.713], [-87.92484, 41.71305], [-87.9247, 41.71317], [-87.92464, 41.71323], [-87.92408, 41.71385], [-87.92384, 41.71407], [-87.9236, 41.7143], [-87.92335, 41.71452], [-87.92315, 41.71468], [-87.92297, 41.71485], [-87.92279, 41.71501], [-87.92261, 41.71519], [-87.9226, 41.71519], [-87.92243, 41.71536], [-87.92225, 41.71553], [-87.92208, 41.7157], [-87.92191, 41.71588], [-87.92187, 41.71595], [-87.92181, 41.71602], [-87.92175, 41.71608], [-87.92169, 41.71614], [-87.92161, 41.71619], [-87.92153, 41.71624], [-87.92145, 41.71628], [-87.92136, 41.71632], [-87.92127, 41.71635], [-87.92117, 41.71638], [-87.92107, 41.7164], [-87.92097, 41.71642], [-87.92086, 41.71644], [-87.92076, 41.71646], [-87.92061, 41.71649], [-87.92046, 41.71651], [-87.92031, 41.71653], [-87.92014, 41.71654], [-87.91997, 41.71654], [-87.9198, 41.71653], [-87.91963, 41.71652], [-87.91952, 41.7165], [-87.91941, 41.71648], [-87.91929, 41.71647], [-87.91918, 41.71646], [-87.91907, 41.71645], [-87.91896, 41.71645], [-87.91881, 41.71647], [-87.91867, 41.71649], [-87.91852, 41.71651], [-87.91841, 41.71654], [-87.9183, 41.71656], [-87.91825, 41.71657], [-87.91821, 41.71657], [-87.91816, 41.71657], [-87.91812, 41.71656], [-87.91808, 41.71655], [-87.91804, 41.71653], [-87.91801, 41.7165], [-87.91795, 41.71646], [-87.91789, 41.71642], [-87.91782, 41.71638], [-87.9178, 41.71637], [-87.91771, 41.71632], [-87.91761, 41.71628], [-87.91745, 41.71621], [-87.91739, 41.71618], [-87.91731, 41.71616], [-87.91724, 41.71615], [-87.91716, 41.71614], [-87.91708, 41.71614], [-87.91701, 41.71614], [-87.91693, 41.71615], [-87.91689, 41.71616], [-87.91686, 41.71617], [-87.91627, 41.71631], [-87.91561, 41.71648], [-87.91532, 41.71654], [-87.91513, 41.71659], [-87.91471, 41.71659], [-87.9145, 41.71684], [-87.91453, 41.71687], [-87.91458, 41.71696], [-87.91461, 41.71699], [-87.91462, 41.71703], [-87.91463, 41.71704], [-87.91465, 41.71713], [-87.91465, 41.71727], [-87.91467, 41.71771], [-87.91468, 41.71796], [-87.91471, 41.71821], [-87.91472, 41.7184], [-87.91471, 41.71852], [-87.91471, 41.71871], [-87.91471, 41.71878], [-87.91472, 41.71899], [-87.91472, 41.71909], [-87.91473, 41.71925], [-87.91471, 41.71953], [-87.91472, 41.71973], [-87.91472, 41.7199], [-87.91473, 41.72], [-87.91474, 41.72007], [-87.91474, 41.7201], [-87.91473, 41.72015], [-87.91472, 41.72017], [-87.91473, 41.72019], [-87.91452, 41.72088], [-87.91443, 41.72096], [-87.91443, 41.72099], [-87.91444, 41.72113], [-87.91463, 41.72103], [-87.9147, 41.72093], [-87.91471, 41.72091], [-87.91479, 41.72081], [-87.91486, 41.72071], [-87.91489, 41.7207], [-87.91496, 41.72073], [-87.91499, 41.72074], [-87.91501, 41.72073], [-87.91505, 41.72072], [-87.91512, 41.72072], [-87.91518, 41.72072], [-87.91521, 41.72073], [-87.91528, 41.72076], [-87.91533, 41.7208], [-87.91537, 41.72082], [-87.91539, 41.72083], [-87.91546, 41.72084], [-87.91541, 41.72082], [-87.91531, 41.72074], [-87.91528, 41.72071], [-87.91526, 41.7207], [-87.91523, 41.72069], [-87.91519, 41.72069], [-87.91515, 41.72069], [-87.91512, 41.72069], [-87.91504, 41.72069], [-87.91492, 41.72068], [-87.91491, 41.72067], [-87.91495, 41.72055], [-87.91498, 41.72042], [-87.915, 41.72033], [-87.915, 41.72026], [-87.91502, 41.72024], [-87.91506, 41.72021], [-87.91505, 41.72015], [-87.91505, 41.72011], [-87.91503, 41.72007], [-87.91501, 41.72004], [-87.91499, 41.72], [-87.91498, 41.71995], [-87.91498, 41.71989], [-87.91498, 41.71985], [-87.91497, 41.71959], [-87.91497, 41.71947], [-87.91497, 41.71934], [-87.91497, 41.71922], [-87.91496, 41.71878], [-87.91495, 41.71868], [-87.91493, 41.71845], [-87.91493, 41.71803], [-87.91491, 41.71783], [-87.91491, 41.71737], [-87.91492, 41.71725], [-87.91492, 41.71713], [-87.91491, 41.71702], [-87.91492, 41.71701], [-87.91494, 41.71696], [-87.91501, 41.71692], [-87.9151, 41.71689], [-87.91519, 41.71688], [-87.91529, 41.71689], [-87.91535, 41.71691], [-87.91542, 41.71693], [-87.91547, 41.71694], [-87.9155, 41.71693], [-87.91567, 41.71686], [-87.91578, 41.71684], [-87.91582, 41.71681], [-87.91587, 41.71677], [-87.91594, 41.71674], [-87.916, 41.71672], [-87.9161, 41.71668], [-87.91615, 41.71667], [-87.91627, 41.71666], [-87.91639, 41.71661], [-87.91654, 41.71656], [-87.91668, 41.71653], [-87.91681, 41.71649], [-87.91686, 41.71648], [-87.91709, 41.71649], [-87.91713, 41.7165], [-87.9172, 41.71653], [-87.91724, 41.71654], [-87.91736, 41.71656], [-87.91742, 41.71655], [-87.91748, 41.71653], [-87.91754, 41.71652], [-87.91773, 41.71652], [-87.91782, 41.71653], [-87.91785, 41.71655], [-87.91791, 41.7166], [-87.91793, 41.71665], [-87.91795, 41.71678], [-87.91797, 41.71682], [-87.918, 41.71686], [-87.91807, 41.71691], [-87.9181, 41.71692], [-87.91817, 41.71693], [-87.91826, 41.71691], [-87.91832, 41.71689], [-87.91838, 41.71686], [-87.91842, 41.71685], [-87.9185, 41.71684], [-87.91868, 41.71674], [-87.91874, 41.7167], [-87.91883, 41.71668], [-87.91889, 41.71667], [-87.91893, 41.71666], [-87.91898, 41.71666], [-87.91911, 41.71667], [-87.91921, 41.71666], [-87.91927, 41.71667], [-87.91932, 41.7167], [-87.91938, 41.71671], [-87.91944, 41.71671], [-87.91955, 41.71672], [-87.91966, 41.71676], [-87.91973, 41.71678], [-87.91979, 41.71681], [-87.91985, 41.71682], [-87.91994, 41.71681], [-87.91999, 41.71679], [-87.92005, 41.71674], [-87.9201, 41.71672], [-87.92014, 41.7167], [-87.92036, 41.71669], [-87.92057, 41.71666], [-87.92069, 41.71665], [-87.92087, 41.71662], [-87.92131, 41.71653], [-87.92137, 41.7165], [-87.92161, 41.71639], [-87.92168, 41.71637], [-87.92172, 41.71635], [-87.92183, 41.71627], [-87.9219, 41.71622], [-87.922, 41.71615], [-87.92212, 41.71604], [-87.92221, 41.71597], [-87.92227, 41.71591], [-87.92234, 41.71584], [-87.92241, 41.71578], [-87.92249, 41.71572], [-87.92256, 41.71569], [-87.92268, 41.71564], [-87.92277, 41.71556], [-87.92283, 41.7155], [-87.9229, 41.71545], [-87.92313, 41.7152], [-87.92329, 41.71506], [-87.92343, 41.71496], [-87.92348, 41.71487], [-87.92356, 41.71478], [-87.92367, 41.71471], [-87.92383, 41.71457], [-87.92386, 41.71453], [-87.92395, 41.71434], [-87.92398, 41.71428], [-87.92402, 41.71424], [-87.92409, 41.71419], [-87.92415, 41.71417], [-87.9242, 41.71414], [-87.92438, 41.71396], [-87.92444, 41.71391], [-87.92462, 41.71373], [-87.92467, 41.71366], [-87.92476, 41.71353], [-87.92484, 41.71343], [-87.92493, 41.71337], [-87.92501, 41.71334], [-87.92513, 41.71331], [-87.92518, 41.71327], [-87.92536, 41.71314], [-87.92543, 41.71308], [-87.92563, 41.71301], [-87.9259, 41.71293], [-87.92607, 41.71291], [-87.92612, 41.71292], [-87.92622, 41.71294], [-87.92626, 41.71296], [-87.92634, 41.71307], [-87.92637, 41.71313], [-87.9264, 41.71317], [-87.92647, 41.71322], [-87.92653, 41.71328], [-87.92656, 41.71329], [-87.92667, 41.71321], [-87.92671, 41.7132], [-87.92683, 41.71318], [-87.92703, 41.71317], [-87.92707, 41.71315], [-87.9271, 41.71312], [-87.92712, 41.71309], [-87.92713, 41.71307], [-87.92713, 41.71304], [-87.92721, 41.71298], [-87.92727, 41.7129], [-87.92731, 41.71287], [-87.92737, 41.71285], [-87.92741, 41.71284], [-87.92749, 41.71281], [-87.92757, 41.71278], [-87.92766, 41.71272], [-87.92772, 41.71266], [-87.92776, 41.71259], [-87.92779, 41.71252], [-87.92782, 41.71241], [-87.92786, 41.71239], [-87.92791, 41.71238], [-87.92795, 41.71237], [-87.92801, 41.71231], [-87.92809, 41.71222], [-87.92814, 41.71218], [-87.9282, 41.71212], [-87.92831, 41.71203], [-87.92835, 41.712], [-87.92837, 41.71196], [-87.92841, 41.71193], [-87.92845, 41.7119], [-87.92865, 41.71181], [-87.9287, 41.71178], [-87.92875, 41.71173], [-87.92879, 41.71168], [-87.92883, 41.71164], [-87.92888, 41.71159], [-87.929, 41.71157], [-87.92913, 41.7115], [-87.92915, 41.71148], [-87.92916, 41.71142], [-87.9292, 41.71132], [-87.92927, 41.71127], [-87.92932, 41.71122], [-87.92961, 41.71102], [-87.92966, 41.71096], [-87.92974, 41.71089], [-87.92982, 41.71084], [-87.92994, 41.71078], [-87.93, 41.71075], [-87.93007, 41.7107], [-87.93032, 41.71052], [-87.93059, 41.71038], [-87.93069, 41.71032], [-87.93079, 41.71025], [-87.93083, 41.71023], [-87.93096, 41.71019], [-87.93104, 41.71018], [-87.93113, 41.71014], [-87.93127, 41.71011], [-87.93134, 41.71011], [-87.93152, 41.71013], [-87.93158, 41.71012], [-87.93165, 41.71011], [-87.9318, 41.71005], [-87.93185, 41.71004], [-87.93187, 41.71003], [-87.9319, 41.71002], [-87.93207, 41.70996], [-87.93212, 41.70994], [-87.93216, 41.70994], [-87.9322, 41.70993], [-87.93223, 41.70992], [-87.93224, 41.7099], [-87.93229, 41.70981], [-87.93232, 41.70978], [-87.93254, 41.70967], [-87.93261, 41.70963], [-87.93282, 41.70954], [-87.93289, 41.70952], [-87.93297, 41.70951], [-87.93304, 41.70949], [-87.93328, 41.70944], [-87.93341, 41.7094], [-87.93346, 41.70937], [-87.93348, 41.70934], [-87.93353, 41.7093], [-87.93355, 41.70929], [-87.93358, 41.70929], [-87.93361, 41.70928], [-87.93375, 41.7092], [-87.9338, 41.7092], [-87.9339, 41.70918], [-87.93396, 41.70916], [-87.93402, 41.70914], [-87.93407, 41.70911], [-87.93417, 41.70904], [-87.93435, 41.70897], [-87.93461, 41.7089], [-87.93465, 41.70883], [-87.93471, 41.70881], [-87.93485, 41.70874], [-87.93491, 41.70872], [-87.93496, 41.70871], [-87.93502, 41.70858], [-87.93508, 41.70852], [-87.93524, 41.70847], [-87.9353, 41.70846], [-87.93536, 41.70846], [-87.93539, 41.70845], [-87.93548, 41.70836], [-87.93561, 41.70828], [-87.93567, 41.70825], [-87.9358, 41.70818], [-87.93587, 41.70814], [-87.93594, 41.70808], [-87.93597, 41.70803], [-87.93601, 41.70797], [-87.93605, 41.70792]]]}}, {"type": "Feature", "properties": {"NAME": "Chicago Sanitary and Ship Cnl", "MTFCC": "H3020", "AREAWATER": "163651"}, "geometry": {"type": "Polygon", "coordinates": [[[-87.97654, 41.68701], [-87.97679, 41.68694], [-87.97638, 41.68688], [-87.97649, 41.68675], [-87.97641, 41.68678], [-87.97638, 41.68679], [-87.97624, 41.68682], [-87.97622, 41.68684], [-87.97609, 41.68686], [-87.97598, 41.68689], [-87.9756, 41.68701], [-87.97553, 41.68706], [-87.97514, 41.68719], [-87.97509, 41.68719], [-87.97491, 41.68724], [-87.9748, 41.68729], [-87.97456, 41.68734], [-87.97444, 41.68737], [-87.97424, 41.68742], [-87.97378, 41.68754], [-87.9735, 41.68764], [-87.97339, 41.68766], [-87.97319, 41.68777], [-87.97291, 41.68784], [-87.97279, 41.68789], [-87.97268, 41.68794], [-87.97133, 41.68836], [-87.96966, 41.68889], [-87.96331, 41.69083], [-87.96313, 41.69089], [-87.96231, 41.69118], [-87.96228, 41.69119], [-87.96222, 41.69121], [-87.96116, 41.69156], [-87.96092, 41.69162], [-87.95987, 41.692], [-87.95966, 41.69206], [-87.95936, 41.69216], [-87.95926, 41.69222], [-87.95896, 41.69234], [-87.95873, 41.69243], [-87.95847, 41.69251], [-87.95777, 41.69282], [-87.95759, 41.69286], [-87.95753, 41.69292], [-87.95712, 41.69309], [-87.95705, 41.69309], [-87.957, 41.69311], [-87.95697, 41.69314], [-87.95651, 41.69335], [-87.95647, 41.69336], [-87.95638, 41.69336], [-87.95634, 41.69338], [-87.95632, 41.69342], [-87.95516, 41.69396], [-87.95506, 41.69398], [-87.95493, 41.69408], [-87.95458, 41.69425], [-87.95438, 41.69433], [-87.95434, 41.69433], [-87.95431, 41.69438], [-87.95426, 41.69442], [-87.95353, 41.69481], [-87.95351, 41.69481], [-87.95285, 41.69517], [-87.95223, 41.69547], [-87.95198, 41.69555], [-87.9518, 41.69559], [-87.95143, 41.69566], [-87.95013, 41.69588], [-87.95001, 41.6959], [-87.94992, 41.69593], [-87.94956, 41.69601], [-87.94932, 41.69604], [-87.94928, 41.69605], [-87.94916, 41.69607], [-87.94872, 41.69616], [-87.94848, 41.6962], [-87.94823, 41.69624], [-87.948, 41.6963], [-87.94739, 41.69639], [-87.947, 41.69647], [-87.94664, 41.69657], [-87.94625, 41.69669], [-87.94591, 41.69685], [-87.9456, 41.69699], [-87.9454, 41.69709], [-87.94586, 41.69712], [-87.9483, 41.69727], [-87.94848, 41.69728], [-87.94479, 41.69921], [-87.94266, 41.70033], [-87.94236, 41.70049], [-87.9422, 41.70058], [-87.94214, 41.70062], [-87.94211, 41.70069], [-87.94215, 41.70068], [-87.94234, 41.7006], [-87.94416, 41.6997], [-87.94857, 41.69766], [-87.94866, 41.69763], [-87.94868, 41.69763], [-87.94886, 41.69757], [-87.94908, 41.69743], [-87.94932, 41.69732], [-87.94939, 41.69729], [-87.94948, 41.69725], [-87.94963, 41.69718], [-87.94977, 41.69712], [-87.94987, 41.69707], [-87.95, 41.69701], [-87.95026, 41.69688], [-87.95033, 41.69684], [-87.95042, 41.6968], [-87.95056, 41.69673], [-87.95066, 41.69668], [-87.95074, 41.69665], [-87.95155, 41.69624], [-87.95352, 41.69532], [-87.95577, 41.69418], [-87.95648, 41.69385], [-87.95674, 41.69372], [-87.95707, 41.69357], [-87.95793, 41.6932], [-87.95805, 41.69314], [-87.95848, 41.69298], [-87.95918, 41.6927], [-87.96005, 41.69236], [-87.96047, 41.69221], [-87.96116, 41.692], [-87.96134, 41.69193], [-87.96184, 41.69177], [-87.9622, 41.69167], [-87.96229, 41.69164], [-87.96242, 41.69161], [-87.96318, 41.69135], [-87.96384, 41.69113], [-87.96395, 41.69115], [-87.96406, 41.69113], [-87.96418, 41.69109], [-87.96426, 41.69106], [-87.9645, 41.69098], [-87.9646, 41.69098], [-87.96466, 41.69095], [-87.96473, 41.6909], [-87.9648, 41.69088], [-87.965, 41.69086], [-87.96505, 41.69079], [-87.96508, 41.69075], [-87.96512, 41.69072], [-87.96558, 41.69058], [-87.96675, 41.6902], [-87.96683, 41.69018], [-87.96687, 41.69019], [-87.96693, 41.69018], [-87.96703, 41.69013], [-87.96711, 41.69011], [-87.9672, 41.6901], [-87.96728, 41.69009], [-87.96734, 41.69006], [-87.96739, 41.69003], [-87.96743, 41.69002], [-87.96746, 41.69], [-87.96754, 41.69], [-87.96758, 41.69], [-87.96762, 41.68999], [-87.96767, 41.68998], [-87.9678, 41.68992], [-87.96796, 41.68987], [-87.9681, 41.68981], [-87.96817, 41.68979], [-87.96838, 41.68969], [-87.96841, 41.68967], [-87.96843, 41.68966], [-87.96849, 41.68966], [-87.96856, 41.68966], [-87.96868, 41.68962], [-87.96878, 41.6896], [-87.96891, 41.68956], [-87.96901, 41.68952], [-87.96903, 41.6895], [-87.96905, 41.68949], [-87.96908, 41.68949], [-87.96917, 41.68945], [-87.96924, 41.68939], [-87.96927, 41.68938], [-87.9693, 41.68938], [-87.96938, 41.68939], [-87.96944, 41.68938], [-87.96959, 41.68933], [-87.9697, 41.68927], [-87.96976, 41.68921], [-87.97164, 41.68862], [-87.97167, 41.68863], [-87.97173, 41.68863], [-87.97184, 41.68862], [-87.97195, 41.68859], [-87.97213, 41.68847], [-87.97237, 41.68841], [-87.97253, 41.68834], [-87.97268, 41.68829], [-87.97277, 41.68827], [-87.97289, 41.68822], [-87.97299, 41.68817], [-87.9733, 41.68807], [-87.97334, 41.68808], [-87.97338, 41.68806], [-87.9734, 41.68804], [-87.97346, 41.68802], [-87.97352, 41.68802], [-87.97363, 41.68798], [-87.97368, 41.68795], [-87.97393, 41.68786], [-87.97398, 41.68788], [-87.97404, 41.68788], [-87.97444, 41.68775], [-87.97453, 41.68771], [-87.97475, 41.68763], [-87.97491, 41.68759], [-87.97504, 41.68754], [-87.97518, 41.68749], [-87.97531, 41.68747], [-87.97542, 41.68742], [-87.97551, 41.68736], [-87.97559, 41.68732], [-87.97575, 41.68729], [-87.97577, 41.68729], [-87.97579, 41.68727], [-87.97582, 41.68725], [-87.97654, 41.68701]]]}}, {"type": "Feature", "properties": {"NAME": "Lk Michigan", "MTFCC": "H2030", "AREAWATER": "315324202"}, "geometry": {"type": "Polygon", "coordinates": [[[-87.52432, 41.71832], [-87.52431, 41.71821], [-87.52423, 41.71727], [-87.52424, 41.71698], [-87.5242, 41.71256], [-87.52416, 41.70831], [-87.52417, 41.70818], [-87.52263, 41.70915], [-87.5218, 41.70968], [-87.52112, 41.7101], [-87.51762, 41.70695], [-87.51674, 41.70615], [-87.51483, 41.70445], [-87.51687, 41.70314], [-87.51685, 41.7031], [-87.51682, 41.70303], [-87.51679, 41.703], [-87.51676, 41.70295], [-87.51673, 41.70291], [-87.5167, 41.70287], [-87.51668, 41.70283], [-87.51665, 41.70279], [-87.51662, 41.70276], [-87.5166, 41.70272], [-87.51657, 41.70269], [-87.51654, 41.70265], [-87.5165, 41.70261], [-87.51648, 41.70257], [-87.51644, 41.70253], [-87.5164, 41.7025], [-87.51638, 41.70247], [-87.51636, 41.70243], [-87.51633, 41.70239], [-87.5163, 41.70235], [-87.51628, 41.70231], [-87.51625, 41.70227], [-87.51622, 41.70223], [-87.51619, 41.70219], [-87.51615, 41.70215], [-87.51612, 41.70212], [-87.51609, 41.70208], [-87.51606, 41.70204], [-87.51603, 41.702], [-87.51601, 41.70196], [-87.51597, 41.70191], [-87.51593, 41.70187], [-87.51589, 41.70184], [-87.51586, 41.7018], [-87.51584, 41.70177], [-87.51582, 41.70174], [-87.5158, 41.70172], [-87.51575, 41.70166], [-87.51573, 41.70164], [-87.51568, 41.70159], [-87.51566, 41.70157], [-87.51564, 41.70154], [-87.51561, 41.7015], [-87.51559, 41.70147], [-87.51557, 41.70144], [-87.51554, 41.70141], [-87.51551, 41.70138], [-87.51549, 41.70135], [-87.51546, 41.70132], [-87.51543, 41.7013], [-87.5154, 41.70127], [-87.51537, 41.70123], [-87.51536, 41.70121], [-87.51533, 41.70117], [-87.5153, 41.70115], [-87.51526, 41.70111], [-87.51525, 41.70109], [-87.51522, 41.70106], [-87.51518, 41.70103], [-87.51515, 41.701], [-87.51513, 41.70098], [-87.51511, 41.70095], [-87.51508, 41.70093], [-87.51506, 41.7009], [-87.51503, 41.70087], [-87.515, 41.70084], [-87.51498, 41.70082], [-87.51496, 41.70079], [-87.51495, 41.70076], [-87.51492, 41.70073], [-87.51489, 41.70069], [-87.51486, 41.70066], [-87.51482, 41.70063], [-87.51479, 41.70059], [-87.51473, 41.70054], [-87.51469, 41.70051], [-87.51464, 41.70046], [-87.5146, 41.70042], [-87.51456, 41.70039], [-87.51453, 41.70035], [-87.51448, 41.70032], [-87.51445, 41.70028], [-87.51441, 41.70024], [-87.51437, 41.7002], [-87.51433, 41.70017], [-87.5143, 41.70014], [-87.51427, 41.70011], [-87.51424, 41.70008], [-87.51421, 41.70004], [-87.51417, 41.7], [-87.51414, 41.69997], [-87.5141, 41.69993], [-87.51406, 41.6999], [-87.51402, 41.69985], [-87.51397, 41.69981], [-87.51394, 41.69978], [-87.5139, 41.69974], [-87.51387, 41.69971], [-87.51383, 41.69968], [-87.5138, 41.69964], [-87.51376, 41.69961], [-87.51372, 41.69958], [-87.51368, 41.69955], [-87.51365, 41.69952], [-87.51361, 41.69948], [-87.51358, 41.69945], [-87.51354, 41.69941], [-87.51351, 41.69937], [-87.51348, 41.69934], [-87.51344, 41.6993], [-87.51341, 41.69928], [-87.51337, 41.69925], [-87.51334, 41.69922], [-87.51331, 41.69919], [-87.51327, 41.69916], [-87.51325, 41.69914], [-87.51321, 41.69911], [-87.51319, 41.69908], [-87.51315, 41.69905], [-87.51312, 41.69902], [-87.51309, 41.69899], [-87.51305, 41.69895], [-87.51302, 41.69893], [-87.51299, 41.69889], [-87.51294, 41.69885], [-87.51286, 41.69877], [-87.51281, 41.69872], [-87.51272, 41.69865], [-87.51268, 41.69861], [-87.51261, 41.69857], [-87.51255, 41.69853], [-87.5125, 41.69851], [-87.51245, 41.69848], [-87.51237, 41.69842], [-87.5123, 41.69836], [-87.51223, 41.69832], [-87.51216, 41.69826], [-87.51208, 41.69821], [-87.51192, 41.69812], [-87.51188, 41.69809], [-87.51185, 41.69807], [-87.51182, 41.69804], [-87.51171, 41.69799], [-87.51164, 41.69794], [-87.51155, 41.69788], [-87.51147, 41.69783], [-87.51138, 41.69779], [-87.51133, 41.69776], [-87.51124, 41.69772], [-87.51115, 41.69768], [-87.51107, 41.69765], [-87.511, 41.69761], [-87.51096, 41.69759], [-87.51088, 41.69756], [-87.5108, 41.69753], [-87.51074, 41.69749], [-87.51068, 41.69746], [-87.51063, 41.69742], [-87.51054, 41.69736], [-87.51045, 41.6973], [-87.51042, 41.69728], [-87.51032, 41.69723], [-87.51095, 41.69668], [-87.51091, 41.69665], [-87.51088, 41.6966], [-87.51083, 41.6965], [-87.51079, 41.69642], [-87.51077, 41.69638], [-87.51077, 41.69635], [-87.51075, 41.6963], [-87.51076, 41.69622], [-87.51074, 41.69615], [-87.51074, 41.69609], [-87.51074, 41.69604], [-87.51071, 41.69599], [-87.51063, 41.69592], [-87.51055, 41.69585], [-87.51041, 41.69575], [-87.51029, 41.69566], [-87.51018, 41.69557], [-87.51009, 41.6955], [-87.51004, 41.69545], [-87.50994, 41.69537], [-87.50991, 41.69533], [-87.50989, 41.69531], [-87.50985, 41.69528], [-87.50978, 41.69525], [-87.50974, 41.69522], [-87.50967, 41.69517], [-87.5096, 41.69513], [-87.50951, 41.69508], [-87.50945, 41.69504], [-87.50937, 41.695], [-87.50926, 41.69494], [-87.50921, 41.69491], [-87.50906, 41.69481], [-87.50889, 41.69472], [-87.5087, 41.69461], [-87.5085, 41.69449], [-87.5083, 41.69437], [-87.50812, 41.69426], [-87.50776, 41.69406], [-87.50763, 41.69399], [-87.50671, 41.69368], [-87.50618, 41.69421], [-87.50572, 41.69467], [-87.50545, 41.6947], [-87.50517, 41.69454], [-87.50473, 41.6943], [-87.50401, 41.69389], [-87.50399, 41.69378], [-87.50396, 41.69366], [-87.50467, 41.69286], [-87.50438, 41.6927], [-87.50404, 41.69251], [-87.50395, 41.69246], [-87.50398, 41.69244], [-87.50462, 41.69189], [-87.50465, 41.69182], [-87.50453, 41.69172], [-87.50442, 41.69162], [-87.50431, 41.69153], [-87.5042, 41.69142], [-87.50406, 41.69133], [-87.5039, 41.69123], [-87.50354, 41.69101], [-87.50337, 41.69092], [-87.50322, 41.69085], [-87.50302, 41.69076], [-87.50257, 41.69056], [-87.50219, 41.69032], [-87.50196, 41.69016], [-87.50178, 41.69004], [-87.5016, 41.68993], [-87.50137, 41.6898], [-87.50107, 41.68963], [-87.50093, 41.68957], [-87.50071, 41.68944], [-87.50058, 41.68937], [-87.50045, 41.68931], [-87.50036, 41.68927], [-87.50032, 41.68924], [-87.5003, 41.68922], [-87.50028, 41.68921], [-87.50023, 41.68918], [-87.50015, 41.68908], [-87.50003, 41.68898], [-87.49983, 41.68888], [-87.49946, 41.68869], [-87.49921, 41.68857], [-87.49876, 41.68835], [-87.49842, 41.68816], [-87.49827, 41.68808], [-87.49791, 41.68789], [-87.49765, 41.68778], [-87.49751, 41.68769], [-87.49705, 41.68747], [-87.4967, 41.68729], [-87.49639, 41.68716], [-87.49624, 41.68707], [-87.49615, 41.68702], [-87.49601, 41.68694], [-87.49592, 41.6869], [-87.49545, 41.68667], [-87.49481, 41.68634], [-87.49445, 41.68617], [-87.49412, 41.68599], [-87.49391, 41.68589], [-87.4938, 41.68583], [-87.49363, 41.68576], [-87.49319, 41.68554], [-87.49249, 41.68521], [-87.49213, 41.68503], [-87.4919, 41.68493], [-87.4916, 41.68479], [-87.49112, 41.68457], [-87.491, 41.68463], [-87.49068, 41.68479], [-87.49062, 41.68483], [-87.49045, 41.68474], [-87.49035, 41.68468], [-87.49022, 41.68464], [-87.49017, 41.68461], [-87.49009, 41.68458], [-87.4902, 41.68444], [-87.4901, 41.6842], [-87.49005, 41.68412], [-87.48999, 41.6841], [-87.48992, 41.68409], [-87.48985, 41.68406], [-87.48976, 41.68404], [-87.48968, 41.68402], [-87.48958, 41.68399], [-87.4895, 41.68396], [-87.48942, 41.68396], [-87.4893, 41.68395], [-87.48924, 41.68397], [-87.4892, 41.684], [-87.48915, 41.68405], [-87.48908, 41.68412], [-87.48904, 41.68415], [-87.48898, 41.68415], [-87.48879, 41.68408], [-87.48868, 41.68404], [-87.48858, 41.68401], [-87.48845, 41.68396], [-87.48838, 41.68395], [-87.48828, 41.6839], [-87.48816, 41.68385], [-87.48793, 41.68376], [-87.48782, 41.68372], [-87.48762, 41.68363], [-87.48742, 41.68357], [-87.48722, 41.6835], [-87.4871, 41.68346], [-87.4869, 41.68339], [-87.48681, 41.68337], [-87.48655, 41.68328], [-87.48644, 41.68326], [-87.48633, 41.6832], [-87.48625, 41.68317], [-87.48617, 41.68314], [-87.48609, 41.68314], [-87.48599, 41.68316], [-87.48594, 41.68318], [-87.48587, 41.68322], [-87.4858, 41.68328], [-87.48573, 41.68334], [-87.48561, 41.68347], [-87.48545, 41.68353], [-87.48538, 41.68356], [-87.48535, 41.68358], [-87.48523, 41.68358], [-87.48516, 41.68355], [-87.48507, 41.68354], [-87.48485, 41.68352], [-87.48474, 41.6835], [-87.48471, 41.68344], [-87.48477, 41.68338], [-87.48495, 41.6833], [-87.485, 41.68325], [-87.48505, 41.68322], [-87.48506, 41.6832], [-87.48501, 41.68314], [-87.48491, 41.68316], [-87.48486, 41.68307], [-87.48476, 41.68302], [-87.4847, 41.68298], [-87.48455, 41.68286], [-87.48443, 41.68279], [-87.48432, 41.68276], [-87.48419, 41.68276], [-87.4841, 41.6827], [-87.48515, 41.68164], [-87.48544, 41.68135], [-87.48543, 41.6812], [-87.48239, 41.67932], [-87.48214, 41.67922], [-87.48198, 41.67915], [-87.48178, 41.67909], [-87.48156, 41.67899], [-87.48113, 41.67885], [-87.48089, 41.67877], [-87.48068, 41.67871], [-87.48049, 41.67867], [-87.48038, 41.67866], [-87.48024, 41.6787], [-87.48015, 41.6788], [-87.48005, 41.67889], [-87.47991, 41.679], [-87.47984, 41.67909], [-87.47973, 41.67917], [-87.47961, 41.67929], [-87.47948, 41.67942], [-87.47939, 41.6795], [-87.47928, 41.67963], [-87.47919, 41.67979], [-87.47913, 41.67985], [-87.47905, 41.67988], [-87.47883, 41.67972], [-87.47862, 41.67953], [-87.47842, 41.67941], [-87.47805, 41.67921], [-87.47786, 41.67911], [-87.47772, 41.67902], [-87.47743, 41.67889], [-87.47731, 41.67878], [-87.4771, 41.67861], [-87.477, 41.67852], [-87.47696, 41.67846], [-87.47695, 41.67825], [-87.47679, 41.67816], [-87.47667, 41.67808], [-87.47654, 41.67802], [-87.47636, 41.67793], [-87.47621, 41.67784], [-87.47612, 41.67777], [-87.47608, 41.67767], [-87.47609, 41.67756], [-87.47615, 41.67745], [-87.47612, 41.67734], [-87.47599, 41.67725], [-87.47589, 41.67717], [-87.47572, 41.67706], [-87.4756, 41.67697], [-87.47571, 41.67664], [-87.47578, 41.67648], [-87.47586, 41.67631], [-87.47598, 41.67615], [-87.47603, 41.67603], [-87.47613, 41.67587], [-87.47617, 41.67576], [-87.47624, 41.67564], [-87.47629, 41.67554], [-87.47449, 41.67443], [-87.47423, 41.67435], [-87.47365, 41.6742], [-87.47312, 41.67406], [-87.47262, 41.67394], [-87.47205, 41.67381], [-87.47181, 41.67378], [-87.47155, 41.6737], [-87.47092, 41.67359], [-87.47036, 41.67349], [-87.46985, 41.6734], [-87.46933, 41.67334], [-87.46884, 41.67326], [-87.46836, 41.67315], [-87.46813, 41.67313], [-87.46785, 41.67311], [-87.46773, 41.67312], [-87.46483, 41.67623], [-87.46473, 41.67634], [-87.46305, 41.67814], [-87.46299, 41.67821], [-87.46223, 41.67857], [-87.4614, 41.67876], [-87.45124, 41.6835], [-87.44927, 41.68442], [-87.44665, 41.68506], [-87.437, 41.6874], [-87.42751, 41.68964], [-87.42654, 41.6898], [-87.42488, 41.69007], [-87.42454, 41.68973], [-87.42433, 41.68964], [-87.42409, 41.68962], [-87.42332, 41.68948], [-87.42317, 41.68946], [-87.42294, 41.68944], [-87.42255, 41.68943], [-87.42169, 41.6893], [-87.42083, 41.68902], [-87.42048, 41.68889], [-87.42028, 41.68879], [-87.41993, 41.68869], [-87.41926, 41.68864], [-87.4189, 41.68859], [-87.41839, 41.68844], [-87.4182, 41.68839], [-87.4181, 41.68837], [-87.41768, 41.68842], [-87.41751, 41.68839], [-87.41735, 41.6883], [-87.41718, 41.68829], [-87.41701, 41.68832], [-87.41694, 41.68831], [-87.41683, 41.6883], [-87.41664, 41.68821], [-87.41651, 41.68819], [-87.41582, 41.68818], [-87.41561, 41.68804], [-87.41559, 41.68784], [-87.41549, 41.68767], [-87.41543, 41.68759], [-87.41506, 41.68737], [-87.41461, 41.68715], [-87.41426, 41.68689], [-87.41387, 41.68664], [-87.4137, 41.68656], [-87.4134, 41.68636], [-87.41328, 41.68623], [-87.41323, 41.68622], [-87.41322, 41.68618], [-87.41301, 41.68602], [-87.41285, 41.68583], [-87.41281, 41.68581], [-87.41237, 41.68528], [-87.41212, 41.68503], [-87.41176, 41.68466], [-87.41139, 41.6842], [-87.41132, 41.68413], [-87.41117, 41.68406], [-87.41101, 41.68405], [-87.41087, 41.68399], [-87.41081, 41.68393], [-87.41071, 41.68373], [-87.4101, 41.68335], [-87.40962, 41.68304], [-87.40925, 41.6827], [-87.40889, 41.68229], [-87.40793, 41.68152], [-87.40699, 41.68084], [-87.40684, 41.68065], [-87.40684, 41.68048], [-87.40711, 41.68022], [-87.40745, 41.67985], [-87.40964, 41.67761], [-87.41051, 41.67675], [-87.41114, 41.67624], [-87.41179, 41.67554], [-87.41236, 41.67496], [-87.41256, 41.67467], [-87.41301, 41.67401], [-87.41314, 41.67335], [-87.41314, 41.67322], [-87.41312, 41.67316], [-87.41301, 41.67303], [-87.4125, 41.67275], [-87.41231, 41.67263], [-87.41208, 41.6724], [-87.41201, 41.67215], [-87.41196, 41.67211], [-87.41189, 41.67208], [-87.41163, 41.67208], [-87.41146, 41.67202], [-87.4112, 41.67172], [-87.41092, 41.67157], [-87.41052, 41.67145], [-87.41031, 41.67136], [-87.41, 41.67114], [-87.40971, 41.6709], [-87.40959, 41.67084], [-87.40941, 41.67076], [-87.40919, 41.67068], [-87.40881, 41.67052], [-87.40852, 41.67033], [-87.40873, 41.67015], [-87.40907, 41.67029], [-87.40923, 41.67024], [-87.40932, 41.67024], [-87.4095, 41.67024], [-87.40961, 41.67022], [-87.40979, 41.66996], [-87.4099, 41.66987], [-87.40993, 41.66982], [-87.41013, 41.66968], [-87.41016, 41.66965], [-87.41019, 41.66959], [-87.4102, 41.66951], [-87.41014, 41.66938], [-87.40982, 41.66916], [-87.40991, 41.66908], [-87.40999, 41.66901], [-87.42061, 41.65941], [-87.43215, 41.65629], [-87.43244, 41.65651], [-87.43319, 41.65705], [-87.43505, 41.65839], [-87.43524, 41.65824], [-87.43569, 41.65857], [-87.43635, 41.65806], [-87.43504, 41.65712], [-87.43488, 41.65693], [-87.43432, 41.65658], [-87.43386, 41.65611], [-87.43378, 41.65602], [-87.43352, 41.65609], [-87.43335, 41.65597], [-87.43426, 41.65572], [-87.43446, 41.65567], [-87.43703, 41.65498], [-87.43698, 41.65487], [-87.43709, 41.65485], [-87.43705, 41.65476], [-87.43698, 41.65462], [-87.43697, 41.65459], [-87.43697, 41.65457], [-87.43697, 41.65455], [-87.43698, 41.65452], [-87.43699, 41.6545], [-87.43701, 41.65448], [-87.43703, 41.65446], [-87.43705, 41.65445], [-87.43707, 41.65444], [-87.43709, 41.65443], [-87.43846, 41.65407], [-87.43867, 41.65401], [-87.43878, 41.65388], [-87.43881, 41.65378], [-87.43882, 41.65373], [-87.43882, 41.65369], [-87.43882, 41.65365], [-87.43881, 41.65361], [-87.43879, 41.65357], [-87.43876, 41.65353], [-87.43874, 41.6535], [-87.43871, 41.65348], [-87.43867, 41.65345], [-87.43864, 41.65342], [-87.43858, 41.65338], [-87.43829, 41.65318], [-87.43812, 41.65306], [-87.43799, 41.65297], [-87.43795, 41.65294], [-87.43789, 41.65292], [-87.4378, 41.65289], [-87.43772, 41.65287], [-87.43768, 41.65286], [-87.43765, 41.65285], [-87.43763, 41.65285], [-87.43755, 41.65285], [-87.43744, 41.65286], [-87.43734, 41.65287], [-87.4373, 41.65289], [-87.43723, 41.65291], [-87.43715, 41.65294], [-87.43707, 41.65299], [-87.437, 41.65305], [-87.43693, 41.65313], [-87.43692, 41.65315], [-87.43692, 41.65316], [-87.43693, 41.65318], [-87.43694, 41.65321], [-87.43694, 41.65325], [-87.43692, 41.65329], [-87.43691, 41.65331], [-87.4369, 41.65332], [-87.43685, 41.65336], [-87.43681, 41.65338], [-87.43676, 41.6534], [-87.43674, 41.65342], [-87.43673, 41.65344], [-87.43674, 41.65348], [-87.43672, 41.65352], [-87.43668, 41.65355], [-87.43661, 41.6536], [-87.43652, 41.65367], [-87.43645, 41.65373], [-87.43644, 41.65374], [-87.43642, 41.65377], [-87.43642, 41.65382], [-87.4364, 41.65385], [-87.43636, 41.65387], [-87.4363, 41.65388], [-87.43624, 41.65387], [-87.43619, 41.65385], [-87.43614, 41.65383], [-87.4361, 41.65383], [-87.43604, 41.65383], [-87.43599, 41.65382], [-87.43592, 41.6538], [-87.4359, 41.6538], [-87.43584, 41.65379], [-87.43577, 41.65376], [-87.43571, 41.65374], [-87.43567, 41.65371], [-87.43564, 41.65367], [-87.43559, 41.65365], [-87.43555, 41.65364], [-87.43547, 41.65363], [-87.43542, 41.65362], [-87.43535, 41.65358], [-87.43529, 41.65356], [-87.43524, 41.65352], [-87.43524, 41.65349], [-87.43523, 41.65347], [-87.4352, 41.65342], [-87.43518, 41.65337], [-87.43513, 41.65325], [-87.43498, 41.65329], [-87.43446, 41.65208], [-87.43469, 41.65202], [-87.43449, 41.65152], [-87.43442, 41.65137], [-87.43441, 41.65135], [-87.43439, 41.65134], [-87.43437, 41.65133], [-87.43434, 41.65133], [-87.43428, 41.65134], [-87.43378, 41.65146], [-87.43335, 41.65158], [-87.43327, 41.65139], [-87.4333, 41.65137], [-87.43335, 41.65133], [-87.43336, 41.65128], [-87.43337, 41.65125], [-87.43337, 41.65118], [-87.43338, 41.65114], [-87.43339, 41.65106], [-87.43339, 41.651], [-87.43337, 41.65084], [-87.43336, 41.65069], [-87.43334, 41.65057], [-87.43332, 41.65045], [-87.43328, 41.65034], [-87.43322, 41.6502], [-87.43313, 41.64998], [-87.4329, 41.64952], [-87.43266, 41.64916], [-87.43235, 41.64883], [-87.43174, 41.64817], [-87.43133, 41.64774], [-87.43068, 41.64717], [-87.43023, 41.64677], [-87.42955, 41.64619], [-87.42933, 41.64599], [-87.42911, 41.64585], [-87.42891, 41.64571], [-87.42872, 41.64553], [-87.42805, 41.64503], [-87.42767, 41.64474], [-87.42722, 41.64452], [-87.42687, 41.64432], [-87.4266, 41.64409], [-87.4262, 41.64381], [-87.4257, 41.64353], [-87.42504, 41.64313], [-87.42433, 41.6427], [-87.42397, 41.64249], [-87.42365, 41.64233], [-87.42296, 41.64195], [-87.42226, 41.6416], [-87.42179, 41.64138], [-87.42123, 41.641], [-87.42053, 41.64108], [-87.42044, 41.64114], [-87.42008, 41.64115], [-87.41985, 41.6412], [-87.41958, 41.64144], [-87.41941, 41.64161], [-87.41897, 41.64203], [-87.41857, 41.64181], [-87.41809, 41.64156], [-87.41685, 41.6409], [-87.41524, 41.64171], [-87.4134, 41.64265], [-87.41137, 41.64369], [-87.41114, 41.64345], [-87.41032, 41.64254], [-87.41018, 41.64249], [-87.40957, 41.64256], [-87.40889, 41.64264], [-87.40804, 41.64245], [-87.40614, 41.64148], [-87.40597, 41.64167], [-87.40585, 41.6416], [-87.40103, 41.639], [-87.39959, 41.63859], [-87.39926, 41.63849], [-87.3948, 41.63721], [-87.38827, 41.63534], [-87.37453, 41.6314], [-87.37207, 41.63069], [-87.37187, 41.63064], [-87.35859, 41.62786], [-87.35783, 41.6277], [-87.35623, 41.62737], [-87.35602, 41.62735], [-87.35217, 41.62687], [-87.3421, 41.62595], [-87.33767, 41.62569], [-87.33692, 41.62564], [-87.33458, 41.62547], [-87.32922, 41.62497], [-87.32751, 41.6248], [-87.32516, 41.62457], [-87.3252, 41.62296], [-87.32529, 41.61799], [-87.32533, 41.61565], [-87.32544, 41.60929], [-87.3242, 41.60885], [-87.32275, 41.60929], [-87.3227, 41.6103], [-87.3228, 41.61039], [-87.3226, 41.61057], [-87.32271, 41.61066], [-87.32278, 41.61065], [-87.32383, 41.61148], [-87.32405, 41.61136], [-87.32455, 41.6118], [-87.32446, 41.61566], [-87.32431, 41.62147], [-87.3243, 41.62209], [-87.32429, 41.62257], [-87.32425, 41.62399], [-87.32423, 41.62454], [-87.32378, 41.62448], [-87.32378, 41.62444], [-87.32328, 41.62442], [-87.32298, 41.62424], [-87.32279, 41.6242], [-87.32073, 41.62406], [-87.31948, 41.62397], [-87.31888, 41.6239], [-87.31871, 41.62378], [-87.31866, 41.62372], [-87.31865, 41.62361], [-87.31871, 41.62336], [-87.31904, 41.62256], [-87.3191, 41.6223], [-87.31908, 41.62216], [-87.31915, 41.62183], [-87.3192, 41.62144], [-87.31917, 41.62133], [-87.31908, 41.62127], [-87.31883, 41.62115], [-87.31836, 41.62099], [-87.31803, 41.62091], [-87.31737, 41.62078], [-87.31683, 41.62074], [-87.31656, 41.62073], [-87.31634, 41.62078], [-87.31625, 41.62083], [-87.3161, 41.62094], [-87.31599, 41.62131], [-87.31579, 41.62184], [-87.31575, 41.62188], [-87.3156, 41.62195], [-87.31541, 41.62197], [-87.31524, 41.62191], [-87.31509, 41.62175], [-87.31506, 41.62153], [-87.31509, 41.62133], [-87.31506, 41.62118], [-87.31503, 41.62116], [-87.31461, 41.62104], [-87.31414, 41.62084], [-87.31377, 41.62077], [-87.31339, 41.62081], [-87.31317, 41.62079], [-87.31296, 41.62073], [-87.31279, 41.62065], [-87.31274, 41.62063], [-87.31246, 41.62055], [-87.31214, 41.62055], [-87.31192, 41.62058], [-87.31152, 41.6205], [-87.31125, 41.6205], [-87.31107, 41.62054], [-87.31103, 41.62057], [-87.31099, 41.62066], [-87.31099, 41.6207], [-87.31113, 41.62097], [-87.31132, 41.62115], [-87.31148, 41.62137], [-87.3115, 41.62148], [-87.31147, 41.62162], [-87.31134, 41.62177], [-87.31107, 41.6219], [-87.31059, 41.62199], [-87.31025, 41.622], [-87.31006, 41.622], [-87.30931, 41.62193], [-87.30904, 41.62196], [-87.30834, 41.62201], [-87.30708, 41.62215], [-87.30644, 41.62225], [-87.30636, 41.62227], [-87.30625, 41.62239], [-87.30622, 41.62248], [-87.30622, 41.62286], [-87.30618, 41.62291], [-87.30611, 41.62291], [-87.30605, 41.62288], [-87.30597, 41.62279], [-87.30571, 41.62221], [-87.30553, 41.62167], [-87.30548, 41.62165], [-87.30538, 41.62141], [-87.30532, 41.6212], [-87.30526, 41.62079], [-87.30515, 41.62045], [-87.30487, 41.62002], [-87.30458, 41.61966], [-87.30452, 41.61953], [-87.30443, 41.61949], [-87.30408, 41.61947], [-87.30349, 41.61934], [-87.30266, 41.61923], [-87.30256, 41.61922], [-87.30205, 41.61926], [-87.30134, 41.61926], [-87.30126, 41.61924], [-87.30022, 41.61923], [-87.29954, 41.61925], [-87.29908, 41.6191], [-87.29902, 41.61909], [-87.29891, 41.61914], [-87.29885, 41.61938], [-87.29881, 41.61942], [-87.29873, 41.61945], [-87.29733, 41.61935], [-87.29725, 41.61938], [-87.29724, 41.61948], [-87.29733, 41.61955], [-87.29842, 41.61965], [-87.29853, 41.6197], [-87.29861, 41.6198], [-87.29864, 41.61991], [-87.29857, 41.62005], [-87.2985, 41.6201], [-87.29842, 41.62011], [-87.29715, 41.62], [-87.29712, 41.62001], [-87.2971, 41.62011], [-87.29711, 41.62016], [-87.29715, 41.62022], [-87.29719, 41.62024], [-87.29847, 41.62032], [-87.29858, 41.62035], [-87.29869, 41.62041], [-87.29878, 41.62049], [-87.29884, 41.6206], [-87.2988, 41.62071], [-87.29869, 41.62077], [-87.29707, 41.62056], [-87.29701, 41.62058], [-87.297, 41.62063], [-87.29703, 41.62071], [-87.29709, 41.62078], [-87.29839, 41.62088], [-87.29847, 41.62094], [-87.29851, 41.62104], [-87.2985, 41.62126], [-87.29838, 41.62136], [-87.29833, 41.62137], [-87.29746, 41.62117], [-87.29741, 41.62118], [-87.29738, 41.62121], [-87.29738, 41.62124], [-87.29745, 41.62133], [-87.29779, 41.62141], [-87.29831, 41.62152], [-87.29839, 41.62159], [-87.2984, 41.62162], [-87.29828, 41.62185], [-87.29794, 41.62227], [-87.29789, 41.62241], [-87.29786, 41.62277], [-87.29778, 41.62306], [-87.29766, 41.6232], [-87.29751, 41.62331], [-87.29741, 41.62329], [-87.29735, 41.62313], [-87.29731, 41.62308], [-87.29725, 41.62306], [-87.29714, 41.62306], [-87.29705, 41.6231], [-87.297, 41.62317], [-87.297, 41.62326], [-87.29691, 41.62346], [-87.29684, 41.62352], [-87.29676, 41.62352], [-87.29664, 41.62346], [-87.29658, 41.62337], [-87.29652, 41.62309], [-87.29647, 41.62305], [-87.2964, 41.62303], [-87.29632, 41.62309], [-87.29624, 41.62352], [-87.29618, 41.6236], [-87.29602, 41.62369], [-87.29596, 41.6237], [-87.29588, 41.62365], [-87.29576, 41.62343], [-87.29569, 41.6234], [-87.29562, 41.62341], [-87.29561, 41.62344], [-87.29557, 41.62368], [-87.29552, 41.62372], [-87.29549, 41.62372], [-87.29529, 41.62339], [-87.29523, 41.62336], [-87.29514, 41.6234], [-87.29511, 41.62364], [-87.29508, 41.62373], [-87.29492, 41.62379], [-87.29479, 41.6238], [-87.29468, 41.62379], [-87.29446, 41.62373], [-87.29435, 41.62364], [-87.29427, 41.62347], [-87.29419, 41.62339], [-87.29409, 41.62345], [-87.29395, 41.62362], [-87.29386, 41.62366], [-87.29372, 41.6237], [-87.29349, 41.62368], [-87.29338, 41.6237], [-87.2932, 41.62365], [-87.29307, 41.62358], [-87.29306, 41.62346], [-87.29301, 41.62344], [-87.2929, 41.62343], [-87.29278, 41.6235], [-87.29267, 41.62351], [-87.29255, 41.62345], [-87.2925, 41.62337], [-87.29247, 41.62336], [-87.29237, 41.6234], [-87.29234, 41.62347], [-87.29229, 41.62352], [-87.29222, 41.62355], [-87.29219, 41.62354], [-87.29206, 41.62346], [-87.29192, 41.62334], [-87.29166, 41.62334], [-87.29163, 41.62332], [-87.29162, 41.62324], [-87.29157, 41.62318], [-87.2914, 41.62306], [-87.29137, 41.623], [-87.29137, 41.6228], [-87.29139, 41.62274], [-87.29135, 41.62267], [-87.29132, 41.62265], [-87.29128, 41.62267], [-87.29109, 41.623], [-87.29099, 41.62312], [-87.29089, 41.62313], [-87.29085, 41.62312], [-87.2908, 41.62298], [-87.29067, 41.62289], [-87.29063, 41.62284], [-87.29056, 41.62246], [-87.2905, 41.62225], [-87.29053, 41.62199], [-87.29066, 41.62175], [-87.29076, 41.62162], [-87.291, 41.62116], [-87.29118, 41.62088], [-87.29125, 41.62079], [-87.29138, 41.62074], [-87.29206, 41.62078], [-87.29214, 41.62077], [-87.2922, 41.62071], [-87.29217, 41.62066], [-87.2921, 41.62063], [-87.29173, 41.62064], [-87.29148, 41.62062], [-87.29144, 41.62061], [-87.29141, 41.62056], [-87.29143, 41.62046], [-87.29152, 41.62028], [-87.29158, 41.62026], [-87.29294, 41.62008], [-87.29294, 41.62004], [-87.2929, 41.61998], [-87.29286, 41.61994], [-87.2928, 41.61992], [-87.29167, 41.62005], [-87.29161, 41.62002], [-87.29163, 41.61977], [-87.29285, 41.61955], [-87.2929, 41.61948], [-87.29291, 41.61939], [-87.29286, 41.61932], [-87.29282, 41.61931], [-87.29167, 41.6195], [-87.29149, 41.61949], [-87.29133, 41.61942], [-87.29122, 41.6194], [-87.29118, 41.6194], [-87.29111, 41.61948], [-87.291, 41.61962], [-87.29089, 41.6197], [-87.29066, 41.61981], [-87.29054, 41.61991], [-87.29019, 41.62004], [-87.28977, 41.6201], [-87.28963, 41.62016], [-87.28957, 41.62024], [-87.28952, 41.62052], [-87.28953, 41.62057], [-87.28952, 41.62062], [-87.28946, 41.6207], [-87.28938, 41.62094], [-87.28938, 41.62102], [-87.28953, 41.62125], [-87.28955, 41.62134], [-87.28936, 41.62158], [-87.28928, 41.6218], [-87.28928, 41.62195], [-87.28934, 41.62205], [-87.28936, 41.62221], [-87.28934, 41.62226], [-87.28924, 41.62233], [-87.28918, 41.62241], [-87.28913, 41.62259], [-87.28906, 41.62263], [-87.28903, 41.62261], [-87.28885, 41.62248], [-87.28883, 41.62237], [-87.28883, 41.62231], [-87.28884, 41.62221], [-87.28883, 41.62214], [-87.28882, 41.62201], [-87.28879, 41.62184], [-87.28877, 41.62171], [-87.28878, 41.62163], [-87.28878, 41.62156], [-87.28882, 41.62144], [-87.28882, 41.62139], [-87.28881, 41.62131], [-87.28882, 41.62113], [-87.28881, 41.62073], [-87.28848, 41.62065], [-87.28829, 41.62065], [-87.28797, 41.62055], [-87.28756, 41.62045], [-87.28719, 41.62042], [-87.28684, 41.62037], [-87.28635, 41.62033], [-87.28594, 41.62039], [-87.2853, 41.62039], [-87.28496, 41.62037], [-87.28448, 41.62037], [-87.28413, 41.62036], [-87.28367, 41.62037], [-87.28335, 41.62032], [-87.28284, 41.62031], [-87.28246, 41.62032], [-87.28232, 41.62035], [-87.28208, 41.62034], [-87.282, 41.62036], [-87.28163, 41.62031], [-87.2813, 41.62032], [-87.28107, 41.62032], [-87.28078, 41.62034], [-87.28038, 41.62034], [-87.28006, 41.62034], [-87.27959, 41.62029], [-87.27927, 41.62028], [-87.27914, 41.6203], [-87.27909, 41.6203], [-87.27899, 41.6203], [-87.27885, 41.6203], [-87.27869, 41.62032], [-87.27861, 41.62032], [-87.27838, 41.6203], [-87.2781, 41.62031], [-87.27788, 41.62029], [-87.27771, 41.62029], [-87.27751, 41.62028], [-87.27727, 41.62031], [-87.27704, 41.62028], [-87.2769, 41.6203], [-87.2766, 41.62031], [-87.2764, 41.62031], [-87.27617, 41.6203], [-87.27596, 41.62028], [-87.27578, 41.62025], [-87.27557, 41.62028], [-87.27517, 41.62024], [-87.27505, 41.62025], [-87.27493, 41.62027], [-87.27473, 41.62024], [-87.27456, 41.62024], [-87.27436, 41.62026], [-87.27418, 41.62026], [-87.274, 41.62026], [-87.27377, 41.62023], [-87.27357, 41.62023], [-87.27338, 41.62024], [-87.27324, 41.62023], [-87.27306, 41.62024], [-87.27283, 41.62022], [-87.27254, 41.62021], [-87.27235, 41.62021], [-87.2723, 41.62022], [-87.27215, 41.62028], [-87.27206, 41.62028], [-87.27187, 41.62021], [-87.27162, 41.62017], [-87.27144, 41.62018], [-87.2713, 41.62023], [-87.27108, 41.62028], [-87.27092, 41.62028], [-87.27083, 41.62029], [-87.27073, 41.62032], [-87.27062, 41.62031], [-87.27049, 41.62028], [-87.27028, 41.62031], [-87.27015, 41.62028], [-87.26983, 41.62027], [-87.26966, 41.62027], [-87.26952, 41.62026], [-87.26945, 41.62025], [-87.26913, 41.62026], [-87.26894, 41.62026], [-87.26871, 41.62031], [-87.26859, 41.62032], [-87.26822, 41.62039], [-87.26791, 41.62043], [-87.26758, 41.62043], [-87.26735, 41.62046], [-87.26717, 41.62049], [-87.26703, 41.6205], [-87.26687, 41.62051], [-87.26642, 41.62049], [-87.26604, 41.62047], [-87.2659, 41.62047], [-87.2656, 41.62051], [-87.26548, 41.6205], [-87.26538, 41.62051], [-87.26517, 41.62051], [-87.26509, 41.62052], [-87.26494, 41.62054], [-87.26483, 41.62056], [-87.26448, 41.62055], [-87.26431, 41.62055], [-87.26424, 41.62056], [-87.26393, 41.62056], [-87.26376, 41.62058], [-87.26369, 41.62059], [-87.26359, 41.62061], [-87.26352, 41.62061], [-87.26349, 41.6206], [-87.26342, 41.62058], [-87.26325, 41.62059], [-87.26317, 41.62059], [-87.26314, 41.6206], [-87.26309, 41.62063], [-87.26301, 41.62062], [-87.26294, 41.62061], [-87.26285, 41.62064], [-87.26279, 41.62064], [-87.26273, 41.62064], [-87.26269, 41.62065], [-87.26254, 41.62063], [-87.26228, 41.62063], [-87.26221, 41.62063], [-87.26214, 41.62064], [-87.26202, 41.62063], [-87.26198, 41.62064], [-87.2618, 41.62064], [-87.26176, 41.62065], [-87.26167, 41.62065], [-87.26156, 41.62067], [-87.26153, 41.62069], [-87.26148, 41.62071], [-87.26137, 41.62068], [-87.26132, 41.62068], [-87.26115, 41.62072], [-87.26103, 41.62073], [-87.26086, 41.62069], [-87.26077, 41.62069], [-87.26066, 41.6207], [-87.26057, 41.62073], [-87.26046, 41.62074], [-87.26037, 41.62073], [-87.26026, 41.62071], [-87.26016, 41.62071], [-87.25994, 41.62074], [-87.25987, 41.62073], [-87.25975, 41.62079], [-87.25962, 41.62083], [-87.25956, 41.62085], [-87.25944, 41.62087], [-87.25932, 41.62087], [-87.25914, 41.62085], [-87.25895, 41.62085], [-87.25884, 41.62087], [-87.25873, 41.62091], [-87.25853, 41.62094], [-87.25842, 41.62096], [-87.25823, 41.62094], [-87.2581, 41.62096], [-87.25788, 41.62094], [-87.25757, 41.62095], [-87.25749, 41.62092], [-87.25736, 41.62088], [-87.25733, 41.62089], [-87.2573, 41.6209], [-87.25716, 41.62098], [-87.25706, 41.62095], [-87.257, 41.62096], [-87.25691, 41.621], [-87.25683, 41.62102], [-87.2567, 41.621], [-87.25664, 41.621], [-87.25644, 41.62103], [-87.25636, 41.62101], [-87.25631, 41.62101], [-87.25624, 41.62104], [-87.25606, 41.62104], [-87.25585, 41.62105], [-87.25576, 41.62107], [-87.25564, 41.62111], [-87.25552, 41.62108], [-87.25541, 41.62112], [-87.25529, 41.62111], [-87.25525, 41.62112], [-87.25507, 41.62109], [-87.25493, 41.62115], [-87.25486, 41.62113], [-87.25479, 41.62113], [-87.25458, 41.62118], [-87.25455, 41.6212], [-87.2545, 41.6212], [-87.25441, 41.62118], [-87.25432, 41.62121], [-87.25419, 41.62119], [-87.25397, 41.62124], [-87.25387, 41.62124], [-87.2538, 41.62125], [-87.25371, 41.62126], [-87.25362, 41.62127], [-87.25352, 41.62127], [-87.25338, 41.62124], [-87.25328, 41.62122], [-87.25316, 41.62121], [-87.25306, 41.62123], [-87.2529, 41.62126], [-87.25277, 41.62128], [-87.2527, 41.62128], [-87.25248, 41.62133], [-87.25243, 41.62135], [-87.25235, 41.62135], [-87.25229, 41.62133], [-87.25205, 41.62136], [-87.25194, 41.62136], [-87.25178, 41.62141], [-87.2517, 41.62141], [-87.25164, 41.62141], [-87.25158, 41.62142], [-87.25155, 41.62143], [-87.25152, 41.62142], [-87.25145, 41.62142], [-87.25136, 41.62141], [-87.25131, 41.62144], [-87.25126, 41.62146], [-87.25123, 41.62146], [-87.25119, 41.62147], [-87.2511, 41.62145], [-87.25097, 41.62148], [-87.2509, 41.62147], [-87.25083, 41.62148], [-87.25077, 41.62148], [-87.25067, 41.62147], [-87.25055, 41.62146], [-87.25046, 41.62148], [-87.25038, 41.6215], [-87.25032, 41.62149], [-87.25022, 41.62154], [-87.25016, 41.62154], [-87.25009, 41.62152], [-87.25006, 41.62152], [-87.24988, 41.62156], [-87.24987, 41.62156], [-87.24976, 41.62156], [-87.24959, 41.62159], [-87.24954, 41.6216], [-87.24937, 41.62161], [-87.24931, 41.6216], [-87.24922, 41.62162], [-87.2491, 41.62162], [-87.24898, 41.62162], [-87.24886, 41.62166], [-87.24877, 41.62167], [-87.24872, 41.62166], [-87.2487, 41.62166], [-87.24866, 41.62167], [-87.24862, 41.62168], [-87.24844, 41.6217], [-87.24826, 41.62171], [-87.24808, 41.62172], [-87.24788, 41.62173], [-87.24772, 41.62173], [-87.24757, 41.62172], [-87.24735, 41.62176], [-87.24717, 41.62178], [-87.24708, 41.62178], [-87.24688, 41.62183], [-87.24683, 41.62183], [-87.24681, 41.62183], [-87.24669, 41.62184], [-87.2464, 41.62186], [-87.2462, 41.62188], [-87.24602, 41.62191], [-87.24584, 41.62194], [-87.24565, 41.62198], [-87.24558, 41.622], [-87.24541, 41.622], [-87.24535, 41.62201], [-87.24524, 41.62204], [-87.24517, 41.62204], [-87.24501, 41.62202], [-87.24488, 41.62201], [-87.24483, 41.62201], [-87.24472, 41.62203], [-87.24461, 41.62204], [-87.24449, 41.62204], [-87.24436, 41.62207], [-87.24427, 41.62208], [-87.24415, 41.62207], [-87.24404, 41.62206], [-87.24393, 41.62206], [-87.24382, 41.62209], [-87.2437, 41.62212], [-87.2436, 41.62214], [-87.24351, 41.62217], [-87.24342, 41.62221], [-87.24333, 41.62224], [-87.24322, 41.62225], [-87.24315, 41.62225], [-87.24296, 41.62222], [-87.24277, 41.62219], [-87.24269, 41.62219], [-87.24258, 41.62219], [-87.24249, 41.6222], [-87.24237, 41.62222], [-87.24223, 41.62224], [-87.24213, 41.62226], [-87.24203, 41.62229], [-87.24186, 41.6223], [-87.24165, 41.62231], [-87.24137, 41.62231], [-87.24122, 41.62231], [-87.2411, 41.62231], [-87.24091, 41.62233], [-87.24072, 41.62235], [-87.24064, 41.62237], [-87.24053, 41.6224], [-87.24035, 41.62243], [-87.24026, 41.62245], [-87.24009, 41.62246], [-87.23991, 41.62247], [-87.23974, 41.62247], [-87.23972, 41.62248], [-87.2396, 41.62249], [-87.23955, 41.62249], [-87.23943, 41.62249], [-87.23933, 41.62247], [-87.23924, 41.62247], [-87.23918, 41.62248], [-87.23915, 41.6225], [-87.23897, 41.62255], [-87.23884, 41.62259], [-87.23874, 41.62261], [-87.2386, 41.62263], [-87.23842, 41.62265], [-87.23833, 41.62265], [-87.23816, 41.62265], [-87.23806, 41.62268], [-87.23789, 41.62271], [-87.23766, 41.62271], [-87.23753, 41.62273], [-87.23742, 41.62273], [-87.2372, 41.62274], [-87.23704, 41.62274], [-87.23691, 41.62276], [-87.23667, 41.62279], [-87.23654, 41.62281], [-87.23642, 41.62283], [-87.23622, 41.62288], [-87.236, 41.62293], [-87.23573, 41.62293], [-87.23543, 41.62294], [-87.23535, 41.62296], [-87.23511, 41.623], [-87.235, 41.62303], [-87.23486, 41.62304], [-87.23464, 41.62305], [-87.23429, 41.62306], [-87.23399, 41.62307], [-87.23385, 41.62308], [-87.23365, 41.62313], [-87.23353, 41.62316], [-87.23341, 41.62317], [-87.2332, 41.62318], [-87.23292, 41.62319], [-87.23276, 41.62322], [-87.2327, 41.62322], [-87.23246, 41.62326], [-87.23223, 41.62327], [-87.23208, 41.62331], [-87.23187, 41.62332], [-87.23167, 41.62336], [-87.2316, 41.62337], [-87.23141, 41.6234], [-87.23136, 41.62341], [-87.23118, 41.62346], [-87.23103, 41.62348], [-87.2309, 41.62349], [-87.23085, 41.6235], [-87.23018, 41.62361], [-87.23014, 41.62363], [-87.22986, 41.62365], [-87.22969, 41.62367], [-87.22961, 41.62368], [-87.22892, 41.6237], [-87.22881, 41.62371], [-87.22861, 41.62375], [-87.22839, 41.6238], [-87.22819, 41.62385], [-87.2279, 41.62388], [-87.22784, 41.62388], [-87.22751, 41.62397], [-87.22732, 41.62401], [-87.22714, 41.62403], [-87.22682, 41.62404], [-87.22634, 41.62404], [-87.22601, 41.62405], [-87.22581, 41.62407], [-87.2256, 41.62411], [-87.22541, 41.62414], [-87.22516, 41.62417], [-87.22499, 41.62418], [-87.22479, 41.62424], [-87.22456, 41.62426], [-87.22428, 41.62427], [-87.22409, 41.62424], [-87.22394, 41.62428], [-87.22383, 41.62432], [-87.22372, 41.62436], [-87.22337, 41.62441], [-87.22265, 41.62411], [-87.22264, 41.62424], [-87.22264, 41.62443], [-87.22269, 41.62581], [-87.22287, 41.6309], [-87.22293, 41.6326], [-87.22252, 41.65608], [-87.2213, 41.72655], [-87.22089, 41.75004], [-87.22091, 41.75221], [-87.22098, 41.75872], [-87.221, 41.76089], [-87.25004, 41.76062], [-87.27681, 41.76054], [-87.37504, 41.76025], [-87.44423, 41.76034], [-87.50004, 41.76042], [-87.50004, 41.76036], [-87.50004, 41.76019], [-87.50004, 41.76014], [-87.50007, 41.76014], [-87.501, 41.76013], [-87.50193, 41.76012], [-87.50479, 41.76009], [-87.51894, 41.75995], [-87.52366, 41.75991], [-87.52389, 41.74277], [-87.52394, 41.73895], [-87.52399, 41.73513], [-87.52414, 41.72382], [-87.52415, 41.72313], [-87.52415, 41.72296], [-87.52415, 41.72244], [-87.52416, 41.72185], [-87.5242, 41.71951], [-87.52432, 41.71832]]]}}, {"type": "Feature", "properties": {"NAME": "Grand Calumet Riv", "MTFCC": "H3010", "AREAWATER": "68335"}, "geometry": {"type": "Polygon", "coordinates": [[[-87.49024, 41.61787], [-87.49036, 41.61799], [-87.49, 41.61631], [-87.48972, 41.61623], [-87.48965, 41.61633], [-87.4896, 41.61637], [-87.48948, 41.61643], [-87.48943, 41.61645], [-87.48926, 41.61657], [-87.48919, 41.6167], [-87.48914, 41.6169], [-87.48914, 41.61692], [-87.48912, 41.6171], [-87.48911, 41.61713], [-87.48908, 41.61722], [-87.48907, 41.61725], [-87.48892, 41.61726], [-87.48794, 41.61731], [-87.48354, 41.61713], [-87.4807, 41.61436], [-87.48071, 41.61457], [-87.48293, 41.6171], [-87.48592, 41.61852], [-87.48914, 41.61785], [-87.48939, 41.61786], [-87.48955, 41.61786], [-87.48959, 41.61786], [-87.48969, 41.61785], [-87.48973, 41.61785], [-87.48987, 41.61784], [-87.48993, 41.61784], [-87.49001, 41.61777], [-87.49013, 41.61776], [-87.49021, 41.61782], [-87.49024, 41.61787]]]}}, {"type": "Feature", "properties": {"NAME": "Indiana Harbor Cnl", "MTFCC": "H3020", "AREAWATER": "411225"}, "geometry": {"type": "Polygon", "coordinates": [[[-87.49729, 41.64699], [-87.49732, 41.64681], [-87.49727, 41.64659], [-87.49715, 41.64643], [-87.497, 41.64635], [-87.49435, 41.64642], [-87.49421, 41.64634], [-87.49408, 41.64631], [-87.49398, 41.64631], [-87.49374, 41.64636], [-87.4937, 41.64635], [-87.49367, 41.64628], [-87.49365, 41.64608], [-87.49362, 41.64602], [-87.49358, 41.64602], [-87.4935, 41.64602], [-87.49344, 41.64606], [-87.49339, 41.64617], [-87.49328, 41.64627], [-87.49317, 41.64629], [-87.49314, 41.64629], [-87.49141, 41.64644], [-87.49102, 41.64636], [-87.49073, 41.64626], [-87.49066, 41.64628], [-87.49057, 41.64634], [-87.49055, 41.6464], [-87.49047, 41.64645], [-87.49046, 41.64646], [-87.49023, 41.64648], [-87.49008, 41.64649], [-87.48999, 41.64647], [-87.48988, 41.64644], [-87.48965, 41.64641], [-87.48952, 41.64642], [-87.4893, 41.64648], [-87.48914, 41.64652], [-87.48907, 41.64652], [-87.48743, 41.64651], [-87.48252, 41.6465], [-87.48088, 41.64649], [-87.4808, 41.64649], [-87.47925, 41.64649], [-87.4755, 41.64647], [-87.47423, 41.64647], [-87.47313, 41.64647], [-87.47269, 41.64611], [-87.47253, 41.64618], [-87.47205, 41.64641], [-87.47189, 41.64648], [-87.47178, 41.64647], [-87.47145, 41.64645], [-87.47133, 41.64644], [-87.47129, 41.64625], [-87.47118, 41.64577], [-87.47122, 41.64566], [-87.47127, 41.64546], [-87.47155, 41.64559], [-87.47241, 41.64598], [-87.47269, 41.64611], [-87.47156, 41.64518], [-87.47156, 41.64511], [-87.47152, 41.64052], [-87.47152, 41.64032], [-87.47134, 41.64031], [-87.47134, 41.63982], [-87.47134, 41.63967], [-87.47153, 41.63959], [-87.47158, 41.63954], [-87.47162, 41.63936], [-87.47162, 41.63932], [-87.47163, 41.6393], [-87.47162, 41.63929], [-87.47162, 41.63924], [-87.47162, 41.63912], [-87.47158, 41.63907], [-87.47155, 41.63906], [-87.47149, 41.63903], [-87.47113, 41.63892], [-87.47095, 41.63897], [-87.47094, 41.63898], [-87.47091, 41.63898], [-87.47079, 41.63902], [-87.47078, 41.63907], [-87.47078, 41.63924], [-87.47078, 41.63929], [-87.47077, 41.63997], [-87.47074, 41.64113], [-87.4706, 41.64131], [-87.4706, 41.64132], [-87.47046, 41.64448], [-87.47061, 41.64472], [-87.47072, 41.64486], [-87.4708, 41.64502], [-87.47083, 41.64519], [-87.47074, 41.64658], [-87.47066, 41.64666], [-87.4701, 41.64707], [-87.46844, 41.6483], [-87.46836, 41.64835], [-87.46814, 41.64851], [-87.46807, 41.64857], [-87.46716, 41.64925], [-87.46687, 41.64946], [-87.46666, 41.64953], [-87.46649, 41.64957], [-87.46622, 41.64959], [-87.46599, 41.64958], [-87.4658, 41.64951], [-87.46535, 41.64919], [-87.46515, 41.64908], [-87.46504, 41.64905], [-87.46483, 41.64908], [-87.46444, 41.64924], [-87.46437, 41.64928], [-87.46427, 41.64951], [-87.4643, 41.64961], [-87.46433, 41.64972], [-87.4646, 41.65021], [-87.46463, 41.65032], [-87.46463, 41.65042], [-87.4646, 41.65054], [-87.46454, 41.65064], [-87.4645, 41.65071], [-87.46446, 41.65078], [-87.46442, 41.65084], [-87.4644, 41.65088], [-87.4643, 41.651], [-87.46412, 41.65117], [-87.46347, 41.6516], [-87.46302, 41.6519], [-87.46285, 41.65198], [-87.46237, 41.65213], [-87.46224, 41.65226], [-87.46201, 41.65255], [-87.46173, 41.65279], [-87.46161, 41.65289], [-87.46157, 41.6529], [-87.46145, 41.65298], [-87.46134, 41.65308], [-87.4613, 41.6531], [-87.461, 41.65334], [-87.46087, 41.65342], [-87.46085, 41.65345], [-87.46081, 41.65346], [-87.46079, 41.65349], [-87.46064, 41.6536], [-87.46051, 41.65365], [-87.46041, 41.65373], [-87.46026, 41.65379], [-87.46024, 41.65382], [-87.45992, 41.65398], [-87.45966, 41.65411], [-87.45941, 41.65428], [-87.45921, 41.65447], [-87.45883, 41.65491], [-87.45878, 41.65496], [-87.45825, 41.65539], [-87.45808, 41.65552], [-87.45803, 41.65559], [-87.45737, 41.65601], [-87.45703, 41.65618], [-87.4568, 41.65633], [-87.45657, 41.65645], [-87.45636, 41.65662], [-87.45624, 41.65672], [-87.45605, 41.65684], [-87.45576, 41.65708], [-87.4557, 41.65713], [-87.45565, 41.6572], [-87.45563, 41.65724], [-87.45565, 41.65733], [-87.45575, 41.65746], [-87.45587, 41.65753], [-87.45584, 41.65756], [-87.45571, 41.65767], [-87.45568, 41.65769], [-87.45556, 41.65772], [-87.45537, 41.65765], [-87.45528, 41.65765], [-87.45507, 41.65774], [-87.45497, 41.65779], [-87.45426, 41.65836], [-87.45345, 41.65896], [-87.45291, 41.65936], [-87.45246, 41.65963], [-87.45244, 41.65974], [-87.45257, 41.65995], [-87.45298, 41.66001], [-87.4532, 41.66003], [-87.45332, 41.65999], [-87.45346, 41.65987], [-87.45348, 41.65985], [-87.4535, 41.65983], [-87.45355, 41.65979], [-87.45358, 41.65978], [-87.45371, 41.65969], [-87.45404, 41.65944], [-87.45543, 41.65838], [-87.45587, 41.65805], [-87.45589, 41.65803], [-87.45576, 41.65791], [-87.45576, 41.6579], [-87.45578, 41.65785], [-87.45601, 41.65773], [-87.45616, 41.65771], [-87.45626, 41.65766], [-87.45632, 41.65763], [-87.45639, 41.65752], [-87.45658, 41.65733], [-87.45668, 41.65727], [-87.45669, 41.65724], [-87.45676, 41.6572], [-87.45678, 41.65717], [-87.45686, 41.65714], [-87.45686, 41.65711], [-87.45691, 41.6571], [-87.45698, 41.65703], [-87.45705, 41.65698], [-87.45715, 41.65693], [-87.45717, 41.65691], [-87.45753, 41.65667], [-87.45796, 41.65649], [-87.45835, 41.65625], [-87.4584, 41.65624], [-87.45848, 41.65617], [-87.45852, 41.65616], [-87.4588, 41.65598], [-87.45882, 41.65596], [-87.45903, 41.65587], [-87.45933, 41.65575], [-87.45942, 41.6557], [-87.45965, 41.65562], [-87.45976, 41.65556], [-87.45979, 41.65554], [-87.46098, 41.6548], [-87.46198, 41.65417], [-87.46237, 41.65385], [-87.46286, 41.6535], [-87.46421, 41.65276], [-87.4645, 41.65258], [-87.46461, 41.65249], [-87.46548, 41.6518], [-87.46554, 41.65174], [-87.46561, 41.65169], [-87.46567, 41.65164], [-87.46573, 41.65159], [-87.46579, 41.65154], [-87.46636, 41.65108], [-87.46657, 41.65091], [-87.46805, 41.64968], [-87.46815, 41.64955], [-87.46817, 41.64949], [-87.46823, 41.64934], [-87.46821, 41.64921], [-87.46816, 41.64908], [-87.46846, 41.64886], [-87.4685, 41.64883], [-87.46861, 41.64875], [-87.46864, 41.64873], [-87.47073, 41.64722], [-87.47115, 41.64692], [-87.47129, 41.64688], [-87.47156, 41.64686], [-87.47835, 41.64696], [-87.48081, 41.647], [-87.48088, 41.647], [-87.48251, 41.64702], [-87.48741, 41.6471], [-87.48845, 41.64711], [-87.48892, 41.64705], [-87.48904, 41.64705], [-87.4893, 41.64706], [-87.48952, 41.64707], [-87.49008, 41.64704], [-87.49014, 41.64704], [-87.4903, 41.64707], [-87.49034, 41.64709], [-87.4904, 41.64712], [-87.49047, 41.64712], [-87.49051, 41.64713], [-87.49187, 41.64714], [-87.49211, 41.64708], [-87.49239, 41.64708], [-87.49258, 41.64708], [-87.49306, 41.64718], [-87.49335, 41.64717], [-87.49555, 41.64715], [-87.49577, 41.64706], [-87.4959, 41.64704], [-87.4961, 41.64707], [-87.49629, 41.64714], [-87.49648, 41.64719], [-87.49676, 41.64719], [-87.49702, 41.64716], [-87.49717, 41.64711], [-87.49729, 41.64699]]]}}, {"type": "Feature", "properties": {"NAME": null, "MTFCC": "H2030", "AREAWATER": "100211"}, "geometry": {"type": "Polygon", "coordinates": [[[-87.45157, 41.66136], [-87.45181, 41.66039], [-87.45122, 41.66048], [-87.4494, 41.66179], [-87.44393, 41.66573], [-87.44216, 41.66701], [-87.44263, 41.6673], [-87.443, 41.66755], [-87.44294, 41.66771], [-87.44466, 41.66644], [-87.44984, 41.66263], [-87.45157, 41.66136]]]}}, {"type": "Feature", "properties": {"NAME": "Big Bend Lk", "MTFCC": "H2030", "AREAWATER": "97411"}, "geometry": {"type": "Polygon", "coordinates": [[[-87.8796, 42.05165], [-87.87957, 42.05144], [-87.8793, 42.05108], [-87.8792, 42.05094], [-87.87891, 42.05076], [-87.87877, 42.05058], [-87.87857, 42.05042], [-87.87836, 42.05032], [-87.87769, 42.05009], [-87.87741, 42.04992], [-87.87731, 42.04982], [-87.87718, 42.04974], [-87.87703, 42.04958], [-87.87692, 42.04953], [-87.87679, 42.04952], [-87.87655, 42.04954], [-87.87642, 42.04959], [-87.87628, 42.04964], [-87.87613, 42.04968], [-87.876, 42.04966], [-87.87579, 42.04958], [-87.87602, 42.04984], [-87.87589, 42.04994], [-87.87583, 42.04998], [-87.87572, 42.05009], [-87.87552, 42.05029], [-87.87543, 42.05041], [-87.87539, 42.0505], [-87.87537, 42.05061], [-87.87534, 42.05086], [-87.87532, 42.05091], [-87.87526, 42.05095], [-87.87478, 42.05114], [-87.87467, 42.05119], [-87.87464, 42.05123], [-87.87464, 42.05126], [-87.87468, 42.05129], [-87.87478, 42.05131], [-87.87491, 42.0513], [-87.87524, 42.05135], [-87.8755, 42.05155], [-87.87588, 42.05187], [-87.87599, 42.05213], [-87.87591, 42.05228], [-87.87588, 42.05233], [-87.87565, 42.05246], [-87.87541, 42.05253], [-87.87519, 42.05255], [-87.87508, 42.05256], [-87.87467, 42.05242], [-87.87404, 42.05202], [-87.87383, 42.0518], [-87.87373, 42.05158], [-87.87378, 42.05142], [-87.87384, 42.05138], [-87.87393, 42.05134], [-87.87411, 42.0513], [-87.87416, 42.05123], [-87.87409, 42.05117], [-87.87397, 42.05115], [-87.87343, 42.05131], [-87.87331, 42.05138], [-87.87329, 42.05155], [-87.87335, 42.05167], [-87.87353, 42.05196], [-87.87373, 42.05219], [-87.87393, 42.05231], [-87.87433, 42.0525], [-87.87461, 42.05253], [-87.87472, 42.05258], [-87.87488, 42.05277], [-87.87507, 42.05288], [-87.87525, 42.05297], [-87.87551, 42.05299], [-87.87621, 42.05285], [-87.87652, 42.05277], [-87.87673, 42.0527], [-87.87724, 42.05258], [-87.87748, 42.05249], [-87.87769, 42.05237], [-87.87785, 42.05232], [-87.87821, 42.0523], [-87.87843, 42.05231], [-87.87879, 42.05226], [-87.87902, 42.05227], [-87.8792, 42.05222], [-87.87935, 42.05212], [-87.87946, 42.05201], [-87.87948, 42.05199], [-87.87955, 42.05188], [-87.8796, 42.05165]]]}}, {"type": "Feature", "properties": {"NAME": "Wolf Lk", "MTFCC": "H2030", "AREAWATER": "320516"}, "geometry": {"type": "Polygon", "coordinates": [[[-87.52989, 41.65921], [-87.52978, 41.65893], [-87.52966, 41.65888], [-87.52961, 41.65888], [-87.52915, 41.6591], [-87.52899, 41.65921], [-87.52833, 41.65965], [-87.52772, 41.66007], [-87.52617, 41.66045], [-87.52561, 41.66058], [-87.52548, 41.66565], [-87.52562, 41.67234], [-87.52901, 41.66658], [-87.52928, 41.66594], [-87.52924, 41.65923], [-87.52924, 41.65921], [-87.52989, 41.65921]]]}}, {"type": "Feature", "properties": {"NAME": "Indiana Hbr", "MTFCC": "H2030", "AREAWATER": "1765722"}, "geometry": {"type": "Polygon", "coordinates": [[[-87.45546, 41.67436], [-87.45552, 41.67414], [-87.45544, 41.67411], [-87.45444, 41.67413], [-87.45419, 41.67407], [-87.45408, 41.67398], [-87.4541, 41.67396], [-87.45422, 41.67395], [-87.45477, 41.67402], [-87.4553, 41.67403], [-87.45545, 41.67399], [-87.45546, 41.67397], [-87.45545, 41.67394], [-87.45507, 41.67362], [-87.45494, 41.67354], [-87.45487, 41.67353], [-87.45471, 41.67356], [-87.45438, 41.67336], [-87.45425, 41.67331], [-87.45404, 41.67327], [-87.45362, 41.6732], [-87.45337, 41.67322], [-87.45323, 41.67327], [-87.45318, 41.67349], [-87.45318, 41.6737], [-87.45314, 41.67378], [-87.45306, 41.67385], [-87.45299, 41.67387], [-87.45271, 41.67392], [-87.45268, 41.67395], [-87.45186, 41.67426], [-87.45156, 41.67445], [-87.45093, 41.67474], [-87.45076, 41.67488], [-87.45072, 41.67489], [-87.45072, 41.67492], [-87.45066, 41.67496], [-87.45056, 41.67501], [-87.45022, 41.6751], [-87.44973, 41.67517], [-87.44952, 41.67523], [-87.44925, 41.67536], [-87.44895, 41.67557], [-87.44869, 41.67569], [-87.44773, 41.67593], [-87.4476, 41.67593], [-87.44733, 41.67599], [-87.44667, 41.67627], [-87.44589, 41.6764], [-87.44581, 41.67642], [-87.44563, 41.6765], [-87.44531, 41.67668], [-87.44508, 41.67688], [-87.44495, 41.67695], [-87.44443, 41.67714], [-87.44409, 41.67722], [-87.44248, 41.67309], [-87.44227, 41.67263], [-87.44238, 41.6716], [-87.44242, 41.67119], [-87.44261, 41.6694], [-87.44269, 41.66869], [-87.44274, 41.66822], [-87.44294, 41.66771], [-87.443, 41.66755], [-87.44263, 41.6673], [-87.44216, 41.66701], [-87.44203, 41.66692], [-87.44121, 41.66705], [-87.43903, 41.66536], [-87.43839, 41.66485], [-87.43808, 41.66462], [-87.43511, 41.66703], [-87.43483, 41.66726], [-87.43374, 41.66814], [-87.43434, 41.66892], [-87.43473, 41.66947], [-87.43493, 41.66971], [-87.43519, 41.66997], [-87.43531, 41.67011], [-87.43557, 41.67047], [-87.43596, 41.67104], [-87.43614, 41.67116], [-87.43642, 41.67193], [-87.43661, 41.67244], [-87.43702, 41.67357], [-87.43737, 41.6745], [-87.4379, 41.67593], [-87.4384, 41.67729], [-87.43885, 41.67854], [-87.43925, 41.67961], [-87.43933, 41.67959], [-87.43943, 41.67957], [-87.43949, 41.67955], [-87.43957, 41.67952], [-87.43965, 41.6795], [-87.43973, 41.67949], [-87.43982, 41.67943], [-87.43988, 41.67938], [-87.43994, 41.67935], [-87.44, 41.67935], [-87.44009, 41.67938], [-87.44019, 41.67938], [-87.44029, 41.67939], [-87.44039, 41.67938], [-87.44049, 41.67937], [-87.44053, 41.67946], [-87.44056, 41.67954], [-87.44032, 41.67958], [-87.43945, 41.68014], [-87.43923, 41.68028], [-87.43725, 41.68154], [-87.43676, 41.68185], [-87.4366, 41.68197], [-87.43639, 41.68206], [-87.4356, 41.6822], [-87.43534, 41.6823], [-87.43518, 41.68239], [-87.43515, 41.68241], [-87.4301, 41.68666], [-87.4274, 41.68885], [-87.42725, 41.68903], [-87.42685, 41.68928], [-87.42666, 41.68936], [-87.42627, 41.68959], [-87.42585, 41.68978], [-87.42488, 41.69007], [-87.42654, 41.6898], [-87.42751, 41.68964], [-87.437, 41.6874], [-87.44665, 41.68506], [-87.44927, 41.68442], [-87.44911, 41.68436], [-87.44894, 41.68424], [-87.44868, 41.6841], [-87.4484, 41.68402], [-87.44799, 41.68397], [-87.44783, 41.68393], [-87.44738, 41.68378], [-87.44719, 41.68367], [-87.44711, 41.6836], [-87.44702, 41.68355], [-87.44681, 41.68333], [-87.44666, 41.6831], [-87.44643, 41.68261], [-87.44635, 41.68229], [-87.44624, 41.68201], [-87.44582, 41.68127], [-87.44573, 41.68084], [-87.44577, 41.68063], [-87.44581, 41.68052], [-87.4458, 41.68047], [-87.44563, 41.67996], [-87.44549, 41.68], [-87.4454, 41.68], [-87.44532, 41.67996], [-87.44531, 41.67988], [-87.44533, 41.67961], [-87.44529, 41.67955], [-87.44513, 41.67938], [-87.44508, 41.67926], [-87.44506, 41.67909], [-87.44495, 41.67874], [-87.44484, 41.67855], [-87.44478, 41.67836], [-87.44476, 41.67811], [-87.44485, 41.67784], [-87.445, 41.67764], [-87.44514, 41.67754], [-87.44526, 41.67742], [-87.44533, 41.67738], [-87.44535, 41.67735], [-87.4456, 41.67715], [-87.44598, 41.67692], [-87.44612, 41.67681], [-87.44667, 41.6766], [-87.44684, 41.67648], [-87.44703, 41.67642], [-87.44738, 41.67636], [-87.44748, 41.67632], [-87.44749, 41.6763], [-87.4477, 41.67623], [-87.44792, 41.67621], [-87.44817, 41.67623], [-87.44837, 41.67622], [-87.44848, 41.67617], [-87.44869, 41.67603], [-87.44889, 41.67595], [-87.44957, 41.67582], [-87.44975, 41.67577], [-87.44998, 41.67573], [-87.45102, 41.67531], [-87.45194, 41.67487], [-87.4525, 41.67468], [-87.45305, 41.67457], [-87.45343, 41.67459], [-87.45367, 41.67455], [-87.45377, 41.67455], [-87.45419, 41.67459], [-87.4543, 41.67455], [-87.45444, 41.67448], [-87.45462, 41.67425], [-87.45472, 41.67426], [-87.45482, 41.67441], [-87.45495, 41.67449], [-87.45511, 41.67451], [-87.4553, 41.67448], [-87.45543, 41.67442], [-87.45546, 41.67436]]]}}, {"type": "Feature", "properties": {"NAME": "Flatfoot Lk", "MTFCC": "H2030", "AREAWATER": "75887"}, "geometry": {"type": "Polygon", "coordinates": [[[-87.58678, 41.6525], [-87.58681, 41.65234], [-87.58673, 41.65212], [-87.58656, 41.65188], [-87.5865, 41.65175], [-87.58632, 41.65154], [-87.58629, 41.65151], [-87.5862, 41.65138], [-87.58615, 41.65134], [-87.586, 41.65106], [-87.5857, 41.65066], [-87.58557, 41.65034], [-87.58544, 41.65026], [-87.58528, 41.65022], [-87.58503, 41.65005], [-87.58497, 41.6499], [-87.58498, 41.64971], [-87.58497, 41.64958], [-87.58493, 41.64945], [-87.58488, 41.64921], [-87.58484, 41.64915], [-87.58453, 41.64885], [-87.5842, 41.64859], [-87.58413, 41.64857], [-87.58386, 41.64834], [-87.58382, 41.64833], [-87.58363, 41.64815], [-87.58354, 41.64801], [-87.58333, 41.64779], [-87.58303, 41.64764], [-87.58301, 41.64761], [-87.58294, 41.64758], [-87.58293, 41.64757], [-87.58284, 41.6475], [-87.58256, 41.64715], [-87.5824, 41.64685], [-87.58233, 41.64676], [-87.58224, 41.6467], [-87.58213, 41.64668], [-87.58209, 41.64669], [-87.58171, 41.6469], [-87.58153, 41.64708], [-87.58141, 41.64724], [-87.58141, 41.6474], [-87.58145, 41.6475], [-87.5815, 41.64756], [-87.58163, 41.64762], [-87.58175, 41.64772], [-87.58193, 41.64799], [-87.58195, 41.64815], [-87.58201, 41.64825], [-87.58213, 41.64834], [-87.58229, 41.64841], [-87.58243, 41.64853], [-87.58253, 41.64871], [-87.58257, 41.64878], [-87.58266, 41.64902], [-87.58267, 41.64904], [-87.58271, 41.64909], [-87.58278, 41.64916], [-87.58287, 41.64923], [-87.583, 41.64931], [-87.58303, 41.64932], [-87.58313, 41.64938], [-87.58321, 41.64942], [-87.58327, 41.64939], [-87.58319, 41.64927], [-87.58275, 41.64886], [-87.58269, 41.64877], [-87.58271, 41.6487], [-87.58275, 41.6487], [-87.58292, 41.64876], [-87.58306, 41.64891], [-87.58316, 41.64898], [-87.58333, 41.64918], [-87.58348, 41.64944], [-87.58357, 41.64952], [-87.58361, 41.64963], [-87.58368, 41.64962], [-87.58368, 41.64959], [-87.58361, 41.64946], [-87.58353, 41.64917], [-87.58355, 41.64912], [-87.58362, 41.6491], [-87.58367, 41.64915], [-87.5838, 41.64929], [-87.58405, 41.64966], [-87.58425, 41.64995], [-87.58448, 41.65039], [-87.58494, 41.6515], [-87.58501, 41.65178], [-87.58509, 41.65194], [-87.58526, 41.65249], [-87.58529, 41.65265], [-87.58539, 41.65282], [-87.58547, 41.65289], [-87.58571, 41.65297], [-87.58591, 41.653], [-87.58605, 41.653], [-87.58633, 41.65296], [-87.58644, 41.65293], [-87.5867, 41.65268], [-87.58678, 41.6525]]]}}, {"type": "Feature", "properties": {"NAME": "South Lagoon", "MTFCC": "H2030", "AREAWATER": "67945"}, "geometry": {"type": "Polygon", "coordinates": [[[-87.57902, 41.7792], [-87.57904, 41.77905], [-87.57901, 41.77899], [-87.57899, 41.77897], [-87.57867, 41.77868], [-87.57865, 41.77864], [-87.57857, 41.77849], [-87.57848, 41.77788], [-87.57849, 41.77771], [-87.57851, 41.77762], [-87.57853, 41.77753], [-87.57853, 41.77749], [-87.57851, 41.77746], [-87.57848, 41.77744], [-87.57842, 41.7774], [-87.57839, 41.77738], [-87.57837, 41.77729], [-87.57837, 41.77723], [-87.57834, 41.77717], [-87.57831, 41.77713], [-87.57827, 41.7771], [-87.57816, 41.77708], [-87.57812, 41.77708], [-87.57804, 41.77706], [-87.57795, 41.77706], [-87.57793, 41.77704], [-87.57789, 41.77703], [-87.57777, 41.77698], [-87.57767, 41.77693], [-87.5776, 41.77687], [-87.57756, 41.7768], [-87.57754, 41.77672], [-87.57754, 41.77665], [-87.57756, 41.77656], [-87.57761, 41.77651], [-87.57764, 41.7765], [-87.57768, 41.77651], [-87.57774, 41.77655], [-87.5778, 41.77663], [-87.57783, 41.77665], [-87.57788, 41.77665], [-87.57794, 41.77662], [-87.57797, 41.7766], [-87.57804, 41.77652], [-87.57806, 41.77649], [-87.57804, 41.77645], [-87.57791, 41.77634], [-87.57775, 41.77626], [-87.57759, 41.77621], [-87.57755, 41.77619], [-87.57748, 41.77617], [-87.57743, 41.77616], [-87.5774, 41.77616], [-87.57731, 41.77613], [-87.57718, 41.77611], [-87.57692, 41.77605], [-87.5768, 41.77604], [-87.57667, 41.77603], [-87.57662, 41.77603], [-87.57647, 41.77603], [-87.57603, 41.77572], [-87.5754, 41.77571], [-87.57513, 41.7757], [-87.57519, 41.77594], [-87.5754, 41.77592], [-87.57555, 41.77599], [-87.57568, 41.7761], [-87.57577, 41.77622], [-87.5759, 41.77638], [-87.57595, 41.77643], [-87.57626, 41.77679], [-87.5763, 41.77684], [-87.57633, 41.77686], [-87.5764, 41.777], [-87.57648, 41.77721], [-87.57664, 41.77739], [-87.57666, 41.77742], [-87.57669, 41.77753], [-87.57668, 41.77757], [-87.57664, 41.77765], [-87.5766, 41.77772], [-87.5766, 41.77775], [-87.57661, 41.77789], [-87.57664, 41.77796], [-87.5767, 41.77805], [-87.57676, 41.77812], [-87.57682, 41.77816], [-87.57686, 41.77817], [-87.57694, 41.77822], [-87.5771, 41.77828], [-87.57717, 41.77831], [-87.57729, 41.7784], [-87.57731, 41.77843], [-87.57733, 41.77847], [-87.57733, 41.77853], [-87.57725, 41.77865], [-87.57723, 41.77871], [-87.57713, 41.77885], [-87.57711, 41.77888], [-87.57699, 41.77908], [-87.57694, 41.77918], [-87.57691, 41.77932], [-87.57683, 41.77947], [-87.57679, 41.77955], [-87.57675, 41.77959], [-87.57671, 41.77961], [-87.57656, 41.77963], [-87.57652, 41.77965], [-87.57649, 41.77968], [-87.57647, 41.7798], [-87.57642, 41.77989], [-87.57639, 41.77996], [-87.57639, 41.78002], [-87.57642, 41.78005], [-87.57651, 41.7801], [-87.57654, 41.7801], [-87.57661, 41.78014], [-87.57667, 41.78016], [-87.57679, 41.78016], [-87.57705, 41.78011], [-87.57712, 41.78011], [-87.57746, 41.78002], [-87.5775, 41.78], [-87.57758, 41.77998], [-87.57762, 41.77996], [-87.57772, 41.77994], [-87.57783, 41.77989], [-87.57793, 41.77987], [-87.57802, 41.77986], [-87.57822, 41.77988], [-87.57825, 41.77989], [-87.57833, 41.77995], [-87.57843, 41.78009], [-87.57863, 41.77983], [-87.5787, 41.77973], [-87.5787, 41.77965], [-87.57872, 41.77953], [-87.57875, 41.7795], [-87.57876, 41.77947], [-87.57881, 41.7794], [-87.57902, 41.7792]]]}}, {"type": "Feature", "properties": {"NAME": null, "MTFCC": "H2030", "AREAWATER": "72328"}, "geometry": {"type": "Polygon", "coordinates": [[[-88.07278, 41.80415], [-88.07279, 41.8041], [-88.07273, 41.80409], [-88.07261, 41.80404], [-88.07248, 41.804], [-88.07236, 41.80393], [-88.07214, 41.80381], [-88.07201, 41.80377], [-88.07188, 41.8037], [-88.07169, 41.80362], [-88.07129, 41.80353], [-88.07109, 41.80349], [-88.07095, 41.80345], [-88.07077, 41.80336], [-88.07058, 41.80325], [-88.07008, 41.80294], [-88.06939, 41.80254], [-88.06916, 41.80242], [-88.06911, 41.80238], [-88.06907, 41.80232], [-88.06904, 41.80224], [-88.06902, 41.80216], [-88.06899, 41.80207], [-88.06899, 41.80202], [-88.069, 41.802], [-88.069, 41.80196], [-88.069, 41.80192], [-88.06899, 41.80189], [-88.06898, 41.80184], [-88.06897, 41.80179], [-88.06897, 41.80178], [-88.06896, 41.80173], [-88.06895, 41.80171], [-88.06892, 41.80163], [-88.06889, 41.80146], [-88.06887, 41.80128], [-88.06882, 41.80103], [-88.0688, 41.80088], [-88.06878, 41.80079], [-88.06877, 41.80073], [-88.06874, 41.80068], [-88.06872, 41.80067], [-88.06862, 41.80054], [-88.06833, 41.80025], [-88.0682, 41.80013], [-88.06804, 41.80001], [-88.06797, 41.79997], [-88.06779, 41.79988], [-88.0677, 41.79985], [-88.06762, 41.7998], [-88.0674, 41.7997], [-88.06731, 41.79967], [-88.06715, 41.79957], [-88.06709, 41.79954], [-88.06686, 41.79942], [-88.06677, 41.79939], [-88.0667, 41.79935], [-88.06663, 41.79932], [-88.06649, 41.79925], [-88.06632, 41.79912], [-88.0663, 41.7991], [-88.06624, 41.79905], [-88.06621, 41.79903], [-88.06619, 41.799], [-88.06616, 41.79892], [-88.06615, 41.79875], [-88.06616, 41.79867], [-88.06616, 41.79864], [-88.06617, 41.79855], [-88.06619, 41.79844], [-88.0662, 41.7984], [-88.06621, 41.79835], [-88.06623, 41.79823], [-88.06617, 41.79817], [-88.06612, 41.79808], [-88.06608, 41.79802], [-88.06601, 41.79798], [-88.06595, 41.79795], [-88.06585, 41.79792], [-88.06575, 41.79791], [-88.06564, 41.79789], [-88.06551, 41.79789], [-88.0654, 41.79789], [-88.0653, 41.79789], [-88.06506, 41.7979], [-88.06496, 41.79792], [-88.06486, 41.79792], [-88.06459, 41.79791], [-88.06449, 41.7979], [-88.06438, 41.79789], [-88.06415, 41.79786], [-88.06372, 41.79783], [-88.06343, 41.7978], [-88.06334, 41.79779], [-88.06319, 41.79777], [-88.06292, 41.79775], [-88.06253, 41.7977], [-88.06236, 41.79769], [-88.06229, 41.79768], [-88.06187, 41.79763], [-88.06179, 41.79763], [-88.06162, 41.79762], [-88.06147, 41.7976], [-88.06075, 41.7975], [-88.06057, 41.79748], [-88.05999, 41.79741], [-88.05987, 41.79737], [-88.05984, 41.79736], [-88.05979, 41.79735], [-88.05962, 41.79726], [-88.05956, 41.79722], [-88.05927, 41.79705], [-88.05912, 41.79694], [-88.05883, 41.79678], [-88.05871, 41.79669], [-88.05859, 41.79661], [-88.05842, 41.79651], [-88.05821, 41.79635], [-88.05799, 41.79618], [-88.05795, 41.79617], [-88.05788, 41.79615], [-88.05708, 41.79586], [-88.05688, 41.79579], [-88.05679, 41.79576], [-88.05638, 41.79561], [-88.05615, 41.79553], [-88.05613, 41.79553], [-88.05607, 41.79551], [-88.05599, 41.79549], [-88.05592, 41.79549], [-88.05575, 41.7955], [-88.05559, 41.7955], [-88.05505, 41.7955], [-88.05485, 41.79552], [-88.05472, 41.79552], [-88.05458, 41.79552], [-88.05446, 41.79556], [-88.0544, 41.79553], [-88.05437, 41.79553], [-88.05427, 41.79552], [-88.05414, 41.7955], [-88.05402, 41.79548], [-88.05385, 41.79541], [-88.05364, 41.7953], [-88.05338, 41.79521], [-88.05317, 41.79517], [-88.05306, 41.79517], [-88.05297, 41.79515], [-88.05288, 41.79514], [-88.05274, 41.79514], [-88.05261, 41.79516], [-88.05235, 41.79517], [-88.0523, 41.79517], [-88.05222, 41.79517], [-88.05217, 41.79516], [-88.05206, 41.79513], [-88.05121, 41.79485], [-88.05115, 41.79484], [-88.05102, 41.79479], [-88.05061, 41.79462], [-88.05048, 41.79457], [-88.05032, 41.79452], [-88.0501, 41.79444], [-88.04986, 41.79439], [-88.04935, 41.79429], [-88.04915, 41.79426], [-88.04902, 41.79423], [-88.04893, 41.79422], [-88.04803, 41.79404], [-88.0479, 41.79403], [-88.04777, 41.79401], [-88.04741, 41.7939], [-88.04725, 41.79387], [-88.04687, 41.79376], [-88.04647, 41.79368], [-88.04624, 41.79362], [-88.04616, 41.79362], [-88.04602, 41.79358], [-88.04582, 41.79354], [-88.04568, 41.79351], [-88.04536, 41.79345], [-88.04494, 41.79332], [-88.04449, 41.7932], [-88.04425, 41.79313], [-88.04408, 41.79308], [-88.04388, 41.79302], [-88.04367, 41.79296], [-88.04342, 41.79289], [-88.04315, 41.79281], [-88.04302, 41.79278], [-88.04291, 41.79274], [-88.0428, 41.7927], [-88.04279, 41.79269], [-88.04269, 41.79259], [-88.04265, 41.79256], [-88.04252, 41.79249], [-88.04245, 41.79244], [-88.04239, 41.79243], [-88.04232, 41.79242], [-88.04189, 41.79242], [-88.04173, 41.79243], [-88.04133, 41.79243], [-88.04128, 41.79244], [-88.04124, 41.79244], [-88.04112, 41.79245], [-88.04096, 41.79245], [-88.04086, 41.79243], [-88.04058, 41.79237], [-88.04041, 41.79232], [-88.03982, 41.79211], [-88.03959, 41.79205], [-88.03917, 41.7919], [-88.03915, 41.7919], [-88.03903, 41.79185], [-88.03892, 41.79182], [-88.03875, 41.79177], [-88.03869, 41.79177], [-88.03862, 41.79178], [-88.03852, 41.79182], [-88.03826, 41.79194], [-88.03812, 41.79201], [-88.03802, 41.79205], [-88.03794, 41.79205], [-88.03786, 41.79206], [-88.03782, 41.79206], [-88.03769, 41.79208], [-88.0376, 41.7921], [-88.03747, 41.79212], [-88.03715, 41.79224], [-88.03704, 41.79225], [-88.03685, 41.79224], [-88.03676, 41.79222], [-88.03654, 41.79219], [-88.03652, 41.79218], [-88.03644, 41.79218], [-88.03635, 41.79218], [-88.03627, 41.79219], [-88.03617, 41.79222], [-88.036, 41.79225], [-88.03583, 41.79232], [-88.03565, 41.79234], [-88.03554, 41.79231], [-88.03544, 41.79227], [-88.03539, 41.79223], [-88.03535, 41.79217], [-88.03534, 41.79208], [-88.03534, 41.79195], [-88.03535, 41.79189], [-88.03534, 41.79184], [-88.03529, 41.79178], [-88.03523, 41.79172], [-88.03521, 41.79167], [-88.03514, 41.79162], [-88.03513, 41.79156], [-88.03507, 41.79152], [-88.03482, 41.79141], [-88.03457, 41.79128], [-88.03445, 41.79124], [-88.0341, 41.79122], [-88.03378, 41.79116], [-88.03359, 41.79115], [-88.03342, 41.79116], [-88.03329, 41.79116], [-88.03314, 41.79114], [-88.03292, 41.79116], [-88.03279, 41.79116], [-88.0327, 41.79119], [-88.03255, 41.79126], [-88.03245, 41.79129], [-88.03238, 41.7913], [-88.03222, 41.79131], [-88.03214, 41.7913], [-88.03205, 41.79128], [-88.03185, 41.79125], [-88.03165, 41.79123], [-88.03098, 41.79108], [-88.03074, 41.79103], [-88.03055, 41.79097], [-88.03039, 41.79094], [-88.03016, 41.79091], [-88.02992, 41.79085], [-88.02979, 41.79077], [-88.02972, 41.79073], [-88.02965, 41.79071], [-88.0296, 41.79068], [-88.02951, 41.79061], [-88.02949, 41.7906], [-88.02932, 41.79059], [-88.02924, 41.7906], [-88.02921, 41.79059], [-88.02919, 41.79058], [-88.02913, 41.79061], [-88.02912, 41.79063], [-88.02902, 41.79071], [-88.02898, 41.79078], [-88.02897, 41.79082], [-88.0289, 41.79098], [-88.02883, 41.79125], [-88.02877, 41.79145], [-88.02866, 41.79158], [-88.02851, 41.79173], [-88.02848, 41.79173], [-88.02846, 41.79175], [-88.02839, 41.79182], [-88.02835, 41.79189], [-88.02832, 41.79196], [-88.02829, 41.79228], [-88.02829, 41.79233], [-88.02833, 41.79255], [-88.02837, 41.79294], [-88.02838, 41.79297], [-88.02841, 41.79318], [-88.0285, 41.7935], [-88.02853, 41.79355], [-88.02854, 41.79361], [-88.02855, 41.79367], [-88.02854, 41.79373], [-88.02853, 41.79379], [-88.02851, 41.79385], [-88.02847, 41.7939], [-88.02844, 41.79396], [-88.02842, 41.79402], [-88.02842, 41.79408], [-88.02842, 41.79415], [-88.02845, 41.79428], [-88.02847, 41.79434], [-88.02848, 41.79438], [-88.02847, 41.79442], [-88.02846, 41.79445], [-88.02841, 41.79449], [-88.02833, 41.79453], [-88.02824, 41.79457], [-88.02809, 41.79463], [-88.02793, 41.79468], [-88.02783, 41.7947], [-88.0278, 41.7947], [-88.02771, 41.79473], [-88.02761, 41.79476], [-88.02758, 41.79475], [-88.02744, 41.79481], [-88.0273, 41.79485], [-88.02716, 41.7949], [-88.02708, 41.79494], [-88.02689, 41.79505], [-88.02676, 41.79511], [-88.02669, 41.79513], [-88.02655, 41.79516], [-88.02636, 41.79517], [-88.02603, 41.79518], [-88.02579, 41.79517], [-88.02574, 41.79517], [-88.02568, 41.79515], [-88.02566, 41.79514], [-88.02558, 41.79509], [-88.02544, 41.795], [-88.02528, 41.7949], [-88.02521, 41.79488], [-88.02517, 41.79484], [-88.02515, 41.79481], [-88.02495, 41.79467], [-88.0249, 41.79463], [-88.02487, 41.79458], [-88.02484, 41.79453], [-88.02481, 41.79446], [-88.02465, 41.79415], [-88.02462, 41.79411], [-88.02449, 41.79398], [-88.02444, 41.79395], [-88.02439, 41.79393], [-88.02413, 41.79387], [-88.02402, 41.79386], [-88.02375, 41.7938], [-88.02373, 41.7938], [-88.02355, 41.79378], [-88.02345, 41.79378], [-88.02326, 41.79379], [-88.02295, 41.79381], [-88.02279, 41.79381], [-88.02273, 41.7938], [-88.02263, 41.79381], [-88.02251, 41.79383], [-88.02239, 41.79382], [-88.02229, 41.79377], [-88.02227, 41.79375], [-88.02222, 41.79376], [-88.02218, 41.7937], [-88.02211, 41.79367], [-88.02205, 41.79365], [-88.022, 41.79363], [-88.02193, 41.79359], [-88.02187, 41.79357], [-88.02178, 41.79354], [-88.02169, 41.79346], [-88.02153, 41.7934], [-88.02143, 41.79335], [-88.0213, 41.79328], [-88.02125, 41.79325], [-88.02117, 41.7932], [-88.02112, 41.79316], [-88.02107, 41.79314], [-88.021, 41.7931], [-88.02089, 41.79307], [-88.02086, 41.79306], [-88.0208, 41.79305], [-88.0207, 41.79302], [-88.02063, 41.793], [-88.02058, 41.79297], [-88.02052, 41.79295], [-88.02046, 41.79295], [-88.02042, 41.79294], [-88.02044, 41.79298], [-88.02039, 41.79298], [-88.02036, 41.79298], [-88.02031, 41.79296], [-88.02022, 41.79292], [-88.02017, 41.79291], [-88.02012, 41.79291], [-88.02008, 41.79289], [-88.02006, 41.79287], [-88.02, 41.79289], [-88.01997, 41.7929], [-88.01992, 41.79292], [-88.01988, 41.79296], [-88.01983, 41.79302], [-88.01983, 41.79304], [-88.01983, 41.79307], [-88.0198, 41.79309], [-88.01974, 41.79314], [-88.01964, 41.79319], [-88.0196, 41.79323], [-88.01956, 41.79324], [-88.01953, 41.79327], [-88.0195, 41.7933], [-88.01947, 41.79334], [-88.01944, 41.79336], [-88.01934, 41.79349], [-88.01929, 41.79352], [-88.01922, 41.79356], [-88.01914, 41.79359], [-88.01907, 41.7936], [-88.019, 41.79361], [-88.01895, 41.79361], [-88.0189, 41.7936], [-88.01874, 41.79358], [-88.01871, 41.79358], [-88.01869, 41.79359], [-88.01865, 41.79359], [-88.01862, 41.79359], [-88.01857, 41.79358], [-88.01851, 41.79357], [-88.01842, 41.79357], [-88.01838, 41.79358], [-88.01827, 41.79356], [-88.01828, 41.79354], [-88.01824, 41.79353], [-88.01816, 41.79352], [-88.01808, 41.79351], [-88.01797, 41.79352], [-88.0179, 41.79352], [-88.01783, 41.79351], [-88.01779, 41.79348], [-88.01775, 41.79347], [-88.01767, 41.79346], [-88.01762, 41.79345], [-88.01755, 41.79342], [-88.01753, 41.7934], [-88.01752, 41.79336], [-88.01746, 41.79333], [-88.0174, 41.79331], [-88.01727, 41.7933], [-88.01722, 41.79328], [-88.01715, 41.79319], [-88.01714, 41.79316], [-88.01713, 41.79312], [-88.01713, 41.79309], [-88.01711, 41.79311], [-88.01711, 41.79315], [-88.01713, 41.79321], [-88.01719, 41.79328], [-88.0172, 41.7933], [-88.01712, 41.79333], [-88.01704, 41.7934], [-88.01697, 41.79353], [-88.01694, 41.79356], [-88.01689, 41.79357], [-88.01675, 41.79361], [-88.01653, 41.79365], [-88.01645, 41.79366], [-88.01634, 41.79368], [-88.01617, 41.79371], [-88.01606, 41.79373], [-88.01599, 41.79374], [-88.0159, 41.79377], [-88.01581, 41.79379], [-88.0156, 41.79382], [-88.01544, 41.79386], [-88.01542, 41.79387], [-88.01537, 41.79388], [-88.01535, 41.79389], [-88.01526, 41.79391], [-88.01512, 41.79394], [-88.01487, 41.79397], [-88.0142, 41.79407], [-88.01369, 41.79412], [-88.01299, 41.7942], [-88.01292, 41.79372], [-88.01285, 41.79326], [-88.01283, 41.7932], [-88.01282, 41.79311], [-88.01234, 41.79314], [-88.01192, 41.79317], [-88.01121, 41.79317], [-88.01024, 41.79316], [-88.00998, 41.79316], [-88.00935, 41.79316], [-88.00758, 41.79315], [-88.00748, 41.79315], [-88.00674, 41.79342], [-88.00599, 41.79371], [-88.00564, 41.79386], [-88.00549, 41.79407], [-88.00523, 41.79445], [-88.00381, 41.79466], [-88.00376, 41.79467], [-88.00188, 41.7953], [-88.00171, 41.79527], [-88.00169, 41.79527], [-88.00166, 41.79526], [-88.0009, 41.79524], [-88.00059, 41.79477], [-88.0004, 41.79448], [-87.99947, 41.79388], [-87.99899, 41.79357], [-87.99886, 41.79347], [-87.99875, 41.7934], [-87.99866, 41.79333], [-87.99854, 41.79323], [-87.99836, 41.79311], [-87.99827, 41.79303], [-87.99815, 41.79295], [-87.99806, 41.79288], [-87.99699, 41.79197], [-87.99685, 41.79185], [-87.99676, 41.79178], [-87.99672, 41.79171], [-87.99662, 41.79146], [-87.99654, 41.79132], [-87.99647, 41.79117], [-87.99636, 41.79108], [-87.99632, 41.79104], [-87.99619, 41.79093], [-87.99603, 41.79078], [-87.99585, 41.79062], [-87.99577, 41.79054], [-87.99563, 41.79035], [-87.99557, 41.79025], [-87.99556, 41.79022], [-87.99556, 41.79018], [-87.99559, 41.79006], [-87.99563, 41.78998], [-87.99584, 41.78973], [-87.99594, 41.78964], [-87.99608, 41.78949], [-87.99625, 41.78928], [-87.9963, 41.78917], [-87.99638, 41.78894], [-87.99644, 41.78883], [-87.99651, 41.78864], [-87.99651, 41.7886], [-87.99653, 41.78855], [-87.99658, 41.7885], [-87.99666, 41.78831], [-87.99666, 41.7882], [-87.99664, 41.78811], [-87.99665, 41.78807], [-87.99667, 41.78802], [-87.99673, 41.78795], [-87.99676, 41.78794], [-87.99685, 41.78794], [-87.99699, 41.78794], [-87.99703, 41.78796], [-87.99706, 41.78795], [-87.99704, 41.78792], [-87.99699, 41.78791], [-87.99685, 41.78792], [-87.99676, 41.78792], [-87.99682, 41.78783], [-87.99682, 41.78781], [-87.99685, 41.78777], [-87.99688, 41.78774], [-87.99702, 41.78752], [-87.99705, 41.78755], [-87.99713, 41.78756], [-87.99722, 41.78754], [-87.99735, 41.78751], [-87.99743, 41.78748], [-87.99762, 41.78744], [-87.99778, 41.78742], [-87.998, 41.7874], [-87.99806, 41.78738], [-87.99817, 41.78736], [-87.99828, 41.78739], [-87.99837, 41.78743], [-87.99846, 41.78746], [-87.9986, 41.78747], [-87.99883, 41.78746], [-87.99921, 41.78742], [-87.99927, 41.78741], [-87.99936, 41.7874], [-87.99947, 41.78739], [-87.99959, 41.78736], [-87.99969, 41.78732], [-87.99981, 41.78723], [-87.9999, 41.78715], [-88.00013, 41.78701], [-88.00024, 41.78696], [-88.00034, 41.78687], [-88.0004, 41.78682], [-88.00045, 41.78677], [-88.00048, 41.78671], [-88.00051, 41.78657], [-88.00051, 41.7864], [-88.00049, 41.7863], [-88.00048, 41.78627], [-88.00047, 41.78624], [-88.00049, 41.78623], [-88.00051, 41.78619], [-88.00051, 41.78614], [-88.0005, 41.7861], [-88.0005, 41.78607], [-88.00049, 41.78603], [-88.00054, 41.78598], [-88.00055, 41.78594], [-88.00053, 41.78589], [-88.00052, 41.78583], [-88.00051, 41.78577], [-88.00051, 41.78564], [-88.00055, 41.78537], [-88.00058, 41.78532], [-88.00064, 41.78521], [-88.00072, 41.78514], [-88.00081, 41.78509], [-88.00093, 41.78505], [-88.00109, 41.78501], [-88.00113, 41.785], [-88.00117, 41.78499], [-88.00112, 41.78498], [-88.00087, 41.78499], [-88.00069, 41.785], [-88.00055, 41.78501], [-88.00046, 41.78504], [-88.00042, 41.78508], [-88.00038, 41.78516], [-88.00037, 41.78522], [-88.00045, 41.78566], [-88.00046, 41.78584], [-88.00047, 41.78586], [-88.00042, 41.78597], [-88.00042, 41.78601], [-88.00044, 41.78603], [-88.00043, 41.78607], [-88.00041, 41.78611], [-88.00037, 41.78618], [-88.00037, 41.78624], [-88.00034, 41.78626], [-88.00027, 41.78628], [-88.00018, 41.78632], [-88.00011, 41.78636], [-88.00001, 41.7864], [-87.99988, 41.78643], [-87.99979, 41.78647], [-87.99971, 41.78651], [-87.99962, 41.78657], [-87.99953, 41.78661], [-87.99944, 41.78664], [-87.99935, 41.78665], [-87.99926, 41.78665], [-87.99917, 41.78662], [-87.99908, 41.78657], [-87.99898, 41.78652], [-87.99894, 41.78652], [-87.99884, 41.78655], [-87.99878, 41.78657], [-87.9987, 41.78659], [-87.99853, 41.78666], [-87.99834, 41.78673], [-87.9982, 41.78677], [-87.99807, 41.7868], [-87.99784, 41.78681], [-87.99769, 41.78681], [-87.99743, 41.78679], [-87.99729, 41.78679], [-87.99718, 41.78681], [-87.99711, 41.78685], [-87.99702, 41.7869], [-87.99699, 41.78691], [-87.99692, 41.78694], [-87.99688, 41.78695], [-87.99683, 41.78696], [-87.99681, 41.78696], [-87.99669, 41.78695], [-87.99664, 41.78695], [-87.99655, 41.78695], [-87.99644, 41.78694], [-87.99637, 41.78692], [-87.99626, 41.78686], [-87.99618, 41.78675], [-87.99614, 41.78668], [-87.99608, 41.78661], [-87.99605, 41.78655], [-87.99598, 41.78641], [-87.99584, 41.78624], [-87.99577, 41.78618], [-87.99563, 41.78604], [-87.99554, 41.78596], [-87.99546, 41.78591], [-87.99541, 41.78588], [-87.99533, 41.78585], [-87.99527, 41.78581], [-87.9952, 41.78577], [-87.9951, 41.78575], [-87.995, 41.78575], [-87.9949, 41.78577], [-87.99482, 41.7858], [-87.99468, 41.78583], [-87.99451, 41.78593], [-87.99448, 41.78593], [-87.99434, 41.78595], [-87.99427, 41.78595], [-87.9942, 41.78596], [-87.99395, 41.78599], [-87.99375, 41.78601], [-87.99367, 41.786], [-87.99351, 41.78598], [-87.99335, 41.78587], [-87.99327, 41.78584], [-87.99302, 41.78574], [-87.99297, 41.78572], [-87.99289, 41.78569], [-87.99268, 41.78564], [-87.99263, 41.78561], [-87.99261, 41.78559], [-87.9926, 41.78551], [-87.99261, 41.78542], [-87.99261, 41.78508], [-87.99262, 41.785], [-87.99262, 41.78468], [-87.99263, 41.78453], [-87.99266, 41.78435], [-87.99265, 41.78426], [-87.99263, 41.78435], [-87.9926, 41.78453], [-87.99259, 41.78468], [-87.99259, 41.785], [-87.99258, 41.78508], [-87.99257, 41.7856], [-87.99259, 41.78563], [-87.99264, 41.78565], [-87.99268, 41.78567], [-87.99296, 41.78574], [-87.99298, 41.78576], [-87.99299, 41.78577], [-87.99292, 41.78575], [-87.99288, 41.78574], [-87.99285, 41.78575], [-87.99278, 41.78574], [-87.99273, 41.78573], [-87.99259, 41.78568], [-87.99244, 41.78567], [-87.99221, 41.78568], [-87.99213, 41.78569], [-87.99199, 41.78572], [-87.99185, 41.78574], [-87.99179, 41.78574], [-87.99172, 41.78574], [-87.99165, 41.78574], [-87.99135, 41.78575], [-87.9912, 41.78575], [-87.99105, 41.78575], [-87.99071, 41.78575], [-87.99059, 41.78575], [-87.99047, 41.78575], [-87.99014, 41.78576], [-87.98996, 41.78576], [-87.98972, 41.78578], [-87.98968, 41.78576], [-87.98961, 41.78578], [-87.98944, 41.78579], [-87.98932, 41.78581], [-87.98928, 41.78582], [-87.98917, 41.78585], [-87.98904, 41.7859], [-87.98899, 41.78592], [-87.98888, 41.78596], [-87.98878, 41.78602], [-87.98869, 41.78609], [-87.98858, 41.78618], [-87.98849, 41.78626], [-87.98843, 41.78629], [-87.98836, 41.78632], [-87.9884, 41.78637], [-87.98845, 41.78635], [-87.9886, 41.78623], [-87.98862, 41.78619], [-87.98883, 41.78603], [-87.98895, 41.78597], [-87.9891, 41.78591], [-87.98918, 41.78587], [-87.98923, 41.78585], [-87.98938, 41.78582], [-87.98961, 41.7858], [-87.98971, 41.78579], [-87.98973, 41.7858], [-87.98981, 41.7858], [-87.98988, 41.7858], [-87.99008, 41.78579], [-87.99012, 41.78579], [-87.99038, 41.78579], [-87.9906, 41.78579], [-87.99096, 41.78579], [-87.99138, 41.78578], [-87.99161, 41.78578], [-87.99178, 41.78577], [-87.99184, 41.78578], [-87.99192, 41.78576], [-87.99199, 41.78576], [-87.99203, 41.78575], [-87.99213, 41.78573], [-87.99238, 41.78572], [-87.99255, 41.78574], [-87.99279, 41.78578], [-87.99287, 41.7858], [-87.99292, 41.78582], [-87.99301, 41.78584], [-87.99304, 41.78582], [-87.99306, 41.78581], [-87.99314, 41.78585], [-87.99328, 41.7859], [-87.99331, 41.78593], [-87.99334, 41.78595], [-87.99341, 41.78598], [-87.9935, 41.786], [-87.99365, 41.78604], [-87.99373, 41.78604], [-87.99388, 41.78604], [-87.99405, 41.78602], [-87.99425, 41.78599], [-87.99434, 41.78599], [-87.99448, 41.78598], [-87.99456, 41.78594], [-87.99462, 41.78591], [-87.99476, 41.78584], [-87.99494, 41.78579], [-87.99502, 41.78577], [-87.99512, 41.78578], [-87.9952, 41.78581], [-87.99529, 41.78586], [-87.99537, 41.78589], [-87.99547, 41.78595], [-87.99554, 41.78601], [-87.99568, 41.78616], [-87.99577, 41.78623], [-87.99583, 41.78627], [-87.99589, 41.78634], [-87.99591, 41.78638], [-87.99595, 41.78642], [-87.99601, 41.78656], [-87.99607, 41.78667], [-87.99614, 41.78677], [-87.99624, 41.78687], [-87.99632, 41.78693], [-87.99642, 41.78695], [-87.99659, 41.78697], [-87.99665, 41.78698], [-87.99672, 41.78698], [-87.99679, 41.78699], [-87.99683, 41.78698], [-87.99686, 41.78698], [-87.99688, 41.78699], [-87.99694, 41.78711], [-87.99696, 41.78718], [-87.99697, 41.78726], [-87.99698, 41.78748], [-87.99699, 41.78749], [-87.99685, 41.78772], [-87.9968, 41.78781], [-87.99673, 41.78792], [-87.99667, 41.78796], [-87.99663, 41.78801], [-87.9966, 41.78805], [-87.9966, 41.78814], [-87.99661, 41.78825], [-87.9966, 41.78833], [-87.99652, 41.7885], [-87.99649, 41.78854], [-87.99644, 41.78871], [-87.99635, 41.78894], [-87.9963, 41.78904], [-87.99626, 41.78917], [-87.99619, 41.78931], [-87.99607, 41.78944], [-87.99603, 41.7895], [-87.99597, 41.78955], [-87.99589, 41.78964], [-87.99574, 41.7898], [-87.99568, 41.78989], [-87.9956, 41.78998], [-87.99554, 41.79008], [-87.99551, 41.79022], [-87.99565, 41.79044], [-87.99575, 41.79055], [-87.99591, 41.7907], [-87.99599, 41.79077], [-87.99615, 41.79095], [-87.99628, 41.79104], [-87.99644, 41.79119], [-87.99645, 41.7912], [-87.99661, 41.79153], [-87.99665, 41.79165], [-87.99671, 41.79179], [-87.99678, 41.79185], [-87.997, 41.79204], [-87.99803, 41.79291], [-87.99823, 41.79305], [-87.99859, 41.79333], [-87.99896, 41.7936], [-87.99947, 41.79392], [-88.00039, 41.7945], [-88.00057, 41.79478], [-88.00087, 41.79526], [-88.00169, 41.79529], [-88.00171, 41.79534], [-88.0015, 41.79553], [-88.00145, 41.79556], [-88.00143, 41.79559], [-88.00141, 41.7956], [-88.00129, 41.79572], [-88.00092, 41.79567], [-88.0008, 41.79567], [-88.00046, 41.79568], [-88.00032, 41.79568], [-87.99997, 41.79573], [-87.99986, 41.79574], [-87.99973, 41.79573], [-87.99962, 41.79573], [-87.99959, 41.79574], [-87.99938, 41.79573], [-87.9993, 41.79571], [-87.99904, 41.79572], [-87.99898, 41.79571], [-87.99888, 41.7957], [-87.99852, 41.79572], [-87.99845, 41.79573], [-87.99837, 41.79576], [-87.99831, 41.79578], [-87.99823, 41.79579], [-87.99798, 41.79584], [-87.99757, 41.79604], [-87.99736, 41.79614], [-87.99711, 41.7963], [-87.99691, 41.79646], [-87.99675, 41.79667], [-87.99668, 41.79678], [-87.99663, 41.79689], [-87.9966, 41.79692], [-87.99657, 41.79695], [-87.99648, 41.79699], [-87.99637, 41.79703], [-87.99624, 41.79709], [-87.99614, 41.79716], [-87.99605, 41.79718], [-87.99596, 41.79717], [-87.99581, 41.79718], [-87.99568, 41.79719], [-87.99555, 41.79719], [-87.9955, 41.79719], [-87.99545, 41.7972], [-87.9954, 41.79723], [-87.99537, 41.79725], [-87.99535, 41.79733], [-87.99535, 41.79736], [-87.99536, 41.79748], [-87.99536, 41.7977], [-87.99536, 41.7978], [-87.99534, 41.79784], [-87.99531, 41.7979], [-87.99526, 41.79795], [-87.99517, 41.79802], [-87.99499, 41.79812], [-87.99492, 41.79816], [-87.99481, 41.79821], [-87.99477, 41.79822], [-87.99472, 41.79824], [-87.99465, 41.79825], [-87.99458, 41.79827], [-87.99459, 41.79828], [-87.99462, 41.79829], [-87.99465, 41.79828], [-87.99477, 41.79826], [-87.99481, 41.79824], [-87.99492, 41.79819], [-87.99511, 41.79809], [-87.9952, 41.79803], [-87.99528, 41.79797], [-87.99533, 41.79791], [-87.99536, 41.79786], [-87.99539, 41.7978], [-87.9954, 41.7977], [-87.9954, 41.79763], [-87.9954, 41.79747], [-87.99538, 41.79736], [-87.99539, 41.79729], [-87.99542, 41.79724], [-87.99546, 41.79722], [-87.9955, 41.79721], [-87.99572, 41.79723], [-87.99581, 41.79721], [-87.99597, 41.7972], [-87.99607, 41.79721], [-87.99614, 41.7972], [-87.99616, 41.79719], [-87.9962, 41.79715], [-87.99627, 41.7971], [-87.99638, 41.79705], [-87.99647, 41.79701], [-87.99656, 41.79698], [-87.99663, 41.79694], [-87.99669, 41.79682], [-87.9968, 41.79667], [-87.99692, 41.79651], [-87.99713, 41.79632], [-87.99734, 41.79619], [-87.99757, 41.79608], [-87.99799, 41.79588], [-87.99818, 41.79583], [-87.99845, 41.79577], [-87.99871, 41.79575], [-87.99882, 41.79574], [-87.99904, 41.79574], [-87.99913, 41.79574], [-87.99925, 41.79574], [-87.99936, 41.79576], [-87.99951, 41.79577], [-87.99979, 41.79576], [-87.99988, 41.79577], [-88.00023, 41.79571], [-88.00033, 41.79571], [-88.00046, 41.79572], [-88.00059, 41.79571], [-88.00101, 41.79572], [-88.00125, 41.79575], [-88.0013, 41.79574], [-88.00145, 41.7956], [-88.00147, 41.79559], [-88.00149, 41.79556], [-88.00153, 41.79553], [-88.00173, 41.79535], [-88.00175, 41.79534], [-88.00188, 41.79534], [-88.00377, 41.79469], [-88.0038, 41.79469], [-88.00382, 41.79468], [-88.00524, 41.79448], [-88.0055, 41.79411], [-88.00566, 41.79387], [-88.00589, 41.79377], [-88.00626, 41.79364], [-88.0075, 41.79319], [-88.00758, 41.79319], [-88.01025, 41.7932], [-88.01192, 41.7932], [-88.0128, 41.79314], [-88.01281, 41.79327], [-88.01289, 41.79372], [-88.01296, 41.79422], [-88.01347, 41.79417], [-88.01433, 41.79408], [-88.01488, 41.794], [-88.01524, 41.79395], [-88.01527, 41.79396], [-88.0153, 41.79395], [-88.01534, 41.79393], [-88.0154, 41.79392], [-88.01557, 41.79388], [-88.01566, 41.79385], [-88.01588, 41.79381], [-88.01603, 41.79377], [-88.01619, 41.79375], [-88.01661, 41.79368], [-88.01669, 41.79367], [-88.01678, 41.79366], [-88.01695, 41.7936], [-88.017, 41.79357], [-88.01703, 41.79354], [-88.0171, 41.79344], [-88.01714, 41.7934], [-88.01718, 41.79337], [-88.01724, 41.79336], [-88.01735, 41.79335], [-88.0174, 41.79336], [-88.01744, 41.79337], [-88.01748, 41.7934], [-88.01755, 41.79348], [-88.01759, 41.7935], [-88.01766, 41.79352], [-88.01774, 41.79353], [-88.01787, 41.79356], [-88.01807, 41.79356], [-88.01816, 41.79357], [-88.01825, 41.79358], [-88.01827, 41.7936], [-88.01841, 41.79362], [-88.01847, 41.79362], [-88.0185, 41.79362], [-88.01849, 41.79364], [-88.01847, 41.79371], [-88.01843, 41.79374], [-88.01834, 41.7938], [-88.01844, 41.79377], [-88.01847, 41.79374], [-88.01852, 41.79366], [-88.01854, 41.79363], [-88.01862, 41.79363], [-88.01865, 41.79363], [-88.01867, 41.79363], [-88.01872, 41.79362], [-88.01876, 41.79362], [-88.01882, 41.79363], [-88.01891, 41.79365], [-88.01894, 41.79366], [-88.019, 41.79366], [-88.01911, 41.79364], [-88.01927, 41.79359], [-88.01938, 41.79354], [-88.01941, 41.7935], [-88.01943, 41.79347], [-88.01951, 41.79338], [-88.01953, 41.79336], [-88.0196, 41.7933], [-88.01975, 41.79318], [-88.01984, 41.79309], [-88.01989, 41.79304], [-88.01998, 41.79295], [-88.02, 41.79293], [-88.02003, 41.79293], [-88.02006, 41.79293], [-88.02027, 41.79299], [-88.02041, 41.79302], [-88.02044, 41.79302], [-88.02046, 41.79302], [-88.02049, 41.79302], [-88.02056, 41.79304], [-88.02066, 41.79307], [-88.0207, 41.79308], [-88.02072, 41.79309], [-88.0208, 41.79311], [-88.02089, 41.79313], [-88.02097, 41.79316], [-88.02108, 41.7932], [-88.02115, 41.79325], [-88.02123, 41.79331], [-88.02133, 41.79336], [-88.02138, 41.79337], [-88.02143, 41.79341], [-88.02147, 41.79343], [-88.02156, 41.79346], [-88.02173, 41.79356], [-88.0219, 41.79364], [-88.02193, 41.79365], [-88.02201, 41.79369], [-88.02211, 41.79375], [-88.02222, 41.7938], [-88.02228, 41.79381], [-88.0223, 41.79383], [-88.02238, 41.79386], [-88.02242, 41.79387], [-88.02249, 41.79388], [-88.02255, 41.79387], [-88.02257, 41.79387], [-88.02262, 41.79386], [-88.02265, 41.79386], [-88.0227, 41.79384], [-88.02272, 41.79386], [-88.02277, 41.79386], [-88.02292, 41.79386], [-88.02308, 41.79385], [-88.02321, 41.79383], [-88.02325, 41.79384], [-88.02328, 41.79384], [-88.0233, 41.79384], [-88.02342, 41.79382], [-88.02351, 41.79382], [-88.02358, 41.79383], [-88.02373, 41.79387], [-88.02375, 41.79387], [-88.02397, 41.79391], [-88.02426, 41.79396], [-88.02429, 41.79399], [-88.02441, 41.79402], [-88.02446, 41.79405], [-88.0245, 41.79408], [-88.02458, 41.7942], [-88.02467, 41.79435], [-88.0247, 41.79444], [-88.02474, 41.7945], [-88.02478, 41.79461], [-88.02481, 41.79465], [-88.02515, 41.79489], [-88.02522, 41.79492], [-88.02535, 41.79501], [-88.0255, 41.7951], [-88.02563, 41.79518], [-88.02565, 41.79519], [-88.02569, 41.7952], [-88.02576, 41.79522], [-88.02589, 41.79522], [-88.02613, 41.79523], [-88.02648, 41.79521], [-88.02671, 41.79519], [-88.02675, 41.79517], [-88.02689, 41.79511], [-88.02715, 41.79497], [-88.0273, 41.7949], [-88.02746, 41.79486], [-88.02758, 41.79482], [-88.02762, 41.79482], [-88.02772, 41.79479], [-88.0278, 41.79477], [-88.02788, 41.79475], [-88.02807, 41.79468], [-88.02841, 41.79456], [-88.02848, 41.79452], [-88.02851, 41.79448], [-88.02853, 41.79444], [-88.02853, 41.79438], [-88.02848, 41.79401], [-88.02849, 41.79397], [-88.02853, 41.7939], [-88.02857, 41.79384], [-88.0286, 41.79379], [-88.02861, 41.79373], [-88.02861, 41.79367], [-88.0286, 41.79362], [-88.02856, 41.7935], [-88.02846, 41.79312], [-88.02844, 41.79297], [-88.02844, 41.79292], [-88.02841, 41.7927], [-88.02836, 41.79229], [-88.02836, 41.79222], [-88.02839, 41.79209], [-88.02838, 41.79196], [-88.02839, 41.79192], [-88.02842, 41.79186], [-88.02847, 41.7918], [-88.02852, 41.79176], [-88.02857, 41.79175], [-88.02868, 41.79165], [-88.02879, 41.79152], [-88.02883, 41.79147], [-88.02885, 41.79143], [-88.02888, 41.79132], [-88.02891, 41.79124], [-88.02895, 41.79103], [-88.02906, 41.79077], [-88.02913, 41.79068], [-88.02921, 41.79064], [-88.02925, 41.79064], [-88.02931, 41.79064], [-88.02948, 41.79066], [-88.02952, 41.79067], [-88.02955, 41.79069], [-88.02959, 41.79073], [-88.02967, 41.79078], [-88.02978, 41.79082], [-88.02987, 41.79088], [-88.02992, 41.7909], [-88.03018, 41.79096], [-88.03033, 41.79098], [-88.03055, 41.79102], [-88.03066, 41.79104], [-88.03083, 41.79109], [-88.03133, 41.79122], [-88.03157, 41.79126], [-88.03199, 41.79132], [-88.03205, 41.79133], [-88.03215, 41.79135], [-88.03232, 41.79135], [-88.03242, 41.79134], [-88.03253, 41.79131], [-88.03267, 41.79127], [-88.03275, 41.79124], [-88.03281, 41.79121], [-88.03305, 41.79119], [-88.03315, 41.79119], [-88.03322, 41.79119], [-88.03329, 41.7912], [-88.03333, 41.7912], [-88.03347, 41.79121], [-88.03357, 41.7912], [-88.03369, 41.79121], [-88.03391, 41.79124], [-88.034, 41.79126], [-88.03429, 41.79129], [-88.03452, 41.79131], [-88.03466, 41.79138], [-88.03485, 41.79147], [-88.03488, 41.79148], [-88.03503, 41.79157], [-88.03511, 41.79165], [-88.03518, 41.79174], [-88.03524, 41.79181], [-88.0353, 41.79189], [-88.0353, 41.79196], [-88.03528, 41.79205], [-88.03529, 41.79212], [-88.03531, 41.79219], [-88.03534, 41.79225], [-88.03542, 41.7923], [-88.03546, 41.79231], [-88.03554, 41.79236], [-88.03559, 41.79237], [-88.03573, 41.79238], [-88.03599, 41.79231], [-88.03635, 41.79223], [-88.03644, 41.79222], [-88.03664, 41.79226], [-88.03675, 41.79227], [-88.03695, 41.7923], [-88.03709, 41.79231], [-88.03717, 41.7923], [-88.03748, 41.79218], [-88.03761, 41.79215], [-88.03765, 41.79215], [-88.03786, 41.79213], [-88.03796, 41.79212], [-88.03843, 41.79189], [-88.03863, 41.79181], [-88.03869, 41.7918], [-88.03876, 41.7918], [-88.03885, 41.79183], [-88.03909, 41.79192], [-88.03947, 41.79205], [-88.03966, 41.79211], [-88.04, 41.79223], [-88.04069, 41.79243], [-88.04082, 41.79247], [-88.04095, 41.7925], [-88.04106, 41.7925], [-88.04121, 41.79249], [-88.04149, 41.79248], [-88.04187, 41.79248], [-88.04224, 41.79245], [-88.04236, 41.79246], [-88.04244, 41.79249], [-88.04249, 41.79252], [-88.04255, 41.7926], [-88.04257, 41.79262], [-88.0426, 41.79268], [-88.0426, 41.79269], [-88.04264, 41.79272], [-88.04273, 41.79274], [-88.04284, 41.79276], [-88.04301, 41.79282], [-88.04316, 41.79285], [-88.04349, 41.79295], [-88.0442, 41.79316], [-88.04443, 41.79323], [-88.0446, 41.79328], [-88.04465, 41.79328], [-88.04467, 41.79329], [-88.04486, 41.79335], [-88.04511, 41.79342], [-88.04546, 41.79351], [-88.04574, 41.79356], [-88.04589, 41.7936], [-88.04612, 41.79364], [-88.04617, 41.79366], [-88.04622, 41.79367], [-88.04628, 41.79367], [-88.04634, 41.79369], [-88.04642, 41.7937], [-88.04659, 41.79374], [-88.04676, 41.79378], [-88.04731, 41.79393], [-88.04737, 41.79394], [-88.04767, 41.79403], [-88.04783, 41.79406], [-88.04797, 41.79407], [-88.04822, 41.79413], [-88.04867, 41.79421], [-88.04882, 41.79424], [-88.04942, 41.79435], [-88.04966, 41.7944], [-88.04988, 41.79444], [-88.05006, 41.79448], [-88.05021, 41.79452], [-88.05065, 41.79468], [-88.05088, 41.79478], [-88.05101, 41.79482], [-88.05109, 41.79485], [-88.05166, 41.79505], [-88.05184, 41.79512], [-88.05213, 41.79521], [-88.05225, 41.79523], [-88.0523, 41.79523], [-88.05236, 41.79523], [-88.05265, 41.7952], [-88.05284, 41.79517], [-88.05318, 41.79522], [-88.05332, 41.79524], [-88.05346, 41.79529], [-88.05363, 41.79534], [-88.05387, 41.79546], [-88.05401, 41.79552], [-88.05416, 41.79556], [-88.05433, 41.79557], [-88.05446, 41.79558], [-88.05497, 41.79557], [-88.0551, 41.79556], [-88.0554, 41.79555], [-88.05565, 41.79555], [-88.05583, 41.79555], [-88.05594, 41.79555], [-88.05605, 41.79557], [-88.05613, 41.79559], [-88.05639, 41.79569], [-88.05679, 41.79584], [-88.05688, 41.79587], [-88.05708, 41.79595], [-88.05789, 41.79624], [-88.05798, 41.79626], [-88.05811, 41.79634], [-88.05822, 41.79643], [-88.05839, 41.79654], [-88.05868, 41.79671], [-88.05879, 41.79679], [-88.05902, 41.79693], [-88.05956, 41.79727], [-88.05965, 41.79733], [-88.05972, 41.79736], [-88.05981, 41.7974], [-88.05984, 41.79741], [-88.05992, 41.79743], [-88.06002, 41.79745], [-88.06018, 41.79747], [-88.06052, 41.79751], [-88.06087, 41.79755], [-88.06101, 41.79757], [-88.06133, 41.79761], [-88.06158, 41.79765], [-88.06173, 41.79766], [-88.06186, 41.79768], [-88.06189, 41.79769], [-88.06193, 41.79769], [-88.06203, 41.7977], [-88.06236, 41.79773], [-88.06269, 41.79776], [-88.063, 41.79779], [-88.06311, 41.7978], [-88.0634, 41.79784], [-88.06379, 41.79788], [-88.06391, 41.79789], [-88.06404, 41.79791], [-88.06449, 41.79795], [-88.0646, 41.79797], [-88.06491, 41.79798], [-88.06501, 41.79796], [-88.06527, 41.79794], [-88.06561, 41.79796], [-88.06572, 41.79797], [-88.06584, 41.79798], [-88.06594, 41.79801], [-88.06599, 41.79804], [-88.06603, 41.79809], [-88.06607, 41.79816], [-88.06608, 41.79821], [-88.06607, 41.79823], [-88.06606, 41.79825], [-88.06605, 41.79834], [-88.06604, 41.79839], [-88.06603, 41.79844], [-88.06601, 41.79854], [-88.06601, 41.79859], [-88.06602, 41.79864], [-88.06603, 41.79869], [-88.06605, 41.79879], [-88.06603, 41.79886], [-88.06606, 41.79887], [-88.0661, 41.79899], [-88.06612, 41.79902], [-88.06619, 41.79908], [-88.06626, 41.79913], [-88.06628, 41.79915], [-88.06636, 41.79923], [-88.06642, 41.79927], [-88.0665, 41.79931], [-88.06659, 41.79935], [-88.06683, 41.79947], [-88.06685, 41.79948], [-88.06713, 41.79961], [-88.06721, 41.79967], [-88.06731, 41.79972], [-88.06751, 41.7998], [-88.06777, 41.79993], [-88.06781, 41.79996], [-88.06787, 41.79998], [-88.06796, 41.80003], [-88.06807, 41.8001], [-88.06814, 41.80016], [-88.06829, 41.80029], [-88.06868, 41.80067], [-88.06872, 41.8008], [-88.06871, 41.80094], [-88.06872, 41.80099], [-88.06877, 41.80115], [-88.06878, 41.80124], [-88.06879, 41.80139], [-88.0688, 41.80143], [-88.06883, 41.80149], [-88.06882, 41.80155], [-88.06884, 41.80164], [-88.06886, 41.80168], [-88.06886, 41.80173], [-88.06888, 41.8018], [-88.06889, 41.80184], [-88.0689, 41.8019], [-88.06891, 41.80192], [-88.06893, 41.80203], [-88.06893, 41.80212], [-88.06895, 41.80221], [-88.06904, 41.80239], [-88.06911, 41.80246], [-88.0692, 41.80251], [-88.06924, 41.80253], [-88.06928, 41.80255], [-88.06938, 41.80261], [-88.06952, 41.80267], [-88.06981, 41.80285], [-88.0704, 41.8032], [-88.07073, 41.8034], [-88.07099, 41.80352], [-88.07136, 41.8036], [-88.07158, 41.80365], [-88.07181, 41.80373], [-88.07188, 41.80377], [-88.07197, 41.80381], [-88.07201, 41.80383], [-88.07205, 41.80385], [-88.07225, 41.80391], [-88.07232, 41.80396], [-88.07238, 41.80401], [-88.0726, 41.80409], [-88.07278, 41.80415]], [[-88.06609, 41.79857], [-88.06609, 41.79859], [-88.06609, 41.7986], [-88.06606, 41.79865], [-88.06605, 41.79863], [-88.06605, 41.79861], [-88.06606, 41.7986], [-88.06609, 41.79857]]]}}, {"type": "Feature", "properties": {"NAME": "Lk Michigan", "MTFCC": "H2030", "AREAWATER": "3477229"}, "geometry": {"type": "Polygon", "coordinates": [[[-87.7108, 42.09544], [-87.71067, 42.09537], [-87.71063, 42.09533], [-87.71043, 42.09516], [-87.71036, 42.09513], [-87.71015, 42.09497], [-87.70999, 42.09485], [-87.7099, 42.09479], [-87.70986, 42.09476], [-87.70946, 42.09453], [-87.70932, 42.09446], [-87.70908, 42.09432], [-87.709, 42.09428], [-87.70897, 42.09424], [-87.70836, 42.09392], [-87.70824, 42.09387], [-87.70818, 42.09373], [-87.70813, 42.09368], [-87.70807, 42.09365], [-87.70805, 42.09364], [-87.70782, 42.09349], [-87.7077, 42.09342], [-87.70758, 42.09335], [-87.70734, 42.0932], [-87.70707, 42.09304], [-87.707, 42.09294], [-87.70694, 42.09277], [-87.70681, 42.09261], [-87.7068, 42.0926], [-87.70659, 42.09242], [-87.70628, 42.09205], [-87.70593, 42.09176], [-87.7059, 42.09174], [-87.70574, 42.09165], [-87.70564, 42.09156], [-87.70543, 42.09143], [-87.70516, 42.09125], [-87.70508, 42.09122], [-87.70497, 42.09113], [-87.70477, 42.09103], [-87.70461, 42.09097], [-87.70435, 42.09085], [-87.70386, 42.09058], [-87.70389, 42.09045], [-87.70354, 42.09019], [-87.70349, 42.09015], [-87.70348, 42.09008], [-87.70327, 42.08992], [-87.70316, 42.08992], [-87.70278, 42.08968], [-87.70276, 42.08967], [-87.70258, 42.08951], [-87.70235, 42.08944], [-87.70222, 42.08945], [-87.70218, 42.08944], [-87.70193, 42.08924], [-87.70162, 42.08906], [-87.70115, 42.08887], [-87.70108, 42.08881], [-87.70068, 42.08862], [-87.70048, 42.0885], [-87.70044, 42.0885], [-87.70023, 42.08839], [-87.70019, 42.08829], [-87.70024, 42.08814], [-87.70022, 42.08805], [-87.6989, 42.08729], [-87.69884, 42.08729], [-87.69845, 42.08693], [-87.6982, 42.08708], [-87.69752, 42.08653], [-87.69774, 42.0864], [-87.69772, 42.08638], [-87.69738, 42.08612], [-87.69735, 42.08604], [-87.69731, 42.08603], [-87.69668, 42.08578], [-87.69662, 42.08571], [-87.69618, 42.08541], [-87.69572, 42.08513], [-87.69515, 42.08477], [-87.69453, 42.08438], [-87.69337, 42.08382], [-87.69277, 42.08352], [-87.69242, 42.08335], [-87.69137, 42.08284], [-87.69102, 42.08267], [-87.69021, 42.08227], [-87.68941, 42.08188], [-87.68898, 42.08179], [-87.6885, 42.0815], [-87.688, 42.08128], [-87.68777, 42.0812], [-87.68696, 42.08091], [-87.6864, 42.08068], [-87.68592, 42.08044], [-87.68488, 42.08003], [-87.6834, 42.07942], [-87.68222, 42.07887], [-87.68151, 42.07834], [-87.68099, 42.07794], [-87.68098, 42.0775], [-87.68098, 42.07739], [-87.68127, 42.07737], [-87.68146, 42.07733], [-87.68204, 42.07723], [-87.68223, 42.07719], [-87.68233, 42.07686], [-87.68223, 42.07687], [-87.68207, 42.07682], [-87.68188, 42.0768], [-87.68188, 42.07671], [-87.68201, 42.07637], [-87.68215, 42.07572], [-87.68218, 42.07543], [-87.68199, 42.07497], [-87.6819, 42.07476], [-87.68159, 42.07432], [-87.68134, 42.07405], [-87.68115, 42.07368], [-87.68111, 42.07359], [-87.68108, 42.07354], [-87.68105, 42.07348], [-87.68078, 42.07319], [-87.68067, 42.07308], [-87.68046, 42.07285], [-87.68042, 42.07281], [-87.68016, 42.07254], [-87.68012, 42.07253], [-87.68002, 42.07241], [-87.67986, 42.07216], [-87.67971, 42.07195], [-87.67969, 42.07191], [-87.67967, 42.07187], [-87.67961, 42.07175], [-87.67959, 42.07171], [-87.67763, 42.07166], [-87.67599, 42.07162], [-87.67173, 42.07162], [-87.66976, 42.07163], [-87.67053, 42.07227], [-87.67142, 42.07345], [-87.67172, 42.07502], [-87.67191, 42.07623], [-87.67183, 42.07729], [-87.67156, 42.07834], [-87.67122, 42.07948], [-87.67116, 42.0809], [-87.67155, 42.08194], [-87.67199, 42.08229], [-87.67239, 42.08261], [-87.6735, 42.08312], [-87.67506, 42.08371], [-87.67728, 42.08465], [-87.67925, 42.08545], [-87.68107, 42.08621], [-87.68389, 42.08759], [-87.68427, 42.08781], [-87.68576, 42.08868], [-87.688, 42.08993], [-87.69075, 42.09181], [-87.69437, 42.09432], [-87.69676, 42.09603], [-87.6973, 42.09641], [-87.69953, 42.09832], [-87.70014, 42.09892], [-87.70117, 42.09972], [-87.70191, 42.10035], [-87.70353, 42.10173], [-87.70821, 42.09784], [-87.7108, 42.09544]]]}}, {"type": "Feature", "properties": {"NAME": "Peterson Lk", "MTFCC": "H2030", "AREAWATER": "56395"}, "geometry": {"type": "Polygon", "coordinates": [[[-87.86912, 41.99795], [-87.86915, 41.99705], [-87.8691, 41.99697], [-87.86896, 41.99694], [-87.8687, 41.99695], [-87.86833, 41.99709], [-87.86819, 41.99709], [-87.86814, 41.99708], [-87.86784, 41.99701], [-87.86758, 41.99695], [-87.86742, 41.99698], [-87.86731, 41.99705], [-87.86726, 41.99718], [-87.86715, 41.99727], [-87.86713, 41.99733], [-87.86717, 41.99771], [-87.86723, 41.99789], [-87.86732, 41.99822], [-87.86732, 41.99841], [-87.86741, 41.99872], [-87.86746, 41.99888], [-87.86748, 41.99908], [-87.86752, 41.99925], [-87.86766, 41.99946], [-87.86781, 41.99966], [-87.86806, 42.00003], [-87.86793, 42.00017], [-87.86794, 42.00025], [-87.86796, 42.00029], [-87.86799, 42.00036], [-87.86833, 42.00104], [-87.86837, 42.00111], [-87.86847, 42.00114], [-87.86857, 42.00114], [-87.86865, 42.00113], [-87.86867, 42.00111], [-87.86874, 42.0011], [-87.86881, 42.00109], [-87.86893, 42.00104], [-87.86905, 42.00096], [-87.86909, 42.0009], [-87.86913, 42.00063], [-87.86911, 42.00044], [-87.86913, 42.00035], [-87.86909, 42.00012], [-87.8691, 42.00003], [-87.8691, 41.99981], [-87.86908, 41.9994], [-87.86907, 41.99911], [-87.86907, 41.99905], [-87.86908, 41.99881], [-87.86911, 41.99824], [-87.86912, 41.99807], [-87.86912, 41.99795]]]}}, {"type": "Feature", "properties": {"NAME": "Wolf Lk", "MTFCC": "H2030", "AREAWATER": "306164"}, "geometry": {"type": "Polygon", "coordinates": [[[-87.53424, 41.67224], [-87.53384, 41.66934], [-87.52944, 41.66794], [-87.52644, 41.67404], [-87.52679, 41.67406], [-87.53214, 41.67424], [-87.53424, 41.67224]]]}}, {"type": "Feature", "properties": {"NAME": "Wolf Lk", "MTFCC": "H2030", "AREAWATER": "274556"}, "geometry": {"type": "Polygon", "coordinates": [[[-87.53663, 41.66713], [-87.53673, 41.66436], [-87.53434, 41.66395], [-87.53029, 41.66286], [-87.53004, 41.66674], [-87.52974, 41.66753], [-87.53414, 41.66893], [-87.53663, 41.66713]]]}}, {"type": "Feature", "properties": {"NAME": "Cal Sag Chnnl", "MTFCC": "H2030", "AREAWATER": "2030902"}, "geometry": {"type": "Polygon", "coordinates": [[[-87.94131, 41.69644], [-87.94143, 41.69633], [-87.94127, 41.69632], [-87.94105, 41.69631], [-87.94104, 41.69631], [-87.94081, 41.6963], [-87.94065, 41.69629], [-87.94041, 41.69627], [-87.94034, 41.69623], [-87.94032, 41.69624], [-87.94028, 41.69626], [-87.93931, 41.69619], [-87.93898, 41.69617], [-87.93887, 41.69616], [-87.93853, 41.69614], [-87.93842, 41.69613], [-87.93812, 41.69611], [-87.938, 41.6961], [-87.93776, 41.69593], [-87.93631, 41.69585], [-87.93629, 41.69585], [-87.93569, 41.69581], [-87.93411, 41.69589], [-87.93364, 41.69586], [-87.93358, 41.69586], [-87.93237, 41.69578], [-87.93203, 41.69577], [-87.93175, 41.69575], [-87.93064, 41.69567], [-87.93047, 41.69564], [-87.93043, 41.69564], [-87.93038, 41.69562], [-87.93012, 41.69559], [-87.93004, 41.69557], [-87.92977, 41.69554], [-87.92974, 41.69554], [-87.9296, 41.69551], [-87.92936, 41.69548], [-87.9293, 41.69546], [-87.92915, 41.69544], [-87.92909, 41.69544], [-87.92906, 41.69543], [-87.92899, 41.69541], [-87.92882, 41.6954], [-87.92877, 41.69538], [-87.92839, 41.69533], [-87.92826, 41.69531], [-87.92818, 41.6953], [-87.92807, 41.69528], [-87.92782, 41.69525], [-87.92774, 41.69524], [-87.92748, 41.6952], [-87.92737, 41.69518], [-87.92718, 41.69516], [-87.92713, 41.69514], [-87.92707, 41.69513], [-87.92689, 41.69511], [-87.92685, 41.69511], [-87.92681, 41.69509], [-87.92656, 41.69507], [-87.92652, 41.69505], [-87.92639, 41.69504], [-87.9263, 41.69502], [-87.92615, 41.69501], [-87.92598, 41.69498], [-87.92579, 41.69496], [-87.9257, 41.69493], [-87.92541, 41.6949], [-87.92537, 41.69489], [-87.92516, 41.69486], [-87.92511, 41.69483], [-87.92507, 41.69481], [-87.92503, 41.69483], [-87.92498, 41.69483], [-87.92496, 41.69482], [-87.9249, 41.69481], [-87.92466, 41.69478], [-87.92455, 41.69476], [-87.92425, 41.69472], [-87.92394, 41.69468], [-87.9239, 41.69467], [-87.92356, 41.69462], [-87.92353, 41.69461], [-87.92331, 41.69458], [-87.92327, 41.69457], [-87.9231, 41.69455], [-87.92305, 41.69453], [-87.92277, 41.6945], [-87.92268, 41.69448], [-87.92261, 41.69448], [-87.92258, 41.69446], [-87.92235, 41.69444], [-87.92228, 41.69442], [-87.92212, 41.6944], [-87.9218, 41.69436], [-87.92174, 41.69434], [-87.92159, 41.69432], [-87.92155, 41.69431], [-87.92141, 41.69429], [-87.92128, 41.69428], [-87.92122, 41.69426], [-87.92093, 41.69422], [-87.92089, 41.69421], [-87.92073, 41.6942], [-87.92066, 41.69418], [-87.92049, 41.69416], [-87.9204, 41.69414], [-87.92033, 41.69413], [-87.92016, 41.69411], [-87.92013, 41.69411], [-87.92, 41.69408], [-87.91996, 41.69408], [-87.91993, 41.69406], [-87.91973, 41.69404], [-87.9196, 41.69401], [-87.91957, 41.69401], [-87.91935, 41.69398], [-87.91929, 41.69396], [-87.91916, 41.69395], [-87.91904, 41.69392], [-87.91895, 41.69392], [-87.9189, 41.6939], [-87.91858, 41.69386], [-87.91848, 41.69383], [-87.91823, 41.69381], [-87.91818, 41.69379], [-87.91791, 41.69376], [-87.91777, 41.69373], [-87.91774, 41.69373], [-87.91756, 41.6937], [-87.91742, 41.69368], [-87.91735, 41.69367], [-87.91729, 41.69366], [-87.91692, 41.69361], [-87.91689, 41.69359], [-87.91671, 41.69357], [-87.91666, 41.69356], [-87.91637, 41.69352], [-87.9161, 41.69349], [-87.916, 41.69346], [-87.91582, 41.69345], [-87.91577, 41.69343], [-87.91557, 41.69341], [-87.91532, 41.69337], [-87.91511, 41.69335], [-87.91507, 41.69334], [-87.91494, 41.69332], [-87.91474, 41.69329], [-87.9144, 41.69325], [-87.91425, 41.69322], [-87.91393, 41.69318], [-87.91379, 41.69314], [-87.91372, 41.69314], [-87.91343, 41.6931], [-87.91322, 41.69307], [-87.91283, 41.69301], [-87.91278, 41.69301], [-87.91265, 41.69298], [-87.91257, 41.69298], [-87.91251, 41.69296], [-87.91217, 41.69292], [-87.91212, 41.69291], [-87.91205, 41.6929], [-87.91177, 41.69286], [-87.91166, 41.69284], [-87.91143, 41.69281], [-87.9114, 41.69281], [-87.91128, 41.69278], [-87.91122, 41.69278], [-87.91118, 41.69276], [-87.91098, 41.69274], [-87.91081, 41.69272], [-87.91076, 41.69271], [-87.91071, 41.6927], [-87.91034, 41.69264], [-87.9103, 41.69264], [-87.91004, 41.6926], [-87.91002, 41.69259], [-87.90988, 41.69258], [-87.90978, 41.69255], [-87.90952, 41.69253], [-87.90944, 41.6925], [-87.90924, 41.69248], [-87.90875, 41.69241], [-87.90867, 41.69241], [-87.90856, 41.69238], [-87.90834, 41.69235], [-87.90829, 41.69234], [-87.90818, 41.69233], [-87.90801, 41.6923], [-87.90798, 41.6923], [-87.90785, 41.69227], [-87.9078, 41.69227], [-87.9077, 41.69225], [-87.90745, 41.69222], [-87.90736, 41.69221], [-87.90727, 41.69219], [-87.90723, 41.69218], [-87.9072, 41.69218], [-87.90686, 41.69213], [-87.90681, 41.69212], [-87.90676, 41.69211], [-87.90667, 41.6921], [-87.90642, 41.69206], [-87.90637, 41.69206], [-87.90632, 41.69204], [-87.90609, 41.69202], [-87.90601, 41.692], [-87.90587, 41.69198], [-87.90583, 41.69197], [-87.90575, 41.69196], [-87.90567, 41.69195], [-87.90558, 41.69194], [-87.90535, 41.69191], [-87.90529, 41.6919], [-87.90508, 41.69187], [-87.905, 41.69185], [-87.90482, 41.69183], [-87.90469, 41.69181], [-87.90462, 41.6918], [-87.90427, 41.69174], [-87.90412, 41.69172], [-87.90386, 41.69168], [-87.90351, 41.69164], [-87.90341, 41.69162], [-87.90332, 41.69161], [-87.90322, 41.69159], [-87.90304, 41.69157], [-87.90275, 41.69153], [-87.90271, 41.69152], [-87.90264, 41.69151], [-87.90249, 41.69149], [-87.90188, 41.6914], [-87.90175, 41.69138], [-87.90131, 41.69132], [-87.90123, 41.6913], [-87.90106, 41.69128], [-87.90088, 41.69126], [-87.90084, 41.69125], [-87.90069, 41.69123], [-87.90055, 41.69121], [-87.90047, 41.69119], [-87.90024, 41.69117], [-87.90019, 41.69115], [-87.90013, 41.69114], [-87.89972, 41.69109], [-87.8996, 41.69106], [-87.89951, 41.69106], [-87.89917, 41.691], [-87.89899, 41.69098], [-87.89866, 41.69093], [-87.8986, 41.69092], [-87.89803, 41.69084], [-87.89796, 41.69082], [-87.89776, 41.6908], [-87.89773, 41.69079], [-87.89765, 41.69078], [-87.89747, 41.69076], [-87.89737, 41.69073], [-87.8971, 41.69071], [-87.89705, 41.69069], [-87.89683, 41.69067], [-87.89679, 41.69065], [-87.89651, 41.69062], [-87.89642, 41.69059], [-87.89622, 41.69058], [-87.89608, 41.69055], [-87.8959, 41.69053], [-87.89585, 41.69051], [-87.89573, 41.6905], [-87.89568, 41.69049], [-87.89562, 41.69048], [-87.89528, 41.69043], [-87.89523, 41.69043], [-87.89515, 41.69041], [-87.895, 41.69039], [-87.89468, 41.69035], [-87.89464, 41.69033], [-87.89426, 41.69028], [-87.89418, 41.69026], [-87.89382, 41.69021], [-87.89377, 41.69019], [-87.89348, 41.69016], [-87.89331, 41.69014], [-87.89325, 41.69013], [-87.8932, 41.69011], [-87.89314, 41.6901], [-87.89296, 41.69008], [-87.89269, 41.69004], [-87.89263, 41.69004], [-87.89255, 41.69001], [-87.89237, 41.69], [-87.89231, 41.68998], [-87.89215, 41.68996], [-87.89203, 41.68995], [-87.89198, 41.68993], [-87.89159, 41.68988], [-87.89156, 41.68988], [-87.89152, 41.68986], [-87.89132, 41.68984], [-87.89114, 41.68981], [-87.8911, 41.68981], [-87.89098, 41.68979], [-87.89095, 41.68979], [-87.89077, 41.68976], [-87.89072, 41.68976], [-87.89067, 41.68974], [-87.89048, 41.68972], [-87.8903, 41.68969], [-87.89027, 41.68969], [-87.89014, 41.68967], [-87.89008, 41.68966], [-87.89005, 41.68965], [-87.88978, 41.68961], [-87.8897, 41.6896], [-87.88966, 41.68959], [-87.8895, 41.68957], [-87.88945, 41.68957], [-87.88931, 41.68954], [-87.88927, 41.68954], [-87.8891, 41.68952], [-87.88905, 41.68952], [-87.88899, 41.6895], [-87.88887, 41.68948], [-87.88882, 41.68948], [-87.88869, 41.68945], [-87.88863, 41.68945], [-87.88858, 41.68943], [-87.88831, 41.6894], [-87.88827, 41.68938], [-87.88797, 41.68935], [-87.88793, 41.68933], [-87.8879, 41.68933], [-87.88767, 41.6893], [-87.88764, 41.68929], [-87.88742, 41.68926], [-87.88729, 41.68925], [-87.88721, 41.68923], [-87.8869, 41.68919], [-87.88681, 41.68917], [-87.88669, 41.68915], [-87.88634, 41.6891], [-87.8863, 41.6891], [-87.88617, 41.68908], [-87.88611, 41.68907], [-87.88601, 41.68904], [-87.88583, 41.68903], [-87.88577, 41.68901], [-87.88566, 41.689], [-87.8856, 41.68899], [-87.88555, 41.68898], [-87.88539, 41.68896], [-87.88534, 41.68896], [-87.8853, 41.68894], [-87.88517, 41.68893], [-87.88506, 41.6889], [-87.885, 41.6889], [-87.88489, 41.68888], [-87.88481, 41.68887], [-87.88469, 41.68884], [-87.88442, 41.68881], [-87.88429, 41.68878], [-87.88424, 41.68878], [-87.88418, 41.68876], [-87.884, 41.68874], [-87.88387, 41.68871], [-87.88382, 41.68872], [-87.88369, 41.68869], [-87.88366, 41.68869], [-87.88353, 41.68866], [-87.88347, 41.68866], [-87.88342, 41.68864], [-87.88326, 41.68863], [-87.88322, 41.68861], [-87.88319, 41.6886], [-87.88298, 41.68857], [-87.88276, 41.68854], [-87.88267, 41.68853], [-87.88254, 41.6885], [-87.8825, 41.6885], [-87.88237, 41.68847], [-87.88234, 41.68847], [-87.88221, 41.68845], [-87.88215, 41.68844], [-87.8821, 41.68843], [-87.88191, 41.6884], [-87.88188, 41.68839], [-87.88175, 41.68837], [-87.88168, 41.68834], [-87.88168, 41.68828], [-87.88159, 41.6882], [-87.88153, 41.68824], [-87.88152, 41.68826], [-87.88146, 41.6883], [-87.88143, 41.68831], [-87.88114, 41.68827], [-87.8811, 41.68825], [-87.88086, 41.68823], [-87.88079, 41.68821], [-87.88043, 41.68817], [-87.88035, 41.68815], [-87.88027, 41.68814], [-87.87993, 41.68809], [-87.87988, 41.68808], [-87.8797, 41.68806], [-87.87962, 41.68805], [-87.87954, 41.68803], [-87.87942, 41.68801], [-87.87931, 41.688], [-87.87913, 41.68798], [-87.87899, 41.68795], [-87.87891, 41.68794], [-87.87886, 41.68793], [-87.87874, 41.68792], [-87.87866, 41.6879], [-87.87858, 41.6879], [-87.87841, 41.68787], [-87.87837, 41.68787], [-87.87824, 41.68784], [-87.87818, 41.68784], [-87.87813, 41.68782], [-87.87791, 41.6878], [-87.87774, 41.68778], [-87.87771, 41.68778], [-87.87755, 41.68775], [-87.87706, 41.68768], [-87.87702, 41.68768], [-87.87694, 41.68766], [-87.87679, 41.68765], [-87.87648, 41.6876], [-87.87619, 41.68757], [-87.87604, 41.68755], [-87.87598, 41.68755], [-87.87587, 41.68752], [-87.87568, 41.6875], [-87.87564, 41.68749], [-87.87534, 41.68746], [-87.8753, 41.68745], [-87.87521, 41.68744], [-87.87516, 41.68742], [-87.87506, 41.68739], [-87.87484, 41.68739], [-87.87434, 41.68737], [-87.87235, 41.6872], [-87.87213, 41.68717], [-87.8715, 41.68711], [-87.87141, 41.68711], [-87.87094, 41.68707], [-87.87068, 41.68706], [-87.87017, 41.687], [-87.86988, 41.68697], [-87.86964, 41.68695], [-87.86937, 41.68691], [-87.8691, 41.68689], [-87.86891, 41.68686], [-87.86758, 41.68672], [-87.86704, 41.68667], [-87.86624, 41.68658], [-87.86558, 41.68652], [-87.86546, 41.68651], [-87.86451, 41.68643], [-87.86422, 41.68639], [-87.86339, 41.68632], [-87.86242, 41.68623], [-87.8613, 41.68612], [-87.8608, 41.68607], [-87.86001, 41.68597], [-87.85998, 41.68597], [-87.85976, 41.68594], [-87.85939, 41.68591], [-87.85935, 41.6859], [-87.85928, 41.68589], [-87.85911, 41.68587], [-87.8588, 41.68584], [-87.85866, 41.68582], [-87.85841, 41.6858], [-87.85812, 41.68575], [-87.85786, 41.68573], [-87.85783, 41.68573], [-87.8564, 41.68555], [-87.85635, 41.68555], [-87.85624, 41.68553], [-87.85549, 41.68546], [-87.8554, 41.68546], [-87.85527, 41.68544], [-87.85439, 41.68537], [-87.85436, 41.68537], [-87.85406, 41.68534], [-87.85287, 41.68523], [-87.85268, 41.68521], [-87.85192, 41.68515], [-87.85168, 41.68512], [-87.85133, 41.68509], [-87.85071, 41.68503], [-87.85063, 41.68502], [-87.8506, 41.685], [-87.85056, 41.68497], [-87.85054, 41.68483], [-87.85047, 41.68478], [-87.85043, 41.68481], [-87.85038, 41.68494], [-87.85033, 41.68498], [-87.85029, 41.68498], [-87.85001, 41.68495], [-87.84987, 41.68494], [-87.84965, 41.68492], [-87.84961, 41.68492], [-87.84939, 41.68488], [-87.84868, 41.68481], [-87.8486, 41.68479], [-87.84821, 41.68475], [-87.84811, 41.68475], [-87.84756, 41.68468], [-87.8473, 41.68466], [-87.84726, 41.68466], [-87.84703, 41.68463], [-87.8467, 41.6846], [-87.84669, 41.68459], [-87.84567, 41.68449], [-87.84546, 41.68447], [-87.84502, 41.68443], [-87.84485, 41.6844], [-87.84396, 41.68432], [-87.84339, 41.68426], [-87.84309, 41.68423], [-87.84251, 41.68417], [-87.84243, 41.68417], [-87.8421, 41.68413], [-87.84151, 41.68408], [-87.83964, 41.68391], [-87.83724, 41.6837], [-87.83638, 41.68361], [-87.83632, 41.68357], [-87.83628, 41.68359], [-87.83603, 41.68357], [-87.83555, 41.68351], [-87.8352, 41.68348], [-87.83499, 41.68346], [-87.83444, 41.68339], [-87.8342, 41.68337], [-87.83411, 41.68336], [-87.83319, 41.68326], [-87.83136, 41.68307], [-87.83109, 41.68304], [-87.831, 41.68303], [-87.83007, 41.68294], [-87.82948, 41.68287], [-87.82925, 41.68283], [-87.82908, 41.68281], [-87.82895, 41.68279], [-87.8289, 41.68278], [-87.8287, 41.68276], [-87.82848, 41.68273], [-87.82838, 41.6827], [-87.82809, 41.68267], [-87.82802, 41.68265], [-87.82764, 41.6826], [-87.8276, 41.68259], [-87.82733, 41.68255], [-87.8272, 41.68253], [-87.82709, 41.68251], [-87.82656, 41.68244], [-87.82651, 41.68242], [-87.8263, 41.6824], [-87.82613, 41.68238], [-87.82608, 41.68237], [-87.82605, 41.68236], [-87.82597, 41.68235], [-87.82579, 41.68233], [-87.8257, 41.68231], [-87.82551, 41.68229], [-87.82546, 41.68227], [-87.82498, 41.68221], [-87.82492, 41.68219], [-87.82447, 41.68214], [-87.82437, 41.68212], [-87.82424, 41.6821], [-87.82404, 41.68208], [-87.82395, 41.68206], [-87.82377, 41.68203], [-87.82351, 41.682], [-87.82338, 41.68197], [-87.82302, 41.68194], [-87.82296, 41.68192], [-87.82276, 41.6819], [-87.8227, 41.68188], [-87.82252, 41.68186], [-87.82247, 41.68185], [-87.82245, 41.68184], [-87.8221, 41.68181], [-87.82197, 41.68179], [-87.82194, 41.68179], [-87.8219, 41.68177], [-87.82156, 41.68173], [-87.8215, 41.68171], [-87.82119, 41.68168], [-87.8211, 41.68165], [-87.82086, 41.68163], [-87.82082, 41.68162], [-87.82075, 41.68161], [-87.82065, 41.68159], [-87.82046, 41.68157], [-87.8204, 41.68155], [-87.82011, 41.68152], [-87.81998, 41.68149], [-87.81996, 41.68149], [-87.81978, 41.68146], [-87.81975, 41.68146], [-87.8197, 41.68144], [-87.8194, 41.68141], [-87.81934, 41.68139], [-87.81921, 41.68138], [-87.81899, 41.68135], [-87.81888, 41.68133], [-87.8188, 41.68129], [-87.81877, 41.68131], [-87.81869, 41.68131], [-87.81863, 41.68129], [-87.81845, 41.68128], [-87.8184, 41.68126], [-87.81815, 41.68123], [-87.8181, 41.68121], [-87.81768, 41.68116], [-87.81761, 41.68115], [-87.81755, 41.68115], [-87.81748, 41.68112], [-87.81728, 41.68111], [-87.81724, 41.68109], [-87.81708, 41.68107], [-87.81702, 41.68105], [-87.81686, 41.68104], [-87.81682, 41.68102], [-87.81663, 41.681], [-87.81653, 41.68098], [-87.81644, 41.68096], [-87.81635, 41.68094], [-87.81616, 41.68092], [-87.81589, 41.68086], [-87.81572, 41.68083], [-87.81559, 41.68081], [-87.81553, 41.6808], [-87.81551, 41.68079], [-87.81541, 41.68078], [-87.81538, 41.68077], [-87.81527, 41.68074], [-87.81514, 41.68073], [-87.81501, 41.6807], [-87.81496, 41.6807], [-87.8149, 41.68067], [-87.81476, 41.68065], [-87.81464, 41.68063], [-87.8146, 41.68063], [-87.81455, 41.68061], [-87.8144, 41.68059], [-87.81432, 41.68057], [-87.81415, 41.68054], [-87.81392, 41.68049], [-87.81388, 41.68049], [-87.81384, 41.68047], [-87.8137, 41.68045], [-87.8136, 41.68044], [-87.81318, 41.68036], [-87.81313, 41.68035], [-87.81302, 41.68032], [-87.81286, 41.6803], [-87.81282, 41.6803], [-87.81277, 41.68027], [-87.81257, 41.68025], [-87.81252, 41.68023], [-87.81234, 41.68021], [-87.81231, 41.68019], [-87.81224, 41.68017], [-87.81206, 41.68015], [-87.81193, 41.68013], [-87.81188, 41.68012], [-87.8118, 41.68009], [-87.81168, 41.68008], [-87.81162, 41.68006], [-87.81158, 41.68005], [-87.81146, 41.68004], [-87.8114, 41.68002], [-87.8113, 41.68], [-87.81119, 41.67998], [-87.8109, 41.67992], [-87.81085, 41.67992], [-87.81082, 41.6799], [-87.81066, 41.67988], [-87.8106, 41.67986], [-87.81043, 41.67983], [-87.81003, 41.67975], [-87.80978, 41.6797], [-87.80973, 41.6797], [-87.80969, 41.67968], [-87.80965, 41.67967], [-87.8096, 41.67966], [-87.80954, 41.67966], [-87.80942, 41.67963], [-87.80936, 41.67963], [-87.80919, 41.67959], [-87.80911, 41.67958], [-87.80898, 41.67955], [-87.80893, 41.67954], [-87.8087, 41.6795], [-87.80864, 41.67949], [-87.80857, 41.67946], [-87.80843, 41.67945], [-87.80819, 41.6794], [-87.80812, 41.67939], [-87.80799, 41.67935], [-87.80784, 41.67933], [-87.80771, 41.6793], [-87.80767, 41.6793], [-87.80764, 41.67928], [-87.80744, 41.67926], [-87.80741, 41.67924], [-87.80723, 41.67922], [-87.80718, 41.6792], [-87.80702, 41.67918], [-87.80696, 41.67916], [-87.80682, 41.67914], [-87.80621, 41.67902], [-87.80613, 41.679], [-87.80598, 41.67898], [-87.80592, 41.67896], [-87.80581, 41.67895], [-87.80569, 41.67892], [-87.80564, 41.67892], [-87.8056, 41.6789], [-87.80544, 41.67888], [-87.80538, 41.67887], [-87.80532, 41.67885], [-87.80527, 41.67885], [-87.80524, 41.67883], [-87.80508, 41.67881], [-87.80495, 41.67878], [-87.80492, 41.67879], [-87.80486, 41.67876], [-87.80469, 41.67874], [-87.80432, 41.67866], [-87.80416, 41.67864], [-87.80411, 41.67863], [-87.80406, 41.67862], [-87.80395, 41.67859], [-87.80389, 41.67855], [-87.80389, 41.67853], [-87.80392, 41.67847], [-87.80387, 41.67844], [-87.80384, 41.67842], [-87.80381, 41.67842], [-87.80378, 41.67845], [-87.80373, 41.67851], [-87.80368, 41.67855], [-87.80362, 41.67854], [-87.80355, 41.67853], [-87.80352, 41.67852], [-87.80349, 41.67851], [-87.80335, 41.67849], [-87.80325, 41.67847], [-87.80321, 41.67846], [-87.80308, 41.67844], [-87.80285, 41.67839], [-87.80279, 41.67838], [-87.80268, 41.67835], [-87.80255, 41.67833], [-87.80242, 41.67831], [-87.80239, 41.67831], [-87.80226, 41.67828], [-87.8022, 41.67827], [-87.80215, 41.67825], [-87.80205, 41.67824], [-87.80192, 41.67821], [-87.80189, 41.67821], [-87.80149, 41.67813], [-87.80144, 41.67812], [-87.80128, 41.67808], [-87.80117, 41.67806], [-87.80104, 41.67803], [-87.801, 41.67803], [-87.80087, 41.67801], [-87.80081, 41.678], [-87.80064, 41.67795], [-87.80051, 41.67793], [-87.80036, 41.6779], [-87.80009, 41.67785], [-87.80004, 41.67784], [-87.7999, 41.67782], [-87.79987, 41.67781], [-87.79981, 41.6778], [-87.79969, 41.67777], [-87.79962, 41.67777], [-87.79954, 41.67774], [-87.79937, 41.67772], [-87.79922, 41.67769], [-87.79916, 41.67766], [-87.799, 41.67764], [-87.79849, 41.67754], [-87.79843, 41.67754], [-87.79839, 41.67752], [-87.79825, 41.6775], [-87.79812, 41.67747], [-87.79806, 41.67747], [-87.79795, 41.67743], [-87.79779, 41.67741], [-87.79772, 41.67739], [-87.79759, 41.67737], [-87.79731, 41.67732], [-87.79723, 41.67729], [-87.79711, 41.67728], [-87.79696, 41.67724], [-87.79688, 41.67723], [-87.79684, 41.67722], [-87.7967, 41.67719], [-87.79659, 41.67717], [-87.79656, 41.67717], [-87.79629, 41.67711], [-87.79606, 41.67706], [-87.79601, 41.67706], [-87.79591, 41.67704], [-87.79586, 41.67704], [-87.79583, 41.67702], [-87.79566, 41.67701], [-87.79558, 41.67698], [-87.79539, 41.67693], [-87.79514, 41.6769], [-87.7951, 41.67689], [-87.79507, 41.67688], [-87.79494, 41.67687], [-87.7949, 41.67685], [-87.79482, 41.67683], [-87.79464, 41.67681], [-87.79458, 41.67679], [-87.79442, 41.67677], [-87.79431, 41.67675], [-87.79412, 41.6767], [-87.79392, 41.67668], [-87.7939, 41.67666], [-87.79384, 41.67665], [-87.79367, 41.67663], [-87.79366, 41.67662], [-87.79354, 41.6766], [-87.79349, 41.67659], [-87.79336, 41.67656], [-87.79332, 41.67655], [-87.79327, 41.67654], [-87.79315, 41.67652], [-87.79306, 41.67649], [-87.79298, 41.67648], [-87.79292, 41.67648], [-87.79279, 41.67645], [-87.79273, 41.67644], [-87.79268, 41.67642], [-87.79256, 41.67641], [-87.79243, 41.67638], [-87.79223, 41.67635], [-87.79158, 41.67622], [-87.79154, 41.67621], [-87.79151, 41.6762], [-87.7913, 41.67617], [-87.79119, 41.67614], [-87.79094, 41.6761], [-87.79083, 41.67607], [-87.7908, 41.67607], [-87.79077, 41.67605], [-87.79065, 41.67604], [-87.79053, 41.67601], [-87.79047, 41.676], [-87.79028, 41.67597], [-87.7901, 41.67593], [-87.79005, 41.67593], [-87.78998, 41.6759], [-87.78983, 41.67588], [-87.78978, 41.67587], [-87.78974, 41.67585], [-87.78959, 41.67583], [-87.7895, 41.6758], [-87.78945, 41.6758], [-87.7894, 41.67578], [-87.78926, 41.67576], [-87.78914, 41.67574], [-87.78909, 41.67573], [-87.78904, 41.67572], [-87.78891, 41.6757], [-87.78886, 41.67569], [-87.78878, 41.67567], [-87.78866, 41.67565], [-87.7885, 41.67562], [-87.78848, 41.67562], [-87.78839, 41.67559], [-87.78814, 41.67556], [-87.78808, 41.67554], [-87.78806, 41.67554], [-87.78797, 41.67553], [-87.78796, 41.67553], [-87.78792, 41.6755], [-87.78775, 41.67549], [-87.78766, 41.67546], [-87.78757, 41.67545], [-87.7875, 41.67544], [-87.78738, 41.67541], [-87.78735, 41.67541], [-87.78722, 41.67538], [-87.78717, 41.67538], [-87.78711, 41.67536], [-87.78699, 41.67534], [-87.78672, 41.67529], [-87.78666, 41.67528], [-87.78663, 41.67526], [-87.78651, 41.67525], [-87.78648, 41.67525], [-87.78635, 41.67522], [-87.7863, 41.67522], [-87.78619, 41.67518], [-87.78607, 41.67516], [-87.78594, 41.67515], [-87.78587, 41.67512], [-87.78577, 41.67511], [-87.78559, 41.67507], [-87.78544, 41.67505], [-87.78531, 41.67503], [-87.78529, 41.67503], [-87.78524, 41.675], [-87.78514, 41.67499], [-87.78501, 41.67497], [-87.78498, 41.67495], [-87.78478, 41.67493], [-87.78471, 41.6749], [-87.7844, 41.67487], [-87.78436, 41.67485], [-87.78433, 41.67484], [-87.7842, 41.67481], [-87.78406, 41.67479], [-87.78399, 41.67477], [-87.78383, 41.67475], [-87.78371, 41.67473], [-87.78369, 41.67473], [-87.78363, 41.6747], [-87.78347, 41.67468], [-87.78333, 41.67465], [-87.78324, 41.67463], [-87.78318, 41.67463], [-87.78315, 41.67461], [-87.78308, 41.6746], [-87.78302, 41.67457], [-87.78286, 41.67456], [-87.78281, 41.67453], [-87.78267, 41.67452], [-87.78239, 41.67447], [-87.78233, 41.67446], [-87.78227, 41.67444], [-87.78221, 41.67443], [-87.78206, 41.67441], [-87.78193, 41.67438], [-87.78189, 41.67438], [-87.78183, 41.67436], [-87.7818, 41.67436], [-87.78166, 41.67434], [-87.7816, 41.67431], [-87.78136, 41.67428], [-87.78129, 41.67425], [-87.78116, 41.67425], [-87.78112, 41.67422], [-87.78097, 41.6742], [-87.7807, 41.67415], [-87.78064, 41.67415], [-87.78059, 41.67412], [-87.78045, 41.67411], [-87.78042, 41.6741], [-87.78002, 41.67402], [-87.77997, 41.67399], [-87.77994, 41.674], [-87.77985, 41.674], [-87.77979, 41.67397], [-87.77965, 41.67396], [-87.7796, 41.67395], [-87.77953, 41.67393], [-87.77947, 41.67392], [-87.7791, 41.67385], [-87.77906, 41.67385], [-87.77893, 41.67382], [-87.77888, 41.67381], [-87.77883, 41.67379], [-87.77873, 41.67378], [-87.77851, 41.67374], [-87.77841, 41.67372], [-87.77818, 41.67367], [-87.77814, 41.67367], [-87.77813, 41.67367], [-87.77799, 41.67363], [-87.77787, 41.67361], [-87.77778, 41.67359], [-87.77767, 41.67357], [-87.7775, 41.67354], [-87.77737, 41.67351], [-87.77731, 41.67347], [-87.77725, 41.67349], [-87.77707, 41.67344], [-87.77692, 41.67342], [-87.77686, 41.6734], [-87.7767, 41.67336], [-87.77623, 41.67326], [-87.7761, 41.67325], [-87.77595, 41.67321], [-87.77591, 41.6732], [-87.77584, 41.67318], [-87.7758, 41.67318], [-87.77577, 41.67316], [-87.7756, 41.67312], [-87.77539, 41.67308], [-87.77535, 41.67306], [-87.77529, 41.67305], [-87.77512, 41.67302], [-87.77486, 41.67295], [-87.77477, 41.67293], [-87.77465, 41.67292], [-87.77462, 41.6729], [-87.77447, 41.67286], [-87.77429, 41.67282], [-87.77275, 41.67244], [-87.77272, 41.67242], [-87.77204, 41.67223], [-87.77191, 41.67221], [-87.77184, 41.67217], [-87.77171, 41.67213], [-87.77148, 41.67206], [-87.77133, 41.67202], [-87.77127, 41.672], [-87.7712, 41.67197], [-87.77114, 41.67196], [-87.77108, 41.67193], [-87.77099, 41.67191], [-87.77096, 41.67189], [-87.77086, 41.67187], [-87.77083, 41.67185], [-87.77079, 41.67185], [-87.77075, 41.67184], [-87.77069, 41.6718], [-87.77061, 41.67179], [-87.77055, 41.67176], [-87.77047, 41.67173], [-87.77044, 41.67171], [-87.77039, 41.67171], [-87.77032, 41.67169], [-87.77027, 41.67166], [-87.77023, 41.67165], [-87.7702, 41.67163], [-87.77015, 41.67162], [-87.77008, 41.6716], [-87.77, 41.67156], [-87.76985, 41.67151], [-87.76975, 41.67149], [-87.76968, 41.67145], [-87.76964, 41.67144], [-87.76958, 41.67141], [-87.76954, 41.6714], [-87.7694, 41.67135], [-87.76937, 41.67134], [-87.76929, 41.67131], [-87.76925, 41.6713], [-87.76917, 41.67126], [-87.76909, 41.67125], [-87.76907, 41.67123], [-87.76904, 41.67123], [-87.76896, 41.67119], [-87.7689, 41.67117], [-87.76882, 41.67113], [-87.76878, 41.67112], [-87.76875, 41.67112], [-87.76872, 41.67109], [-87.76867, 41.67108], [-87.76857, 41.67104], [-87.76853, 41.67103], [-87.76847, 41.67099], [-87.76843, 41.67099], [-87.76837, 41.67095], [-87.76832, 41.67095], [-87.76816, 41.67087], [-87.76812, 41.67086], [-87.76807, 41.67083], [-87.76802, 41.67082], [-87.76759, 41.67064], [-87.76703, 41.67041], [-87.76696, 41.67038], [-87.7669, 41.67036], [-87.76688, 41.67035], [-87.76685, 41.67034], [-87.76679, 41.67031], [-87.76674, 41.67028], [-87.76669, 41.67027], [-87.76664, 41.67025], [-87.76658, 41.67021], [-87.76655, 41.67021], [-87.76654, 41.6702], [-87.76643, 41.67015], [-87.76633, 41.6701], [-87.76631, 41.6701], [-87.76628, 41.67009], [-87.76618, 41.67004], [-87.76609, 41.66999], [-87.76606, 41.66999], [-87.76597, 41.66994], [-87.76593, 41.66994], [-87.76583, 41.66989], [-87.76578, 41.66986], [-87.76574, 41.66986], [-87.76572, 41.66984], [-87.7656, 41.66979], [-87.76513, 41.66958], [-87.7651, 41.66955], [-87.76507, 41.66955], [-87.76448, 41.66926], [-87.76435, 41.66918], [-87.76431, 41.66918], [-87.76405, 41.66903], [-87.76375, 41.66888], [-87.76306, 41.66852], [-87.7628, 41.66839], [-87.76261, 41.66828], [-87.76225, 41.66809], [-87.76176, 41.66781], [-87.76127, 41.66754], [-87.76112, 41.66745], [-87.76083, 41.66729], [-87.76047, 41.66709], [-87.7603, 41.66698], [-87.75947, 41.66647], [-87.75899, 41.66619], [-87.75895, 41.66617], [-87.75881, 41.66608], [-87.75873, 41.66604], [-87.75832, 41.6658], [-87.7582, 41.66574], [-87.75816, 41.66571], [-87.75806, 41.66566], [-87.75759, 41.66538], [-87.75737, 41.66526], [-87.75729, 41.66521], [-87.7571, 41.6651], [-87.75662, 41.66483], [-87.75657, 41.66481], [-87.7565, 41.66476], [-87.75635, 41.66468], [-87.75627, 41.66463], [-87.7559, 41.66443], [-87.75575, 41.66433], [-87.7548, 41.66381], [-87.75439, 41.66357], [-87.75399, 41.66335], [-87.75383, 41.66325], [-87.75376, 41.66321], [-87.75366, 41.66316], [-87.75358, 41.66311], [-87.75354, 41.66309], [-87.75323, 41.66291], [-87.75308, 41.66281], [-87.75304, 41.66278], [-87.75293, 41.66266], [-87.75289, 41.66253], [-87.75286, 41.66249], [-87.75279, 41.66243], [-87.75268, 41.66251], [-87.75262, 41.66252], [-87.75253, 41.66248], [-87.75239, 41.6624], [-87.75199, 41.66219], [-87.7517, 41.66202], [-87.75148, 41.6619], [-87.75132, 41.6618], [-87.75122, 41.66174], [-87.75118, 41.66171], [-87.75106, 41.66166], [-87.7509, 41.66156], [-87.75082, 41.66152], [-87.75063, 41.66142], [-87.75055, 41.66137], [-87.7503, 41.66123], [-87.75028, 41.66122], [-87.75012, 41.66113], [-87.75005, 41.66109], [-87.74992, 41.66105], [-87.74863, 41.66033], [-87.74854, 41.66028], [-87.74853, 41.66025], [-87.74843, 41.66019], [-87.74811, 41.66001], [-87.74805, 41.65997], [-87.74798, 41.65993], [-87.74792, 41.65987], [-87.74792, 41.65983], [-87.74792, 41.65976], [-87.74769, 41.65974], [-87.74696, 41.65931], [-87.74602, 41.65882], [-87.74598, 41.6588], [-87.74458, 41.65795], [-87.74212, 41.65661], [-87.74145, 41.65625], [-87.74037, 41.65575], [-87.7397, 41.65543], [-87.73905, 41.65518], [-87.73898, 41.65513], [-87.73878, 41.65511], [-87.73836, 41.65511], [-87.73833, 41.65511], [-87.73816, 41.65509], [-87.7381, 41.65504], [-87.73806, 41.65489], [-87.738, 41.65482], [-87.73789, 41.65473], [-87.73777, 41.65467], [-87.73591, 41.65397], [-87.73563, 41.65387], [-87.73471, 41.65358], [-87.73352, 41.65318], [-87.73128, 41.65253], [-87.72781, 41.65183], [-87.72748, 41.65176], [-87.72621, 41.65155], [-87.72506, 41.65138], [-87.72499, 41.65137], [-87.72492, 41.65136], [-87.72478, 41.65134], [-87.72393, 41.65121], [-87.7238, 41.6512], [-87.7206, 41.651], [-87.72, 41.65098], [-87.71955, 41.65097], [-87.71928, 41.65098], [-87.71907, 41.65108], [-87.71883, 41.65112], [-87.71876, 41.65111], [-87.71854, 41.65109], [-87.71839, 41.65101], [-87.71823, 41.65096], [-87.7178, 41.65095], [-87.71745, 41.65095], [-87.71508, 41.65099], [-87.71484, 41.65099], [-87.71386, 41.65101], [-87.71193, 41.65104], [-87.70613, 41.65113], [-87.70514, 41.65115], [-87.7042, 41.65117], [-87.70396, 41.65118], [-87.70323, 41.6512], [-87.70299, 41.6512], [-87.70277, 41.65121], [-87.70209, 41.65122], [-87.70186, 41.65123], [-87.70158, 41.65123], [-87.70141, 41.65124], [-87.70074, 41.65126], [-87.70046, 41.65127], [-87.70022, 41.65127], [-87.69953, 41.65129], [-87.69939, 41.6513], [-87.69929, 41.6513], [-87.69784, 41.65139], [-87.69545, 41.65153], [-87.69448, 41.65157], [-87.69346, 41.65161], [-87.69326, 41.65162], [-87.6925, 41.65165], [-87.692, 41.65166], [-87.69156, 41.65166], [-87.69022, 41.65168], [-87.68978, 41.65169], [-87.68936, 41.6517], [-87.68814, 41.65171], [-87.68811, 41.65172], [-87.68807, 41.65173], [-87.68795, 41.65183], [-87.68789, 41.65185], [-87.68774, 41.65186], [-87.6877, 41.65186], [-87.68758, 41.65186], [-87.68754, 41.65187], [-87.68751, 41.65187], [-87.68741, 41.65187], [-87.68726, 41.65186], [-87.68707, 41.65178], [-87.68706, 41.65178], [-87.68693, 41.65177], [-87.68689, 41.65176], [-87.68687, 41.65176], [-87.68676, 41.65176], [-87.68671, 41.65176], [-87.68561, 41.65177], [-87.68342, 41.65178], [-87.68229, 41.65178], [-87.68213, 41.65178], [-87.68118, 41.65176], [-87.68094, 41.65176], [-87.68023, 41.65174], [-87.67999, 41.65173], [-87.67917, 41.65171], [-87.67907, 41.65171], [-87.6776, 41.65171], [-87.67632, 41.65172], [-87.67573, 41.65173], [-87.67541, 41.65173], [-87.67434, 41.65172], [-87.67366, 41.65172], [-87.67282, 41.65184], [-87.67177, 41.65205], [-87.6712, 41.65216], [-87.6707, 41.65227], [-87.67016, 41.65239], [-87.67004, 41.65242], [-87.66907, 41.65264], [-87.6689, 41.65268], [-87.66598, 41.65336], [-87.6659, 41.65338], [-87.66579, 41.6534], [-87.66471, 41.65368], [-87.66464, 41.65369], [-87.66443, 41.65374], [-87.66437, 41.65376], [-87.66385, 41.65389], [-87.66231, 41.65427], [-87.6619, 41.65438], [-87.6618, 41.6544], [-87.66173, 41.65442], [-87.66166, 41.65443], [-87.66156, 41.65446], [-87.66153, 41.65446], [-87.66083, 41.65462], [-87.66067, 41.65466], [-87.66059, 41.65467], [-87.65936, 41.65485], [-87.65847, 41.65497], [-87.65739, 41.65516], [-87.65567, 41.65541], [-87.65444, 41.65559], [-87.65428, 41.65561], [-87.65381, 41.65568], [-87.65366, 41.6557], [-87.65315, 41.65577], [-87.65255, 41.65586], [-87.65164, 41.65599], [-87.65146, 41.65602], [-87.65147, 41.65591], [-87.65158, 41.65577], [-87.65161, 41.65575], [-87.65169, 41.65569], [-87.65194, 41.65552], [-87.65202, 41.65546], [-87.65156, 41.65543], [-87.65145, 41.65547], [-87.65112, 41.65558], [-87.65101, 41.65562], [-87.65092, 41.65565], [-87.65088, 41.65566], [-87.65074, 41.65571], [-87.65065, 41.65574], [-87.65056, 41.65577], [-87.65042, 41.65582], [-87.65001, 41.65596], [-87.64987, 41.65601], [-87.64927, 41.65621], [-87.64853, 41.65646], [-87.64745, 41.65683], [-87.647, 41.65698], [-87.64685, 41.65703], [-87.64684, 41.65711], [-87.64683, 41.65719], [-87.6468, 41.65749], [-87.64678, 41.65764], [-87.64676, 41.65779], [-87.647, 41.65774], [-87.64724, 41.6577], [-87.6474, 41.65766], [-87.64756, 41.65762], [-87.64854, 41.65739], [-87.6491, 41.65726], [-87.6493, 41.65723], [-87.64972, 41.65716], [-87.64993, 41.6571], [-87.65025, 41.65706], [-87.65057, 41.65698], [-87.65118, 41.65685], [-87.65165, 41.65681], [-87.65236, 41.65668], [-87.65249, 41.65666], [-87.65313, 41.65657], [-87.65326, 41.65655], [-87.65363, 41.6565], [-87.65375, 41.65648], [-87.65404, 41.65644], [-87.65465, 41.65633], [-87.65514, 41.65624], [-87.6567, 41.656], [-87.65735, 41.65591], [-87.65825, 41.65578], [-87.65872, 41.65571], [-87.66015, 41.65551], [-87.66062, 41.65544], [-87.66087, 41.65541], [-87.66088, 41.6554], [-87.66164, 41.65521], [-87.66166, 41.65521], [-87.66177, 41.65518], [-87.66185, 41.65517], [-87.66192, 41.65515], [-87.66357, 41.65474], [-87.66599, 41.65414], [-87.66619, 41.65409], [-87.66853, 41.6535], [-87.6689, 41.6534], [-87.66949, 41.65325], [-87.67019, 41.65312], [-87.67047, 41.65306], [-87.67066, 41.65302], [-87.67133, 41.65291], [-87.67161, 41.65287], [-87.67237, 41.65274], [-87.6726, 41.65271], [-87.67283, 41.65266], [-87.67429, 41.65251], [-87.67466, 41.6525], [-87.67543, 41.65249], [-87.67633, 41.65247], [-87.67657, 41.65247], [-87.67881, 41.65244], [-87.67903, 41.65245], [-87.67993, 41.65246], [-87.68, 41.65246], [-87.6802, 41.65247], [-87.68027, 41.65247], [-87.68036, 41.65247], [-87.68045, 41.65247], [-87.68097, 41.65248], [-87.68099, 41.65248], [-87.68117, 41.65249], [-87.68124, 41.65249], [-87.68144, 41.6525], [-87.68151, 41.6525], [-87.68192, 41.65252], [-87.68218, 41.65253], [-87.68313, 41.65254], [-87.68343, 41.65254], [-87.68354, 41.65254], [-87.68359, 41.65254], [-87.68375, 41.65255], [-87.68381, 41.65255], [-87.68443, 41.65254], [-87.68632, 41.65254], [-87.68694, 41.65254], [-87.68698, 41.65253], [-87.68707, 41.65253], [-87.68711, 41.65253], [-87.68726, 41.65253], [-87.6877, 41.65253], [-87.68786, 41.65253], [-87.68791, 41.65253], [-87.68808, 41.65253], [-87.68813, 41.65253], [-87.68853, 41.65253], [-87.68892, 41.65253], [-87.68897, 41.65267], [-87.68901, 41.65268], [-87.68915, 41.65267], [-87.68923, 41.65252], [-87.68952, 41.65251], [-87.68992, 41.6525], [-87.69034, 41.65249], [-87.69161, 41.65245], [-87.69203, 41.65243], [-87.69327, 41.65239], [-87.69349, 41.65239], [-87.69449, 41.65236], [-87.69455, 41.65236], [-87.69787, 41.65221], [-87.69933, 41.65215], [-87.69946, 41.65215], [-87.7002, 41.6521], [-87.70032, 41.65209], [-87.70051, 41.65208], [-87.70139, 41.65209], [-87.70146, 41.65212], [-87.70148, 41.6522], [-87.70163, 41.6522], [-87.70173, 41.65219], [-87.70185, 41.65207], [-87.70206, 41.65202], [-87.70318, 41.65198], [-87.70417, 41.65195], [-87.70609, 41.65188], [-87.70625, 41.65188], [-87.70915, 41.65182], [-87.71186, 41.65179], [-87.71379, 41.65177], [-87.71479, 41.65175], [-87.71778, 41.65172], [-87.71878, 41.6517], [-87.7189, 41.6517], [-87.72012, 41.65176], [-87.72141, 41.65182], [-87.7236, 41.65197], [-87.72412, 41.65201], [-87.72472, 41.65206], [-87.72517, 41.65212], [-87.72531, 41.65214], [-87.72544, 41.65216], [-87.72584, 41.65221], [-87.72681, 41.65238], [-87.72794, 41.65255], [-87.7281, 41.65259], [-87.72897, 41.65279], [-87.73069, 41.65315], [-87.73195, 41.65346], [-87.7331, 41.65378], [-87.73448, 41.65424], [-87.73509, 41.65445], [-87.73589, 41.65474], [-87.73749, 41.65532], [-87.73838, 41.65574], [-87.7388, 41.65593], [-87.73931, 41.6561], [-87.74017, 41.65648], [-87.74042, 41.65661], [-87.74161, 41.65721], [-87.74436, 41.65868], [-87.74624, 41.65982], [-87.74683, 41.66018], [-87.7478, 41.66071], [-87.74815, 41.66093], [-87.74822, 41.66097], [-87.7484, 41.66108], [-87.74846, 41.66112], [-87.74861, 41.66121], [-87.74904, 41.66146], [-87.74905, 41.66147], [-87.74921, 41.66155], [-87.74956, 41.66173], [-87.74983, 41.6619], [-87.74994, 41.66196], [-87.75009, 41.66204], [-87.75025, 41.66213], [-87.75081, 41.66245], [-87.75141, 41.6628], [-87.75168, 41.66297], [-87.75172, 41.66299], [-87.75213, 41.66322], [-87.75229, 41.66331], [-87.75247, 41.66342], [-87.75276, 41.66358], [-87.75286, 41.66364], [-87.75292, 41.66368], [-87.75391, 41.66423], [-87.75416, 41.66438], [-87.75448, 41.66456], [-87.75466, 41.66466], [-87.75486, 41.66478], [-87.75505, 41.66488], [-87.75513, 41.66493], [-87.7556, 41.66519], [-87.75643, 41.66567], [-87.75677, 41.66587], [-87.75706, 41.66603], [-87.75717, 41.66609], [-87.75761, 41.66634], [-87.75769, 41.66639], [-87.7579, 41.66651], [-87.75812, 41.66663], [-87.75828, 41.66673], [-87.7585, 41.66685], [-87.75866, 41.66694], [-87.75897, 41.66713], [-87.75954, 41.66744], [-87.76029, 41.66788], [-87.76052, 41.66802], [-87.76075, 41.66815], [-87.76084, 41.6682], [-87.76132, 41.66849], [-87.76194, 41.66884], [-87.76205, 41.6689], [-87.7622, 41.66899], [-87.76251, 41.66916], [-87.76296, 41.6694], [-87.76366, 41.66975], [-87.7646, 41.67019], [-87.76463, 41.6702], [-87.76472, 41.67025], [-87.76536, 41.67054], [-87.76539, 41.67056], [-87.76575, 41.67073], [-87.7658, 41.67074], [-87.76583, 41.67076], [-87.76588, 41.67077], [-87.76596, 41.67082], [-87.766, 41.67082], [-87.76606, 41.67086], [-87.76635, 41.67099], [-87.76638, 41.67099], [-87.76647, 41.67105], [-87.76652, 41.67107], [-87.76677, 41.67117], [-87.76696, 41.67126], [-87.76701, 41.67127], [-87.76706, 41.6713], [-87.7671, 41.67131], [-87.76713, 41.67133], [-87.76717, 41.67134], [-87.76724, 41.67138], [-87.76772, 41.67157], [-87.76774, 41.67158], [-87.76783, 41.67161], [-87.76787, 41.67163], [-87.76797, 41.67166], [-87.768, 41.67168], [-87.76818, 41.67174], [-87.76821, 41.67176], [-87.76839, 41.67182], [-87.76843, 41.67184], [-87.76851, 41.67187], [-87.76856, 41.67189], [-87.76859, 41.6719], [-87.76866, 41.67192], [-87.76874, 41.67195], [-87.76878, 41.67197], [-87.76882, 41.67198], [-87.76885, 41.672], [-87.76894, 41.67202], [-87.76899, 41.67204], [-87.76901, 41.67205], [-87.76914, 41.6721], [-87.76924, 41.67213], [-87.7693, 41.67216], [-87.76938, 41.67218], [-87.76943, 41.67221], [-87.76952, 41.67223], [-87.76956, 41.67226], [-87.76963, 41.67227], [-87.7697, 41.6723], [-87.7698, 41.67233], [-87.77001, 41.6724], [-87.77005, 41.67242], [-87.77014, 41.67244], [-87.77019, 41.67247], [-87.77059, 41.67258], [-87.77061, 41.6726], [-87.77077, 41.67264], [-87.7708, 41.67265], [-87.77106, 41.67272], [-87.7716, 41.67289], [-87.77207, 41.67301], [-87.7721, 41.67302], [-87.77256, 41.67313], [-87.77261, 41.67316], [-87.77265, 41.67317], [-87.7728, 41.6732], [-87.77384, 41.67346], [-87.77394, 41.67348], [-87.77485, 41.67371], [-87.77487, 41.67373], [-87.77501, 41.67374], [-87.77521, 41.67379], [-87.77525, 41.67381], [-87.77539, 41.67383], [-87.77554, 41.67387], [-87.7756, 41.67389], [-87.77565, 41.67389], [-87.77578, 41.67393], [-87.77579, 41.67393], [-87.77596, 41.67396], [-87.7761, 41.67398], [-87.77629, 41.67403], [-87.77635, 41.67405], [-87.77652, 41.67409], [-87.77663, 41.6741], [-87.77667, 41.67411], [-87.77675, 41.67412], [-87.77688, 41.67416], [-87.77694, 41.67417], [-87.77701, 41.67419], [-87.77705, 41.67419], [-87.77718, 41.67423], [-87.77737, 41.67426], [-87.7774, 41.67427], [-87.77757, 41.67429], [-87.77788, 41.67436], [-87.77814, 41.67443], [-87.77817, 41.67443], [-87.77833, 41.67445], [-87.77836, 41.67446], [-87.7784, 41.67447], [-87.77854, 41.6745], [-87.77883, 41.67454], [-87.77889, 41.67456], [-87.77899, 41.67457], [-87.77908, 41.67459], [-87.77912, 41.67461], [-87.77925, 41.67461], [-87.77933, 41.67464], [-87.77957, 41.67467], [-87.7796, 41.67468], [-87.77964, 41.67469], [-87.77977, 41.67471], [-87.77996, 41.67473], [-87.78004, 41.67476], [-87.78011, 41.67477], [-87.78024, 41.6748], [-87.78032, 41.6748], [-87.78039, 41.67482], [-87.78055, 41.67484], [-87.78059, 41.67486], [-87.78077, 41.67488], [-87.7809, 41.67491], [-87.78093, 41.67493], [-87.78098, 41.67493], [-87.78139, 41.67501], [-87.78144, 41.67502], [-87.78153, 41.67503], [-87.78159, 41.67506], [-87.78176, 41.67507], [-87.78182, 41.6751], [-87.78185, 41.6751], [-87.78213, 41.67515], [-87.78226, 41.67517], [-87.78228, 41.67517], [-87.78231, 41.67519], [-87.78235, 41.67519], [-87.78248, 41.67522], [-87.78254, 41.67523], [-87.78259, 41.67523], [-87.78263, 41.67524], [-87.78271, 41.67525], [-87.78278, 41.67528], [-87.78296, 41.67531], [-87.78299, 41.67533], [-87.78305, 41.67533], [-87.78317, 41.67536], [-87.78335, 41.67538], [-87.78339, 41.67539], [-87.78348, 41.6754], [-87.78363, 41.67544], [-87.78368, 41.67546], [-87.78384, 41.67547], [-87.78395, 41.6755], [-87.78398, 41.67552], [-87.78415, 41.67554], [-87.78438, 41.67558], [-87.78447, 41.67561], [-87.78456, 41.67562], [-87.78462, 41.67563], [-87.78471, 41.67565], [-87.78479, 41.67568], [-87.78497, 41.6757], [-87.78512, 41.67574], [-87.78523, 41.67575], [-87.78527, 41.67576], [-87.78532, 41.67577], [-87.78616, 41.67593], [-87.78628, 41.67595], [-87.78631, 41.67596], [-87.78648, 41.67598], [-87.78651, 41.676], [-87.78655, 41.676], [-87.78696, 41.67608], [-87.78712, 41.6761], [-87.78715, 41.67612], [-87.7872, 41.67613], [-87.78737, 41.67615], [-87.78744, 41.67617], [-87.78772, 41.67623], [-87.78789, 41.67625], [-87.78796, 41.67627], [-87.78801, 41.67629], [-87.78805, 41.67629], [-87.78808, 41.67629], [-87.78818, 41.67631], [-87.78834, 41.67634], [-87.78852, 41.67638], [-87.78884, 41.67645], [-87.7889, 41.67645], [-87.78927, 41.67653], [-87.78933, 41.67653], [-87.78946, 41.67656], [-87.78959, 41.67657], [-87.78966, 41.67659], [-87.78969, 41.67661], [-87.78975, 41.67662], [-87.78983, 41.67663], [-87.78988, 41.67664], [-87.79002, 41.67666], [-87.79006, 41.67668], [-87.79011, 41.67668], [-87.79027, 41.67672], [-87.79038, 41.67674], [-87.79055, 41.67676], [-87.79061, 41.67679], [-87.79075, 41.6768], [-87.79078, 41.67682], [-87.79092, 41.67684], [-87.79095, 41.67685], [-87.79096, 41.67686], [-87.791, 41.67686], [-87.79128, 41.67692], [-87.79142, 41.67693], [-87.79152, 41.67696], [-87.7917, 41.67699], [-87.79173, 41.67701], [-87.79177, 41.67701], [-87.792, 41.67706], [-87.7922, 41.67709], [-87.79233, 41.67712], [-87.79241, 41.67713], [-87.79253, 41.67716], [-87.79256, 41.67716], [-87.79265, 41.67718], [-87.79279, 41.6772], [-87.79282, 41.67721], [-87.79285, 41.67722], [-87.79293, 41.67724], [-87.79298, 41.67725], [-87.79321, 41.67729], [-87.79339, 41.67732], [-87.79343, 41.67734], [-87.79352, 41.67735], [-87.79362, 41.67738], [-87.79365, 41.67738], [-87.79382, 41.67741], [-87.79394, 41.67744], [-87.79406, 41.67745], [-87.79409, 41.67747], [-87.7942, 41.67748], [-87.79424, 41.67748], [-87.79431, 41.67752], [-87.79436, 41.67752], [-87.79459, 41.67757], [-87.79464, 41.67757], [-87.79477, 41.6776], [-87.79487, 41.67761], [-87.79492, 41.67763], [-87.79498, 41.67764], [-87.79521, 41.67769], [-87.79537, 41.67771], [-87.79556, 41.67776], [-87.79579, 41.67778], [-87.79581, 41.6778], [-87.79583, 41.6778], [-87.79585, 41.67781], [-87.79597, 41.67782], [-87.79614, 41.67787], [-87.79618, 41.67787], [-87.79637, 41.6779], [-87.79645, 41.67791], [-87.79652, 41.67794], [-87.79666, 41.67795], [-87.79669, 41.67797], [-87.79685, 41.67799], [-87.79695, 41.67802], [-87.79699, 41.67802], [-87.79715, 41.67804], [-87.7972, 41.67806], [-87.79738, 41.67808], [-87.79778, 41.67816], [-87.79796, 41.67821], [-87.7982, 41.67824], [-87.79829, 41.67827], [-87.79844, 41.67829], [-87.79848, 41.67831], [-87.79852, 41.67831], [-87.79895, 41.67839], [-87.7991, 41.67842], [-87.79923, 41.67843], [-87.79928, 41.67846], [-87.79931, 41.67846], [-87.79943, 41.67848], [-87.79949, 41.6785], [-87.79961, 41.67851], [-87.79964, 41.67853], [-87.79982, 41.67855], [-87.79985, 41.67857], [-87.79989, 41.67857], [-87.80028, 41.67865], [-87.80046, 41.67867], [-87.80051, 41.67869], [-87.80054, 41.67869], [-87.80093, 41.67877], [-87.80096, 41.67878], [-87.80109, 41.6788], [-87.80123, 41.67882], [-87.80135, 41.67885], [-87.8014, 41.67886], [-87.80153, 41.67888], [-87.80168, 41.67891], [-87.80171, 41.67893], [-87.80175, 41.67893], [-87.80217, 41.67901], [-87.8022, 41.67901], [-87.80233, 41.67904], [-87.8024, 41.67904], [-87.80251, 41.67907], [-87.80255, 41.67908], [-87.80293, 41.67915], [-87.80298, 41.67916], [-87.80326, 41.67921], [-87.80343, 41.67923], [-87.80361, 41.67928], [-87.80387, 41.67932], [-87.80393, 41.67935], [-87.80408, 41.67936], [-87.80416, 41.67938], [-87.80421, 41.6794], [-87.80429, 41.6794], [-87.80441, 41.67943], [-87.80454, 41.67945], [-87.80457, 41.67947], [-87.80463, 41.67947], [-87.80491, 41.67953], [-87.80498, 41.67953], [-87.80506, 41.67956], [-87.80522, 41.67958], [-87.80523, 41.67958], [-87.8053, 41.6796], [-87.80548, 41.67962], [-87.80553, 41.67965], [-87.80581, 41.67969], [-87.80588, 41.67971], [-87.80602, 41.67973], [-87.80607, 41.67975], [-87.80629, 41.67978], [-87.80634, 41.6798], [-87.80639, 41.6798], [-87.80667, 41.67985], [-87.80681, 41.67988], [-87.80685, 41.6799], [-87.80688, 41.6799], [-87.80701, 41.67992], [-87.80707, 41.67993], [-87.80709, 41.67994], [-87.80724, 41.67995], [-87.80737, 41.67999], [-87.80743, 41.67999], [-87.80747, 41.68], [-87.8077, 41.68005], [-87.80781, 41.68006], [-87.80791, 41.68009], [-87.80809, 41.68011], [-87.80817, 41.68014], [-87.80835, 41.68016], [-87.80841, 41.68018], [-87.80857, 41.6802], [-87.80863, 41.68021], [-87.8088, 41.68024], [-87.80889, 41.68027], [-87.80902, 41.68029], [-87.80914, 41.68031], [-87.80929, 41.68034], [-87.80941, 41.68035], [-87.80946, 41.68037], [-87.80949, 41.68039], [-87.80961, 41.6804], [-87.80965, 41.6804], [-87.80972, 41.68042], [-87.8099, 41.68046], [-87.80997, 41.68047], [-87.81009, 41.6805], [-87.81024, 41.68052], [-87.81028, 41.68054], [-87.81045, 41.68056], [-87.81048, 41.68058], [-87.81067, 41.68059], [-87.81074, 41.68062], [-87.81076, 41.68062], [-87.81088, 41.68063], [-87.81091, 41.68065], [-87.81107, 41.68067], [-87.81113, 41.68068], [-87.81116, 41.6807], [-87.81119, 41.68071], [-87.81129, 41.68072], [-87.81132, 41.68073], [-87.81136, 41.68074], [-87.81147, 41.68075], [-87.81157, 41.68078], [-87.8116, 41.68078], [-87.81172, 41.6808], [-87.81178, 41.68082], [-87.81183, 41.68082], [-87.81203, 41.68087], [-87.81223, 41.68089], [-87.81239, 41.68094], [-87.81245, 41.68095], [-87.81258, 41.68097], [-87.81265, 41.68098], [-87.81275, 41.681], [-87.81291, 41.68104], [-87.81305, 41.68106], [-87.81311, 41.68108], [-87.81314, 41.68108], [-87.81327, 41.68111], [-87.81338, 41.68113], [-87.81351, 41.68117], [-87.81368, 41.68119], [-87.81371, 41.6812], [-87.81375, 41.68121], [-87.8139, 41.68124], [-87.81401, 41.68126], [-87.81411, 41.68129], [-87.81428, 41.6813], [-87.81437, 41.68132], [-87.8144, 41.68134], [-87.81443, 41.68134], [-87.81461, 41.68136], [-87.81467, 41.68138], [-87.81473, 41.6814], [-87.8149, 41.68142], [-87.81493, 41.68144], [-87.81498, 41.68144], [-87.81523, 41.68149], [-87.81547, 41.68152], [-87.81552, 41.68154], [-87.81574, 41.68158], [-87.8158, 41.68159], [-87.81602, 41.68162], [-87.81609, 41.68165], [-87.81627, 41.68166], [-87.8163, 41.68168], [-87.81647, 41.6817], [-87.81651, 41.68171], [-87.81658, 41.68173], [-87.81678, 41.68175], [-87.81682, 41.68176], [-87.81695, 41.68178], [-87.81703, 41.68179], [-87.81721, 41.68182], [-87.81726, 41.68184], [-87.8173, 41.68183], [-87.81769, 41.68189], [-87.81815, 41.68195], [-87.81838, 41.68198], [-87.81842, 41.68199], [-87.8185, 41.682], [-87.81873, 41.68203], [-87.81885, 41.68205], [-87.81903, 41.68208], [-87.81967, 41.68216], [-87.81979, 41.68219], [-87.81989, 41.6822], [-87.82009, 41.68222], [-87.82014, 41.68223], [-87.82022, 41.68224], [-87.82024, 41.68224], [-87.82044, 41.68226], [-87.82049, 41.68229], [-87.82055, 41.68229], [-87.82068, 41.68231], [-87.82086, 41.68233], [-87.82094, 41.68235], [-87.82114, 41.68237], [-87.82119, 41.68238], [-87.82156, 41.68242], [-87.82159, 41.68243], [-87.82162, 41.68244], [-87.82187, 41.68247], [-87.8219, 41.68249], [-87.82196, 41.68249], [-87.82231, 41.68254], [-87.82237, 41.68255], [-87.82258, 41.68258], [-87.82268, 41.68259], [-87.82271, 41.6826], [-87.82291, 41.68262], [-87.82299, 41.68264], [-87.82319, 41.68266], [-87.82322, 41.68268], [-87.82344, 41.68271], [-87.82364, 41.68273], [-87.82369, 41.68275], [-87.82372, 41.68275], [-87.824, 41.68278], [-87.8241, 41.6828], [-87.82414, 41.68281], [-87.82442, 41.68284], [-87.82451, 41.68287], [-87.82456, 41.68287], [-87.82484, 41.6829], [-87.82494, 41.68292], [-87.82499, 41.68294], [-87.82546, 41.683], [-87.82552, 41.68302], [-87.82559, 41.68302], [-87.82564, 41.68303], [-87.82576, 41.68305], [-87.8258, 41.68305], [-87.82594, 41.68308], [-87.82617, 41.68311], [-87.82683, 41.68319], [-87.82686, 41.68321], [-87.82699, 41.68323], [-87.82712, 41.68325], [-87.82749, 41.68329], [-87.8276, 41.68332], [-87.8278, 41.68334], [-87.82791, 41.68336], [-87.82807, 41.68337], [-87.8281, 41.68338], [-87.82828, 41.6834], [-87.82838, 41.68342], [-87.82862, 41.68345], [-87.82867, 41.68347], [-87.82871, 41.68347], [-87.8291, 41.68353], [-87.82925, 41.68354], [-87.8293, 41.68356], [-87.82946, 41.68358], [-87.83, 41.68363], [-87.83007, 41.68365], [-87.83021, 41.68367], [-87.8305, 41.6837], [-87.83102, 41.68375], [-87.83192, 41.68384], [-87.83209, 41.68386], [-87.83274, 41.68393], [-87.83327, 41.68398], [-87.83454, 41.68412], [-87.83473, 41.68414], [-87.83477, 41.68414], [-87.83531, 41.6842], [-87.83551, 41.68422], [-87.83555, 41.68422], [-87.8357, 41.68424], [-87.83606, 41.68428], [-87.83638, 41.68431], [-87.83648, 41.68432], [-87.83654, 41.68433], [-87.83698, 41.68437], [-87.83764, 41.68445], [-87.83799, 41.68448], [-87.83845, 41.68452], [-87.83874, 41.68456], [-87.83879, 41.68456], [-87.83912, 41.68459], [-87.83916, 41.68459], [-87.8392, 41.6846], [-87.83929, 41.68461], [-87.83939, 41.68462], [-87.83946, 41.68463], [-87.83953, 41.68463], [-87.84079, 41.68476], [-87.8415, 41.68483], [-87.84238, 41.68491], [-87.84308, 41.68498], [-87.84392, 41.68506], [-87.84422, 41.68509], [-87.84498, 41.68516], [-87.84638, 41.6853], [-87.84643, 41.68531], [-87.84726, 41.68539], [-87.84819, 41.68549], [-87.84822, 41.68549], [-87.85015, 41.68567], [-87.85036, 41.68569], [-87.8504, 41.6857], [-87.85212, 41.68588], [-87.85271, 41.68595], [-87.85287, 41.68597], [-87.85362, 41.68604], [-87.85372, 41.68605], [-87.85511, 41.68619], [-87.85531, 41.6862], [-87.85543, 41.68621], [-87.85549, 41.68622], [-87.85553, 41.68622], [-87.85578, 41.68625], [-87.85623, 41.6863], [-87.85649, 41.68633], [-87.85665, 41.68635], [-87.85825, 41.68651], [-87.85874, 41.68657], [-87.85898, 41.68659], [-87.85931, 41.68662], [-87.85969, 41.68666], [-87.86016, 41.68671], [-87.86047, 41.68674], [-87.86109, 41.6868], [-87.86151, 41.68684], [-87.86262, 41.68695], [-87.86313, 41.68699], [-87.86354, 41.68703], [-87.86398, 41.68707], [-87.86479, 41.68715], [-87.8675, 41.68739], [-87.86824, 41.68746], [-87.87032, 41.68769], [-87.87069, 41.68772], [-87.87098, 41.68775], [-87.87125, 41.68778], [-87.87179, 41.68783], [-87.87206, 41.68786], [-87.87229, 41.68789], [-87.87289, 41.68794], [-87.87318, 41.68798], [-87.87367, 41.68802], [-87.87463, 41.68812], [-87.87486, 41.68816], [-87.87488, 41.68816], [-87.87505, 41.68814], [-87.87517, 41.68815], [-87.87523, 41.6882], [-87.87527, 41.68818], [-87.87555, 41.68822], [-87.87565, 41.68823], [-87.87569, 41.68825], [-87.87575, 41.68825], [-87.87603, 41.68829], [-87.8762, 41.68831], [-87.87626, 41.68833], [-87.87656, 41.68836], [-87.87668, 41.68838], [-87.87701, 41.68842], [-87.87707, 41.68843], [-87.87713, 41.68844], [-87.87725, 41.68845], [-87.8773, 41.68847], [-87.87761, 41.6885], [-87.87764, 41.68851], [-87.8777, 41.68852], [-87.87791, 41.68854], [-87.87796, 41.68857], [-87.87832, 41.68861], [-87.87841, 41.68862], [-87.87854, 41.68864], [-87.87869, 41.68866], [-87.87873, 41.68867], [-87.87891, 41.68868], [-87.87897, 41.6887], [-87.87918, 41.68873], [-87.87934, 41.68875], [-87.87938, 41.68876], [-87.87962, 41.6888], [-87.87982, 41.68882], [-87.87986, 41.68883], [-87.88031, 41.68889], [-87.88052, 41.68891], [-87.88056, 41.68893], [-87.88079, 41.68895], [-87.88083, 41.68897], [-87.88087, 41.68897], [-87.88106, 41.689], [-87.88123, 41.68902], [-87.88126, 41.68904], [-87.88132, 41.68904], [-87.88155, 41.68907], [-87.88163, 41.68909], [-87.88202, 41.68915], [-87.88225, 41.68917], [-87.88235, 41.6892], [-87.88241, 41.6892], [-87.88267, 41.68923], [-87.8827, 41.68925], [-87.88274, 41.68925], [-87.88292, 41.68928], [-87.88312, 41.6893], [-87.88315, 41.68932], [-87.88321, 41.68932], [-87.88334, 41.68935], [-87.88338, 41.68935], [-87.88349, 41.68936], [-87.88357, 41.68938], [-87.88381, 41.68941], [-87.88386, 41.68942], [-87.88418, 41.68946], [-87.88425, 41.68948], [-87.88431, 41.68948], [-87.88444, 41.68951], [-87.88448, 41.68951], [-87.88469, 41.68954], [-87.88486, 41.68957], [-87.885, 41.68958], [-87.88508, 41.6896], [-87.88513, 41.6896], [-87.88538, 41.68964], [-87.8854, 41.68964], [-87.88548, 41.68965], [-87.88573, 41.68969], [-87.88577, 41.6897], [-87.88598, 41.68972], [-87.88604, 41.68974], [-87.88651, 41.6898], [-87.88656, 41.68981], [-87.887, 41.68987], [-87.88707, 41.68988], [-87.88715, 41.68989], [-87.8872, 41.6899], [-87.88741, 41.68993], [-87.88754, 41.68994], [-87.88759, 41.68996], [-87.88765, 41.68996], [-87.88783, 41.68999], [-87.88813, 41.69003], [-87.88819, 41.69005], [-87.88837, 41.69006], [-87.88842, 41.69008], [-87.88857, 41.6901], [-87.88861, 41.69011], [-87.88892, 41.69015], [-87.88895, 41.69016], [-87.88917, 41.69019], [-87.88937, 41.69021], [-87.8894, 41.69023], [-87.88981, 41.69028], [-87.88985, 41.69029], [-87.89035, 41.69036], [-87.89039, 41.69038], [-87.89062, 41.69041], [-87.89084, 41.69044], [-87.89114, 41.69049], [-87.89141, 41.69052], [-87.89145, 41.69054], [-87.89171, 41.69057], [-87.89175, 41.69058], [-87.89187, 41.69059], [-87.8919, 41.6906], [-87.89196, 41.69061], [-87.89209, 41.69063], [-87.89219, 41.69064], [-87.89276, 41.69073], [-87.89278, 41.69074], [-87.89303, 41.69077], [-87.89311, 41.69079], [-87.89316, 41.69079], [-87.89335, 41.69082], [-87.89361, 41.69085], [-87.89366, 41.69087], [-87.89379, 41.69088], [-87.894, 41.69092], [-87.89413, 41.69094], [-87.89432, 41.69095], [-87.89438, 41.69098], [-87.89466, 41.69101], [-87.89474, 41.69102], [-87.89551, 41.69113], [-87.89555, 41.69114], [-87.89599, 41.6912], [-87.89616, 41.69122], [-87.89621, 41.69123], [-87.89624, 41.69123], [-87.89662, 41.69129], [-87.89682, 41.69131], [-87.89703, 41.69134], [-87.89707, 41.69135], [-87.89729, 41.69138], [-87.89733, 41.69139], [-87.89766, 41.69143], [-87.89769, 41.69145], [-87.89796, 41.69148], [-87.89805, 41.6915], [-87.89832, 41.69153], [-87.89841, 41.69155], [-87.89847, 41.69156], [-87.89889, 41.69162], [-87.89897, 41.69163], [-87.89939, 41.69168], [-87.89945, 41.6917], [-87.8995, 41.69171], [-87.89965, 41.69173], [-87.89982, 41.69175], [-87.89991, 41.69177], [-87.90012, 41.6918], [-87.90018, 41.69181], [-87.90035, 41.69183], [-87.90041, 41.69185], [-87.90048, 41.69185], [-87.90061, 41.69188], [-87.901, 41.69192], [-87.90103, 41.69194], [-87.90107, 41.69195], [-87.90165, 41.69202], [-87.90176, 41.69205], [-87.90206, 41.69208], [-87.90215, 41.6921], [-87.90221, 41.6921], [-87.90238, 41.69213], [-87.90246, 41.69214], [-87.90253, 41.69216], [-87.90258, 41.69216], [-87.90275, 41.69219], [-87.90295, 41.69221], [-87.90305, 41.69224], [-87.90361, 41.6923], [-87.9037, 41.69233], [-87.90387, 41.69235], [-87.90391, 41.69235], [-87.90412, 41.69238], [-87.90417, 41.6924], [-87.90422, 41.6924], [-87.90439, 41.69242], [-87.90444, 41.69244], [-87.90487, 41.69248], [-87.90492, 41.69251], [-87.90541, 41.69257], [-87.90547, 41.69258], [-87.90573, 41.69261], [-87.90578, 41.69263], [-87.9058, 41.69262], [-87.90606, 41.69265], [-87.90614, 41.69267], [-87.90622, 41.69268], [-87.90626, 41.69269], [-87.90631, 41.69269], [-87.9067, 41.69275], [-87.90689, 41.69277], [-87.90693, 41.69278], [-87.90715, 41.69281], [-87.90723, 41.69282], [-87.9073, 41.69284], [-87.90736, 41.69284], [-87.90754, 41.69287], [-87.90763, 41.69288], [-87.90797, 41.69292], [-87.90806, 41.69294], [-87.90834, 41.69297], [-87.90842, 41.693], [-87.90847, 41.693], [-87.90864, 41.69302], [-87.90881, 41.69305], [-87.90919, 41.69309], [-87.90928, 41.69312], [-87.90976, 41.69317], [-87.90984, 41.6932], [-87.91011, 41.69322], [-87.9102, 41.69325], [-87.91045, 41.69328], [-87.91062, 41.69329], [-87.91068, 41.69331], [-87.91092, 41.69334], [-87.91097, 41.69336], [-87.91124, 41.6934], [-87.91166, 41.69345], [-87.9117, 41.69347], [-87.91181, 41.69348], [-87.91184, 41.69348], [-87.91201, 41.69351], [-87.91213, 41.69352], [-87.91224, 41.69353], [-87.91232, 41.69356], [-87.91267, 41.69361], [-87.91275, 41.69361], [-87.91288, 41.69364], [-87.91305, 41.69365], [-87.91313, 41.69368], [-87.91317, 41.69368], [-87.91335, 41.69371], [-87.91349, 41.69373], [-87.91367, 41.69376], [-87.9137, 41.69376], [-87.91377, 41.69378], [-87.91383, 41.69379], [-87.91402, 41.6938], [-87.9141, 41.69383], [-87.91442, 41.69387], [-87.91449, 41.69388], [-87.91463, 41.69391], [-87.91481, 41.69394], [-87.91512, 41.69398], [-87.9152, 41.694], [-87.9155, 41.69404], [-87.91559, 41.69405], [-87.91581, 41.69408], [-87.91593, 41.69411], [-87.91624, 41.69414], [-87.91633, 41.69416], [-87.91638, 41.69417], [-87.91642, 41.69418], [-87.91659, 41.6942], [-87.9168, 41.69422], [-87.91691, 41.69425], [-87.91754, 41.69433], [-87.91758, 41.69435], [-87.91766, 41.69436], [-87.91792, 41.69439], [-87.91803, 41.69441], [-87.91805, 41.69442], [-87.91828, 41.69444], [-87.91845, 41.69447], [-87.91866, 41.69449], [-87.91869, 41.69451], [-87.91917, 41.69457], [-87.91964, 41.69464], [-87.91968, 41.69466], [-87.91981, 41.69467], [-87.92012, 41.6947], [-87.92015, 41.69472], [-87.92038, 41.69474], [-87.92044, 41.69476], [-87.92067, 41.69479], [-87.92076, 41.69481], [-87.92115, 41.69486], [-87.92123, 41.69488], [-87.92128, 41.69488], [-87.92145, 41.69491], [-87.92153, 41.69492], [-87.92161, 41.69493], [-87.92211, 41.695], [-87.92249, 41.69505], [-87.92255, 41.69507], [-87.92266, 41.69508], [-87.92297, 41.69512], [-87.92304, 41.69514], [-87.9234, 41.69518], [-87.92352, 41.69521], [-87.92367, 41.69522], [-87.92374, 41.69524], [-87.92398, 41.69526], [-87.92402, 41.69528], [-87.92422, 41.69531], [-87.9245, 41.69534], [-87.92456, 41.69536], [-87.92484, 41.69539], [-87.92493, 41.69542], [-87.925, 41.69542], [-87.92513, 41.69544], [-87.92522, 41.69545], [-87.92527, 41.69546], [-87.92543, 41.69548], [-87.92555, 41.6955], [-87.92572, 41.69552], [-87.92576, 41.69554], [-87.92579, 41.69554], [-87.92638, 41.69562], [-87.92654, 41.69564], [-87.92666, 41.69566], [-87.92696, 41.6957], [-87.92708, 41.69572], [-87.92736, 41.69575], [-87.92748, 41.69578], [-87.92755, 41.69578], [-87.92763, 41.6958], [-87.92768, 41.6958], [-87.92791, 41.69583], [-87.92805, 41.69586], [-87.92825, 41.69589], [-87.92841, 41.6959], [-87.92845, 41.69591], [-87.92853, 41.69593], [-87.92867, 41.69595], [-87.92875, 41.69596], [-87.92896, 41.69599], [-87.92902, 41.696], [-87.92921, 41.69602], [-87.92929, 41.69604], [-87.92949, 41.69606], [-87.92957, 41.69608], [-87.92981, 41.69612], [-87.92999, 41.69613], [-87.93026, 41.69617], [-87.93029, 41.69618], [-87.93062, 41.69621], [-87.93162, 41.69629], [-87.93181, 41.69631], [-87.93268, 41.69636], [-87.93275, 41.69636], [-87.93299, 41.69638], [-87.93494, 41.69648], [-87.93608, 41.69657], [-87.9361, 41.69658], [-87.93632, 41.69659], [-87.93634, 41.69659], [-87.93637, 41.69659], [-87.93638, 41.69659], [-87.93644, 41.6966], [-87.93645, 41.6966], [-87.93676, 41.69662], [-87.93686, 41.69662], [-87.93807, 41.69668], [-87.93817, 41.69669], [-87.93847, 41.69671], [-87.93858, 41.69672], [-87.93891, 41.69674], [-87.93901, 41.69675], [-87.93908, 41.69675], [-87.93934, 41.69677], [-87.93952, 41.69677], [-87.94017, 41.69682], [-87.94031, 41.69683], [-87.94044, 41.69684], [-87.94051, 41.69684], [-87.94064, 41.69685], [-87.94067, 41.69685], [-87.94079, 41.69686], [-87.94083, 41.69686], [-87.94095, 41.69676], [-87.94098, 41.69673], [-87.94113, 41.6966], [-87.94128, 41.69647], [-87.94131, 41.69644]]]}}, {"type": "Feature", "properties": {"NAME": "Calumet Riv", "MTFCC": "H2030", "AREAWATER": "281687"}, "geometry": {"type": "Polygon", "coordinates": [[[-87.5462, 41.72421], [-87.54619, 41.72392], [-87.54523, 41.72389], [-87.54365, 41.72384], [-87.54364, 41.72347], [-87.54364, 41.72285], [-87.54365, 41.72223], [-87.54365, 41.72135], [-87.54341, 41.72124], [-87.54337, 41.72121], [-87.54334, 41.7212], [-87.5433, 41.72106], [-87.5433, 41.72082], [-87.54336, 41.72058], [-87.54338, 41.72049], [-87.54346, 41.72015], [-87.54348, 41.71997], [-87.54351, 41.71973], [-87.54274, 41.7194], [-87.54273, 41.71945], [-87.54272, 41.71959], [-87.54265, 41.71985], [-87.54258, 41.71998], [-87.54255, 41.72006], [-87.54248, 41.72013], [-87.54231, 41.72025], [-87.54211, 41.72027], [-87.54239, 41.72242], [-87.54246, 41.72256], [-87.54252, 41.72261], [-87.54268, 41.72266], [-87.54273, 41.72286], [-87.54277, 41.72301], [-87.54278, 41.72309], [-87.54279, 41.72326], [-87.54279, 41.72361], [-87.54275, 41.72374], [-87.54273, 41.72376], [-87.54268, 41.72381], [-87.54261, 41.72395], [-87.54257, 41.72405], [-87.54249, 41.7241], [-87.54145, 41.7241], [-87.54006, 41.72411], [-87.53993, 41.72541], [-87.54085, 41.72592], [-87.5418, 41.72644], [-87.5417, 41.72656], [-87.54157, 41.72672], [-87.54137, 41.72695], [-87.54131, 41.72707], [-87.54135, 41.72716], [-87.54128, 41.7272], [-87.5411, 41.7273], [-87.54072, 41.7275], [-87.53956, 41.72812], [-87.53918, 41.72833], [-87.53911, 41.72837], [-87.53893, 41.72848], [-87.53864, 41.72847], [-87.53772, 41.72886], [-87.53697, 41.72919], [-87.53521, 41.72991], [-87.53336, 41.7307], [-87.53191, 41.73132], [-87.53142, 41.73154], [-87.52995, 41.73217], [-87.52968, 41.73228], [-87.5295, 41.73227], [-87.52944, 41.73226], [-87.52939, 41.73238], [-87.52925, 41.73276], [-87.52921, 41.73288], [-87.52914, 41.73307], [-87.52894, 41.73361], [-87.52888, 41.7338], [-87.52899, 41.73373], [-87.52952, 41.73349], [-87.53149, 41.73265], [-87.53214, 41.73237], [-87.5331, 41.73196], [-87.53447, 41.73138], [-87.53596, 41.73075], [-87.53629, 41.73062], [-87.5366, 41.73046], [-87.53684, 41.73038], [-87.53692, 41.7304], [-87.53713, 41.73046], [-87.53722, 41.73064], [-87.53775, 41.7318], [-87.53792, 41.73218], [-87.53807, 41.73249], [-87.53849, 41.73342], [-87.53858, 41.73361], [-87.53871, 41.73356], [-87.53878, 41.73353], [-87.53879, 41.7333], [-87.53883, 41.73284], [-87.53865, 41.73244], [-87.53853, 41.73216], [-87.53843, 41.73195], [-87.53815, 41.73131], [-87.53807, 41.73114], [-87.5381, 41.7311], [-87.53836, 41.73071], [-87.53827, 41.73055], [-87.53797, 41.72997], [-87.53801, 41.72988], [-87.53806, 41.72984], [-87.53909, 41.72937], [-87.53968, 41.7291], [-87.53979, 41.72909], [-87.53993, 41.7291], [-87.54022, 41.72901], [-87.54067, 41.72888], [-87.54062, 41.72883], [-87.54065, 41.72877], [-87.5415, 41.72812], [-87.54157, 41.72807], [-87.54172, 41.72789], [-87.54177, 41.72782], [-87.54185, 41.72769], [-87.54191, 41.72757], [-87.54199, 41.7275], [-87.54243, 41.72757], [-87.54252, 41.72758], [-87.5426, 41.72755], [-87.54286, 41.7262], [-87.54292, 41.72587], [-87.54293, 41.72579], [-87.54409, 41.7257], [-87.54416, 41.72567], [-87.54416, 41.72565], [-87.54416, 41.72556], [-87.54408, 41.72551], [-87.54353, 41.72546], [-87.54309, 41.72533], [-87.54309, 41.72529], [-87.54334, 41.72435], [-87.5434, 41.72423], [-87.5462, 41.72421]]]}}, {"type": "Feature", "properties": {"NAME": "Calumet Riv", "MTFCC": "H2030", "AREAWATER": "897217"}, "geometry": {"type": "Polygon", "coordinates": [[[-87.56429, 41.66573], [-87.56429, 41.66565], [-87.56394, 41.66568], [-87.56375, 41.66582], [-87.56365, 41.66586], [-87.56353, 41.666], [-87.56312, 41.66606], [-87.56237, 41.66617], [-87.56194, 41.66643], [-87.5618, 41.66654], [-87.56175, 41.66662], [-87.56147, 41.66679], [-87.5614, 41.6669], [-87.56115, 41.66713], [-87.56081, 41.66752], [-87.56072, 41.66758], [-87.56071, 41.66761], [-87.56063, 41.66771], [-87.56062, 41.66774], [-87.56046, 41.66793], [-87.56018, 41.66822], [-87.56013, 41.66825], [-87.56002, 41.66833], [-87.55997, 41.66834], [-87.5599, 41.66839], [-87.55967, 41.6685], [-87.55951, 41.66865], [-87.55949, 41.66894], [-87.55945, 41.66898], [-87.55926, 41.66897], [-87.55922, 41.66897], [-87.55911, 41.66896], [-87.55908, 41.66896], [-87.55904, 41.66896], [-87.55869, 41.66896], [-87.5586, 41.66896], [-87.55842, 41.66899], [-87.55813, 41.66905], [-87.55797, 41.66911], [-87.55781, 41.66922], [-87.55772, 41.66936], [-87.55759, 41.66948], [-87.55755, 41.66957], [-87.55751, 41.66959], [-87.55738, 41.66976], [-87.55732, 41.66981], [-87.55721, 41.66985], [-87.55685, 41.66989], [-87.55679, 41.66992], [-87.55665, 41.66998], [-87.55663, 41.67002], [-87.55645, 41.67011], [-87.55648, 41.67026], [-87.55646, 41.67032], [-87.55641, 41.67035], [-87.55609, 41.67053], [-87.55584, 41.67068], [-87.55579, 41.67073], [-87.55562, 41.67078], [-87.55557, 41.67083], [-87.5555, 41.67085], [-87.55531, 41.67098], [-87.55527, 41.67098], [-87.55516, 41.67104], [-87.55493, 41.67115], [-87.55484, 41.67121], [-87.5547, 41.6713], [-87.55459, 41.67137], [-87.55454, 41.67138], [-87.5545, 41.67143], [-87.55445, 41.67144], [-87.55438, 41.67148], [-87.55433, 41.67153], [-87.55428, 41.67153], [-87.55422, 41.67157], [-87.55411, 41.67161], [-87.55391, 41.67168], [-87.5537, 41.67179], [-87.5535, 41.67184], [-87.5534, 41.67189], [-87.55333, 41.6719], [-87.55277, 41.67213], [-87.55243, 41.67241], [-87.55233, 41.67254], [-87.55227, 41.67258], [-87.55203, 41.67295], [-87.55197, 41.67304], [-87.55191, 41.6733], [-87.55186, 41.67378], [-87.55183, 41.67411], [-87.55165, 41.67429], [-87.55152, 41.67436], [-87.55142, 41.67444], [-87.55091, 41.67449], [-87.55078, 41.67457], [-87.5507, 41.67465], [-87.55038, 41.67475], [-87.55024, 41.67482], [-87.55005, 41.67494], [-87.54999, 41.67501], [-87.5499, 41.67507], [-87.54978, 41.67522], [-87.54972, 41.67526], [-87.54962, 41.6755], [-87.54962, 41.67562], [-87.54966, 41.67574], [-87.54975, 41.67587], [-87.54988, 41.67598], [-87.55042, 41.6762], [-87.55083, 41.67632], [-87.55086, 41.67634], [-87.55101, 41.67637], [-87.55106, 41.67642], [-87.55129, 41.67655], [-87.55136, 41.67664], [-87.55142, 41.67666], [-87.55148, 41.67674], [-87.55157, 41.67678], [-87.55165, 41.67688], [-87.55176, 41.67715], [-87.55176, 41.67736], [-87.55178, 41.67784], [-87.55174, 41.67845], [-87.55169, 41.67874], [-87.55163, 41.67935], [-87.55146, 41.68024], [-87.55139, 41.68107], [-87.55141, 41.68188], [-87.55145, 41.68213], [-87.55159, 41.68291], [-87.55164, 41.68459], [-87.55169, 41.68487], [-87.55175, 41.68527], [-87.55179, 41.68644], [-87.55173, 41.687], [-87.55168, 41.68729], [-87.55167, 41.68756], [-87.55167, 41.68808], [-87.55162, 41.6885], [-87.55164, 41.68889], [-87.55132, 41.69313], [-87.55126, 41.69355], [-87.55223, 41.69544], [-87.55279, 41.6965], [-87.55278, 41.69726], [-87.55233, 41.69786], [-87.55135, 41.69915], [-87.55124, 41.69919], [-87.54863, 41.70015], [-87.54838, 41.70028], [-87.54725, 41.70081], [-87.54663, 41.70146], [-87.54556, 41.70256], [-87.54555, 41.70277], [-87.54554, 41.70289], [-87.54514, 41.70288], [-87.54492, 41.70288], [-87.54509, 41.70422], [-87.54515, 41.70474], [-87.54523, 41.70542], [-87.54524, 41.7056], [-87.54528, 41.70713], [-87.54466, 41.70797], [-87.54461, 41.70804], [-87.54446, 41.70812], [-87.5441, 41.70821], [-87.54399, 41.70828], [-87.54391, 41.70835], [-87.54361, 41.70861], [-87.54356, 41.70865], [-87.54287, 41.70938], [-87.54278, 41.70949], [-87.54256, 41.70983], [-87.5426, 41.70996], [-87.54238, 41.71002], [-87.54122, 41.71005], [-87.54083, 41.71006], [-87.54067, 41.71007], [-87.54021, 41.71015], [-87.54022, 41.7102], [-87.54041, 41.7103], [-87.5408, 41.71036], [-87.54223, 41.71035], [-87.54221, 41.71065], [-87.54, 41.71071], [-87.54002, 41.71096], [-87.54029, 41.71096], [-87.54158, 41.71097], [-87.54107, 41.71132], [-87.54034, 41.71182], [-87.53979, 41.71219], [-87.53971, 41.71242], [-87.54002, 41.71242], [-87.54123, 41.71167], [-87.54198, 41.7112], [-87.54202, 41.71117], [-87.54216, 41.71108], [-87.54221, 41.71106], [-87.54221, 41.71161], [-87.5422, 41.71327], [-87.5422, 41.71368], [-87.5422, 41.71382], [-87.54219, 41.71397], [-87.54186, 41.71396], [-87.54179, 41.714], [-87.54176, 41.71409], [-87.54176, 41.71419], [-87.54173, 41.71521], [-87.54168, 41.71543], [-87.54157, 41.71561], [-87.54152, 41.71574], [-87.54157, 41.71604], [-87.54164, 41.71636], [-87.54165, 41.71638], [-87.5417, 41.71649], [-87.54175, 41.71658], [-87.54195, 41.71682], [-87.54192, 41.71684], [-87.54188, 41.71688], [-87.54183, 41.71692], [-87.54181, 41.71694], [-87.54179, 41.71696], [-87.54176, 41.71698], [-87.54172, 41.71701], [-87.54171, 41.71703], [-87.54154, 41.717], [-87.5407, 41.7167], [-87.5406, 41.71666], [-87.54058, 41.71664], [-87.54033, 41.71701], [-87.54175, 41.71763], [-87.54156, 41.71793], [-87.54178, 41.71801], [-87.54209, 41.71779], [-87.54252, 41.718], [-87.54274, 41.7181], [-87.54277, 41.71906], [-87.54348, 41.71969], [-87.54351, 41.71973], [-87.54352, 41.71965], [-87.54357, 41.71945], [-87.54374, 41.71879], [-87.54387, 41.71876], [-87.54391, 41.71872], [-87.54392, 41.71871], [-87.54399, 41.71858], [-87.544, 41.71856], [-87.54402, 41.71852], [-87.54403, 41.71849], [-87.54405, 41.71847], [-87.54405, 41.71845], [-87.54406, 41.71843], [-87.54408, 41.7184], [-87.54411, 41.71834], [-87.54411, 41.7183], [-87.54411, 41.71823], [-87.54412, 41.71815], [-87.54399, 41.71785], [-87.54396, 41.71751], [-87.54391, 41.71743], [-87.54377, 41.71719], [-87.5434, 41.71656], [-87.54326, 41.71631], [-87.54313, 41.71557], [-87.54313, 41.71532], [-87.54314, 41.71484], [-87.54293, 41.71471], [-87.54294, 41.71455], [-87.54298, 41.71382], [-87.5432, 41.71371], [-87.54322, 41.7136], [-87.54319, 41.71348], [-87.54306, 41.71344], [-87.54314, 41.71228], [-87.54318, 41.71142], [-87.5432, 41.71137], [-87.54419, 41.70979], [-87.54438, 41.70965], [-87.54504, 41.7095], [-87.54526, 41.70948], [-87.54573, 41.70948], [-87.54601, 41.70952], [-87.54624, 41.70957], [-87.54644, 41.70958], [-87.54686, 41.70955], [-87.54714, 41.70948], [-87.54891, 41.70947], [-87.55053, 41.70947], [-87.55053, 41.7092], [-87.54629, 41.70922], [-87.54612, 41.70918], [-87.54599, 41.70911], [-87.54592, 41.7091], [-87.54566, 41.70909], [-87.54545, 41.70903], [-87.54544, 41.70901], [-87.54544, 41.70895], [-87.54549, 41.70891], [-87.54561, 41.70882], [-87.54567, 41.70873], [-87.54584, 41.70864], [-87.54596, 41.70849], [-87.54605, 41.70817], [-87.54627, 41.70803], [-87.54656, 41.70774], [-87.55129, 41.70763], [-87.55143, 41.70752], [-87.55142, 41.70731], [-87.54707, 41.70741], [-87.54683, 41.70742], [-87.54675, 41.70742], [-87.54654, 41.7073], [-87.54655, 41.70691], [-87.54655, 41.70667], [-87.54655, 41.70666], [-87.54655, 41.70663], [-87.54655, 41.70662], [-87.54656, 41.70599], [-87.54671, 41.70584], [-87.54729, 41.70583], [-87.55159, 41.70572], [-87.55303, 41.70568], [-87.55299, 41.70538], [-87.55141, 41.70539], [-87.54704, 41.70544], [-87.5463, 41.70506], [-87.54627, 41.70478], [-87.54635, 41.70461], [-87.54638, 41.70457], [-87.54633, 41.70406], [-87.54636, 41.70393], [-87.54645, 41.70378], [-87.54648, 41.70369], [-87.54646, 41.70321], [-87.54648, 41.70277], [-87.54649, 41.70252], [-87.54679, 41.7025], [-87.54708, 41.70222], [-87.54718, 41.70207], [-87.54719, 41.70206], [-87.54741, 41.70187], [-87.54755, 41.70171], [-87.54758, 41.70169], [-87.54784, 41.70149], [-87.54794, 41.70144], [-87.54802, 41.70138], [-87.54829, 41.70125], [-87.54896, 41.70104], [-87.54945, 41.70094], [-87.54978, 41.70092], [-87.54997, 41.70089], [-87.55007, 41.70084], [-87.55023, 41.70071], [-87.55031, 41.70067], [-87.55036, 41.70063], [-87.55057, 41.70055], [-87.55063, 41.70051], [-87.55084, 41.70041], [-87.55129, 41.70026], [-87.55145, 41.70021], [-87.55152, 41.70012], [-87.55153, 41.7001], [-87.55156, 41.70003], [-87.55162, 41.69998], [-87.55212, 41.6998], [-87.5522, 41.69974], [-87.55221, 41.69971], [-87.55226, 41.69959], [-87.55235, 41.69946], [-87.55258, 41.69916], [-87.5526, 41.69913], [-87.5532, 41.6982], [-87.55341, 41.69788], [-87.55377, 41.69732], [-87.55371, 41.69713], [-87.55405, 41.69693], [-87.55829, 41.69689], [-87.55843, 41.69689], [-87.55844, 41.6968], [-87.55837, 41.69672], [-87.55827, 41.69669], [-87.55639, 41.6966], [-87.55583, 41.69643], [-87.55402, 41.69639], [-87.55318, 41.69455], [-87.55349, 41.69423], [-87.55683, 41.69422], [-87.5568, 41.69376], [-87.55294, 41.69374], [-87.55296, 41.69338], [-87.55287, 41.69298], [-87.55266, 41.69251], [-87.55255, 41.69218], [-87.55253, 41.69213], [-87.55255, 41.69195], [-87.55266, 41.69166], [-87.5528, 41.69083], [-87.55285, 41.69048], [-87.55287, 41.69003], [-87.55289, 41.68997], [-87.55293, 41.68996], [-87.5532, 41.68994], [-87.55326, 41.68987], [-87.55326, 41.6898], [-87.55321, 41.68974], [-87.55308, 41.68966], [-87.55297, 41.68963], [-87.55293, 41.68957], [-87.553, 41.68931], [-87.55302, 41.68899], [-87.55302, 41.68868], [-87.55296, 41.68845], [-87.55292, 41.68814], [-87.55293, 41.68778], [-87.55292, 41.68724], [-87.55291, 41.68706], [-87.55299, 41.68675], [-87.55304, 41.68656], [-87.5531, 41.68652], [-87.55312, 41.68638], [-87.55311, 41.68603], [-87.55317, 41.68529], [-87.55318, 41.68521], [-87.55325, 41.68495], [-87.55317, 41.68483], [-87.55309, 41.68462], [-87.55286, 41.68267], [-87.55285, 41.68256], [-87.55285, 41.68254], [-87.5528, 41.68122], [-87.55278, 41.6791], [-87.55291, 41.6791], [-87.55296, 41.67695], [-87.55285, 41.67694], [-87.55287, 41.67589], [-87.55289, 41.67494], [-87.55291, 41.67406], [-87.55294, 41.67392], [-87.55304, 41.67379], [-87.55317, 41.6737], [-87.55351, 41.67347], [-87.55452, 41.67279], [-87.55477, 41.67263], [-87.55488, 41.67259], [-87.55521, 41.67247], [-87.55537, 41.67238], [-87.55676, 41.67167], [-87.55682, 41.67165], [-87.55688, 41.67163], [-87.55712, 41.6716], [-87.55721, 41.67154], [-87.55726, 41.67142], [-87.5573, 41.67131], [-87.55734, 41.67125], [-87.55741, 41.67121], [-87.55773, 41.67122], [-87.55777, 41.67122], [-87.55792, 41.67117], [-87.55803, 41.67113], [-87.55806, 41.6711], [-87.5581, 41.67109], [-87.55828, 41.67092], [-87.55834, 41.67076], [-87.5584, 41.6707], [-87.55858, 41.67058], [-87.55865, 41.67048], [-87.5587, 41.67001], [-87.55871, 41.66997], [-87.55876, 41.66973], [-87.55879, 41.66968], [-87.55907, 41.66968], [-87.55911, 41.66968], [-87.55922, 41.66968], [-87.55926, 41.66968], [-87.55966, 41.66967], [-87.5598, 41.66965], [-87.56, 41.66956], [-87.56026, 41.6695], [-87.56036, 41.66945], [-87.56047, 41.66936], [-87.56062, 41.66929], [-87.56079, 41.66923], [-87.561, 41.66914], [-87.56119, 41.66903], [-87.56128, 41.66893], [-87.56144, 41.66884], [-87.56195, 41.6684], [-87.5622, 41.66825], [-87.5627, 41.66789], [-87.56282, 41.66782], [-87.56319, 41.6676], [-87.56335, 41.66747], [-87.56343, 41.66739], [-87.56358, 41.66731], [-87.56369, 41.66732], [-87.5637, 41.66728], [-87.56429, 41.66643], [-87.56429, 41.66635], [-87.56429, 41.66618], [-87.56428, 41.66612], [-87.56428, 41.66604], [-87.56428, 41.66596], [-87.56429, 41.66573]]]}}, {"type": "Feature", "properties": {"NAME": "Calumet Riv", "MTFCC": "H3010", "AREAWATER": "598386"}, "geometry": {"type": "Polygon", "coordinates": [[[-87.58899, 41.68874], [-87.58902, 41.68865], [-87.58883, 41.68834], [-87.58874, 41.68825], [-87.58863, 41.68819], [-87.58817, 41.68807], [-87.58804, 41.68809], [-87.5879, 41.68816], [-87.58769, 41.68845], [-87.58756, 41.68853], [-87.58752, 41.68847], [-87.58752, 41.68838], [-87.5877, 41.68808], [-87.58769, 41.68802], [-87.58759, 41.68798], [-87.58697, 41.68796], [-87.5865, 41.688], [-87.58593, 41.68792], [-87.58548, 41.68793], [-87.58519, 41.68797], [-87.58458, 41.68808], [-87.58428, 41.68809], [-87.58277, 41.68793], [-87.58264, 41.68789], [-87.58258, 41.68785], [-87.58242, 41.68781], [-87.58215, 41.68781], [-87.58192, 41.68774], [-87.58149, 41.68766], [-87.5813, 41.68763], [-87.58098, 41.68764], [-87.58035, 41.68756], [-87.57996, 41.68755], [-87.5794, 41.68746], [-87.57911, 41.68748], [-87.579, 41.68753], [-87.57884, 41.68764], [-87.57877, 41.68775], [-87.57874, 41.68785], [-87.57859, 41.6884], [-87.57851, 41.68858], [-87.57843, 41.6887], [-87.57806, 41.68895], [-87.57784, 41.68903], [-87.57753, 41.68909], [-87.57743, 41.68914], [-87.57742, 41.68924], [-87.57728, 41.6896], [-87.57723, 41.69003], [-87.57728, 41.69045], [-87.57741, 41.6908], [-87.57747, 41.69116], [-87.57743, 41.69145], [-87.57749, 41.69245], [-87.57745, 41.69269], [-87.57744, 41.69298], [-87.57735, 41.69357], [-87.57735, 41.69372], [-87.57746, 41.69401], [-87.57753, 41.69404], [-87.57764, 41.69402], [-87.57771, 41.69385], [-87.57775, 41.69373], [-87.57783, 41.69348], [-87.57799, 41.69326], [-87.57812, 41.69317], [-87.57832, 41.69312], [-87.57889, 41.69304], [-87.57906, 41.69303], [-87.57928, 41.69303], [-87.5797, 41.69311], [-87.58008, 41.69329], [-87.58024, 41.6934], [-87.5803, 41.69353], [-87.58039, 41.69363], [-87.58047, 41.69364], [-87.58063, 41.6936], [-87.58071, 41.69361], [-87.58073, 41.69363], [-87.58073, 41.69369], [-87.58065, 41.69388], [-87.58067, 41.6939], [-87.58071, 41.69391], [-87.58074, 41.69391], [-87.5808, 41.69386], [-87.58096, 41.69372], [-87.58107, 41.69369], [-87.5812, 41.69377], [-87.58139, 41.69395], [-87.58159, 41.69397], [-87.58198, 41.69391], [-87.58229, 41.69394], [-87.58247, 41.69401], [-87.58261, 41.6941], [-87.58328, 41.69459], [-87.58337, 41.69461], [-87.58364, 41.69458], [-87.58367, 41.69458], [-87.58407, 41.69459], [-87.58437, 41.69464], [-87.58454, 41.69474], [-87.58461, 41.69482], [-87.58473, 41.6949], [-87.58487, 41.69498], [-87.58496, 41.69501], [-87.5852, 41.69502], [-87.58685, 41.695], [-87.58692, 41.69496], [-87.58692, 41.69487], [-87.58697, 41.69462], [-87.58707, 41.69443], [-87.58712, 41.69429], [-87.5872, 41.69413], [-87.58723, 41.69411], [-87.58723, 41.69405], [-87.58736, 41.69378], [-87.58763, 41.69288], [-87.5877, 41.69258], [-87.58773, 41.6923], [-87.5878, 41.692], [-87.58779, 41.69178], [-87.58766, 41.69153], [-87.58765, 41.69147], [-87.58766, 41.69139], [-87.58774, 41.69118], [-87.5878, 41.69107], [-87.58788, 41.691], [-87.58802, 41.69075], [-87.58828, 41.6901], [-87.58834, 41.68984], [-87.58834, 41.68946], [-87.58838, 41.68931], [-87.5884, 41.68911], [-87.58844, 41.68904], [-87.58848, 41.68902], [-87.58853, 41.68895], [-87.58867, 41.68887], [-87.58899, 41.68874]], [[-87.58306, 41.69207], [-87.58303, 41.69209], [-87.58303, 41.69221], [-87.58294, 41.69227], [-87.58279, 41.6923], [-87.58273, 41.69226], [-87.58272, 41.69219], [-87.58246, 41.69205], [-87.58237, 41.69199], [-87.58231, 41.69192], [-87.58228, 41.69183], [-87.58232, 41.69174], [-87.58235, 41.69172], [-87.58251, 41.69171], [-87.58279, 41.69176], [-87.58296, 41.69184], [-87.583, 41.6919], [-87.58306, 41.69207]]]}}, {"type": "Feature", "properties": {"NAME": "West Lagoon", "MTFCC": "H2030", "AREAWATER": "72377"}, "geometry": {"type": "Polygon", "coordinates": [[[-87.58467, 41.7878], [-87.58469, 41.78775], [-87.58466, 41.7877], [-87.58461, 41.78764], [-87.58461, 41.78762], [-87.58462, 41.78752], [-87.58467, 41.78739], [-87.58469, 41.78731], [-87.58469, 41.78714], [-87.58466, 41.78698], [-87.58464, 41.78689], [-87.58463, 41.78683], [-87.58458, 41.78671], [-87.58455, 41.78654], [-87.58455, 41.78644], [-87.58458, 41.78632], [-87.5846, 41.78619], [-87.5846, 41.7861], [-87.58457, 41.78596], [-87.58455, 41.78592], [-87.58452, 41.78579], [-87.58451, 41.78576], [-87.58448, 41.78558], [-87.58433, 41.78532], [-87.58428, 41.7852], [-87.58426, 41.78508], [-87.58424, 41.78498], [-87.58425, 41.7849], [-87.5842, 41.78469], [-87.58418, 41.78463], [-87.58417, 41.78456], [-87.58416, 41.7844], [-87.58415, 41.78437], [-87.58415, 41.7842], [-87.58416, 41.78401], [-87.58419, 41.78374], [-87.58418, 41.78339], [-87.5842, 41.78331], [-87.58423, 41.78321], [-87.58422, 41.78316], [-87.58419, 41.78304], [-87.5841, 41.78287], [-87.58406, 41.78277], [-87.58404, 41.78273], [-87.58402, 41.78264], [-87.58397, 41.78249], [-87.58385, 41.78226], [-87.58383, 41.78215], [-87.58383, 41.78212], [-87.58381, 41.78203], [-87.58379, 41.782], [-87.58377, 41.78197], [-87.58375, 41.78195], [-87.58373, 41.7819], [-87.58368, 41.78186], [-87.58366, 41.78182], [-87.58362, 41.78177], [-87.58351, 41.78167], [-87.58346, 41.78165], [-87.58337, 41.78162], [-87.5833, 41.78163], [-87.58327, 41.78164], [-87.58321, 41.78165], [-87.58307, 41.7817], [-87.58294, 41.78173], [-87.58285, 41.78174], [-87.5829, 41.782], [-87.58294, 41.782], [-87.58299, 41.78202], [-87.5831, 41.78211], [-87.58339, 41.78234], [-87.58344, 41.78244], [-87.58343, 41.78256], [-87.58344, 41.78264], [-87.58344, 41.78267], [-87.58346, 41.78286], [-87.58346, 41.78296], [-87.58344, 41.78302], [-87.58339, 41.78307], [-87.58325, 41.78315], [-87.58322, 41.78318], [-87.58319, 41.78326], [-87.5832, 41.78333], [-87.58327, 41.78339], [-87.5833, 41.78344], [-87.58331, 41.78348], [-87.58328, 41.78353], [-87.58324, 41.78356], [-87.58318, 41.78361], [-87.58317, 41.78364], [-87.58315, 41.78371], [-87.58315, 41.78375], [-87.58317, 41.78381], [-87.58321, 41.78388], [-87.58328, 41.78394], [-87.58331, 41.78399], [-87.58332, 41.78403], [-87.58332, 41.7841], [-87.58331, 41.78419], [-87.58323, 41.78448], [-87.58318, 41.78468], [-87.58316, 41.78479], [-87.58316, 41.78484], [-87.58319, 41.78493], [-87.58324, 41.78503], [-87.58327, 41.78507], [-87.58334, 41.78514], [-87.58342, 41.78528], [-87.58348, 41.78545], [-87.5835, 41.78551], [-87.5835, 41.78592], [-87.5835, 41.78615], [-87.58353, 41.78629], [-87.58357, 41.78657], [-87.58358, 41.7867], [-87.58359, 41.78678], [-87.58364, 41.78704], [-87.58363, 41.7871], [-87.5836, 41.78722], [-87.58356, 41.78729], [-87.5835, 41.78733], [-87.58344, 41.78735], [-87.58329, 41.78734], [-87.58325, 41.78732], [-87.58311, 41.78723], [-87.583, 41.78711], [-87.58293, 41.78705], [-87.58288, 41.78699], [-87.58284, 41.78691], [-87.58282, 41.78682], [-87.58282, 41.78679], [-87.58283, 41.78671], [-87.58282, 41.78668], [-87.5828, 41.78665], [-87.58277, 41.78664], [-87.58273, 41.78664], [-87.58267, 41.78661], [-87.58269, 41.78657], [-87.58276, 41.78652], [-87.58277, 41.7865], [-87.58277, 41.78647], [-87.58276, 41.78644], [-87.58265, 41.78637], [-87.58258, 41.78633], [-87.58249, 41.78626], [-87.58248, 41.78625], [-87.58224, 41.78642], [-87.58152, 41.78695], [-87.58128, 41.78712], [-87.58141, 41.78715], [-87.5816, 41.78725], [-87.58166, 41.78728], [-87.58188, 41.78746], [-87.58203, 41.78763], [-87.58213, 41.78774], [-87.58236, 41.78793], [-87.58241, 41.78797], [-87.5825, 41.78807], [-87.58259, 41.78818], [-87.58274, 41.78809], [-87.58302, 41.78813], [-87.58306, 41.78807], [-87.58308, 41.78801], [-87.5831, 41.78791], [-87.58314, 41.78782], [-87.58315, 41.7878], [-87.5832, 41.78775], [-87.58326, 41.78773], [-87.58329, 41.78772], [-87.58334, 41.78771], [-87.58356, 41.78768], [-87.58357, 41.78769], [-87.58364, 41.7877], [-87.58371, 41.78775], [-87.58374, 41.78779], [-87.58376, 41.78786], [-87.58376, 41.78795], [-87.58376, 41.78799], [-87.58378, 41.78803], [-87.58383, 41.78808], [-87.58386, 41.78809], [-87.58392, 41.7881], [-87.58397, 41.7881], [-87.58403, 41.78807], [-87.58413, 41.78799], [-87.58418, 41.78796], [-87.58424, 41.78795], [-87.58445, 41.78795], [-87.58453, 41.78794], [-87.58455, 41.78792], [-87.58463, 41.78786], [-87.58467, 41.7878]]]}}, {"type": "Feature", "properties": {"NAME": null, "MTFCC": "H2030", "AREAWATER": "92677"}, "geometry": {"type": "Polygon", "coordinates": [[[-87.97824, 41.7203], [-87.97825, 41.72], [-87.97823, 41.71974], [-87.97821, 41.71956], [-87.97821, 41.71948], [-87.97819, 41.71924], [-87.97817, 41.71876], [-87.97815, 41.71862], [-87.97813, 41.71854], [-87.97806, 41.7185], [-87.97791, 41.71844], [-87.97763, 41.71837], [-87.97738, 41.71831], [-87.97729, 41.7183], [-87.97711, 41.71825], [-87.97684, 41.71818], [-87.97667, 41.71812], [-87.97659, 41.71809], [-87.97655, 41.71806], [-87.97653, 41.71805], [-87.97652, 41.71803], [-87.97648, 41.71802], [-87.97642, 41.71801], [-87.97627, 41.71797], [-87.97623, 41.71798], [-87.97617, 41.71802], [-87.97613, 41.71803], [-87.97609, 41.71802], [-87.97602, 41.71799], [-87.97596, 41.71804], [-87.97594, 41.71808], [-87.97591, 41.71811], [-87.9758, 41.71816], [-87.97577, 41.71818], [-87.97572, 41.71824], [-87.97566, 41.71829], [-87.97561, 41.71831], [-87.97557, 41.71834], [-87.97549, 41.71837], [-87.97545, 41.7184], [-87.97542, 41.71846], [-87.97524, 41.71862], [-87.97519, 41.71866], [-87.97511, 41.71875], [-87.97499, 41.7189], [-87.97496, 41.71895], [-87.97492, 41.71907], [-87.97491, 41.71912], [-87.97491, 41.71918], [-87.97492, 41.71921], [-87.97492, 41.71923], [-87.9749, 41.71927], [-87.97487, 41.71937], [-87.97486, 41.7194], [-87.97473, 41.71954], [-87.97471, 41.71958], [-87.97469, 41.7196], [-87.97464, 41.71963], [-87.9746, 41.71965], [-87.97455, 41.71968], [-87.97453, 41.7197], [-87.97451, 41.71971], [-87.97433, 41.71974], [-87.97428, 41.71975], [-87.97426, 41.71977], [-87.97423, 41.71978], [-87.97421, 41.71984], [-87.97418, 41.71989], [-87.97415, 41.71993], [-87.97412, 41.71994], [-87.97403, 41.71995], [-87.97397, 41.72], [-87.97393, 41.72005], [-87.97392, 41.72007], [-87.97388, 41.72012], [-87.97387, 41.72015], [-87.97389, 41.72016], [-87.97392, 41.72017], [-87.97394, 41.72018], [-87.97394, 41.72019], [-87.97396, 41.7202], [-87.97399, 41.72022], [-87.97402, 41.72024], [-87.97405, 41.72026], [-87.97408, 41.72031], [-87.97408, 41.72034], [-87.97407, 41.72036], [-87.97405, 41.72039], [-87.97401, 41.72042], [-87.974, 41.72046], [-87.97396, 41.72049], [-87.97391, 41.72054], [-87.9739, 41.72058], [-87.9739, 41.72061], [-87.97392, 41.72064], [-87.97398, 41.72066], [-87.97401, 41.72066], [-87.97403, 41.72069], [-87.97404, 41.72075], [-87.97406, 41.72077], [-87.97412, 41.72081], [-87.97415, 41.72083], [-87.97419, 41.72086], [-87.97422, 41.72086], [-87.9744, 41.72083], [-87.97441, 41.72085], [-87.97441, 41.72089], [-87.97442, 41.7209], [-87.97446, 41.7209], [-87.97458, 41.72087], [-87.97462, 41.72087], [-87.97466, 41.72087], [-87.97473, 41.72086], [-87.97477, 41.72085], [-87.97485, 41.72086], [-87.9749, 41.72086], [-87.97494, 41.72087], [-87.97497, 41.72089], [-87.975, 41.72089], [-87.97508, 41.72095], [-87.97509, 41.72098], [-87.97511, 41.721], [-87.97514, 41.72105], [-87.97518, 41.72109], [-87.97539, 41.72118], [-87.97547, 41.72125], [-87.97554, 41.72131], [-87.97558, 41.72133], [-87.97561, 41.72133], [-87.97567, 41.72128], [-87.97569, 41.72126], [-87.97573, 41.72125], [-87.97579, 41.72126], [-87.97581, 41.72128], [-87.97582, 41.72131], [-87.97583, 41.72134], [-87.97584, 41.72136], [-87.9759, 41.7214], [-87.97594, 41.7214], [-87.97602, 41.72137], [-87.97607, 41.72136], [-87.97616, 41.72136], [-87.97619, 41.72137], [-87.97624, 41.72138], [-87.97628, 41.72137], [-87.97632, 41.72134], [-87.97636, 41.72131], [-87.97638, 41.72131], [-87.97648, 41.72131], [-87.97654, 41.72131], [-87.97659, 41.7213], [-87.97664, 41.72128], [-87.97666, 41.72125], [-87.97668, 41.72122], [-87.9767, 41.7212], [-87.97675, 41.72118], [-87.97678, 41.72116], [-87.97679, 41.72114], [-87.9768, 41.7211], [-87.97682, 41.72107], [-87.97685, 41.72105], [-87.9769, 41.72104], [-87.97693, 41.72104], [-87.97695, 41.72105], [-87.97696, 41.72108], [-87.97702, 41.72108], [-87.97707, 41.72108], [-87.97714, 41.72106], [-87.97718, 41.72104], [-87.97723, 41.72102], [-87.97728, 41.72102], [-87.97736, 41.721], [-87.97745, 41.72101], [-87.97749, 41.721], [-87.9775, 41.72097], [-87.97751, 41.72093], [-87.97751, 41.72089], [-87.97749, 41.72083], [-87.97748, 41.72074], [-87.97749, 41.7207], [-87.97751, 41.72068], [-87.97757, 41.72065], [-87.97759, 41.72064], [-87.97762, 41.72063], [-87.97764, 41.7206], [-87.97766, 41.72059], [-87.97768, 41.72058], [-87.97774, 41.72053], [-87.97778, 41.7205], [-87.97782, 41.72049], [-87.97793, 41.7204], [-87.97809, 41.72031], [-87.97819, 41.7203], [-87.97824, 41.7203]]]}}, {"type": "Feature", "properties": {"NAME": null, "MTFCC": "H2030", "AREAWATER": "69001"}, "geometry": {"type": "Polygon", "coordinates": [[[-87.78237, 41.81297], [-87.78236, 41.81291], [-87.78236, 41.81283], [-87.78235, 41.81274], [-87.78233, 41.81259], [-87.78229, 41.81252], [-87.78224, 41.81246], [-87.7822, 41.81237], [-87.78222, 41.81227], [-87.78226, 41.81214], [-87.78229, 41.81205], [-87.78229, 41.81198], [-87.78225, 41.81192], [-87.7822, 41.81186], [-87.78221, 41.81183], [-87.78223, 41.81175], [-87.78225, 41.81161], [-87.78224, 41.81154], [-87.7822, 41.81145], [-87.78214, 41.81136], [-87.78212, 41.81131], [-87.78205, 41.8112], [-87.78194, 41.81109], [-87.78194, 41.81102], [-87.78215, 41.81093], [-87.78218, 41.81088], [-87.78227, 41.81082], [-87.78231, 41.81071], [-87.78232, 41.81062], [-87.78233, 41.81052], [-87.78232, 41.81044], [-87.78229, 41.81034], [-87.78224, 41.81022], [-87.7822, 41.81009], [-87.78217, 41.80998], [-87.78211, 41.80985], [-87.7821, 41.80975], [-87.78211, 41.80968], [-87.78217, 41.80966], [-87.78224, 41.80965], [-87.78228, 41.8096], [-87.78228, 41.80954], [-87.78227, 41.80929], [-87.78225, 41.80912], [-87.78224, 41.80909], [-87.78218, 41.80906], [-87.78212, 41.80907], [-87.78202, 41.80907], [-87.78186, 41.80909], [-87.78124, 41.80925], [-87.78047, 41.80949], [-87.78043, 41.80951], [-87.78036, 41.80953], [-87.78022, 41.80959], [-87.78007, 41.80967], [-87.77995, 41.80973], [-87.77976, 41.80981], [-87.77952, 41.80989], [-87.77935, 41.80992], [-87.77918, 41.80996], [-87.77898, 41.80999], [-87.77882, 41.81003], [-87.77867, 41.81009], [-87.77865, 41.81017], [-87.77867, 41.81026], [-87.77874, 41.81041], [-87.77899, 41.81083], [-87.77915, 41.81102], [-87.77934, 41.81135], [-87.77954, 41.81144], [-87.77983, 41.81144], [-87.78016, 41.81146], [-87.78047, 41.81145], [-87.78072, 41.81143], [-87.78098, 41.81139], [-87.78115, 41.81131], [-87.78135, 41.81128], [-87.78147, 41.81132], [-87.78153, 41.81141], [-87.78159, 41.81155], [-87.78167, 41.81171], [-87.78172, 41.81177], [-87.78181, 41.81189], [-87.78181, 41.81192], [-87.7818, 41.81204], [-87.78178, 41.81215], [-87.78177, 41.81229], [-87.7818, 41.8124], [-87.78187, 41.81247], [-87.7819, 41.81256], [-87.7819, 41.81268], [-87.78189, 41.81277], [-87.78188, 41.81302], [-87.78185, 41.81323], [-87.78184, 41.81338], [-87.78179, 41.81356], [-87.78169, 41.8137], [-87.78161, 41.81379], [-87.78143, 41.81393], [-87.78141, 41.81401], [-87.78145, 41.81406], [-87.78158, 41.81408], [-87.78175, 41.81408], [-87.78192, 41.81404], [-87.78205, 41.81392], [-87.78212, 41.81386], [-87.78216, 41.81373], [-87.7822, 41.81361], [-87.78223, 41.81349], [-87.78225, 41.81338], [-87.78224, 41.81333], [-87.78224, 41.81321], [-87.78226, 41.81317], [-87.78236, 41.81306], [-87.78237, 41.81297]]]}}, {"type": "Feature", "properties": {"NAME": null, "MTFCC": "H2030", "AREAWATER": "257451"}, "geometry": {"type": "Polygon", "coordinates": [[[-87.50857, 41.66495], [-87.50858, 41.66487], [-87.50848, 41.66481], [-87.50772, 41.6648], [-87.50753, 41.66476], [-87.50738, 41.66476], [-87.50716, 41.66487], [-87.50711, 41.66492], [-87.5068, 41.66503], [-87.50645, 41.66504], [-87.50624, 41.66498], [-87.50553, 41.66503], [-87.50531, 41.665], [-87.50518, 41.665], [-87.50494, 41.66505], [-87.50489, 41.6651], [-87.5048, 41.66515], [-87.50443, 41.6652], [-87.50412, 41.6652], [-87.50385, 41.66516], [-87.50343, 41.66508], [-87.50304, 41.66504], [-87.50282, 41.66498], [-87.50277, 41.66497], [-87.50261, 41.66495], [-87.50243, 41.66497], [-87.50223, 41.66508], [-87.50208, 41.66512], [-87.50207, 41.66515], [-87.50184, 41.6652], [-87.50148, 41.66516], [-87.50126, 41.66516], [-87.50098, 41.66521], [-87.50065, 41.66519], [-87.5006, 41.66523], [-87.50063, 41.66532], [-87.50059, 41.66542], [-87.50043, 41.6655], [-87.50038, 41.66556], [-87.50028, 41.66561], [-87.5, 41.66565], [-87.49962, 41.66574], [-87.49949, 41.66585], [-87.49945, 41.66586], [-87.49934, 41.66597], [-87.49925, 41.66614], [-87.49909, 41.66629], [-87.49892, 41.66635], [-87.49874, 41.66639], [-87.49861, 41.66645], [-87.49843, 41.66658], [-87.49833, 41.66674], [-87.49833, 41.66751], [-87.49827, 41.66771], [-87.49814, 41.66786], [-87.49795, 41.66803], [-87.49793, 41.66809], [-87.498, 41.66816], [-87.49812, 41.66818], [-87.49854, 41.66817], [-87.49865, 41.66812], [-87.49869, 41.66807], [-87.49881, 41.66799], [-87.49896, 41.66798], [-87.499, 41.66798], [-87.49905, 41.66803], [-87.49915, 41.66817], [-87.49923, 41.66823], [-87.49939, 41.6683], [-87.49951, 41.66832], [-87.49968, 41.66829], [-87.49981, 41.66822], [-87.50005, 41.66818], [-87.50139, 41.66817], [-87.50704, 41.66814], [-87.50717, 41.66803], [-87.50725, 41.66792], [-87.5073, 41.6679], [-87.5073, 41.66787], [-87.50742, 41.66779], [-87.5076, 41.66771], [-87.50784, 41.66763], [-87.50789, 41.66757], [-87.5079, 41.66747], [-87.50782, 41.6673], [-87.50779, 41.6671], [-87.50801, 41.66603], [-87.50803, 41.66578], [-87.50815, 41.66548], [-87.50839, 41.66513], [-87.50849, 41.66505], [-87.50857, 41.66495]]]}}, {"type": "Feature", "properties": {"NAME": null, "MTFCC": "H2030", "AREAWATER": "91684"}, "geometry": {"type": "Polygon", "coordinates": [[[-87.49661, 41.64579], [-87.49661, 41.64569], [-87.49645, 41.6454], [-87.49646, 41.64524], [-87.49647, 41.6452], [-87.49639, 41.64508], [-87.49645, 41.6449], [-87.49644, 41.64484], [-87.49642, 41.64481], [-87.49631, 41.64476], [-87.49619, 41.64479], [-87.49607, 41.64483], [-87.49598, 41.64483], [-87.49595, 41.64481], [-87.49593, 41.64475], [-87.49595, 41.64469], [-87.49627, 41.64453], [-87.4963, 41.64439], [-87.49628, 41.64428], [-87.49624, 41.6442], [-87.49619, 41.64416], [-87.49599, 41.64414], [-87.49591, 41.64408], [-87.49583, 41.64405], [-87.49557, 41.64401], [-87.49515, 41.64403], [-87.49472, 41.64402], [-87.49434, 41.64405], [-87.49415, 41.64409], [-87.49395, 41.64417], [-87.49371, 41.64422], [-87.4934, 41.6442], [-87.493, 41.64408], [-87.49286, 41.64405], [-87.4927, 41.64407], [-87.49249, 41.64415], [-87.49234, 41.64417], [-87.49221, 41.64417], [-87.49172, 41.6441], [-87.4916, 41.64412], [-87.49152, 41.64419], [-87.4915, 41.64424], [-87.49149, 41.64427], [-87.4915, 41.6444], [-87.49158, 41.64451], [-87.49158, 41.64463], [-87.4915, 41.64469], [-87.49121, 41.64474], [-87.49104, 41.64489], [-87.49082, 41.64498], [-87.4908, 41.645], [-87.4908, 41.6451], [-87.49084, 41.64523], [-87.49083, 41.64539], [-87.49085, 41.64545], [-87.49117, 41.64572], [-87.49126, 41.64586], [-87.49128, 41.64595], [-87.49123, 41.64613], [-87.49124, 41.64619], [-87.49133, 41.64625], [-87.49153, 41.64628], [-87.49175, 41.64629], [-87.49191, 41.64628], [-87.49204, 41.64625], [-87.49223, 41.64613], [-87.4923, 41.64605], [-87.49244, 41.64601], [-87.4926, 41.64601], [-87.4927, 41.64607], [-87.4927, 41.6461], [-87.49284, 41.64617], [-87.49295, 41.64616], [-87.49317, 41.64598], [-87.49351, 41.64582], [-87.49355, 41.64576], [-87.49361, 41.64557], [-87.49367, 41.64555], [-87.49377, 41.64558], [-87.49385, 41.64558], [-87.49403, 41.64542], [-87.4941, 41.6454], [-87.49436, 41.64543], [-87.49443, 41.64546], [-87.49445, 41.64552], [-87.49445, 41.64563], [-87.49435, 41.64579], [-87.49432, 41.64592], [-87.49434, 41.64598], [-87.49442, 41.64605], [-87.49455, 41.6461], [-87.49485, 41.64615], [-87.49512, 41.64615], [-87.49536, 41.64611], [-87.49576, 41.64599], [-87.49599, 41.646], [-87.49605, 41.64603], [-87.49629, 41.64607], [-87.49646, 41.64605], [-87.49658, 41.64592], [-87.49661, 41.64579]]]}}, {"type": "Feature", "properties": {"NAME": null, "MTFCC": "H2030", "AREAWATER": "57304"}, "geometry": {"type": "Polygon", "coordinates": [[[-87.99534, 41.6795], [-87.99535, 41.67938], [-87.99533, 41.67932], [-87.99523, 41.67921], [-87.99523, 41.67919], [-87.99521, 41.67915], [-87.99518, 41.67913], [-87.99515, 41.67904], [-87.99511, 41.67897], [-87.99508, 41.67875], [-87.99508, 41.67868], [-87.99499, 41.6786], [-87.99486, 41.67851], [-87.99474, 41.67845], [-87.99465, 41.67839], [-87.99452, 41.67836], [-87.9945, 41.67836], [-87.99445, 41.67839], [-87.99431, 41.67851], [-87.99429, 41.67857], [-87.9942, 41.67868], [-87.99418, 41.67873], [-87.99406, 41.67886], [-87.99384, 41.67911], [-87.99374, 41.67919], [-87.99369, 41.67917], [-87.9937, 41.67909], [-87.99374, 41.679], [-87.99376, 41.6789], [-87.99378, 41.67888], [-87.99398, 41.67874], [-87.99402, 41.67868], [-87.99403, 41.67863], [-87.99399, 41.67858], [-87.99393, 41.67852], [-87.99399, 41.67847], [-87.99418, 41.67845], [-87.99425, 41.6784], [-87.99425, 41.67835], [-87.99405, 41.6782], [-87.99401, 41.6782], [-87.99397, 41.67819], [-87.99382, 41.67821], [-87.99374, 41.67823], [-87.9937, 41.67825], [-87.99365, 41.67826], [-87.99353, 41.67832], [-87.99341, 41.6784], [-87.99333, 41.67843], [-87.99327, 41.67846], [-87.99317, 41.6785], [-87.9931, 41.67854], [-87.99309, 41.67861], [-87.99306, 41.67864], [-87.99297, 41.67872], [-87.9929, 41.67875], [-87.99283, 41.67877], [-87.99279, 41.67878], [-87.99224, 41.67884], [-87.99211, 41.67888], [-87.99206, 41.6789], [-87.99203, 41.67891], [-87.99197, 41.67894], [-87.99167, 41.67909], [-87.99148, 41.67924], [-87.99144, 41.67932], [-87.99146, 41.67951], [-87.99146, 41.67953], [-87.99149, 41.67959], [-87.9915, 41.67967], [-87.99148, 41.67971], [-87.99144, 41.67976], [-87.99141, 41.67979], [-87.99139, 41.67982], [-87.99136, 41.67986], [-87.99133, 41.67995], [-87.99134, 41.68], [-87.99135, 41.68012], [-87.99138, 41.68015], [-87.99141, 41.68024], [-87.99143, 41.68051], [-87.99143, 41.68056], [-87.99142, 41.68058], [-87.99139, 41.68065], [-87.99138, 41.68068], [-87.99141, 41.68077], [-87.99147, 41.6808], [-87.9915, 41.6808], [-87.99164, 41.68079], [-87.9918, 41.68075], [-87.99182, 41.68073], [-87.99203, 41.68068], [-87.99231, 41.68065], [-87.99265, 41.68063], [-87.99278, 41.68059], [-87.99311, 41.68038], [-87.99319, 41.68034], [-87.99348, 41.68016], [-87.99355, 41.68015], [-87.99358, 41.68013], [-87.99367, 41.68011], [-87.9937, 41.68009], [-87.99378, 41.68007], [-87.99381, 41.68006], [-87.99413, 41.68001], [-87.99438, 41.67999], [-87.99463, 41.67992], [-87.99467, 41.67989], [-87.99479, 41.67986], [-87.99486, 41.67983], [-87.9949, 41.67982], [-87.99513, 41.6797], [-87.99525, 41.67961], [-87.99532, 41.67954], [-87.99534, 41.6795]]]}}, {"type": "Feature", "properties": {"NAME": "Suttonbush Slough", "MTFCC": "H2030", "AREAWATER": "69585"}, "geometry": {"type": "Polygon", "coordinates": [[[-87.85824, 41.71642], [-87.85823, 41.71636], [-87.8582, 41.71628], [-87.85817, 41.71625], [-87.85816, 41.71624], [-87.858, 41.71626], [-87.85787, 41.71629], [-87.85764, 41.71633], [-87.85755, 41.71639], [-87.85746, 41.71647], [-87.85743, 41.71652], [-87.85741, 41.71654], [-87.85737, 41.71661], [-87.85733, 41.71665], [-87.8573, 41.71674], [-87.85726, 41.71677], [-87.85724, 41.71683], [-87.85717, 41.7169], [-87.85695, 41.71705], [-87.85673, 41.71717], [-87.85664, 41.71723], [-87.85657, 41.71724], [-87.85654, 41.71724], [-87.85647, 41.71721], [-87.85649, 41.7171], [-87.85651, 41.71705], [-87.85654, 41.71703], [-87.85658, 41.71692], [-87.85656, 41.71679], [-87.85652, 41.71671], [-87.85643, 41.71662], [-87.8564, 41.71654], [-87.85638, 41.71636], [-87.85638, 41.71628], [-87.85646, 41.71622], [-87.85657, 41.71621], [-87.85687, 41.71618], [-87.85699, 41.71609], [-87.85705, 41.71603], [-87.85708, 41.71598], [-87.85709, 41.71587], [-87.85709, 41.7158], [-87.85707, 41.71576], [-87.85701, 41.71569], [-87.85679, 41.71553], [-87.85658, 41.71551], [-87.8565, 41.71551], [-87.85632, 41.71553], [-87.85605, 41.71559], [-87.85585, 41.71562], [-87.85575, 41.71561], [-87.8557, 41.71559], [-87.8556, 41.71558], [-87.85552, 41.71554], [-87.85546, 41.71552], [-87.85541, 41.71549], [-87.85526, 41.71546], [-87.85521, 41.71546], [-87.855, 41.71548], [-87.85483, 41.71557], [-87.8548, 41.71557], [-87.85475, 41.7156], [-87.85469, 41.71564], [-87.85461, 41.71566], [-87.85454, 41.71568], [-87.85446, 41.71563], [-87.85444, 41.7155], [-87.85442, 41.71548], [-87.85435, 41.71543], [-87.85427, 41.71543], [-87.85418, 41.7155], [-87.85416, 41.71553], [-87.85421, 41.71592], [-87.85414, 41.71599], [-87.85398, 41.71611], [-87.85385, 41.71618], [-87.85376, 41.71624], [-87.85362, 41.71638], [-87.85351, 41.71646], [-87.85349, 41.71647], [-87.85345, 41.71645], [-87.85326, 41.71632], [-87.853, 41.71635], [-87.85289, 41.71636], [-87.85285, 41.71637], [-87.85283, 41.71639], [-87.8527, 41.71641], [-87.85246, 41.71658], [-87.85241, 41.7167], [-87.85239, 41.71687], [-87.8524, 41.71691], [-87.85246, 41.71695], [-87.85252, 41.71698], [-87.85262, 41.7169], [-87.85267, 41.71685], [-87.85273, 41.71685], [-87.85282, 41.71691], [-87.85287, 41.71696], [-87.85289, 41.71702], [-87.85297, 41.71708], [-87.85302, 41.71709], [-87.85326, 41.71713], [-87.85355, 41.71732], [-87.85367, 41.71737], [-87.85379, 41.7174], [-87.85385, 41.71744], [-87.85398, 41.71752], [-87.85422, 41.71751], [-87.85432, 41.71748], [-87.85437, 41.71748], [-87.85452, 41.71759], [-87.85454, 41.71765], [-87.85459, 41.71767], [-87.85465, 41.71768], [-87.85476, 41.71768], [-87.85485, 41.71768], [-87.85507, 41.71768], [-87.85534, 41.71767], [-87.8556, 41.71767], [-87.85582, 41.71764], [-87.85598, 41.7176], [-87.85605, 41.71758], [-87.85622, 41.71747], [-87.85634, 41.71745], [-87.85642, 41.71745], [-87.85663, 41.7176], [-87.85671, 41.71763], [-87.85673, 41.71764], [-87.85685, 41.71766], [-87.8569, 41.71764], [-87.85698, 41.7176], [-87.85716, 41.71746], [-87.85725, 41.71734], [-87.8573, 41.7173], [-87.85731, 41.71727], [-87.85734, 41.71723], [-87.8575, 41.71709], [-87.8576, 41.71701], [-87.85768, 41.71698], [-87.85781, 41.71689], [-87.85799, 41.71677], [-87.85813, 41.71667], [-87.85815, 41.71663], [-87.85819, 41.71659], [-87.85822, 41.71653], [-87.85824, 41.71642]]]}}, {"type": "Feature", "properties": {"NAME": null, "MTFCC": "H2030", "AREAWATER": "149185"}, "geometry": {"type": "Polygon", "coordinates": [[[-87.86878, 41.6048], [-87.86878, 41.60478], [-87.86868, 41.60469], [-87.86868, 41.60467], [-87.86861, 41.6046], [-87.86862, 41.60451], [-87.86862, 41.60445], [-87.86849, 41.60433], [-87.86851, 41.60426], [-87.86848, 41.60412], [-87.86837, 41.60387], [-87.86832, 41.60353], [-87.86833, 41.6034], [-87.86834, 41.60316], [-87.86836, 41.60308], [-87.86838, 41.60303], [-87.86842, 41.60278], [-87.86847, 41.60242], [-87.86847, 41.60232], [-87.86846, 41.60225], [-87.86846, 41.60217], [-87.86845, 41.60209], [-87.86842, 41.60207], [-87.86836, 41.602], [-87.86834, 41.6019], [-87.86833, 41.60189], [-87.86832, 41.60187], [-87.86827, 41.60184], [-87.86812, 41.60183], [-87.86807, 41.6018], [-87.86797, 41.60178], [-87.86782, 41.6017], [-87.8678, 41.6017], [-87.86772, 41.60166], [-87.86766, 41.60166], [-87.86757, 41.60167], [-87.86753, 41.60169], [-87.86751, 41.6017], [-87.86742, 41.60169], [-87.86739, 41.60169], [-87.86733, 41.60167], [-87.86729, 41.60165], [-87.86725, 41.60164], [-87.86712, 41.60158], [-87.86702, 41.60159], [-87.86689, 41.60166], [-87.86674, 41.60173], [-87.8667, 41.60176], [-87.86659, 41.60185], [-87.86657, 41.6019], [-87.86652, 41.60196], [-87.86642, 41.60205], [-87.86616, 41.60225], [-87.86612, 41.60226], [-87.86595, 41.60234], [-87.86587, 41.60237], [-87.86577, 41.60234], [-87.86568, 41.60228], [-87.86566, 41.60225], [-87.86567, 41.60219], [-87.86568, 41.60215], [-87.8657, 41.60209], [-87.86564, 41.60205], [-87.86545, 41.60206], [-87.86531, 41.60206], [-87.86506, 41.60206], [-87.86502, 41.60206], [-87.86445, 41.60205], [-87.86436, 41.60203], [-87.86429, 41.60203], [-87.86424, 41.60203], [-87.8642, 41.60206], [-87.86406, 41.60212], [-87.86393, 41.60219], [-87.8638, 41.60216], [-87.86373, 41.60211], [-87.86367, 41.60209], [-87.86364, 41.60208], [-87.86347, 41.60206], [-87.86337, 41.60205], [-87.86333, 41.60207], [-87.86334, 41.60214], [-87.86339, 41.60221], [-87.86341, 41.60237], [-87.86344, 41.60239], [-87.86351, 41.60242], [-87.86355, 41.60244], [-87.86376, 41.60248], [-87.86388, 41.60257], [-87.86385, 41.6029], [-87.86382, 41.603], [-87.86381, 41.60304], [-87.86376, 41.60316], [-87.8637, 41.60322], [-87.86365, 41.60325], [-87.86363, 41.60327], [-87.86346, 41.60329], [-87.86335, 41.60332], [-87.86323, 41.60334], [-87.86318, 41.60337], [-87.86312, 41.60343], [-87.86284, 41.60366], [-87.86284, 41.60368], [-87.86291, 41.60372], [-87.86304, 41.60374], [-87.86311, 41.60373], [-87.86332, 41.60374], [-87.86375, 41.60378], [-87.86378, 41.6038], [-87.86391, 41.6039], [-87.86389, 41.60403], [-87.86385, 41.60412], [-87.86387, 41.6044], [-87.86392, 41.60445], [-87.86396, 41.60463], [-87.86402, 41.60474], [-87.86402, 41.60478], [-87.86393, 41.60484], [-87.86385, 41.60483], [-87.86369, 41.60484], [-87.86366, 41.60486], [-87.86367, 41.6049], [-87.86372, 41.60493], [-87.8641, 41.60493], [-87.86424, 41.60495], [-87.8643, 41.60499], [-87.86433, 41.60497], [-87.86442, 41.60497], [-87.86461, 41.60494], [-87.86465, 41.60492], [-87.86469, 41.60491], [-87.86472, 41.60489], [-87.86484, 41.60486], [-87.86508, 41.60484], [-87.86514, 41.60485], [-87.86544, 41.60489], [-87.86573, 41.60496], [-87.86584, 41.60497], [-87.86595, 41.60499], [-87.86601, 41.60503], [-87.86611, 41.6051], [-87.86613, 41.60512], [-87.8662, 41.60518], [-87.8662, 41.60522], [-87.86622, 41.60526], [-87.86623, 41.60528], [-87.86629, 41.60532], [-87.86635, 41.60532], [-87.86645, 41.60527], [-87.8666, 41.60526], [-87.86664, 41.60526], [-87.86667, 41.60528], [-87.86686, 41.60529], [-87.86696, 41.60529], [-87.86701, 41.60534], [-87.86702, 41.60577], [-87.86703, 41.60599], [-87.86704, 41.60614], [-87.86711, 41.60625], [-87.8672, 41.60631], [-87.86723, 41.60632], [-87.86727, 41.60632], [-87.86733, 41.60632], [-87.86738, 41.60629], [-87.86744, 41.60624], [-87.86763, 41.60612], [-87.86774, 41.60605], [-87.86777, 41.60605], [-87.86779, 41.60603], [-87.86809, 41.60601], [-87.86838, 41.60601], [-87.86849, 41.60603], [-87.86853, 41.60599], [-87.86856, 41.60592], [-87.86864, 41.60583], [-87.86861, 41.60579], [-87.86844, 41.60566], [-87.86828, 41.60563], [-87.86816, 41.60555], [-87.86804, 41.60547], [-87.86801, 41.60543], [-87.86803, 41.60532], [-87.86806, 41.60528], [-87.86815, 41.60523], [-87.86825, 41.60518], [-87.86841, 41.60509], [-87.86857, 41.605], [-87.86875, 41.60487], [-87.86878, 41.6048]]]}}, {"type": "Feature", "properties": {"NAME": null, "MTFCC": "H2030", "AREAWATER": "129105"}, "geometry": {"type": "Polygon", "coordinates": [[[-87.91474, 41.66208], [-87.91468, 41.66121], [-87.91257, 41.66198], [-87.91222, 41.66062], [-87.91216, 41.66065], [-87.91202, 41.66085], [-87.912, 41.6609], [-87.91196, 41.66094], [-87.91191, 41.66107], [-87.91188, 41.6611], [-87.91188, 41.66113], [-87.91181, 41.6612], [-87.91166, 41.66132], [-87.91158, 41.66136], [-87.9115, 41.66138], [-87.91129, 41.66137], [-87.91125, 41.66135], [-87.91106, 41.66131], [-87.91092, 41.66129], [-87.9107, 41.66131], [-87.91064, 41.66132], [-87.91062, 41.66133], [-87.91049, 41.66143], [-87.91048, 41.66145], [-87.91045, 41.66151], [-87.91042, 41.66154], [-87.91038, 41.66166], [-87.91029, 41.66173], [-87.91019, 41.66179], [-87.91007, 41.66185], [-87.91, 41.66186], [-87.90988, 41.6619], [-87.90975, 41.66191], [-87.90953, 41.66196], [-87.90949, 41.66198], [-87.9094, 41.662], [-87.9093, 41.66202], [-87.90911, 41.66205], [-87.9089, 41.66208], [-87.90852, 41.66217], [-87.90847, 41.66221], [-87.90833, 41.66227], [-87.9083, 41.66228], [-87.90818, 41.66235], [-87.90761, 41.66277], [-87.90741, 41.66286], [-87.90733, 41.66289], [-87.90726, 41.66291], [-87.90723, 41.66293], [-87.90709, 41.66296], [-87.90676, 41.663], [-87.90671, 41.66302], [-87.90648, 41.66304], [-87.90645, 41.66306], [-87.90637, 41.66307], [-87.90635, 41.6631], [-87.90623, 41.66312], [-87.90611, 41.66319], [-87.90568, 41.6635], [-87.90561, 41.66352], [-87.90551, 41.66351], [-87.90529, 41.66352], [-87.90522, 41.66352], [-87.90491, 41.6635], [-87.90473, 41.66347], [-87.90452, 41.66342], [-87.90434, 41.66334], [-87.90428, 41.66332], [-87.90423, 41.66328], [-87.90418, 41.66327], [-87.90401, 41.66327], [-87.90392, 41.66333], [-87.90391, 41.66337], [-87.90389, 41.66339], [-87.90385, 41.66344], [-87.90365, 41.66362], [-87.90363, 41.6637], [-87.90362, 41.66377], [-87.90368, 41.66381], [-87.90385, 41.6639], [-87.90399, 41.66396], [-87.90405, 41.66398], [-87.90408, 41.66399], [-87.9042, 41.66402], [-87.90425, 41.66404], [-87.90428, 41.66404], [-87.90435, 41.66407], [-87.90439, 41.6641], [-87.90456, 41.66422], [-87.90456, 41.66425], [-87.90461, 41.66429], [-87.90463, 41.66435], [-87.90471, 41.66441], [-87.90475, 41.66443], [-87.9049, 41.66445], [-87.90512, 41.66461], [-87.9052, 41.66464], [-87.90522, 41.66464], [-87.90529, 41.66463], [-87.90542, 41.66454], [-87.90551, 41.66446], [-87.90568, 41.66443], [-87.90574, 41.6644], [-87.90586, 41.66431], [-87.90587, 41.66424], [-87.90585, 41.6642], [-87.90579, 41.66413], [-87.90576, 41.664], [-87.9058, 41.66397], [-87.90584, 41.66397], [-87.90595, 41.66398], [-87.90598, 41.664], [-87.90612, 41.66408], [-87.90666, 41.66442], [-87.90701, 41.66458], [-87.90716, 41.66459], [-87.90725, 41.6646], [-87.90737, 41.66458], [-87.90773, 41.66454], [-87.90796, 41.66448], [-87.908, 41.66446], [-87.90803, 41.66445], [-87.9081, 41.66443], [-87.90814, 41.66442], [-87.90825, 41.66436], [-87.90844, 41.66422], [-87.90892, 41.6639], [-87.90904, 41.66384], [-87.90906, 41.66383], [-87.90926, 41.66378], [-87.90934, 41.66375], [-87.90948, 41.66368], [-87.9097, 41.66353], [-87.90981, 41.66347], [-87.90986, 41.66346], [-87.9099, 41.66344], [-87.90992, 41.66344], [-87.90998, 41.6634], [-87.91001, 41.66339], [-87.91045, 41.66307], [-87.91059, 41.663], [-87.91066, 41.66299], [-87.91076, 41.66296], [-87.91079, 41.66294], [-87.91084, 41.66294], [-87.91087, 41.66292], [-87.91104, 41.66288], [-87.91109, 41.66285], [-87.91113, 41.66284], [-87.91124, 41.66279], [-87.91147, 41.66262], [-87.91148, 41.66257], [-87.91152, 41.66253], [-87.91154, 41.66248], [-87.91157, 41.66244], [-87.91159, 41.6624], [-87.91165, 41.66233], [-87.9117, 41.6623], [-87.91178, 41.66222], [-87.91212, 41.66193], [-87.91215, 41.66188], [-87.91227, 41.66177], [-87.91229, 41.66176], [-87.91273, 41.66215], [-87.91261, 41.66316], [-87.91474, 41.66208]]]}}, {"type": "Feature", "properties": {"NAME": "Lk George", "MTFCC": "H2030", "AREAWATER": "330709"}, "geometry": {"type": "Polygon", "coordinates": [[[-87.50738, 41.66894], [-87.50742, 41.66884], [-87.50737, 41.66876], [-87.50737, 41.66867], [-87.50741, 41.66858], [-87.5074, 41.66852], [-87.50738, 41.6685], [-87.50727, 41.66847], [-87.5061, 41.66849], [-87.50607, 41.66848], [-87.50601, 41.66845], [-87.50593, 41.66843], [-87.50586, 41.66841], [-87.50577, 41.66839], [-87.5056, 41.6684], [-87.50454, 41.66844], [-87.50124, 41.66844], [-87.50099, 41.66855], [-87.50085, 41.6686], [-87.50071, 41.66861], [-87.50054, 41.6687], [-87.50054, 41.66873], [-87.50058, 41.66879], [-87.50058, 41.66886], [-87.50052, 41.66893], [-87.50023, 41.66898], [-87.50013, 41.66894], [-87.50002, 41.66888], [-87.49979, 41.6689], [-87.49971, 41.66892], [-87.49958, 41.66888], [-87.49944, 41.6689], [-87.49922, 41.66906], [-87.49912, 41.66919], [-87.49908, 41.66927], [-87.4991, 41.66934], [-87.49906, 41.6694], [-87.49889, 41.66943], [-87.49873, 41.66953], [-87.4987, 41.66953], [-87.49863, 41.66953], [-87.49849, 41.66958], [-87.49842, 41.66969], [-87.49834, 41.66977], [-87.49833, 41.66985], [-87.49839, 41.66991], [-87.4985, 41.66996], [-87.4985, 41.67004], [-87.49843, 41.67006], [-87.49833, 41.67004], [-87.49817, 41.67001], [-87.49806, 41.67008], [-87.49808, 41.67017], [-87.49813, 41.6705], [-87.49799, 41.67091], [-87.49773, 41.67132], [-87.4976, 41.67148], [-87.49749, 41.67162], [-87.49749, 41.67171], [-87.49757, 41.67188], [-87.49775, 41.6719], [-87.49799, 41.6718], [-87.49815, 41.67175], [-87.49833, 41.67164], [-87.49856, 41.67162], [-87.49877, 41.67164], [-87.4989, 41.67173], [-87.49904, 41.6719], [-87.49924, 41.67198], [-87.49938, 41.67201], [-87.49955, 41.67206], [-87.49974, 41.67219], [-87.49983, 41.67235], [-87.49986, 41.6725], [-87.49985, 41.67261], [-87.49978, 41.67275], [-87.4998, 41.67282], [-87.49989, 41.67291], [-87.50007, 41.673], [-87.50012, 41.67302], [-87.50014, 41.67304], [-87.50017, 41.67308], [-87.50019, 41.6732], [-87.50019, 41.67338], [-87.50019, 41.67361], [-87.50019, 41.67368], [-87.50021, 41.67371], [-87.50023, 41.67372], [-87.50027, 41.67371], [-87.50032, 41.67368], [-87.50035, 41.67368], [-87.50037, 41.67369], [-87.50041, 41.67372], [-87.50045, 41.67375], [-87.50046, 41.67377], [-87.50052, 41.6738], [-87.50069, 41.67384], [-87.50103, 41.67387], [-87.50149, 41.67387], [-87.50229, 41.67379], [-87.50244, 41.67378], [-87.50285, 41.67369], [-87.50325, 41.67365], [-87.50337, 41.67362], [-87.5035, 41.67356], [-87.5036, 41.67354], [-87.50375, 41.67347], [-87.50411, 41.67336], [-87.50437, 41.67326], [-87.50468, 41.67306], [-87.50484, 41.67292], [-87.50488, 41.67278], [-87.50486, 41.67263], [-87.5049, 41.6725], [-87.50493, 41.67244], [-87.50503, 41.67238], [-87.50512, 41.67237], [-87.50534, 41.67242], [-87.50547, 41.67242], [-87.50556, 41.67238], [-87.50562, 41.67235], [-87.50572, 41.67223], [-87.50597, 41.67187], [-87.50605, 41.67165], [-87.50606, 41.67152], [-87.50598, 41.67113], [-87.50596, 41.67099], [-87.50597, 41.67081], [-87.50594, 41.67048], [-87.50599, 41.67029], [-87.50617, 41.67001], [-87.50621, 41.66981], [-87.50626, 41.66976], [-87.5063, 41.66976], [-87.50638, 41.66966], [-87.5063, 41.66932], [-87.50631, 41.66926], [-87.50663, 41.66918], [-87.50724, 41.66904], [-87.50738, 41.66894]]]}}, {"type": "Feature", "properties": {"NAME": null, "MTFCC": "H2030", "AREAWATER": "103697"}, "geometry": {"type": "Polygon", "coordinates": [[[-87.92645, 41.91902], [-87.92645, 41.919], [-87.92626, 41.91852], [-87.92625, 41.91846], [-87.92625, 41.91837], [-87.92621, 41.9183], [-87.92613, 41.91822], [-87.92615, 41.91818], [-87.92612, 41.91806], [-87.92603, 41.91775], [-87.92598, 41.91761], [-87.92594, 41.91754], [-87.9259, 41.91748], [-87.92584, 41.91743], [-87.92579, 41.91741], [-87.92568, 41.91738], [-87.92555, 41.91736], [-87.92532, 41.91735], [-87.92528, 41.91736], [-87.92518, 41.91741], [-87.92516, 41.91743], [-87.92515, 41.91754], [-87.92516, 41.9176], [-87.92521, 41.91785], [-87.92523, 41.91789], [-87.92527, 41.91797], [-87.92537, 41.91805], [-87.92546, 41.9181], [-87.92558, 41.91814], [-87.92588, 41.91822], [-87.92603, 41.91825], [-87.92606, 41.91825], [-87.92608, 41.91825], [-87.92617, 41.91835], [-87.92618, 41.91839], [-87.9264, 41.91899], [-87.92641, 41.91902], [-87.9264, 41.91904], [-87.92633, 41.91911], [-87.92631, 41.91914], [-87.92628, 41.91915], [-87.92625, 41.91917], [-87.92618, 41.91918], [-87.92593, 41.91921], [-87.92539, 41.91927], [-87.92512, 41.91931], [-87.92498, 41.91932], [-87.92467, 41.91936], [-87.9246, 41.91934], [-87.92457, 41.91929], [-87.92454, 41.91923], [-87.92452, 41.91917], [-87.92453, 41.91913], [-87.92455, 41.91909], [-87.92456, 41.91893], [-87.92454, 41.91888], [-87.92451, 41.91883], [-87.92436, 41.91861], [-87.92435, 41.91859], [-87.92432, 41.91857], [-87.92428, 41.91848], [-87.92424, 41.91843], [-87.92419, 41.91839], [-87.92416, 41.91836], [-87.92414, 41.91835], [-87.92411, 41.91834], [-87.92408, 41.91833], [-87.92406, 41.91831], [-87.92404, 41.91828], [-87.92402, 41.91827], [-87.92398, 41.91825], [-87.92392, 41.91823], [-87.9238, 41.9182], [-87.92367, 41.91818], [-87.92359, 41.91818], [-87.92332, 41.91819], [-87.92308, 41.91823], [-87.92252, 41.91827], [-87.92227, 41.91829], [-87.92205, 41.91832], [-87.92166, 41.9184], [-87.92143, 41.91845], [-87.92135, 41.91848], [-87.92131, 41.91851], [-87.92125, 41.91855], [-87.92119, 41.9186], [-87.92109, 41.91871], [-87.92096, 41.91892], [-87.92094, 41.91899], [-87.92093, 41.91913], [-87.9209, 41.91928], [-87.92089, 41.91932], [-87.92087, 41.91937], [-87.92087, 41.91941], [-87.92088, 41.91945], [-87.92091, 41.91947], [-87.92104, 41.91949], [-87.92107, 41.91951], [-87.92105, 41.91954], [-87.92103, 41.91954], [-87.92097, 41.91953], [-87.92089, 41.91955], [-87.92087, 41.91956], [-87.92085, 41.91959], [-87.92083, 41.91969], [-87.92078, 41.91985], [-87.92075, 41.91991], [-87.92074, 41.91996], [-87.92071, 41.92013], [-87.9207, 41.9202], [-87.92069, 41.92052], [-87.9207, 41.92057], [-87.92073, 41.92066], [-87.92082, 41.9208], [-87.92086, 41.92085], [-87.92096, 41.92093], [-87.92101, 41.92095], [-87.92112, 41.921], [-87.92119, 41.92101], [-87.92146, 41.92108], [-87.92153, 41.92109], [-87.92159, 41.92109], [-87.92166, 41.92109], [-87.92173, 41.9211], [-87.92208, 41.9211], [-87.92225, 41.92108], [-87.92232, 41.92107], [-87.92242, 41.92107], [-87.92249, 41.92107], [-87.92258, 41.92109], [-87.92294, 41.92108], [-87.92304, 41.92109], [-87.92322, 41.9211], [-87.92366, 41.92112], [-87.92373, 41.92112], [-87.92377, 41.92113], [-87.92394, 41.92111], [-87.92407, 41.92111], [-87.92423, 41.92111], [-87.92435, 41.9211], [-87.92451, 41.92108], [-87.92471, 41.92103], [-87.92474, 41.921], [-87.9248, 41.92096], [-87.92481, 41.92092], [-87.92482, 41.92085], [-87.92484, 41.92073], [-87.92486, 41.92059], [-87.92484, 41.92026], [-87.92479, 41.91986], [-87.92479, 41.91974], [-87.92478, 41.9197], [-87.92476, 41.91965], [-87.92475, 41.91956], [-87.92473, 41.91953], [-87.9247, 41.9195], [-87.92468, 41.91945], [-87.92467, 41.91941], [-87.92467, 41.91939], [-87.92469, 41.91938], [-87.92491, 41.91936], [-87.92493, 41.91936], [-87.9256, 41.91928], [-87.92609, 41.91923], [-87.92626, 41.91921], [-87.92631, 41.9192], [-87.92634, 41.91918], [-87.92643, 41.91908], [-87.92645, 41.91902]]]}}, {"type": "Feature", "properties": {"NAME": null, "MTFCC": "H2030", "AREAWATER": "150325"}, "geometry": {"type": "Polygon", "coordinates": [[[-87.98917, 41.68157], [-87.98919, 41.68152], [-87.98906, 41.68126], [-87.98881, 41.68068], [-87.98869, 41.68024], [-87.98847, 41.68007], [-87.98825, 41.68003], [-87.98812, 41.67997], [-87.98791, 41.67986], [-87.98763, 41.67989], [-87.98754, 41.67993], [-87.98749, 41.67994], [-87.98741, 41.67998], [-87.98725, 41.68004], [-87.98712, 41.68008], [-87.98703, 41.68011], [-87.987, 41.68012], [-87.98692, 41.68015], [-87.98688, 41.68016], [-87.98675, 41.68022], [-87.98667, 41.68027], [-87.98638, 41.68041], [-87.98634, 41.68042], [-87.9863, 41.68044], [-87.9862, 41.68046], [-87.98614, 41.68048], [-87.98608, 41.68049], [-87.98584, 41.68053], [-87.98527, 41.68069], [-87.98513, 41.68072], [-87.9851, 41.68074], [-87.98498, 41.68077], [-87.98474, 41.68083], [-87.9847, 41.68086], [-87.98464, 41.68087], [-87.9844, 41.68094], [-87.98435, 41.68097], [-87.98426, 41.68098], [-87.98421, 41.681], [-87.98414, 41.68103], [-87.98405, 41.68104], [-87.98402, 41.68107], [-87.98395, 41.68108], [-87.98352, 41.6812], [-87.98339, 41.68123], [-87.98328, 41.68127], [-87.98318, 41.68129], [-87.98314, 41.68131], [-87.98291, 41.68141], [-87.98275, 41.68151], [-87.98268, 41.68153], [-87.98266, 41.68155], [-87.98262, 41.68155], [-87.98256, 41.68159], [-87.98233, 41.68169], [-87.98225, 41.6817], [-87.98215, 41.68173], [-87.982, 41.68175], [-87.9819, 41.68178], [-87.98184, 41.68179], [-87.9818, 41.6818], [-87.98175, 41.68182], [-87.98163, 41.6819], [-87.98162, 41.68192], [-87.98159, 41.682], [-87.98158, 41.68203], [-87.98159, 41.68222], [-87.9816, 41.6823], [-87.98163, 41.68248], [-87.9817, 41.68283], [-87.98177, 41.68305], [-87.98182, 41.68332], [-87.98185, 41.68351], [-87.98205, 41.68366], [-87.98209, 41.6837], [-87.98212, 41.68387], [-87.98217, 41.68392], [-87.98226, 41.68396], [-87.98235, 41.68397], [-87.9825, 41.68396], [-87.98263, 41.68392], [-87.98268, 41.68389], [-87.98276, 41.68385], [-87.98279, 41.68384], [-87.98283, 41.68383], [-87.98293, 41.68378], [-87.98296, 41.68376], [-87.98299, 41.68376], [-87.98324, 41.6836], [-87.98338, 41.68357], [-87.9836, 41.68356], [-87.9837, 41.68353], [-87.98405, 41.68336], [-87.98445, 41.68329], [-87.98449, 41.68327], [-87.98465, 41.68314], [-87.98483, 41.68316], [-87.98779, 41.68222], [-87.98838, 41.68202], [-87.98885, 41.68186], [-87.98912, 41.68172], [-87.98917, 41.68157]]]}}, {"type": "Feature", "properties": {"NAME": null, "MTFCC": "H2030", "AREAWATER": "102037"}, "geometry": {"type": "Polygon", "coordinates": [[[-87.97615, 41.68591], [-87.9761, 41.68587], [-87.97596, 41.68576], [-87.97581, 41.6857], [-87.97577, 41.68569], [-87.97566, 41.68563], [-87.97561, 41.68561], [-87.97547, 41.68551], [-87.97536, 41.6854], [-87.97515, 41.68525], [-87.97508, 41.68525], [-87.97498, 41.68528], [-87.9749, 41.68531], [-87.97485, 41.68532], [-87.97481, 41.68534], [-87.9747, 41.68542], [-87.97462, 41.68545], [-87.9745, 41.68553], [-87.97444, 41.68553], [-87.97438, 41.6855], [-87.97438, 41.68546], [-87.97441, 41.68543], [-87.97449, 41.68536], [-87.9745, 41.68533], [-87.9744, 41.68526], [-87.97433, 41.68526], [-87.97426, 41.68522], [-87.97427, 41.68515], [-87.9746, 41.68487], [-87.97473, 41.68477], [-87.97478, 41.68475], [-87.97512, 41.68471], [-87.97519, 41.68466], [-87.9751, 41.68457], [-87.97508, 41.68448], [-87.97512, 41.68437], [-87.97499, 41.68428], [-87.97493, 41.68423], [-87.97468, 41.68419], [-87.97461, 41.68419], [-87.97431, 41.68423], [-87.97424, 41.68424], [-87.9742, 41.68426], [-87.97414, 41.68428], [-87.9741, 41.6843], [-87.97399, 41.68433], [-87.97393, 41.68437], [-87.9736, 41.68452], [-87.97354, 41.68455], [-87.9735, 41.68457], [-87.97339, 41.68458], [-87.97332, 41.68461], [-87.97319, 41.68464], [-87.97315, 41.68466], [-87.97308, 41.68467], [-87.97302, 41.68469], [-87.97297, 41.68473], [-87.97275, 41.68482], [-87.97262, 41.68487], [-87.97258, 41.68488], [-87.97245, 41.68493], [-87.97203, 41.68503], [-87.97195, 41.68506], [-87.97191, 41.68507], [-87.97182, 41.68512], [-87.97177, 41.68512], [-87.97176, 41.68513], [-87.97174, 41.68514], [-87.97167, 41.68517], [-87.97164, 41.68518], [-87.9716, 41.6852], [-87.97145, 41.68524], [-87.9714, 41.68526], [-87.97129, 41.68528], [-87.97125, 41.6853], [-87.97113, 41.68533], [-87.97106, 41.68535], [-87.97102, 41.68537], [-87.97098, 41.68538], [-87.97091, 41.6854], [-87.97088, 41.68542], [-87.97081, 41.68544], [-87.97073, 41.68547], [-87.97069, 41.68549], [-87.97062, 41.6855], [-87.97059, 41.68552], [-87.97022, 41.68562], [-87.97002, 41.68565], [-87.96997, 41.68567], [-87.96994, 41.68567], [-87.96975, 41.68572], [-87.9696, 41.68579], [-87.96926, 41.68603], [-87.96904, 41.68599], [-87.96898, 41.68599], [-87.96884, 41.68602], [-87.96871, 41.68609], [-87.96837, 41.68635], [-87.96832, 41.68638], [-87.96826, 41.68638], [-87.96795, 41.6864], [-87.96791, 41.68641], [-87.96782, 41.68645], [-87.96738, 41.68677], [-87.96768, 41.68677], [-87.96831, 41.68676], [-87.96835, 41.68676], [-87.96869, 41.68674], [-87.96885, 41.68674], [-87.96901, 41.68674], [-87.96917, 41.68674], [-87.96933, 41.68676], [-87.96949, 41.68678], [-87.96964, 41.68681], [-87.9698, 41.68685], [-87.96995, 41.68689], [-87.97009, 41.68694], [-87.97024, 41.68699], [-87.97038, 41.68705], [-87.97053, 41.6871], [-87.97068, 41.68714], [-87.97077, 41.68716], [-87.97083, 41.68718], [-87.97099, 41.6872], [-87.97115, 41.68723], [-87.97121, 41.68723], [-87.97121, 41.68721], [-87.97118, 41.68719], [-87.97117, 41.68718], [-87.97108, 41.68717], [-87.97103, 41.68715], [-87.97099, 41.68713], [-87.97093, 41.68712], [-87.97089, 41.6871], [-87.97082, 41.68705], [-87.97082, 41.68703], [-87.97084, 41.68697], [-87.97086, 41.68696], [-87.97099, 41.68688], [-87.97121, 41.68686], [-87.97148, 41.68689], [-87.97159, 41.6869], [-87.97176, 41.68687], [-87.97178, 41.68686], [-87.97187, 41.6868], [-87.97191, 41.68675], [-87.97194, 41.68668], [-87.97196, 41.68657], [-87.97199, 41.68641], [-87.97201, 41.68635], [-87.97202, 41.6863], [-87.97207, 41.68626], [-87.97217, 41.68619], [-87.97225, 41.68619], [-87.97233, 41.68618], [-87.97244, 41.68627], [-87.97245, 41.68634], [-87.97237, 41.6865], [-87.97236, 41.68654], [-87.97233, 41.68659], [-87.97231, 41.68681], [-87.97235, 41.68689], [-87.97237, 41.68693], [-87.97246, 41.68702], [-87.97251, 41.68706], [-87.97267, 41.68709], [-87.97299, 41.68703], [-87.97315, 41.68696], [-87.97347, 41.68686], [-87.97371, 41.68678], [-87.97391, 41.68668], [-87.97418, 41.68657], [-87.97421, 41.68653], [-87.97419, 41.68649], [-87.97401, 41.68635], [-87.97385, 41.68636], [-87.9738, 41.68633], [-87.97373, 41.6863], [-87.97353, 41.68616], [-87.97351, 41.68614], [-87.97351, 41.6861], [-87.97357, 41.68606], [-87.9736, 41.68606], [-87.9738, 41.68609], [-87.97384, 41.68612], [-87.97391, 41.68613], [-87.97424, 41.68632], [-87.97427, 41.68634], [-87.97437, 41.68638], [-87.97443, 41.6864], [-87.97449, 41.68636], [-87.97452, 41.68633], [-87.97455, 41.68626], [-87.97458, 41.6862], [-87.97472, 41.68607], [-87.97482, 41.68601], [-87.97487, 41.68599], [-87.97494, 41.68597], [-87.97506, 41.68596], [-87.97535, 41.68598], [-87.97541, 41.68601], [-87.97545, 41.68602], [-87.97549, 41.68604], [-87.97566, 41.68609], [-87.97584, 41.68608], [-87.9759, 41.68607], [-87.97601, 41.68602], [-87.97615, 41.68591]]]}}, {"type": "Feature", "properties": {"NAME": "Maple Lk", "MTFCC": "H2030", "AREAWATER": "231012"}, "geometry": {"type": "Polygon", "coordinates": [[[-87.89454, 41.71395], [-87.89453, 41.71364], [-87.89451, 41.71352], [-87.89445, 41.71338], [-87.89443, 41.71331], [-87.89438, 41.71327], [-87.89435, 41.71319], [-87.89433, 41.71316], [-87.89431, 41.71309], [-87.89429, 41.71305], [-87.89429, 41.71298], [-87.89432, 41.71271], [-87.8943, 41.71255], [-87.89425, 41.71229], [-87.8942, 41.71218], [-87.89415, 41.71213], [-87.89407, 41.71207], [-87.89393, 41.71209], [-87.89391, 41.7121], [-87.89386, 41.71212], [-87.89353, 41.71239], [-87.89322, 41.71263], [-87.8932, 41.71264], [-87.89312, 41.71269], [-87.89281, 41.71285], [-87.89275, 41.71286], [-87.89269, 41.7129], [-87.89265, 41.7129], [-87.89247, 41.71299], [-87.89215, 41.71319], [-87.892, 41.71326], [-87.89192, 41.71331], [-87.89187, 41.71332], [-87.89184, 41.71334], [-87.89176, 41.71337], [-87.8917, 41.71341], [-87.89156, 41.71349], [-87.8915, 41.71353], [-87.89144, 41.71356], [-87.89138, 41.71357], [-87.89134, 41.7136], [-87.89128, 41.71361], [-87.89119, 41.7136], [-87.89116, 41.71359], [-87.89105, 41.71357], [-87.89099, 41.71353], [-87.89096, 41.71353], [-87.8909, 41.7135], [-87.89066, 41.71336], [-87.89053, 41.71333], [-87.8902, 41.71334], [-87.89009, 41.71333], [-87.89003, 41.71329], [-87.89005, 41.713], [-87.89008, 41.7128], [-87.89012, 41.71257], [-87.89013, 41.71246], [-87.8901, 41.71224], [-87.89011, 41.71222], [-87.89038, 41.71201], [-87.89036, 41.71198], [-87.89032, 41.71197], [-87.89001, 41.71219], [-87.88974, 41.71222], [-87.88964, 41.71224], [-87.88951, 41.71231], [-87.88935, 41.71239], [-87.8893, 41.71243], [-87.88927, 41.71243], [-87.88922, 41.71246], [-87.88918, 41.71247], [-87.88914, 41.71249], [-87.8891, 41.71251], [-87.88897, 41.71253], [-87.88875, 41.71257], [-87.8887, 41.71261], [-87.88867, 41.71262], [-87.88864, 41.71262], [-87.8886, 41.71264], [-87.88856, 41.71266], [-87.88851, 41.71267], [-87.88839, 41.71273], [-87.88834, 41.71277], [-87.88816, 41.71282], [-87.8881, 41.71282], [-87.88807, 41.71284], [-87.88801, 41.71287], [-87.88747, 41.71324], [-87.88718, 41.71342], [-87.88715, 41.71343], [-87.8871, 41.71347], [-87.88695, 41.71351], [-87.88687, 41.71352], [-87.88679, 41.71357], [-87.88664, 41.71372], [-87.88661, 41.71377], [-87.88659, 41.7138], [-87.88656, 41.71385], [-87.88652, 41.71389], [-87.8864, 41.71417], [-87.88638, 41.71426], [-87.88639, 41.71447], [-87.88642, 41.71449], [-87.88644, 41.71455], [-87.88626, 41.71468], [-87.88614, 41.71475], [-87.88609, 41.71479], [-87.88606, 41.71485], [-87.88605, 41.71499], [-87.88604, 41.71503], [-87.88606, 41.71511], [-87.88609, 41.71519], [-87.88634, 41.7154], [-87.88636, 41.71543], [-87.88642, 41.7157], [-87.88645, 41.71574], [-87.88665, 41.71592], [-87.88685, 41.71605], [-87.887, 41.71613], [-87.88724, 41.71627], [-87.88738, 41.71633], [-87.88753, 41.71642], [-87.88763, 41.71646], [-87.8877, 41.7165], [-87.88782, 41.71653], [-87.88788, 41.71657], [-87.88794, 41.71658], [-87.88798, 41.7166], [-87.88824, 41.71667], [-87.88835, 41.71665], [-87.88842, 41.71662], [-87.8885, 41.71657], [-87.88871, 41.71657], [-87.88893, 41.71662], [-87.889, 41.71663], [-87.88908, 41.71664], [-87.88941, 41.71663], [-87.88948, 41.71662], [-87.88963, 41.71655], [-87.89018, 41.71617], [-87.89028, 41.71612], [-87.89031, 41.71612], [-87.89034, 41.7161], [-87.89039, 41.7161], [-87.89042, 41.71608], [-87.89049, 41.71606], [-87.89056, 41.71602], [-87.89084, 41.7158], [-87.89091, 41.71566], [-87.89093, 41.71546], [-87.891, 41.71542], [-87.89109, 41.71548], [-87.89115, 41.71557], [-87.89118, 41.71562], [-87.89122, 41.7158], [-87.89129, 41.716], [-87.89133, 41.71603], [-87.8914, 41.71607], [-87.89161, 41.71606], [-87.89165, 41.71604], [-87.89178, 41.71601], [-87.89203, 41.7159], [-87.89207, 41.71589], [-87.89214, 41.71585], [-87.89218, 41.71584], [-87.89228, 41.7158], [-87.89238, 41.71577], [-87.89251, 41.71577], [-87.89263, 41.71579], [-87.89267, 41.71581], [-87.89284, 41.71583], [-87.89296, 41.71581], [-87.89302, 41.71578], [-87.89317, 41.71572], [-87.89325, 41.71568], [-87.89334, 41.71563], [-87.89364, 41.7154], [-87.89407, 41.71503], [-87.89409, 41.715], [-87.89414, 41.71496], [-87.89415, 41.71492], [-87.89421, 41.71485], [-87.89424, 41.71479], [-87.89426, 41.71477], [-87.89428, 41.71472], [-87.89431, 41.7147], [-87.89444, 41.71441], [-87.8945, 41.71416], [-87.89453, 41.71403], [-87.89454, 41.71395]]]}}, {"type": "Feature", "properties": {"NAME": null, "MTFCC": "H2030", "AREAWATER": "61887"}, "geometry": {"type": "Polygon", "coordinates": [[[-87.92449, 41.66674], [-87.92448, 41.66666], [-87.92446, 41.66656], [-87.92439, 41.6665], [-87.92426, 41.6664], [-87.92424, 41.6664], [-87.92418, 41.66639], [-87.92406, 41.66639], [-87.92375, 41.66643], [-87.92372, 41.66643], [-87.92358, 41.66645], [-87.92337, 41.6665], [-87.92331, 41.66653], [-87.92325, 41.66654], [-87.92291, 41.66672], [-87.9228, 41.66676], [-87.92277, 41.66678], [-87.92259, 41.66675], [-87.92239, 41.66674], [-87.92231, 41.66676], [-87.92226, 41.66677], [-87.9221, 41.66679], [-87.922, 41.66676], [-87.92183, 41.66667], [-87.9218, 41.66667], [-87.92172, 41.66663], [-87.92163, 41.66661], [-87.92146, 41.6666], [-87.92139, 41.6666], [-87.92121, 41.6666], [-87.921, 41.66661], [-87.92085, 41.66674], [-87.92083, 41.66678], [-87.92074, 41.66685], [-87.92069, 41.66688], [-87.92049, 41.66691], [-87.92044, 41.66693], [-87.9203, 41.66695], [-87.92014, 41.66699], [-87.92006, 41.66702], [-87.91992, 41.66704], [-87.91976, 41.66708], [-87.91967, 41.66709], [-87.91957, 41.66718], [-87.91955, 41.66724], [-87.91954, 41.66755], [-87.91946, 41.6677], [-87.91944, 41.66772], [-87.91937, 41.6679], [-87.91935, 41.66808], [-87.91942, 41.66821], [-87.91951, 41.66834], [-87.91954, 41.66837], [-87.91957, 41.66847], [-87.91962, 41.66869], [-87.91965, 41.66873], [-87.91977, 41.6688], [-87.92002, 41.66883], [-87.92005, 41.66884], [-87.92013, 41.6689], [-87.92021, 41.66898], [-87.92024, 41.66901], [-87.9203, 41.66906], [-87.92038, 41.66911], [-87.92046, 41.66912], [-87.92056, 41.66913], [-87.92066, 41.66911], [-87.92078, 41.66902], [-87.92086, 41.66895], [-87.92087, 41.6689], [-87.9209, 41.66888], [-87.92106, 41.6687], [-87.92121, 41.66856], [-87.92139, 41.66835], [-87.92168, 41.66807], [-87.92191, 41.66792], [-87.92194, 41.66792], [-87.92198, 41.66791], [-87.92205, 41.66787], [-87.92209, 41.66782], [-87.92226, 41.66744], [-87.92231, 41.66738], [-87.92238, 41.66731], [-87.92246, 41.66727], [-87.92251, 41.66726], [-87.92277, 41.66722], [-87.92296, 41.66722], [-87.92314, 41.66723], [-87.9232, 41.66726], [-87.92324, 41.66726], [-87.92335, 41.66733], [-87.92343, 41.66739], [-87.92349, 41.66746], [-87.92352, 41.66754], [-87.92356, 41.66769], [-87.92364, 41.66775], [-87.92375, 41.66776], [-87.92387, 41.66774], [-87.92409, 41.66768], [-87.92412, 41.66767], [-87.92426, 41.66758], [-87.92424, 41.66747], [-87.92423, 41.66744], [-87.9242, 41.66742], [-87.92419, 41.66738], [-87.92421, 41.66721], [-87.92431, 41.66713], [-87.92439, 41.66704], [-87.9244, 41.667], [-87.92443, 41.66696], [-87.92446, 41.66689], [-87.92449, 41.66674]]]}}, {"type": "Feature", "properties": {"NAME": null, "MTFCC": "H2030", "AREAWATER": "81136"}, "geometry": {"type": "Polygon", "coordinates": [[[-87.90285, 41.67207], [-87.90282, 41.67189], [-87.90267, 41.67156], [-87.90253, 41.67137], [-87.9025, 41.67133], [-87.90247, 41.67125], [-87.90246, 41.67123], [-87.90244, 41.67122], [-87.90243, 41.67119], [-87.90236, 41.67108], [-87.90233, 41.67105], [-87.90231, 41.67098], [-87.90224, 41.67085], [-87.90218, 41.6708], [-87.90216, 41.67072], [-87.90204, 41.67046], [-87.90202, 41.67044], [-87.90197, 41.67026], [-87.90186, 41.67015], [-87.90162, 41.66997], [-87.90157, 41.66995], [-87.90144, 41.66989], [-87.90105, 41.66961], [-87.90103, 41.6696], [-87.90093, 41.66958], [-87.90073, 41.66959], [-87.90061, 41.66962], [-87.90054, 41.66963], [-87.90026, 41.66982], [-87.90018, 41.66985], [-87.90006, 41.66994], [-87.89996, 41.67004], [-87.89977, 41.67021], [-87.89972, 41.67025], [-87.89962, 41.67038], [-87.8996, 41.67045], [-87.89955, 41.67055], [-87.89953, 41.67065], [-87.89951, 41.67069], [-87.89952, 41.67114], [-87.89953, 41.67117], [-87.89953, 41.67142], [-87.8995, 41.6715], [-87.89941, 41.67157], [-87.89921, 41.67156], [-87.89908, 41.67159], [-87.89898, 41.67165], [-87.89892, 41.67172], [-87.89888, 41.67175], [-87.89884, 41.67185], [-87.89882, 41.67204], [-87.89885, 41.67208], [-87.89895, 41.6722], [-87.89898, 41.67222], [-87.89898, 41.67224], [-87.899, 41.67228], [-87.89901, 41.67232], [-87.89914, 41.67239], [-87.8993, 41.67242], [-87.89956, 41.67244], [-87.89967, 41.67247], [-87.89983, 41.67257], [-87.89989, 41.67257], [-87.90006, 41.67256], [-87.90032, 41.67253], [-87.90049, 41.67254], [-87.90052, 41.67255], [-87.90066, 41.67265], [-87.90076, 41.67276], [-87.90087, 41.67282], [-87.901, 41.67284], [-87.90102, 41.67286], [-87.9011, 41.67286], [-87.90122, 41.6729], [-87.90173, 41.67291], [-87.90197, 41.67288], [-87.90205, 41.67287], [-87.90218, 41.67285], [-87.90231, 41.6728], [-87.90237, 41.67277], [-87.90243, 41.67274], [-87.90266, 41.67257], [-87.90271, 41.67252], [-87.90272, 41.67247], [-87.90275, 41.67245], [-87.90278, 41.67235], [-87.9028, 41.67229], [-87.90285, 41.67207]]]}}, {"type": "Feature", "properties": {"NAME": null, "MTFCC": "H2030", "AREAWATER": "58150"}, "geometry": {"type": "Polygon", "coordinates": [[[-87.85189, 41.70909], [-87.85191, 41.70899], [-87.8518, 41.70891], [-87.8517, 41.70893], [-87.85155, 41.70896], [-87.85125, 41.70911], [-87.85112, 41.70919], [-87.85079, 41.70936], [-87.85074, 41.70937], [-87.85068, 41.70941], [-87.85065, 41.70941], [-87.8506, 41.70944], [-87.85041, 41.70948], [-87.8499, 41.70953], [-87.84981, 41.70954], [-87.84952, 41.70959], [-87.8495, 41.70961], [-87.84937, 41.70964], [-87.84934, 41.70966], [-87.84924, 41.70968], [-87.84919, 41.70971], [-87.84913, 41.70972], [-87.84907, 41.70974], [-87.849, 41.70977], [-87.84895, 41.70979], [-87.84884, 41.70984], [-87.84879, 41.70985], [-87.84864, 41.70995], [-87.8486, 41.70997], [-87.84854, 41.71003], [-87.84853, 41.71006], [-87.84849, 41.71011], [-87.84847, 41.71015], [-87.84845, 41.71018], [-87.84842, 41.71025], [-87.84834, 41.71032], [-87.84824, 41.7104], [-87.84818, 41.71041], [-87.84805, 41.71039], [-87.84802, 41.71037], [-87.84792, 41.71034], [-87.84779, 41.71031], [-87.84775, 41.71029], [-87.8477, 41.71028], [-87.84768, 41.71026], [-87.84746, 41.71019], [-87.84742, 41.71017], [-87.8473, 41.71013], [-87.84726, 41.71011], [-87.8472, 41.71009], [-87.84714, 41.71006], [-87.84701, 41.71003], [-87.84695, 41.71], [-87.84686, 41.70998], [-87.84682, 41.70998], [-87.84676, 41.71003], [-87.84674, 41.71008], [-87.84676, 41.71049], [-87.84678, 41.71057], [-87.84686, 41.71062], [-87.84693, 41.71062], [-87.84698, 41.7106], [-87.84705, 41.71058], [-87.84716, 41.71057], [-87.8472, 41.71055], [-87.84736, 41.71052], [-87.84748, 41.71055], [-87.84771, 41.71071], [-87.84775, 41.71073], [-87.84784, 41.71077], [-87.84787, 41.71078], [-87.84792, 41.7108], [-87.848, 41.71082], [-87.84815, 41.71085], [-87.84826, 41.71087], [-87.84829, 41.71088], [-87.84849, 41.71103], [-87.84851, 41.71106], [-87.84849, 41.71122], [-87.84868, 41.71135], [-87.84872, 41.71137], [-87.84885, 41.71143], [-87.84891, 41.71146], [-87.84913, 41.71152], [-87.84925, 41.71161], [-87.8493, 41.71165], [-87.84932, 41.71171], [-87.84939, 41.71177], [-87.84957, 41.71177], [-87.84969, 41.71174], [-87.84984, 41.71165], [-87.85032, 41.71135], [-87.85036, 41.71134], [-87.85058, 41.71123], [-87.85062, 41.71121], [-87.85068, 41.71119], [-87.85072, 41.71117], [-87.8508, 41.71114], [-87.85088, 41.7111], [-87.85094, 41.71109], [-87.851, 41.71105], [-87.85119, 41.71091], [-87.85125, 41.71085], [-87.85126, 41.71081], [-87.85128, 41.71079], [-87.85128, 41.71056], [-87.85123, 41.7105], [-87.85097, 41.71031], [-87.85087, 41.71026], [-87.85075, 41.71017], [-87.85074, 41.7101], [-87.85072, 41.71], [-87.85073, 41.70994], [-87.85074, 41.70987], [-87.85083, 41.7098], [-87.85093, 41.70979], [-87.85108, 41.7099], [-87.85117, 41.71004], [-87.85118, 41.71007], [-87.85121, 41.71011], [-87.85122, 41.71015], [-87.85131, 41.71021], [-87.85141, 41.71023], [-87.85144, 41.71023], [-87.85161, 41.7101], [-87.85169, 41.70984], [-87.85181, 41.70972], [-87.85181, 41.7097], [-87.85167, 41.70959], [-87.85165, 41.70952], [-87.85167, 41.70943], [-87.85172, 41.70932], [-87.85179, 41.70925], [-87.8518, 41.70922], [-87.85186, 41.70915], [-87.85187, 41.70912], [-87.85189, 41.70909]]]}}, {"type": "Feature", "properties": {"NAME": null, "MTFCC": "H2030", "AREAWATER": "79037"}, "geometry": {"type": "Polygon", "coordinates": [[[-87.93279, 41.69284], [-87.93277, 41.69265], [-87.93266, 41.69243], [-87.93262, 41.69239], [-87.9326, 41.69215], [-87.93258, 41.69213], [-87.93257, 41.69209], [-87.93253, 41.69205], [-87.9324, 41.69191], [-87.93226, 41.69177], [-87.93205, 41.69157], [-87.93165, 41.69117], [-87.9315, 41.69106], [-87.9313, 41.6911], [-87.93116, 41.69108], [-87.9311, 41.69106], [-87.93104, 41.69103], [-87.93101, 41.69102], [-87.93088, 41.69095], [-87.93067, 41.6908], [-87.93054, 41.69082], [-87.93049, 41.69084], [-87.93035, 41.69086], [-87.93027, 41.69092], [-87.93008, 41.69107], [-87.93002, 41.6911], [-87.92994, 41.69113], [-87.9299, 41.69115], [-87.92976, 41.69118], [-87.92968, 41.69118], [-87.92957, 41.69116], [-87.92941, 41.69108], [-87.92923, 41.69097], [-87.92919, 41.69096], [-87.92913, 41.69096], [-87.92875, 41.69123], [-87.92869, 41.69121], [-87.92863, 41.6912], [-87.92849, 41.69127], [-87.92843, 41.69134], [-87.92833, 41.69142], [-87.9283, 41.69153], [-87.92832, 41.69174], [-87.9284, 41.69188], [-87.92844, 41.69192], [-87.92847, 41.69197], [-87.9285, 41.692], [-87.92856, 41.6921], [-87.92857, 41.69213], [-87.92873, 41.69224], [-87.92878, 41.69227], [-87.92886, 41.69226], [-87.92892, 41.69223], [-87.92902, 41.69221], [-87.92905, 41.69219], [-87.92912, 41.69217], [-87.92922, 41.69217], [-87.92943, 41.69232], [-87.92956, 41.69245], [-87.9297, 41.6926], [-87.92972, 41.69264], [-87.92993, 41.6928], [-87.93025, 41.69306], [-87.93026, 41.69308], [-87.9303, 41.69316], [-87.93031, 41.69324], [-87.93028, 41.69341], [-87.93023, 41.69349], [-87.93021, 41.69381], [-87.93016, 41.69393], [-87.93012, 41.69398], [-87.93011, 41.694], [-87.93003, 41.69409], [-87.93002, 41.69414], [-87.93001, 41.69418], [-87.9301, 41.69423], [-87.93019, 41.69425], [-87.93022, 41.69427], [-87.93028, 41.69428], [-87.93032, 41.69428], [-87.93038, 41.69426], [-87.93047, 41.69421], [-87.93067, 41.69419], [-87.93072, 41.69415], [-87.9307, 41.69409], [-87.9307, 41.69406], [-87.93072, 41.69397], [-87.93077, 41.69394], [-87.93087, 41.69394], [-87.93104, 41.69397], [-87.93114, 41.69398], [-87.93117, 41.69397], [-87.93123, 41.69392], [-87.93127, 41.69389], [-87.93125, 41.69375], [-87.9313, 41.69372], [-87.93143, 41.69373], [-87.93146, 41.69375], [-87.93154, 41.69377], [-87.93173, 41.69386], [-87.93178, 41.69387], [-87.93183, 41.69383], [-87.93181, 41.69358], [-87.93187, 41.69351], [-87.93204, 41.69338], [-87.93217, 41.69336], [-87.93233, 41.69334], [-87.93238, 41.69331], [-87.93241, 41.69331], [-87.93245, 41.69329], [-87.93252, 41.69327], [-87.93267, 41.69317], [-87.93271, 41.69312], [-87.93273, 41.69304], [-87.93274, 41.69302], [-87.93279, 41.69284]]]}}, {"type": "Feature", "properties": {"NAME": "Chicago River South Br", "MTFCC": "H3010", "AREAWATER": "628100"}, "geometry": {"type": "Polygon", "coordinates": [[[-87.67555, 41.84196], [-87.67554, 41.84193], [-87.67552, 41.84182], [-87.67552, 41.84178], [-87.6755, 41.84168], [-87.67549, 41.84158], [-87.67547, 41.84142], [-87.67546, 41.84137], [-87.67544, 41.84126], [-87.67536, 41.84125], [-87.67529, 41.8412], [-87.67497, 41.84113], [-87.67486, 41.84083], [-87.67471, 41.84074], [-87.6747, 41.84073], [-87.67455, 41.84069], [-87.6744, 41.84072], [-87.67366, 41.84163], [-87.67284, 41.84253], [-87.67279, 41.8426], [-87.67263, 41.84266], [-87.67217, 41.84282], [-87.67207, 41.84278], [-87.67188, 41.84263], [-87.67188, 41.84248], [-87.67186, 41.84066], [-87.67178, 41.84066], [-87.67158, 41.84069], [-87.6714, 41.84079], [-87.67136, 41.84088], [-87.67141, 41.84319], [-87.66884, 41.84401], [-87.66792, 41.84433], [-87.66746, 41.84449], [-87.66709, 41.84458], [-87.66646, 41.84461], [-87.6662, 41.84459], [-87.66616, 41.84456], [-87.66592, 41.84455], [-87.66587, 41.84455], [-87.66582, 41.84452], [-87.6658, 41.84451], [-87.66578, 41.8445], [-87.66573, 41.84447], [-87.66571, 41.84446], [-87.66556, 41.84443], [-87.66552, 41.8432], [-87.66548, 41.84312], [-87.66539, 41.84309], [-87.665, 41.84296], [-87.66477, 41.84289], [-87.66466, 41.84285], [-87.66462, 41.84283], [-87.66459, 41.84281], [-87.66459, 41.84275], [-87.66465, 41.84268], [-87.66511, 41.84208], [-87.66532, 41.84179], [-87.66542, 41.84166], [-87.6654, 41.84157], [-87.66538, 41.84154], [-87.66528, 41.84151], [-87.66515, 41.84134], [-87.66476, 41.84062], [-87.66479, 41.84023], [-87.6648, 41.83963], [-87.66474, 41.83942], [-87.66465, 41.83921], [-87.6646, 41.83913], [-87.66454, 41.83904], [-87.66448, 41.83895], [-87.66424, 41.8386], [-87.66407, 41.83835], [-87.66382, 41.83807], [-87.66367, 41.83789], [-87.66358, 41.83759], [-87.66344, 41.83714], [-87.66332, 41.83692], [-87.66319, 41.83673], [-87.66305, 41.83661], [-87.66292, 41.83635], [-87.66278, 41.83613], [-87.66249, 41.83593], [-87.6623, 41.83587], [-87.6622, 41.83568], [-87.66196, 41.83543], [-87.661, 41.83453], [-87.66074, 41.83437], [-87.66041, 41.8341], [-87.66018, 41.83387], [-87.65989, 41.83352], [-87.65808, 41.83169], [-87.65778, 41.83136], [-87.65759, 41.83108], [-87.65755, 41.83086], [-87.65753, 41.8306], [-87.65759, 41.83039], [-87.65775, 41.82976], [-87.6579, 41.8287], [-87.65787, 41.82817], [-87.65777, 41.82755], [-87.65768, 41.82695], [-87.65767, 41.82686], [-87.65765, 41.82669], [-87.65767, 41.82633], [-87.65773, 41.8262], [-87.65781, 41.82617], [-87.65804, 41.82609], [-87.65812, 41.82606], [-87.65815, 41.82605], [-87.65823, 41.82603], [-87.65826, 41.82602], [-87.65829, 41.82601], [-87.65838, 41.82599], [-87.65841, 41.82598], [-87.65847, 41.82596], [-87.65852, 41.8259], [-87.65854, 41.82583], [-87.65856, 41.82578], [-87.65855, 41.82572], [-87.65854, 41.82567], [-87.65847, 41.82555], [-87.65845, 41.82551], [-87.65837, 41.82548], [-87.65809, 41.82554], [-87.65796, 41.82558], [-87.65792, 41.82558], [-87.65778, 41.82561], [-87.65774, 41.82561], [-87.65766, 41.82562], [-87.65744, 41.82489], [-87.65735, 41.82492], [-87.65748, 41.8255], [-87.65747, 41.82557], [-87.65745, 41.82564], [-87.65742, 41.82566], [-87.6573, 41.82576], [-87.65722, 41.82592], [-87.65716, 41.82605], [-87.65712, 41.82617], [-87.65712, 41.82638], [-87.6572, 41.82659], [-87.65724, 41.8268], [-87.65727, 41.82691], [-87.65734, 41.82733], [-87.65738, 41.82799], [-87.65738, 41.82869], [-87.65732, 41.8292], [-87.65719, 41.83014], [-87.65714, 41.8304], [-87.65712, 41.8306], [-87.65715, 41.83114], [-87.65727, 41.83133], [-87.65739, 41.83158], [-87.65832, 41.83252], [-87.6599, 41.83423], [-87.66052, 41.83482], [-87.66062, 41.83485], [-87.6609, 41.83485], [-87.66123, 41.83506], [-87.66172, 41.83564], [-87.66182, 41.83576], [-87.66197, 41.83593], [-87.6622, 41.8361], [-87.66236, 41.83625], [-87.66275, 41.83676], [-87.6629, 41.83699], [-87.66306, 41.83761], [-87.66312, 41.8378], [-87.66314, 41.83784], [-87.66322, 41.83797], [-87.66381, 41.83883], [-87.66403, 41.83921], [-87.66408, 41.8393], [-87.66413, 41.83939], [-87.66423, 41.83957], [-87.66431, 41.83971], [-87.66432, 41.83984], [-87.6643, 41.84065], [-87.66436, 41.84081], [-87.66446, 41.84093], [-87.66463, 41.8411], [-87.66475, 41.84142], [-87.66473, 41.84161], [-87.66464, 41.8418], [-87.66445, 41.84211], [-87.66421, 41.84239], [-87.66405, 41.84266], [-87.66386, 41.84307], [-87.66377, 41.84326], [-87.66365, 41.84353], [-87.6636, 41.84364], [-87.6635, 41.84396], [-87.66335, 41.84407], [-87.66294, 41.84432], [-87.66269, 41.84447], [-87.66195, 41.84483], [-87.6613, 41.84518], [-87.66119, 41.84522], [-87.66116, 41.84523], [-87.66099, 41.8454], [-87.66089, 41.84547], [-87.66067, 41.84552], [-87.66064, 41.84554], [-87.6604, 41.8457], [-87.66028, 41.84582], [-87.66008, 41.84594], [-87.65996, 41.84601], [-87.65939, 41.84637], [-87.65921, 41.84655], [-87.6587, 41.84701], [-87.65841, 41.84717], [-87.6578, 41.84751], [-87.65697, 41.84775], [-87.65678, 41.84783], [-87.65636, 41.84791], [-87.65632, 41.84792], [-87.65612, 41.84793], [-87.65515, 41.84788], [-87.65323, 41.84761], [-87.65314, 41.84761], [-87.65188, 41.8478], [-87.65092, 41.84795], [-87.65039, 41.84802], [-87.65016, 41.84805], [-87.64957, 41.84802], [-87.64947, 41.84802], [-87.649, 41.84816], [-87.64721, 41.84873], [-87.64679, 41.84886], [-87.64673, 41.84898], [-87.64649, 41.84899], [-87.64629, 41.84898], [-87.64629, 41.84908], [-87.64445, 41.84921], [-87.6443, 41.84922], [-87.64402, 41.84923], [-87.64383, 41.84925], [-87.64359, 41.84927], [-87.6431, 41.84948], [-87.64257, 41.8498], [-87.64226, 41.84996], [-87.64181, 41.85038], [-87.64155, 41.85066], [-87.64028, 41.85251], [-87.64012, 41.85273], [-87.63956, 41.85353], [-87.63912, 41.85405], [-87.63889, 41.85429], [-87.63864, 41.85443], [-87.63837, 41.85459], [-87.63795, 41.85477], [-87.63795, 41.85484], [-87.63721, 41.85506], [-87.63691, 41.85526], [-87.63684, 41.85531], [-87.63584, 41.85618], [-87.63539, 41.85661], [-87.6351, 41.85695], [-87.63486, 41.85735], [-87.63487, 41.85768], [-87.63486, 41.85776], [-87.63425, 41.85884], [-87.63396, 41.85896], [-87.63395, 41.8591], [-87.63411, 41.85928], [-87.63409, 41.85954], [-87.634, 41.85978], [-87.63404, 41.85998], [-87.63409, 41.86041], [-87.6341, 41.86067], [-87.63411, 41.8609], [-87.63413, 41.86193], [-87.63417, 41.86265], [-87.6342, 41.86309], [-87.6342, 41.86333], [-87.63423, 41.86452], [-87.63425, 41.86493], [-87.63424, 41.86514], [-87.6342, 41.86534], [-87.63415, 41.86549], [-87.63414, 41.86567], [-87.63414, 41.86588], [-87.63418, 41.86608], [-87.63423, 41.86626], [-87.63424, 41.86646], [-87.63426, 41.86661], [-87.63427, 41.86675], [-87.6343, 41.86686], [-87.63435, 41.86711], [-87.63436, 41.86727], [-87.63438, 41.86737], [-87.63447, 41.86826], [-87.63454, 41.8689], [-87.63457, 41.86922], [-87.63456, 41.86965], [-87.63454, 41.8698], [-87.63462, 41.86992], [-87.63467, 41.87004], [-87.63473, 41.87017], [-87.63478, 41.87034], [-87.63482, 41.87055], [-87.63486, 41.87065], [-87.63491, 41.87074], [-87.63496, 41.87085], [-87.63498, 41.87099], [-87.63499, 41.87109], [-87.63496, 41.87122], [-87.63488, 41.87136], [-87.63473, 41.87149], [-87.63458, 41.87156], [-87.63461, 41.87197], [-87.63509, 41.87196], [-87.6351, 41.87203], [-87.63525, 41.87283], [-87.63557, 41.87445], [-87.63562, 41.87469], [-87.63586, 41.8751], [-87.63598, 41.87527], [-87.63626, 41.87557], [-87.63633, 41.87563], [-87.63639, 41.8757], [-87.63652, 41.87584], [-87.63705, 41.87661], [-87.63712, 41.87672], [-87.63714, 41.8768], [-87.63716, 41.87707], [-87.63719, 41.87747], [-87.63723, 41.87767], [-87.63731, 41.87789], [-87.63737, 41.87805], [-87.63738, 41.87807], [-87.63758, 41.87863], [-87.6377, 41.87907], [-87.63775, 41.87934], [-87.6378, 41.87957], [-87.63788, 41.88028], [-87.63789, 41.88061], [-87.6379, 41.88086], [-87.6379, 41.8819], [-87.63781, 41.88265], [-87.63772, 41.88314], [-87.63771, 41.8832], [-87.63758, 41.884], [-87.63748, 41.88446], [-87.63741, 41.88478], [-87.6373, 41.88535], [-87.63726, 41.88558], [-87.63721, 41.88572], [-87.63716, 41.88591], [-87.63697, 41.88611], [-87.636, 41.88686], [-87.6358, 41.88699], [-87.63552, 41.88706], [-87.6356, 41.88715], [-87.63571, 41.88727], [-87.63578, 41.88734], [-87.63581, 41.88738], [-87.63583, 41.8874], [-87.63591, 41.88749], [-87.63614, 41.88775], [-87.63662, 41.88748], [-87.63732, 41.8871], [-87.63756, 41.88701], [-87.63768, 41.88646], [-87.63819, 41.88572], [-87.63816, 41.88545], [-87.63817, 41.88499], [-87.63821, 41.88445], [-87.63828, 41.88415], [-87.63842, 41.88342], [-87.63849, 41.88332], [-87.63848, 41.88319], [-87.63855, 41.88233], [-87.63857, 41.88189], [-87.63856, 41.88174], [-87.63855, 41.8806], [-87.63854, 41.88026], [-87.63855, 41.88015], [-87.63835, 41.88014], [-87.63834, 41.87994], [-87.63854, 41.87993], [-87.63846, 41.87933], [-87.63844, 41.87922], [-87.63834, 41.8788], [-87.6383, 41.87866], [-87.63817, 41.87822], [-87.63814, 41.87806], [-87.63811, 41.87775], [-87.63803, 41.87734], [-87.63794, 41.87735], [-87.63783, 41.87702], [-87.63799, 41.87697], [-87.63792, 41.87679], [-87.63744, 41.87587], [-87.63727, 41.87569], [-87.63721, 41.87562], [-87.63715, 41.87556], [-87.63699, 41.87538], [-87.6368, 41.87519], [-87.63659, 41.87495], [-87.63642, 41.87461], [-87.63637, 41.87444], [-87.63626, 41.87396], [-87.63605, 41.87303], [-87.63582, 41.87204], [-87.63578, 41.87184], [-87.63548, 41.86991], [-87.63545, 41.8699], [-87.6351, 41.86736], [-87.6351, 41.86726], [-87.63496, 41.86289], [-87.63491, 41.86111], [-87.63491, 41.86088], [-87.6349, 41.86055], [-87.63488, 41.85996], [-87.63486, 41.85932], [-87.63542, 41.85868], [-87.63561, 41.85785], [-87.63561, 41.85776], [-87.63562, 41.85769], [-87.63563, 41.85739], [-87.63598, 41.85678], [-87.63612, 41.85667], [-87.63651, 41.85639], [-87.63687, 41.85608], [-87.63686, 41.85595], [-87.63692, 41.85593], [-87.63763, 41.85558], [-87.63767, 41.85565], [-87.63815, 41.85538], [-87.63813, 41.85533], [-87.63876, 41.85502], [-87.63909, 41.85485], [-87.63942, 41.85466], [-87.63979, 41.85428], [-87.64082, 41.85281], [-87.64073, 41.85281], [-87.6408, 41.85271], [-87.64156, 41.85172], [-87.64233, 41.85073], [-87.6428, 41.85029], [-87.64286, 41.85024], [-87.64343, 41.84998], [-87.64396, 41.84976], [-87.64415, 41.84976], [-87.64434, 41.84976], [-87.64441, 41.84976], [-87.6446, 41.84975], [-87.64476, 41.84975], [-87.64524, 41.84974], [-87.64541, 41.84976], [-87.64555, 41.84975], [-87.64569, 41.8497], [-87.64584, 41.84965], [-87.64611, 41.84961], [-87.64648, 41.84957], [-87.64869, 41.8489], [-87.64915, 41.84875], [-87.64932, 41.8487], [-87.64969, 41.84864], [-87.64989, 41.84861], [-87.65036, 41.84853], [-87.65066, 41.84852], [-87.65153, 41.84849], [-87.65156, 41.84849], [-87.65176, 41.84866], [-87.6519, 41.84862], [-87.6523, 41.84849], [-87.65243, 41.84845], [-87.6524, 41.84826], [-87.65268, 41.84823], [-87.65301, 41.84816], [-87.65303, 41.84816], [-87.65351, 41.84816], [-87.65423, 41.84823], [-87.65454, 41.84827], [-87.655, 41.84826], [-87.65517, 41.84831], [-87.65537, 41.84846], [-87.65539, 41.84847], [-87.65558, 41.8485], [-87.65617, 41.84854], [-87.65634, 41.84855], [-87.65669, 41.84856], [-87.65672, 41.84856], [-87.65683, 41.84861], [-87.65693, 41.84872], [-87.65713, 41.84881], [-87.65723, 41.84877], [-87.65726, 41.84872], [-87.65725, 41.84865], [-87.65719, 41.84854], [-87.65719, 41.84842], [-87.65732, 41.84834], [-87.65765, 41.84821], [-87.6577, 41.84818], [-87.65816, 41.84795], [-87.65828, 41.84789], [-87.65837, 41.84783], [-87.65896, 41.84745], [-87.65916, 41.84733], [-87.65958, 41.84775], [-87.65959, 41.8483], [-87.65963, 41.84971], [-87.65983, 41.8497], [-87.66004, 41.8497], [-87.65997, 41.84807], [-87.65992, 41.84693], [-87.65991, 41.84677], [-87.65999, 41.8467], [-87.66055, 41.84625], [-87.66064, 41.8462], [-87.66087, 41.84607], [-87.66111, 41.84592], [-87.6616, 41.84564], [-87.66183, 41.84553], [-87.66186, 41.84553], [-87.66194, 41.84552], [-87.66202, 41.84557], [-87.66207, 41.84566], [-87.66214, 41.84562], [-87.66236, 41.84551], [-87.66243, 41.84547], [-87.66243, 41.84543], [-87.66246, 41.8453], [-87.6625, 41.84526], [-87.66256, 41.84517], [-87.66308, 41.8449], [-87.66309, 41.8449], [-87.66333, 41.84486], [-87.66352, 41.84483], [-87.66357, 41.84483], [-87.66378, 41.84483], [-87.66398, 41.84487], [-87.6642, 41.845], [-87.66425, 41.84507], [-87.66431, 41.84515], [-87.66437, 41.84529], [-87.66444, 41.84528], [-87.66463, 41.84525], [-87.66469, 41.84524], [-87.66469, 41.84519], [-87.66475, 41.84504], [-87.6648, 41.84503], [-87.66488, 41.84501], [-87.66526, 41.84506], [-87.66561, 41.84509], [-87.66582, 41.84511], [-87.66588, 41.84511], [-87.66594, 41.84512], [-87.66611, 41.84513], [-87.66635, 41.84512], [-87.66693, 41.84511], [-87.66746, 41.84506], [-87.66771, 41.84502], [-87.66775, 41.84501], [-87.6682, 41.84488], [-87.6687, 41.84472], [-87.67003, 41.84431], [-87.67022, 41.84423], [-87.67072, 41.84404], [-87.67129, 41.84382], [-87.673, 41.84316], [-87.67357, 41.84294], [-87.67398, 41.84278], [-87.67425, 41.84268], [-87.67465, 41.84248], [-87.67471, 41.84243], [-87.67485, 41.84235], [-87.67506, 41.84228], [-87.67517, 41.8422], [-87.6755, 41.84197], [-87.67555, 41.84196]]]}}, {"type": "Feature", "properties": {"NAME": "Axehead Lk", "MTFCC": "H2030", "AREAWATER": "66372"}, "geometry": {"type": "Polygon", "coordinates": [[[-87.86732, 42.00861], [-87.86735, 42.00809], [-87.86718, 42.00773], [-87.86711, 42.00764], [-87.86695, 42.00736], [-87.8669, 42.00731], [-87.86676, 42.00689], [-87.86662, 42.00672], [-87.8665, 42.00663], [-87.86628, 42.00654], [-87.86626, 42.00654], [-87.86625, 42.00654], [-87.86614, 42.00649], [-87.86583, 42.00644], [-87.86569, 42.00645], [-87.86558, 42.00648], [-87.86551, 42.00654], [-87.86539, 42.00673], [-87.86534, 42.00687], [-87.86526, 42.00728], [-87.86525, 42.00764], [-87.86517, 42.00773], [-87.86517, 42.00775], [-87.86508, 42.00781], [-87.86487, 42.00787], [-87.86484, 42.00789], [-87.86465, 42.00792], [-87.86439, 42.00792], [-87.86421, 42.00795], [-87.86393, 42.00809], [-87.86391, 42.00813], [-87.86378, 42.0082], [-87.86367, 42.0083], [-87.86361, 42.00842], [-87.86358, 42.00862], [-87.86368, 42.00888], [-87.8637, 42.00891], [-87.86379, 42.00901], [-87.864, 42.00913], [-87.86412, 42.00927], [-87.86467, 42.00948], [-87.86509, 42.00954], [-87.86545, 42.00953], [-87.86575, 42.00945], [-87.86624, 42.0093], [-87.86664, 42.00921], [-87.86689, 42.00905], [-87.86695, 42.00904], [-87.86698, 42.009], [-87.86701, 42.009], [-87.86718, 42.00886], [-87.86732, 42.00861]]]}}, {"type": "Feature", "properties": {"NAME": "Belmont Hbr", "MTFCC": "H2030", "AREAWATER": "199219"}, "geometry": {"type": "Polygon", "coordinates": [[[-87.64149, 41.94722], [-87.64162, 41.94718], [-87.64119, 41.94688], [-87.64113, 41.94682], [-87.64108, 41.94681], [-87.64102, 41.94675], [-87.64096, 41.94673], [-87.64072, 41.94653], [-87.64041, 41.94622], [-87.64016, 41.94598], [-87.64007, 41.94583], [-87.64008, 41.94567], [-87.64022, 41.94539], [-87.64034, 41.94519], [-87.64037, 41.94501], [-87.64034, 41.9447], [-87.64017, 41.94445], [-87.63999, 41.94423], [-87.63953, 41.94359], [-87.63914, 41.94339], [-87.63892, 41.94321], [-87.63873, 41.94272], [-87.63853, 41.94195], [-87.63847, 41.94164], [-87.6384, 41.94137], [-87.63824, 41.94109], [-87.63812, 41.94093], [-87.63804, 41.94083], [-87.63768, 41.9406], [-87.6374, 41.94032], [-87.63709, 41.94002], [-87.63682, 41.9397], [-87.63659, 41.93956], [-87.63643, 41.93953], [-87.63623, 41.93961], [-87.63613, 41.93964], [-87.63575, 41.9397], [-87.63546, 41.93984], [-87.63519, 41.94001], [-87.63499, 41.94026], [-87.6349, 41.94047], [-87.63479, 41.94094], [-87.63476, 41.94135], [-87.63469, 41.94145], [-87.63456, 41.94155], [-87.6344, 41.94156], [-87.63402, 41.94248], [-87.63414, 41.94276], [-87.63429, 41.94292], [-87.63453, 41.94308], [-87.63478, 41.94315], [-87.6349, 41.94314], [-87.63535, 41.9429], [-87.63559, 41.94289], [-87.63563, 41.94289], [-87.63583, 41.94291], [-87.63601, 41.94299], [-87.63623, 41.94316], [-87.63642, 41.94344], [-87.63656, 41.94373], [-87.63689, 41.94425], [-87.63699, 41.94444], [-87.63701, 41.94472], [-87.63696, 41.945], [-87.63708, 41.94514], [-87.63713, 41.94522], [-87.63723, 41.94548], [-87.63741, 41.94569], [-87.63767, 41.94584], [-87.63864, 41.94611], [-87.63889, 41.94621], [-87.63968, 41.9463], [-87.63975, 41.9463], [-87.63999, 41.94636], [-87.64034, 41.94648], [-87.64038, 41.94652], [-87.64033, 41.9466], [-87.64027, 41.94667], [-87.64028, 41.9467], [-87.64053, 41.9468], [-87.64064, 41.94695], [-87.64078, 41.94719], [-87.64091, 41.9473], [-87.64099, 41.94737], [-87.64111, 41.94733], [-87.64149, 41.94722]]]}}, {"type": "Feature", "properties": {"NAME": "Papoose Lk", "MTFCC": "H2030", "AREAWATER": "71927"}, "geometry": {"type": "Polygon", "coordinates": [[[-87.86142, 41.66462], [-87.8614, 41.66448], [-87.86134, 41.66439], [-87.8612, 41.66429], [-87.86113, 41.66426], [-87.86059, 41.6642], [-87.85935, 41.66423], [-87.8589, 41.66421], [-87.85843, 41.6642], [-87.85813, 41.66418], [-87.85801, 41.66414], [-87.85784, 41.66413], [-87.85757, 41.66413], [-87.85745, 41.66415], [-87.85734, 41.66423], [-87.8572, 41.66456], [-87.85717, 41.66474], [-87.85715, 41.66485], [-87.85712, 41.66488], [-87.8571, 41.6649], [-87.85711, 41.66494], [-87.85707, 41.66516], [-87.85706, 41.66595], [-87.85707, 41.66601], [-87.8571, 41.66603], [-87.85713, 41.66609], [-87.85724, 41.66615], [-87.85731, 41.66617], [-87.85738, 41.6662], [-87.85741, 41.66622], [-87.85756, 41.66626], [-87.8576, 41.66629], [-87.85768, 41.66631], [-87.85772, 41.66633], [-87.85778, 41.66634], [-87.85785, 41.66638], [-87.85795, 41.66641], [-87.85799, 41.66643], [-87.85811, 41.66646], [-87.85815, 41.66648], [-87.85824, 41.66652], [-87.85828, 41.66653], [-87.85831, 41.66655], [-87.85851, 41.66657], [-87.85881, 41.66661], [-87.85897, 41.66662], [-87.85925, 41.66664], [-87.85929, 41.66665], [-87.85938, 41.6666], [-87.85942, 41.66657], [-87.85942, 41.66655], [-87.85943, 41.66652], [-87.85946, 41.6665], [-87.85947, 41.66644], [-87.85954, 41.66635], [-87.85968, 41.66623], [-87.85977, 41.66612], [-87.85982, 41.66608], [-87.85982, 41.66606], [-87.85986, 41.66602], [-87.85989, 41.66595], [-87.85993, 41.66591], [-87.85995, 41.66585], [-87.85997, 41.66582], [-87.85999, 41.66577], [-87.86002, 41.66575], [-87.86004, 41.6657], [-87.86008, 41.66565], [-87.86032, 41.66545], [-87.86069, 41.66527], [-87.86084, 41.66522], [-87.86094, 41.66517], [-87.86117, 41.66499], [-87.86135, 41.66486], [-87.86138, 41.66483], [-87.86139, 41.66479], [-87.86142, 41.66462]]]}}, {"type": "Feature", "properties": {"NAME": "Yacht Hbr", "MTFCC": "H2030", "AREAWATER": "79513"}, "geometry": {"type": "Polygon", "coordinates": [[[-87.57528, 41.77792], [-87.57528, 41.77722], [-87.57515, 41.77685], [-87.57474, 41.77628], [-87.57469, 41.77618], [-87.57469, 41.77614], [-87.5747, 41.77606], [-87.57472, 41.77604], [-87.57484, 41.77595], [-87.57519, 41.77594], [-87.57513, 41.7757], [-87.57491, 41.77566], [-87.57435, 41.77554], [-87.57429, 41.77554], [-87.57373, 41.77554], [-87.57362, 41.77554], [-87.57355, 41.77552], [-87.57347, 41.77548], [-87.57341, 41.77548], [-87.57328, 41.77557], [-87.57294, 41.77562], [-87.57245, 41.77573], [-87.57242, 41.77572], [-87.57239, 41.7757], [-87.57236, 41.77569], [-87.57224, 41.7757], [-87.57214, 41.77577], [-87.57197, 41.7759], [-87.57186, 41.77606], [-87.57182, 41.77617], [-87.5718, 41.77624], [-87.5718, 41.7764], [-87.57183, 41.7765], [-87.57188, 41.77665], [-87.57195, 41.77673], [-87.57208, 41.77693], [-87.57209, 41.77695], [-87.57212, 41.77699], [-87.57213, 41.77702], [-87.57224, 41.77719], [-87.57229, 41.77724], [-87.57236, 41.77728], [-87.57245, 41.77728], [-87.57253, 41.77727], [-87.5726, 41.77724], [-87.57299, 41.77756], [-87.57298, 41.77761], [-87.57295, 41.77772], [-87.57312, 41.77793], [-87.57316, 41.77797], [-87.57318, 41.778], [-87.57343, 41.77829], [-87.5737, 41.77899], [-87.57433, 41.77942], [-87.57442, 41.77939], [-87.5748, 41.77912], [-87.57481, 41.7791], [-87.57495, 41.77881], [-87.57517, 41.77837], [-87.57518, 41.77832], [-87.57522, 41.77827], [-87.57524, 41.77817], [-87.57528, 41.77792]]]}}, {"type": "Feature", "properties": {"NAME": "Grand Calumet Riv", "MTFCC": "H3010", "AREAWATER": "191311"}, "geometry": {"type": "Polygon", "coordinates": [[[-87.46144, 41.61443], [-87.46144, 41.6143], [-87.46142, 41.614], [-87.46142, 41.61395], [-87.46121, 41.61409], [-87.46095, 41.61432], [-87.46061, 41.61461], [-87.46037, 41.61485], [-87.46018, 41.61499], [-87.46003, 41.61509], [-87.45989, 41.61529], [-87.45988, 41.61564], [-87.4598, 41.61585], [-87.45944, 41.61627], [-87.45909, 41.61645], [-87.45849, 41.61675], [-87.45726, 41.61683], [-87.45653, 41.61669], [-87.4559, 41.61642], [-87.45531, 41.61605], [-87.45452, 41.61557], [-87.45436, 41.61546], [-87.45354, 41.61498], [-87.45307, 41.61466], [-87.45289, 41.61459], [-87.4528, 41.61441], [-87.45285, 41.61399], [-87.45284, 41.61353], [-87.45274, 41.61323], [-87.45229, 41.6129], [-87.45187, 41.61265], [-87.4517, 41.61264], [-87.45144, 41.61241], [-87.45128, 41.61224], [-87.45103, 41.61208], [-87.45084, 41.61196], [-87.45075, 41.6119], [-87.45065, 41.61183], [-87.45053, 41.61176], [-87.45045, 41.61171], [-87.45038, 41.61166], [-87.45031, 41.6116], [-87.45023, 41.61154], [-87.45018, 41.61149], [-87.45009, 41.61147], [-87.45, 41.61145], [-87.44989, 41.61143], [-87.44979, 41.61138], [-87.4497, 41.61138], [-87.4496, 41.61135], [-87.44948, 41.61132], [-87.44938, 41.6113], [-87.44927, 41.61128], [-87.44923, 41.61128], [-87.44914, 41.61126], [-87.44899, 41.61125], [-87.44884, 41.61123], [-87.44871, 41.61123], [-87.44858, 41.61122], [-87.44845, 41.61122], [-87.44834, 41.61122], [-87.44823, 41.61122], [-87.4481, 41.61122], [-87.44798, 41.61122], [-87.44786, 41.61122], [-87.44772, 41.61122], [-87.44757, 41.61122], [-87.44742, 41.61122], [-87.44727, 41.61121], [-87.44712, 41.61121], [-87.44701, 41.61121], [-87.44696, 41.6112], [-87.4469, 41.6112], [-87.44676, 41.6112], [-87.44662, 41.6112], [-87.4465, 41.6112], [-87.44637, 41.6112], [-87.44622, 41.6112], [-87.44621, 41.6112], [-87.4461, 41.6112], [-87.446, 41.6112], [-87.44589, 41.61121], [-87.44585, 41.61121], [-87.44578, 41.61121], [-87.44563, 41.61123], [-87.44552, 41.61126], [-87.44542, 41.61128], [-87.4454, 41.61129], [-87.44532, 41.6113], [-87.4452, 41.61132], [-87.44512, 41.61135], [-87.44502, 41.61139], [-87.44488, 41.61142], [-87.44472, 41.61147], [-87.44455, 41.61153], [-87.44435, 41.61159], [-87.44416, 41.61166], [-87.44415, 41.61167], [-87.444, 41.61172], [-87.4438, 41.61181], [-87.4436, 41.61187], [-87.44345, 41.61193], [-87.44329, 41.61195], [-87.44312, 41.61199], [-87.44297, 41.61202], [-87.44281, 41.61204], [-87.44263, 41.61207], [-87.44246, 41.6121], [-87.44231, 41.61212], [-87.44222, 41.61213], [-87.44203, 41.61216], [-87.44185, 41.61219], [-87.44169, 41.61222], [-87.4415, 41.61226], [-87.44132, 41.61229], [-87.4412, 41.61231], [-87.44105, 41.61233], [-87.44092, 41.61235], [-87.44079, 41.61236], [-87.44066, 41.61239], [-87.44053, 41.61241], [-87.4404, 41.61243], [-87.44017, 41.61246], [-87.43999, 41.61249], [-87.43985, 41.61253], [-87.43967, 41.61256], [-87.4395, 41.61258], [-87.43934, 41.61261], [-87.4392, 41.61264], [-87.43907, 41.61266], [-87.43893, 41.61268], [-87.43885, 41.61268], [-87.43874, 41.61271], [-87.43864, 41.61274], [-87.43855, 41.61276], [-87.43847, 41.61278], [-87.43844, 41.61279], [-87.43838, 41.61281], [-87.43832, 41.61284], [-87.43823, 41.61287], [-87.43815, 41.6129], [-87.43809, 41.61292], [-87.43795, 41.61291], [-87.43762, 41.61304], [-87.43757, 41.61305], [-87.43746, 41.61307], [-87.43732, 41.61307], [-87.4372, 41.6131], [-87.43708, 41.61312], [-87.43693, 41.61314], [-87.43675, 41.61315], [-87.43663, 41.61316], [-87.43648, 41.61316], [-87.43631, 41.61317], [-87.43618, 41.61318], [-87.43605, 41.61317], [-87.43592, 41.61318], [-87.43577, 41.61318], [-87.43563, 41.61318], [-87.43549, 41.61319], [-87.43535, 41.61318], [-87.43524, 41.61317], [-87.43511, 41.61317], [-87.4348, 41.61313], [-87.43432, 41.6131], [-87.43443, 41.61321], [-87.43445, 41.61323], [-87.43496, 41.61351], [-87.43507, 41.61353], [-87.43549, 41.61355], [-87.43569, 41.61355], [-87.43619, 41.61355], [-87.43672, 41.61357], [-87.43735, 41.61357], [-87.43796, 41.61352], [-87.43841, 41.61345], [-87.43875, 41.61337], [-87.43889, 41.61331], [-87.43903, 41.61328], [-87.43933, 41.61316], [-87.43982, 41.61295], [-87.44042, 41.61282], [-87.4409, 41.61273], [-87.44159, 41.61266], [-87.4427, 41.61249], [-87.44316, 41.61248], [-87.44329, 41.61245], [-87.44434, 41.61211], [-87.44437, 41.61208], [-87.44448, 41.61206], [-87.44467, 41.61197], [-87.44482, 41.61194], [-87.44522, 41.61195], [-87.4453, 41.61194], [-87.44539, 41.61192], [-87.44554, 41.61182], [-87.44572, 41.61176], [-87.44592, 41.61172], [-87.44655, 41.6117], [-87.44676, 41.61172], [-87.44777, 41.6117], [-87.44928, 41.6119], [-87.44967, 41.61199], [-87.44999, 41.61204], [-87.45026, 41.61214], [-87.45044, 41.61226], [-87.45045, 41.6125], [-87.45032, 41.61275], [-87.4501, 41.61302], [-87.45002, 41.61319], [-87.45006, 41.61329], [-87.45028, 41.61328], [-87.45045, 41.61314], [-87.45066, 41.61319], [-87.4507, 41.61345], [-87.45101, 41.61357], [-87.45116, 41.61373], [-87.45124, 41.61397], [-87.45132, 41.61417], [-87.45158, 41.61448], [-87.45174, 41.61458], [-87.45189, 41.61472], [-87.4521, 41.61492], [-87.45235, 41.61518], [-87.4526, 41.61539], [-87.45284, 41.61556], [-87.45309, 41.61579], [-87.45339, 41.61602], [-87.4539, 41.61633], [-87.45433, 41.6165], [-87.45454, 41.6166], [-87.45476, 41.61678], [-87.45536, 41.61703], [-87.45564, 41.6171], [-87.45572, 41.61713], [-87.45604, 41.61723], [-87.45624, 41.61728], [-87.45721, 41.61742], [-87.45774, 41.61744], [-87.45846, 41.61736], [-87.45888, 41.61728], [-87.4597, 41.61695], [-87.4598, 41.6169], [-87.46002, 41.61674], [-87.46024, 41.61649], [-87.46038, 41.61628], [-87.46048, 41.61611], [-87.46062, 41.616], [-87.46077, 41.61592], [-87.46086, 41.61587], [-87.46106, 41.61571], [-87.4612, 41.61561], [-87.46129, 41.61543], [-87.46134, 41.61524], [-87.46132, 41.61499], [-87.46132, 41.61475], [-87.46134, 41.61462], [-87.46136, 41.61455], [-87.46144, 41.61443]]]}}, {"type": "Feature", "properties": {"NAME": "Ginger Crk", "MTFCC": "H3010", "AREAWATER": "74616"}, "geometry": {"type": "Polygon", "coordinates": [[[-87.98754, 41.83631], [-87.98754, 41.83627], [-87.98754, 41.83624], [-87.98751, 41.83619], [-87.98748, 41.83616], [-87.98745, 41.83612], [-87.98741, 41.83609], [-87.98733, 41.83605], [-87.98712, 41.83597], [-87.98698, 41.83589], [-87.98692, 41.83584], [-87.98676, 41.83567], [-87.98671, 41.83563], [-87.98669, 41.83563], [-87.9871, 41.83621], [-87.98658, 41.83558], [-87.98659, 41.83564], [-87.98659, 41.8357], [-87.9866, 41.83573], [-87.98662, 41.83576], [-87.98678, 41.83591], [-87.98681, 41.83593], [-87.98689, 41.83601], [-87.9869, 41.83604], [-87.98691, 41.83608], [-87.98691, 41.8361], [-87.98682, 41.83623], [-87.98672, 41.83634], [-87.98657, 41.83649], [-87.98646, 41.83656], [-87.98633, 41.83663], [-87.98621, 41.83669], [-87.98619, 41.83672], [-87.98619, 41.83676], [-87.98619, 41.83678], [-87.98622, 41.83686], [-87.98624, 41.8369], [-87.98631, 41.83698], [-87.98636, 41.83704], [-87.98639, 41.83707], [-87.9864, 41.83709], [-87.98646, 41.83716], [-87.98654, 41.83725], [-87.98654, 41.83734], [-87.98653, 41.8374], [-87.98648, 41.83757], [-87.98645, 41.83765], [-87.9864, 41.83769], [-87.98636, 41.83772], [-87.98632, 41.83774], [-87.98626, 41.83779], [-87.98619, 41.83786], [-87.98617, 41.83789], [-87.98603, 41.838], [-87.98593, 41.83807], [-87.98552, 41.83846], [-87.98549, 41.83849], [-87.98545, 41.83852], [-87.98542, 41.83854], [-87.98531, 41.83865], [-87.98524, 41.83871], [-87.98514, 41.8388], [-87.985, 41.83885], [-87.98489, 41.83891], [-87.98486, 41.83892], [-87.98468, 41.83892], [-87.98459, 41.83891], [-87.98445, 41.83891], [-87.98425, 41.83891], [-87.98388, 41.83891], [-87.98385, 41.8389], [-87.98378, 41.8389], [-87.98342, 41.83891], [-87.98338, 41.8389], [-87.98327, 41.83889], [-87.98323, 41.83889], [-87.9832, 41.8389], [-87.98313, 41.83892], [-87.98302, 41.83892], [-87.98299, 41.83893], [-87.98295, 41.83894], [-87.98291, 41.83896], [-87.98286, 41.83898], [-87.98281, 41.839], [-87.98277, 41.83902], [-87.9827, 41.83906], [-87.98257, 41.83911], [-87.98246, 41.83919], [-87.98239, 41.83925], [-87.98237, 41.83928], [-87.98211, 41.83949], [-87.982, 41.83957], [-87.9819, 41.8396], [-87.98183, 41.83961], [-87.9818, 41.83961], [-87.98174, 41.8396], [-87.98167, 41.83959], [-87.98155, 41.83957], [-87.98145, 41.83953], [-87.98137, 41.8395], [-87.98114, 41.83938], [-87.98104, 41.83928], [-87.98099, 41.83922], [-87.98072, 41.83896], [-87.9807, 41.83897], [-87.9807, 41.839], [-87.98074, 41.83907], [-87.98077, 41.83912], [-87.98081, 41.83917], [-87.98086, 41.83924], [-87.98093, 41.83932], [-87.98096, 41.83937], [-87.981, 41.83942], [-87.98109, 41.83955], [-87.98111, 41.83963], [-87.98111, 41.83967], [-87.9811, 41.83973], [-87.98109, 41.83976], [-87.98106, 41.8398], [-87.98104, 41.83983], [-87.98101, 41.83985], [-87.98071, 41.83992], [-87.98047, 41.84004], [-87.98039, 41.84008], [-87.98026, 41.84013], [-87.98012, 41.84014], [-87.98006, 41.84014], [-87.97995, 41.84013], [-87.97977, 41.84014], [-87.97974, 41.84016], [-87.97967, 41.84017], [-87.97945, 41.84018], [-87.97928, 41.84018], [-87.97921, 41.84019], [-87.97911, 41.84019], [-87.97905, 41.8402], [-87.979, 41.84021], [-87.97888, 41.84027], [-87.97884, 41.84031], [-87.97881, 41.84033], [-87.97876, 41.8404], [-87.97865, 41.84061], [-87.97863, 41.84063], [-87.97859, 41.84065], [-87.97838, 41.84066], [-87.97832, 41.84068], [-87.97834, 41.8407], [-87.97853, 41.84074], [-87.97861, 41.8408], [-87.97875, 41.84089], [-87.97882, 41.84091], [-87.97896, 41.84092], [-87.97899, 41.84092], [-87.97907, 41.84089], [-87.97914, 41.84087], [-87.97925, 41.84082], [-87.97935, 41.84081], [-87.97944, 41.84081], [-87.97955, 41.84082], [-87.9796, 41.84084], [-87.97965, 41.84086], [-87.9797, 41.84087], [-87.97978, 41.84088], [-87.97993, 41.84089], [-87.98004, 41.84089], [-87.98029, 41.84086], [-87.98034, 41.84087], [-87.98064, 41.84085], [-87.98067, 41.84084], [-87.98071, 41.84082], [-87.98073, 41.8408], [-87.98078, 41.84072], [-87.98082, 41.84067], [-87.98084, 41.84066], [-87.98087, 41.84064], [-87.98092, 41.84063], [-87.98115, 41.84062], [-87.98124, 41.8406], [-87.98146, 41.84055], [-87.98174, 41.84044], [-87.98192, 41.84035], [-87.98199, 41.8403], [-87.98204, 41.84031], [-87.98209, 41.84035], [-87.98215, 41.84038], [-87.98232, 41.84049], [-87.98239, 41.84055], [-87.98261, 41.84069], [-87.98263, 41.84068], [-87.98265, 41.84066], [-87.9826, 41.84063], [-87.98255, 41.84059], [-87.98248, 41.84055], [-87.98245, 41.84054], [-87.98243, 41.84052], [-87.98242, 41.84051], [-87.98234, 41.84043], [-87.9823, 41.84041], [-87.98228, 41.8404], [-87.98213, 41.84029], [-87.98211, 41.84026], [-87.98211, 41.84021], [-87.9822, 41.84007], [-87.98226, 41.84], [-87.98232, 41.83995], [-87.98238, 41.83991], [-87.98265, 41.83977], [-87.98317, 41.83953], [-87.98322, 41.83952], [-87.98329, 41.83949], [-87.98333, 41.83946], [-87.98339, 41.83943], [-87.98343, 41.83943], [-87.98347, 41.83941], [-87.98357, 41.83937], [-87.98408, 41.83935], [-87.98434, 41.83933], [-87.9844, 41.83932], [-87.98447, 41.83931], [-87.98487, 41.83932], [-87.98537, 41.83929], [-87.98547, 41.83927], [-87.98551, 41.83926], [-87.98554, 41.83924], [-87.98556, 41.83923], [-87.98572, 41.83923], [-87.98578, 41.83922], [-87.98583, 41.83921], [-87.98589, 41.83919], [-87.98593, 41.83917], [-87.98617, 41.83908], [-87.98619, 41.83906], [-87.98636, 41.83898], [-87.98643, 41.83895], [-87.98656, 41.83886], [-87.98663, 41.83882], [-87.98673, 41.83879], [-87.98688, 41.83869], [-87.98693, 41.83866], [-87.98708, 41.83858], [-87.98711, 41.83856], [-87.98714, 41.83852], [-87.98722, 41.83838], [-87.98726, 41.8383], [-87.98733, 41.8381], [-87.98734, 41.83795], [-87.98736, 41.83786], [-87.98731, 41.83763], [-87.98731, 41.83757], [-87.98731, 41.83747], [-87.98734, 41.83732], [-87.98733, 41.83728], [-87.98732, 41.83726], [-87.98731, 41.83724], [-87.98729, 41.83722], [-87.98728, 41.8372], [-87.98727, 41.83714], [-87.98729, 41.83692], [-87.9873, 41.83688], [-87.98732, 41.83683], [-87.98738, 41.83675], [-87.98744, 41.83663], [-87.98748, 41.83656], [-87.98748, 41.83652], [-87.98749, 41.83648], [-87.98751, 41.83645], [-87.98753, 41.8364], [-87.98754, 41.83631]]]}}, {"type": "Feature", "properties": {"NAME": "Des Plaines Riv", "MTFCC": "H3010", "AREAWATER": "640713"}, "geometry": {"type": "Polygon", "coordinates": [[[-87.98993, 41.6859], [-87.98983, 41.68591], [-87.98967, 41.68591], [-87.98799, 41.68595], [-87.98781, 41.68595], [-87.98736, 41.68596], [-87.98717, 41.68597], [-87.98679, 41.68609], [-87.98662, 41.68614], [-87.98569, 41.68645], [-87.98351, 41.68716], [-87.98224, 41.68757], [-87.98172, 41.68774], [-87.98139, 41.68785], [-87.98113, 41.68793], [-87.98096, 41.68799], [-87.98091, 41.68801], [-87.98081, 41.6882], [-87.98039, 41.68823], [-87.9802, 41.68829], [-87.97955, 41.68849], [-87.97867, 41.68879], [-87.97819, 41.68895], [-87.97772, 41.68911], [-87.97717, 41.6893], [-87.97662, 41.68946], [-87.97629, 41.68957], [-87.97598, 41.68967], [-87.97565, 41.68977], [-87.97511, 41.68996], [-87.97488, 41.69003], [-87.97454, 41.69013], [-87.97424, 41.69024], [-87.97375, 41.6904], [-87.97338, 41.69051], [-87.973, 41.69065], [-87.97261, 41.69077], [-87.97254, 41.69079], [-87.97223, 41.6909], [-87.97174, 41.69106], [-87.97121, 41.69122], [-87.97065, 41.6914], [-87.9701, 41.69157], [-87.9697, 41.69171], [-87.96909, 41.69191], [-87.96863, 41.69205], [-87.96831, 41.69217], [-87.96802, 41.69226], [-87.96722, 41.69252], [-87.96666, 41.6927], [-87.96609, 41.69288], [-87.96586, 41.69297], [-87.96551, 41.69308], [-87.96516, 41.69317], [-87.96478, 41.6933], [-87.96446, 41.6934], [-87.96424, 41.69348], [-87.96372, 41.69363], [-87.96342, 41.69373], [-87.96313, 41.69384], [-87.96231, 41.69395], [-87.96186, 41.69425], [-87.96158, 41.69433], [-87.96097, 41.69455], [-87.96062, 41.69469], [-87.96036, 41.69484], [-87.96007, 41.69499], [-87.95986, 41.69509], [-87.95957, 41.69524], [-87.9591, 41.6955], [-87.9588, 41.69564], [-87.95854, 41.69578], [-87.95828, 41.69591], [-87.95801, 41.69606], [-87.95772, 41.69619], [-87.9575, 41.69629], [-87.95732, 41.69641], [-87.95714, 41.69651], [-87.95684, 41.69664], [-87.95664, 41.69676], [-87.95629, 41.69693], [-87.95598, 41.69709], [-87.95555, 41.69731], [-87.95541, 41.69739], [-87.95522, 41.69748], [-87.95506, 41.69754], [-87.95444, 41.69787], [-87.95429, 41.69794], [-87.95395, 41.69812], [-87.9538, 41.69822], [-87.95368, 41.6983], [-87.95357, 41.69835], [-87.95353, 41.69837], [-87.95348, 41.69841], [-87.95333, 41.6985], [-87.95323, 41.69859], [-87.95311, 41.6987], [-87.95301, 41.69874], [-87.95291, 41.69877], [-87.95275, 41.69884], [-87.95271, 41.69887], [-87.95268, 41.6989], [-87.95251, 41.69892], [-87.95241, 41.69896], [-87.95232, 41.699], [-87.95207, 41.69913], [-87.95187, 41.69926], [-87.95173, 41.69932], [-87.95162, 41.6994], [-87.9515, 41.69947], [-87.95139, 41.69951], [-87.95123, 41.69958], [-87.95107, 41.69968], [-87.95078, 41.69982], [-87.95067, 41.69985], [-87.9506, 41.69989], [-87.95049, 41.69998], [-87.95042, 41.70006], [-87.95039, 41.70009], [-87.9503, 41.70017], [-87.95016, 41.70027], [-87.95005, 41.70029], [-87.94996, 41.70031], [-87.94986, 41.70037], [-87.9498, 41.70047], [-87.94977, 41.7005], [-87.94956, 41.70064], [-87.94942, 41.70073], [-87.94928, 41.70078], [-87.94918, 41.70083], [-87.94916, 41.70084], [-87.94898, 41.7009], [-87.94882, 41.70091], [-87.94874, 41.70094], [-87.94859, 41.70095], [-87.94832, 41.70103], [-87.94829, 41.70103], [-87.94814, 41.70104], [-87.94801, 41.70102], [-87.94779, 41.70106], [-87.94748, 41.70111], [-87.94738, 41.70113], [-87.94729, 41.70113], [-87.94721, 41.70112], [-87.9471, 41.70111], [-87.94701, 41.70114], [-87.94683, 41.70123], [-87.94665, 41.70132], [-87.94656, 41.70135], [-87.94645, 41.70139], [-87.94632, 41.70146], [-87.94607, 41.70161], [-87.94579, 41.70175], [-87.9457, 41.70181], [-87.94537, 41.70197], [-87.94503, 41.70214], [-87.94495, 41.7022], [-87.94484, 41.70227], [-87.94467, 41.70234], [-87.94459, 41.70238], [-87.94451, 41.70244], [-87.94443, 41.70247], [-87.94433, 41.70253], [-87.9442, 41.70258], [-87.94416, 41.70258], [-87.94404, 41.70264], [-87.94399, 41.70269], [-87.94397, 41.70272], [-87.94394, 41.70274], [-87.94391, 41.70275], [-87.9438, 41.70282], [-87.94375, 41.70283], [-87.94357, 41.70289], [-87.94347, 41.70294], [-87.94336, 41.70301], [-87.9432, 41.70307], [-87.94315, 41.7031], [-87.94305, 41.70313], [-87.94299, 41.70316], [-87.94288, 41.70321], [-87.94275, 41.70328], [-87.94257, 41.70342], [-87.94227, 41.70356], [-87.9421, 41.70366], [-87.94195, 41.70373], [-87.94187, 41.70377], [-87.94177, 41.70385], [-87.94162, 41.70389], [-87.94154, 41.70394], [-87.94147, 41.70398], [-87.94126, 41.70408], [-87.94113, 41.70417], [-87.94112, 41.70419], [-87.94108, 41.7042], [-87.94102, 41.70422], [-87.94091, 41.70428], [-87.9407, 41.70438], [-87.94056, 41.70444], [-87.94045, 41.70447], [-87.94037, 41.70451], [-87.9386, 41.70538], [-87.93613, 41.70671], [-87.93541, 41.70731], [-87.93609, 41.70787], [-87.93629, 41.70776], [-87.93657, 41.70761], [-87.93673, 41.70756], [-87.93688, 41.70747], [-87.93693, 41.70729], [-87.93706, 41.70724], [-87.93719, 41.70712], [-87.93737, 41.70704], [-87.93749, 41.70704], [-87.9376, 41.70692], [-87.93778, 41.70686], [-87.93799, 41.7067], [-87.93823, 41.70663], [-87.93837, 41.70652], [-87.93858, 41.70642], [-87.93949, 41.70584], [-87.94149, 41.70478], [-87.94194, 41.70459], [-87.94214, 41.70447], [-87.94222, 41.70442], [-87.94244, 41.7043], [-87.94266, 41.70419], [-87.94283, 41.70414], [-87.94298, 41.70408], [-87.94335, 41.70383], [-87.94614, 41.70247], [-87.94722, 41.70188], [-87.94753, 41.70175], [-87.94768, 41.70184], [-87.94772, 41.70183], [-87.94817, 41.70173], [-87.94846, 41.70169], [-87.94877, 41.7017], [-87.94915, 41.70157], [-87.94958, 41.70142], [-87.95002, 41.70131], [-87.95068, 41.70111], [-87.95127, 41.70073], [-87.95188, 41.70017], [-87.95192, 41.70007], [-87.9521, 41.69996], [-87.95215, 41.69992], [-87.95226, 41.69987], [-87.95252, 41.69975], [-87.9526, 41.69972], [-87.95271, 41.69971], [-87.95306, 41.69962], [-87.9532, 41.69957], [-87.95329, 41.69953], [-87.95334, 41.69948], [-87.95335, 41.69944], [-87.95336, 41.69941], [-87.95339, 41.69936], [-87.95346, 41.69936], [-87.95354, 41.69935], [-87.95382, 41.69917], [-87.95469, 41.6986], [-87.95479, 41.69853], [-87.95485, 41.69848], [-87.95501, 41.69839], [-87.95517, 41.69829], [-87.95578, 41.69804], [-87.95601, 41.69793], [-87.95621, 41.69783], [-87.95635, 41.69778], [-87.95656, 41.69769], [-87.95671, 41.69761], [-87.95692, 41.6975], [-87.95713, 41.69736], [-87.95745, 41.6972], [-87.9576, 41.6971], [-87.95777, 41.697], [-87.95784, 41.69697], [-87.95792, 41.69694], [-87.95813, 41.69684], [-87.95832, 41.69673], [-87.95853, 41.69662], [-87.95868, 41.69656], [-87.95878, 41.69655], [-87.95885, 41.69659], [-87.95898, 41.69656], [-87.95916, 41.69646], [-87.95931, 41.6964], [-87.9595, 41.69631], [-87.95964, 41.69625], [-87.95972, 41.6962], [-87.95985, 41.69613], [-87.96004, 41.6961], [-87.9602, 41.69618], [-87.96046, 41.69635], [-87.96066, 41.69635], [-87.96073, 41.69649], [-87.96078, 41.69667], [-87.9608, 41.69661], [-87.96084, 41.69654], [-87.96087, 41.69643], [-87.96086, 41.69636], [-87.96086, 41.69626], [-87.96081, 41.69621], [-87.96068, 41.6962], [-87.96057, 41.69621], [-87.96039, 41.69625], [-87.96031, 41.69621], [-87.96029, 41.69613], [-87.96027, 41.69604], [-87.96012, 41.69605], [-87.96013, 41.69603], [-87.96024, 41.69597], [-87.96026, 41.69592], [-87.96038, 41.69584], [-87.96043, 41.6958], [-87.96055, 41.69572], [-87.96085, 41.69561], [-87.96091, 41.69557], [-87.96114, 41.69547], [-87.96131, 41.69544], [-87.96132, 41.69555], [-87.96144, 41.69564], [-87.96154, 41.69565], [-87.96159, 41.69566], [-87.96176, 41.69569], [-87.96194, 41.6956], [-87.96207, 41.69562], [-87.96227, 41.69561], [-87.96231, 41.69559], [-87.96235, 41.69555], [-87.9624, 41.69553], [-87.96241, 41.69547], [-87.96247, 41.69539], [-87.96262, 41.69531], [-87.96277, 41.69523], [-87.96291, 41.69528], [-87.9631, 41.69525], [-87.96331, 41.6952], [-87.96348, 41.69519], [-87.96359, 41.69519], [-87.96369, 41.69522], [-87.96397, 41.69533], [-87.96409, 41.6953], [-87.96406, 41.69522], [-87.96402, 41.69507], [-87.96392, 41.69501], [-87.96391, 41.69493], [-87.96398, 41.69486], [-87.96418, 41.69485], [-87.96425, 41.69485], [-87.96441, 41.69489], [-87.96456, 41.69487], [-87.96477, 41.69487], [-87.96495, 41.69495], [-87.96507, 41.69499], [-87.96522, 41.69502], [-87.96528, 41.69495], [-87.96544, 41.6948], [-87.96548, 41.69481], [-87.96548, 41.69488], [-87.96538, 41.69498], [-87.96542, 41.695], [-87.96551, 41.69497], [-87.96562, 41.69492], [-87.96571, 41.69499], [-87.96583, 41.69511], [-87.96594, 41.69523], [-87.96602, 41.69537], [-87.96605, 41.69539], [-87.96604, 41.69536], [-87.96601, 41.6953], [-87.966, 41.69519], [-87.96593, 41.69512], [-87.96585, 41.695], [-87.9658, 41.6949], [-87.96572, 41.69483], [-87.9656, 41.69474], [-87.96555, 41.69465], [-87.96556, 41.6945], [-87.96562, 41.69447], [-87.96566, 41.69437], [-87.96554, 41.69434], [-87.96564, 41.69415], [-87.96575, 41.69414], [-87.96592, 41.69415], [-87.96616, 41.6941], [-87.9661, 41.69408], [-87.96593, 41.69406], [-87.96601, 41.69404], [-87.96636, 41.69399], [-87.9665, 41.69398], [-87.96707, 41.69387], [-87.96723, 41.69388], [-87.96739, 41.6938], [-87.96732, 41.69369], [-87.96727, 41.6936], [-87.96738, 41.69351], [-87.96756, 41.69345], [-87.96765, 41.69344], [-87.96781, 41.69347], [-87.96794, 41.69343], [-87.96795, 41.69335], [-87.96813, 41.6933], [-87.96827, 41.69333], [-87.9684, 41.69345], [-87.96859, 41.69341], [-87.96866, 41.69336], [-87.96871, 41.69334], [-87.96885, 41.69338], [-87.96897, 41.69345], [-87.96923, 41.69354], [-87.96935, 41.69344], [-87.96944, 41.6934], [-87.96964, 41.69344], [-87.96976, 41.69336], [-87.96973, 41.69329], [-87.9696, 41.69322], [-87.96948, 41.69312], [-87.9695, 41.69302], [-87.96952, 41.69296], [-87.96955, 41.69293], [-87.96959, 41.69292], [-87.96968, 41.69288], [-87.96972, 41.69285], [-87.96976, 41.69285], [-87.96981, 41.69286], [-87.96986, 41.69285], [-87.9699, 41.69283], [-87.96996, 41.69282], [-87.97004, 41.69283], [-87.97018, 41.69288], [-87.97025, 41.69291], [-87.9703, 41.69292], [-87.97031, 41.69289], [-87.97035, 41.6929], [-87.97044, 41.69299], [-87.97046, 41.69305], [-87.97048, 41.69309], [-87.97052, 41.69309], [-87.97056, 41.69309], [-87.97055, 41.69306], [-87.97049, 41.69303], [-87.97046, 41.69299], [-87.97046, 41.69297], [-87.97051, 41.69294], [-87.9707, 41.69288], [-87.97079, 41.69287], [-87.97085, 41.69289], [-87.97089, 41.69293], [-87.9709, 41.69297], [-87.97085, 41.69307], [-87.97086, 41.6931], [-87.9709, 41.69314], [-87.97095, 41.69317], [-87.971, 41.69319], [-87.97093, 41.69342], [-87.97092, 41.69348], [-87.97094, 41.6935], [-87.97097, 41.6935], [-87.97101, 41.69348], [-87.97101, 41.69345], [-87.97101, 41.6934], [-87.97112, 41.69329], [-87.9712, 41.69327], [-87.97122, 41.69326], [-87.97127, 41.69321], [-87.97133, 41.69317], [-87.97138, 41.69317], [-87.97144, 41.69317], [-87.97147, 41.69314], [-87.97147, 41.69308], [-87.97149, 41.69304], [-87.97149, 41.69299], [-87.97144, 41.69289], [-87.97143, 41.69285], [-87.97145, 41.69279], [-87.97145, 41.69275], [-87.97152, 41.69268], [-87.97158, 41.69264], [-87.97167, 41.69259], [-87.97176, 41.69253], [-87.97182, 41.69245], [-87.97189, 41.69236], [-87.97198, 41.69226], [-87.97211, 41.69221], [-87.97226, 41.6921], [-87.97234, 41.69206], [-87.97251, 41.69199], [-87.97269, 41.69199], [-87.97279, 41.69198], [-87.97291, 41.69201], [-87.97288, 41.6921], [-87.97299, 41.69219], [-87.97309, 41.69224], [-87.97312, 41.69225], [-87.97313, 41.69229], [-87.97308, 41.69234], [-87.97304, 41.69238], [-87.97302, 41.69242], [-87.97305, 41.69255], [-87.97308, 41.69264], [-87.97314, 41.69271], [-87.97316, 41.69276], [-87.97316, 41.69282], [-87.97317, 41.69285], [-87.97319, 41.69287], [-87.97319, 41.69291], [-87.97323, 41.69286], [-87.97321, 41.69285], [-87.97322, 41.69279], [-87.9732, 41.69277], [-87.9732, 41.69275], [-87.97321, 41.69272], [-87.97323, 41.69267], [-87.97325, 41.69261], [-87.97331, 41.69258], [-87.97339, 41.69257], [-87.97345, 41.69256], [-87.97344, 41.69254], [-87.97337, 41.69252], [-87.9733, 41.69251], [-87.97324, 41.69249], [-87.97322, 41.69247], [-87.97322, 41.69243], [-87.97323, 41.69239], [-87.97324, 41.69232], [-87.97327, 41.69229], [-87.97342, 41.69215], [-87.97347, 41.69203], [-87.97357, 41.69195], [-87.97367, 41.69192], [-87.97381, 41.69185], [-87.97369, 41.69166], [-87.9737, 41.69163], [-87.97373, 41.69153], [-87.97387, 41.6914], [-87.97403, 41.69134], [-87.97423, 41.69127], [-87.97443, 41.69127], [-87.97455, 41.69133], [-87.97454, 41.69142], [-87.97465, 41.69143], [-87.97468, 41.69143], [-87.97475, 41.6914], [-87.97482, 41.69134], [-87.97493, 41.69136], [-87.97507, 41.69134], [-87.975, 41.69127], [-87.97489, 41.6912], [-87.97488, 41.69112], [-87.97501, 41.69104], [-87.9752, 41.69095], [-87.97537, 41.69093], [-87.97542, 41.69089], [-87.97555, 41.69082], [-87.97594, 41.6907], [-87.976, 41.6907], [-87.97613, 41.69067], [-87.97619, 41.69068], [-87.97627, 41.69079], [-87.97636, 41.69085], [-87.97646, 41.6909], [-87.97647, 41.69106], [-87.97654, 41.69111], [-87.97658, 41.69117], [-87.97659, 41.69122], [-87.97662, 41.69118], [-87.97664, 41.69115], [-87.97677, 41.6911], [-87.97682, 41.69101], [-87.9769, 41.69101], [-87.97703, 41.69108], [-87.97712, 41.69115], [-87.9772, 41.69116], [-87.97727, 41.69114], [-87.97741, 41.69107], [-87.97739, 41.69097], [-87.97729, 41.6909], [-87.97725, 41.69083], [-87.97707, 41.6908], [-87.97682, 41.69085], [-87.97679, 41.6909], [-87.97682, 41.69094], [-87.97679, 41.69094], [-87.97666, 41.69091], [-87.97665, 41.69088], [-87.97674, 41.69084], [-87.97676, 41.69072], [-87.97676, 41.69064], [-87.97687, 41.6906], [-87.97705, 41.69053], [-87.97717, 41.69049], [-87.97724, 41.69051], [-87.97727, 41.69051], [-87.97734, 41.69048], [-87.97745, 41.69047], [-87.97751, 41.69045], [-87.97762, 41.69051], [-87.97774, 41.69053], [-87.97782, 41.69054], [-87.97802, 41.69058], [-87.97812, 41.69056], [-87.97814, 41.69051], [-87.97824, 41.69044], [-87.97838, 41.69033], [-87.97861, 41.69004], [-87.97863, 41.68993], [-87.97867, 41.68978], [-87.97886, 41.68969], [-87.9791, 41.68967], [-87.97928, 41.68971], [-87.97932, 41.68973], [-87.97944, 41.68981], [-87.97956, 41.68982], [-87.97953, 41.68975], [-87.97944, 41.6896], [-87.97943, 41.68956], [-87.97949, 41.68954], [-87.97947, 41.68948], [-87.97959, 41.6893], [-87.98171, 41.68861], [-87.98098, 41.68903], [-87.98084, 41.68909], [-87.98069, 41.68915], [-87.98039, 41.68932], [-87.98028, 41.6894], [-87.9802, 41.68951], [-87.98022, 41.68958], [-87.98021, 41.68967], [-87.98024, 41.68978], [-87.98035, 41.69009], [-87.98039, 41.69024], [-87.98042, 41.69038], [-87.98048, 41.69051], [-87.98056, 41.69062], [-87.9808, 41.69085], [-87.9809, 41.69094], [-87.98098, 41.69099], [-87.98107, 41.69102], [-87.98126, 41.69103], [-87.98137, 41.69112], [-87.98139, 41.69113], [-87.98149, 41.69115], [-87.98157, 41.69117], [-87.98176, 41.69126], [-87.98184, 41.6913], [-87.98188, 41.6913], [-87.98194, 41.69128], [-87.98204, 41.69127], [-87.98215, 41.69125], [-87.98233, 41.6912], [-87.98281, 41.69103], [-87.98287, 41.69104], [-87.9829, 41.69103], [-87.98292, 41.69101], [-87.98295, 41.69098], [-87.98299, 41.69096], [-87.98306, 41.69094], [-87.9831, 41.69092], [-87.98313, 41.6909], [-87.98321, 41.6909], [-87.98359, 41.69078], [-87.9837, 41.69074], [-87.98407, 41.69061], [-87.98542, 41.69017], [-87.98579, 41.69005], [-87.98586, 41.69002], [-87.98591, 41.68998], [-87.98593, 41.68996], [-87.98594, 41.6899], [-87.98587, 41.68973], [-87.98581, 41.68962], [-87.98578, 41.68956], [-87.98577, 41.68949], [-87.98577, 41.6894], [-87.98573, 41.68931], [-87.98565, 41.68923], [-87.98546, 41.68893], [-87.98544, 41.68886], [-87.98541, 41.68877], [-87.98535, 41.68867], [-87.98527, 41.68856], [-87.98523, 41.68844], [-87.98516, 41.68838], [-87.9851, 41.68831], [-87.98507, 41.68823], [-87.98505, 41.68811], [-87.98503, 41.68805], [-87.98502, 41.68799], [-87.985, 41.68792], [-87.98499, 41.68784], [-87.985, 41.68778], [-87.98502, 41.68773], [-87.98504, 41.68767], [-87.98513, 41.68759], [-87.98521, 41.68755], [-87.98551, 41.68744], [-87.98599, 41.68724], [-87.98656, 41.68705], [-87.98957, 41.68608], [-87.98993, 41.6859]]]}}, {"type": "Feature", "properties": {"NAME": null, "MTFCC": "H2030", "AREAWATER": "109657"}, "geometry": {"type": "Polygon", "coordinates": [[[-87.80545, 42.09109], [-87.80542, 42.09097], [-87.80516, 42.0905], [-87.80504, 42.09048], [-87.80488, 42.09054], [-87.8048, 42.09063], [-87.80475, 42.09071], [-87.8047, 42.09081], [-87.8047, 42.09092], [-87.80468, 42.09105], [-87.80466, 42.09112], [-87.80428, 42.09137], [-87.8042, 42.09141], [-87.80412, 42.09144], [-87.8011, 42.09142], [-87.80097, 42.09142], [-87.80091, 42.09144], [-87.80088, 42.09147], [-87.80085, 42.09157], [-87.8009, 42.09312], [-87.8009, 42.09327], [-87.80073, 42.09346], [-87.80062, 42.09353], [-87.80049, 42.09359], [-87.80038, 42.09364], [-87.8002, 42.0938], [-87.80014, 42.09392], [-87.80013, 42.09398], [-87.80017, 42.09403], [-87.80026, 42.09405], [-87.80039, 42.09409], [-87.80043, 42.09411], [-87.80051, 42.09414], [-87.80056, 42.09411], [-87.80065, 42.09409], [-87.80076, 42.09409], [-87.8008, 42.09408], [-87.80087, 42.09408], [-87.8009, 42.09405], [-87.80098, 42.09399], [-87.80101, 42.09396], [-87.80109, 42.09387], [-87.80114, 42.09384], [-87.80122, 42.09384], [-87.80126, 42.09388], [-87.80129, 42.09393], [-87.80129, 42.09399], [-87.80135, 42.09404], [-87.8014, 42.0941], [-87.80143, 42.09414], [-87.80143, 42.0942], [-87.80148, 42.09427], [-87.80191, 42.09439], [-87.80216, 42.09443], [-87.80252, 42.09441], [-87.80312, 42.09438], [-87.80352, 42.09432], [-87.80379, 42.09432], [-87.80409, 42.09434], [-87.80425, 42.09434], [-87.8045, 42.09435], [-87.80457, 42.09434], [-87.80465, 42.0943], [-87.80466, 42.09427], [-87.80465, 42.09422], [-87.80465, 42.09417], [-87.80466, 42.09414], [-87.80462, 42.09408], [-87.80457, 42.09403], [-87.80446, 42.09399], [-87.80435, 42.09395], [-87.80427, 42.09389], [-87.80415, 42.09377], [-87.80391, 42.09367], [-87.80383, 42.09367], [-87.80376, 42.09367], [-87.80369, 42.09367], [-87.80359, 42.09364], [-87.80356, 42.09359], [-87.80351, 42.09354], [-87.80345, 42.09351], [-87.80339, 42.0935], [-87.80332, 42.09347], [-87.80325, 42.0934], [-87.80321, 42.09335], [-87.80321, 42.09328], [-87.80319, 42.09318], [-87.80324, 42.09312], [-87.80406, 42.09316], [-87.80437, 42.0932], [-87.80441, 42.09319], [-87.80442, 42.09318], [-87.80502, 42.09266], [-87.80512, 42.0926], [-87.8053, 42.09247], [-87.80536, 42.0924], [-87.80538, 42.09235], [-87.80539, 42.09136], [-87.80545, 42.09109]]]}}, {"type": "Feature", "properties": {"NAME": "Bull Frog Lk", "MTFCC": "H2030", "AREAWATER": "62758"}, "geometry": {"type": "Polygon", "coordinates": [[[-87.9028, 41.70778], [-87.90286, 41.70773], [-87.9028, 41.70769], [-87.9025, 41.70765], [-87.90233, 41.70764], [-87.90193, 41.70767], [-87.90187, 41.70769], [-87.90174, 41.70771], [-87.9017, 41.70773], [-87.90164, 41.70775], [-87.9016, 41.70777], [-87.90155, 41.70777], [-87.9015, 41.70781], [-87.90125, 41.70792], [-87.9012, 41.70793], [-87.90104, 41.70796], [-87.90088, 41.70798], [-87.9008, 41.70803], [-87.9006, 41.7082], [-87.90052, 41.7083], [-87.9002, 41.70855], [-87.90018, 41.70857], [-87.90009, 41.70862], [-87.90002, 41.70865], [-87.89955, 41.70885], [-87.89947, 41.70888], [-87.8994, 41.70891], [-87.8993, 41.70896], [-87.89909, 41.70913], [-87.89906, 41.7092], [-87.89904, 41.70923], [-87.89895, 41.70941], [-87.89891, 41.70948], [-87.89893, 41.70989], [-87.89898, 41.7101], [-87.89902, 41.7102], [-87.89906, 41.71024], [-87.89923, 41.71034], [-87.89934, 41.71039], [-87.89944, 41.71042], [-87.89967, 41.71044], [-87.89979, 41.71048], [-87.89982, 41.7105], [-87.90002, 41.71053], [-87.90024, 41.71051], [-87.90028, 41.7105], [-87.90044, 41.71048], [-87.90092, 41.71035], [-87.90095, 41.71034], [-87.901, 41.71032], [-87.90108, 41.71028], [-87.90112, 41.71028], [-87.9012, 41.71024], [-87.9014, 41.71015], [-87.90161, 41.71005], [-87.90184, 41.70996], [-87.90192, 41.70994], [-87.90195, 41.70992], [-87.90199, 41.70992], [-87.90203, 41.70989], [-87.90211, 41.70988], [-87.90214, 41.70986], [-87.90226, 41.70983], [-87.90231, 41.7098], [-87.90238, 41.70976], [-87.90246, 41.70971], [-87.90252, 41.70964], [-87.90272, 41.70918], [-87.90274, 41.70912], [-87.90255, 41.70899], [-87.90251, 41.70897], [-87.90242, 41.70893], [-87.9024, 41.70893], [-87.90231, 41.70888], [-87.90226, 41.70885], [-87.90217, 41.70877], [-87.90204, 41.70845], [-87.90199, 41.70838], [-87.90198, 41.70825], [-87.902, 41.7081], [-87.90202, 41.70804], [-87.90208, 41.708], [-87.9022, 41.70792], [-87.90226, 41.70791], [-87.90229, 41.7079], [-87.90255, 41.70784], [-87.9028, 41.70778]]]}}, {"type": "Feature", "properties": {"NAME": "Burnham Park Hbr", "MTFCC": "H2030", "AREAWATER": "289247"}, "geometry": {"type": "Polygon", "coordinates": [[[-87.61347, 41.86344], [-87.61346, 41.86307], [-87.61343, 41.86287], [-87.61333, 41.86249], [-87.61319, 41.86218], [-87.61312, 41.86207], [-87.61284, 41.86154], [-87.61274, 41.86132], [-87.61259, 41.86124], [-87.61256, 41.86074], [-87.61254, 41.8607], [-87.61246, 41.86061], [-87.61238, 41.86055], [-87.61226, 41.86055], [-87.6122, 41.86051], [-87.61223, 41.86014], [-87.61232, 41.86007], [-87.61242, 41.86006], [-87.61245, 41.86005], [-87.61245, 41.85987], [-87.61238, 41.85974], [-87.61225, 41.8594], [-87.61219, 41.85862], [-87.61226, 41.85853], [-87.61236, 41.85844], [-87.61265, 41.8584], [-87.61278, 41.85832], [-87.61289, 41.85822], [-87.61299, 41.85804], [-87.61301, 41.85796], [-87.61303, 41.85776], [-87.61311, 41.85703], [-87.61307, 41.85683], [-87.61298, 41.8566], [-87.61292, 41.85649], [-87.61275, 41.85618], [-87.61265, 41.85608], [-87.61258, 41.85599], [-87.61247, 41.85589], [-87.61221, 41.8557], [-87.6118, 41.85541], [-87.61168, 41.85533], [-87.61157, 41.85525], [-87.61134, 41.85514], [-87.61126, 41.85506], [-87.61109, 41.85491], [-87.61103, 41.85479], [-87.61095, 41.85389], [-87.61087, 41.85368], [-87.61069, 41.85322], [-87.61052, 41.85328], [-87.60999, 41.85345], [-87.60982, 41.85351], [-87.60986, 41.85358], [-87.6099, 41.85369], [-87.60994, 41.85386], [-87.60989, 41.85434], [-87.60984, 41.85465], [-87.60952, 41.8565], [-87.6094, 41.85659], [-87.60938, 41.85663], [-87.60935, 41.85673], [-87.60935, 41.85683], [-87.60937, 41.85686], [-87.6094, 41.85689], [-87.60941, 41.85692], [-87.60985, 41.85732], [-87.60995, 41.85751], [-87.61002, 41.85775], [-87.61003, 41.85778], [-87.61003, 41.8578], [-87.61005, 41.85788], [-87.60999, 41.85839], [-87.60989, 41.85864], [-87.60998, 41.85879], [-87.61009, 41.85886], [-87.6104, 41.85907], [-87.61055, 41.85927], [-87.6105, 41.85941], [-87.6104, 41.8597], [-87.61044, 41.85992], [-87.61048, 41.85997], [-87.6105, 41.86], [-87.61059, 41.86005], [-87.61073, 41.86008], [-87.61079, 41.86012], [-87.61074, 41.86067], [-87.61056, 41.8608], [-87.61051, 41.8608], [-87.61042, 41.86087], [-87.61045, 41.86133], [-87.61027, 41.86144], [-87.61023, 41.86148], [-87.61021, 41.8615], [-87.61003, 41.86185], [-87.60996, 41.86199], [-87.60983, 41.86229], [-87.60978, 41.86239], [-87.60995, 41.86251], [-87.60976, 41.86295], [-87.6097, 41.86334], [-87.60975, 41.86388], [-87.60976, 41.86398], [-87.60989, 41.86443], [-87.61043, 41.8652], [-87.61055, 41.86529], [-87.61055, 41.86576], [-87.61061, 41.86581], [-87.61271, 41.86579], [-87.61272, 41.86555], [-87.61272, 41.86527], [-87.61279, 41.86522], [-87.61292, 41.86516], [-87.61321, 41.86432], [-87.61322, 41.86426], [-87.61323, 41.86423], [-87.61326, 41.86411], [-87.61328, 41.86408], [-87.61329, 41.86403], [-87.6133, 41.86399], [-87.61332, 41.86393], [-87.61333, 41.8639], [-87.61335, 41.86385], [-87.61336, 41.86381], [-87.61337, 41.86376], [-87.61339, 41.86372], [-87.61342, 41.86361], [-87.61343, 41.86357], [-87.61347, 41.86344]]]}}, {"type": "Feature", "properties": {"NAME": "Marquette Pk Lagoon", "MTFCC": "H2030", "AREAWATER": "161566"}, "geometry": {"type": "Polygon", "coordinates": [[[-87.71026, 41.76648], [-87.71026, 41.76634], [-87.7101, 41.76609], [-87.70982, 41.76595], [-87.70964, 41.76593], [-87.70932, 41.76597], [-87.70899, 41.76604], [-87.7087, 41.76606], [-87.70829, 41.76608], [-87.70779, 41.76608], [-87.70711, 41.76608], [-87.70678, 41.76611], [-87.7066, 41.76613], [-87.70635, 41.7661], [-87.70572, 41.76588], [-87.70521, 41.76591], [-87.70495, 41.76587], [-87.70458, 41.76575], [-87.70439, 41.76571], [-87.70385, 41.76567], [-87.70383, 41.76567], [-87.70353, 41.76562], [-87.70332, 41.76561], [-87.70317, 41.76564], [-87.70298, 41.76571], [-87.70284, 41.76573], [-87.70275, 41.76574], [-87.70187, 41.76573], [-87.70185, 41.76573], [-87.70107, 41.7658], [-87.70077, 41.76587], [-87.70061, 41.76595], [-87.70027, 41.76588], [-87.7001, 41.76587], [-87.69896, 41.76597], [-87.69893, 41.76597], [-87.69835, 41.76596], [-87.69794, 41.76597], [-87.69752, 41.76598], [-87.69726, 41.76595], [-87.69716, 41.76592], [-87.69681, 41.76584], [-87.69656, 41.76587], [-87.69642, 41.766], [-87.69631, 41.76619], [-87.6962, 41.76635], [-87.69616, 41.76651], [-87.69639, 41.76703], [-87.69643, 41.76729], [-87.69639, 41.76741], [-87.69634, 41.76762], [-87.69645, 41.76801], [-87.69645, 41.76817], [-87.69645, 41.7682], [-87.69649, 41.76838], [-87.69645, 41.76897], [-87.69635, 41.76912], [-87.69639, 41.76938], [-87.69628, 41.76983], [-87.6963, 41.77005], [-87.69636, 41.77015], [-87.69667, 41.77026], [-87.69684, 41.77036], [-87.69705, 41.77041], [-87.69717, 41.77039], [-87.69731, 41.77033], [-87.69744, 41.77031], [-87.69774, 41.77027], [-87.69785, 41.77021], [-87.69794, 41.77012], [-87.69803, 41.7699], [-87.69808, 41.7698], [-87.69827, 41.76998], [-87.69848, 41.77007], [-87.69868, 41.77011], [-87.69892, 41.77014], [-87.69901, 41.77015], [-87.69985, 41.7701], [-87.70021, 41.77005], [-87.70077, 41.76987], [-87.70093, 41.76984], [-87.70117, 41.76994], [-87.70146, 41.77011], [-87.70173, 41.77036], [-87.70189, 41.77039], [-87.70217, 41.77045], [-87.70294, 41.77038], [-87.70371, 41.77032], [-87.70398, 41.77031], [-87.70434, 41.77031], [-87.70473, 41.77013], [-87.70478, 41.77012], [-87.70488, 41.77013], [-87.70542, 41.77039], [-87.70556, 41.7704], [-87.70593, 41.77034], [-87.70629, 41.77026], [-87.70682, 41.77007], [-87.70693, 41.77], [-87.70764, 41.76955], [-87.70784, 41.76951], [-87.70786, 41.76951], [-87.7085, 41.76948], [-87.70856, 41.76948], [-87.70866, 41.76946], [-87.70884, 41.76947], [-87.70905, 41.76956], [-87.70924, 41.76962], [-87.70941, 41.76959], [-87.70949, 41.76933], [-87.70946, 41.76921], [-87.7096, 41.76858], [-87.7096, 41.76856], [-87.70965, 41.76805], [-87.70961, 41.76792], [-87.70952, 41.76762], [-87.70951, 41.76748], [-87.70956, 41.76732], [-87.70978, 41.76714], [-87.71001, 41.76699], [-87.71013, 41.76683], [-87.7102, 41.76661], [-87.71026, 41.76648]], [[-87.70915, 41.76697], [-87.70919, 41.7672], [-87.7091, 41.76735], [-87.709, 41.76743], [-87.70872, 41.76764], [-87.70867, 41.76795], [-87.70864, 41.7681], [-87.70864, 41.76835], [-87.70865, 41.76861], [-87.70872, 41.76893], [-87.70862, 41.76915], [-87.70834, 41.76927], [-87.70824, 41.76927], [-87.70812, 41.76928], [-87.70783, 41.76928], [-87.70778, 41.76928], [-87.70739, 41.76932], [-87.70691, 41.76962], [-87.70687, 41.76963], [-87.70658, 41.76971], [-87.70644, 41.76983], [-87.70631, 41.76988], [-87.70614, 41.76985], [-87.70575, 41.76966], [-87.70553, 41.76965], [-87.70509, 41.76974], [-87.70491, 41.76983], [-87.70449, 41.7699], [-87.70412, 41.7699], [-87.70389, 41.76991], [-87.7038, 41.76992], [-87.70339, 41.77003], [-87.70301, 41.77028], [-87.70294, 41.77028], [-87.70281, 41.77029], [-87.70261, 41.77032], [-87.70235, 41.77031], [-87.70231, 41.77029], [-87.70223, 41.77024], [-87.70195, 41.76976], [-87.70165, 41.76941], [-87.70149, 41.76884], [-87.70139, 41.76865], [-87.70111, 41.76811], [-87.70112, 41.76809], [-87.70116, 41.76796], [-87.70122, 41.76783], [-87.70123, 41.76768], [-87.70119, 41.7676], [-87.70117, 41.76744], [-87.70117, 41.7674], [-87.70133, 41.76675], [-87.70145, 41.76646], [-87.70152, 41.76619], [-87.70162, 41.76608], [-87.70184, 41.76604], [-87.70215, 41.76604], [-87.70219, 41.76604], [-87.7025, 41.76599], [-87.70262, 41.76593], [-87.70285, 41.7659], [-87.70296, 41.76589], [-87.70313, 41.7658], [-87.70324, 41.76579], [-87.70374, 41.76591], [-87.70382, 41.76592], [-87.70415, 41.76594], [-87.70457, 41.76611], [-87.70516, 41.76617], [-87.70545, 41.76623], [-87.70582, 41.76641], [-87.70602, 41.76647], [-87.70625, 41.76648], [-87.70676, 41.76641], [-87.70678, 41.76641], [-87.7074, 41.76644], [-87.70773, 41.76641], [-87.7078, 41.76639], [-87.70811, 41.76634], [-87.70845, 41.76633], [-87.70856, 41.76633], [-87.70899, 41.76617], [-87.70905, 41.76623], [-87.70913, 41.76641], [-87.70915, 41.76657], [-87.70908, 41.76679], [-87.70915, 41.76697]], [[-87.70115, 41.76905], [-87.70116, 41.76928], [-87.70108, 41.76943], [-87.70094, 41.76956], [-87.70077, 41.76963], [-87.70069, 41.76963], [-87.7006, 41.7696], [-87.70047, 41.76938], [-87.7003, 41.76928], [-87.70011, 41.76925], [-87.69983, 41.76931], [-87.69933, 41.76945], [-87.69902, 41.76948], [-87.69889, 41.76947], [-87.69872, 41.76945], [-87.69836, 41.76933], [-87.69795, 41.76931], [-87.69788, 41.7693], [-87.69758, 41.76933], [-87.69734, 41.76931], [-87.69693, 41.76927], [-87.69678, 41.76917], [-87.69667, 41.76897], [-87.69666, 41.76881], [-87.6968, 41.76873], [-87.69714, 41.76871], [-87.69751, 41.76865], [-87.69768, 41.76853], [-87.69778, 41.76828], [-87.6978, 41.76814], [-87.69783, 41.76799], [-87.69778, 41.76779], [-87.6977, 41.7676], [-87.69752, 41.76751], [-87.6975, 41.76751], [-87.69687, 41.76747], [-87.69665, 41.76744], [-87.69662, 41.76737], [-87.69662, 41.76726], [-87.69667, 41.76718], [-87.6968, 41.76715], [-87.69699, 41.76702], [-87.69724, 41.76632], [-87.69726, 41.76629], [-87.69735, 41.76615], [-87.69753, 41.76617], [-87.69795, 41.76623], [-87.69801, 41.76624], [-87.69829, 41.76623], [-87.69852, 41.76618], [-87.6987, 41.76619], [-87.69889, 41.76623], [-87.69912, 41.76628], [-87.69934, 41.7663], [-87.69967, 41.76627], [-87.69984, 41.76624], [-87.70004, 41.76616], [-87.70043, 41.76607], [-87.70056, 41.76609], [-87.70067, 41.76615], [-87.7008, 41.76636], [-87.70086, 41.76672], [-87.70086, 41.76704], [-87.70085, 41.76715], [-87.70079, 41.7677], [-87.70079, 41.76801], [-87.70081, 41.7681], [-87.70083, 41.76827], [-87.70113, 41.769], [-87.70115, 41.76905]]]}}, {"type": "Feature", "properties": {"NAME": "Chicago Ship Cnl", "MTFCC": "H3010", "AREAWATER": "122782"}, "geometry": {"type": "Polygon", "coordinates": [[[-87.69496, 41.83509], [-87.69496, 41.83475], [-87.69495, 41.83473], [-87.69495, 41.83456], [-87.69495, 41.83438], [-87.69464, 41.83445], [-87.68868, 41.83634], [-87.68835, 41.83638], [-87.68797, 41.83637], [-87.6879, 41.83636], [-87.68751, 41.83648], [-87.68733, 41.83653], [-87.6873, 41.83659], [-87.68705, 41.83668], [-87.6866, 41.83682], [-87.68651, 41.837], [-87.68564, 41.83726], [-87.68514, 41.83742], [-87.68509, 41.83743], [-87.68496, 41.83747], [-87.68492, 41.83748], [-87.68454, 41.83759], [-87.68341, 41.83793], [-87.68303, 41.83805], [-87.68255, 41.83819], [-87.68213, 41.83832], [-87.68214, 41.83841], [-87.68119, 41.83871], [-87.68071, 41.83887], [-87.68051, 41.83893], [-87.6802, 41.83903], [-87.67867, 41.83952], [-87.67816, 41.83969], [-87.67808, 41.83958], [-87.67808, 41.83967], [-87.67807, 41.83971], [-87.67806, 41.83988], [-87.67806, 41.83995], [-87.67805, 41.84004], [-87.67806, 41.8401], [-87.67806, 41.84011], [-87.67807, 41.84026], [-87.67807, 41.84034], [-87.67807, 41.84042], [-87.6782, 41.84033], [-87.67859, 41.84022], [-87.67864, 41.84021], [-87.68019, 41.83973], [-87.68072, 41.83957], [-87.68119, 41.83943], [-87.6826, 41.83899], [-87.68307, 41.83885], [-87.68347, 41.83872], [-87.68425, 41.83849], [-87.6847, 41.83835], [-87.68511, 41.83823], [-87.68515, 41.83821], [-87.68528, 41.83818], [-87.68532, 41.83816], [-87.68578, 41.83803], [-87.68715, 41.83761], [-87.68726, 41.83758], [-87.68749, 41.83764], [-87.68762, 41.83761], [-87.6879, 41.83755], [-87.68795, 41.83745], [-87.68812, 41.83731], [-87.68847, 41.83719], [-87.68901, 41.83701], [-87.69347, 41.83557], [-87.69488, 41.83511], [-87.69496, 41.83509]]]}}, {"type": "Feature", "properties": {"NAME": null, "MTFCC": "H2030", "AREAWATER": "88009"}, "geometry": {"type": "Polygon", "coordinates": [[[-87.96923, 42.0348], [-87.9692, 42.03457], [-87.969, 42.0338], [-87.96894, 42.03367], [-87.96885, 42.03357], [-87.96867, 42.03343], [-87.96847, 42.03332], [-87.96835, 42.03319], [-87.96799, 42.03294], [-87.96777, 42.03276], [-87.96763, 42.03268], [-87.96723, 42.03254], [-87.96711, 42.03246], [-87.96703, 42.03244], [-87.96668, 42.03233], [-87.96656, 42.03232], [-87.9664, 42.03235], [-87.96632, 42.03241], [-87.96616, 42.03259], [-87.96607, 42.03274], [-87.966, 42.03297], [-87.96601, 42.03305], [-87.96599, 42.03316], [-87.96601, 42.03322], [-87.96604, 42.03375], [-87.96608, 42.03398], [-87.96606, 42.03415], [-87.96607, 42.03418], [-87.96605, 42.03436], [-87.96594, 42.03469], [-87.96588, 42.03499], [-87.96576, 42.0353], [-87.96579, 42.03539], [-87.96579, 42.03565], [-87.96586, 42.03575], [-87.96593, 42.03594], [-87.96603, 42.0362], [-87.96609, 42.03628], [-87.96621, 42.03637], [-87.96629, 42.0364], [-87.9665, 42.03638], [-87.967, 42.03607], [-87.96715, 42.03603], [-87.96721, 42.03601], [-87.96736, 42.03586], [-87.96738, 42.03565], [-87.96748, 42.03551], [-87.96759, 42.03543], [-87.96784, 42.03536], [-87.96792, 42.03535], [-87.96811, 42.03534], [-87.96849, 42.03552], [-87.96861, 42.0356], [-87.96867, 42.03567], [-87.96872, 42.03588], [-87.96877, 42.03592], [-87.96896, 42.0359], [-87.96906, 42.03581], [-87.96909, 42.03579], [-87.96918, 42.03569], [-87.96917, 42.03539], [-87.96918, 42.03529], [-87.96923, 42.0348]]]}}, {"type": "Feature", "properties": {"NAME": "Sansone Slough", "MTFCC": "H2030", "AREAWATER": "133411"}, "geometry": {"type": "Polygon", "coordinates": [[[-87.88466, 41.65617], [-87.88466, 41.65609], [-87.8846, 41.65599], [-87.88453, 41.65592], [-87.88436, 41.6558], [-87.88428, 41.6557], [-87.88417, 41.65557], [-87.88411, 41.6555], [-87.88394, 41.65541], [-87.88391, 41.65533], [-87.88378, 41.65523], [-87.88345, 41.65524], [-87.88317, 41.65522], [-87.88279, 41.6552], [-87.8825, 41.65521], [-87.88221, 41.6551], [-87.88195, 41.65499], [-87.88154, 41.65501], [-87.88122, 41.65501], [-87.88052, 41.65523], [-87.8803, 41.65527], [-87.8799, 41.65547], [-87.87963, 41.65561], [-87.87945, 41.65575], [-87.87934, 41.65598], [-87.87918, 41.65616], [-87.87894, 41.65637], [-87.8787, 41.65649], [-87.87819, 41.6567], [-87.87777, 41.65686], [-87.87764, 41.65705], [-87.87754, 41.65723], [-87.87759, 41.65743], [-87.87777, 41.65765], [-87.87795, 41.65778], [-87.87809, 41.65795], [-87.8782, 41.65811], [-87.87837, 41.6582], [-87.87857, 41.65838], [-87.87872, 41.65844], [-87.87889, 41.65851], [-87.87907, 41.65858], [-87.87919, 41.65852], [-87.87948, 41.6585], [-87.87964, 41.6585], [-87.87983, 41.65843], [-87.87989, 41.65836], [-87.87987, 41.65825], [-87.87985, 41.65809], [-87.87996, 41.65802], [-87.88016, 41.65805], [-87.88032, 41.65822], [-87.88033, 41.65836], [-87.88036, 41.65845], [-87.88046, 41.65846], [-87.88057, 41.65846], [-87.8807, 41.6584], [-87.8809, 41.65832], [-87.88128, 41.65819], [-87.8817, 41.65806], [-87.88195, 41.65792], [-87.88201, 41.65782], [-87.882, 41.65773], [-87.88182, 41.65763], [-87.88174, 41.6575], [-87.88175, 41.65733], [-87.88185, 41.65714], [-87.88193, 41.65695], [-87.8821, 41.65678], [-87.88221, 41.65672], [-87.88242, 41.65685], [-87.88266, 41.65701], [-87.88278, 41.65702], [-87.88293, 41.65697], [-87.88317, 41.65689], [-87.8835, 41.65682], [-87.88372, 41.65682], [-87.88391, 41.65672], [-87.88407, 41.6566], [-87.88422, 41.65644], [-87.88425, 41.65637], [-87.88432, 41.65631], [-87.88444, 41.65631], [-87.88456, 41.65625], [-87.88466, 41.65617]]]}}, {"type": "Feature", "properties": {"NAME": null, "MTFCC": "H2030", "AREAWATER": "88375"}, "geometry": {"type": "Polygon", "coordinates": [[[-87.93921, 41.92455], [-87.93921, 41.92452], [-87.93893, 41.92453], [-87.93859, 41.92454], [-87.93805, 41.92455], [-87.93772, 41.92456], [-87.93743, 41.92455], [-87.93723, 41.92455], [-87.93666, 41.92455], [-87.93605, 41.92456], [-87.93483, 41.92456], [-87.93362, 41.92461], [-87.93302, 41.92461], [-87.9324, 41.92462], [-87.93188, 41.92463], [-87.93185, 41.92462], [-87.9318, 41.9246], [-87.93177, 41.9246], [-87.93171, 41.92461], [-87.93138, 41.92462], [-87.93119, 41.92465], [-87.9311, 41.92466], [-87.931, 41.92465], [-87.93093, 41.92464], [-87.93086, 41.92463], [-87.93081, 41.92463], [-87.93058, 41.92462], [-87.93009, 41.92462], [-87.92998, 41.92463], [-87.92983, 41.92463], [-87.92967, 41.92464], [-87.92957, 41.92463], [-87.92942, 41.92464], [-87.92913, 41.92465], [-87.92878, 41.92466], [-87.92864, 41.92466], [-87.92856, 41.92467], [-87.92841, 41.92467], [-87.92832, 41.92466], [-87.92821, 41.92466], [-87.92814, 41.92467], [-87.92795, 41.92465], [-87.92776, 41.92466], [-87.92767, 41.92467], [-87.92757, 41.92468], [-87.92714, 41.92471], [-87.92671, 41.92472], [-87.92667, 41.92468], [-87.92664, 41.9247], [-87.9266, 41.9247], [-87.92636, 41.92472], [-87.92629, 41.92472], [-87.92627, 41.92472], [-87.92609, 41.92471], [-87.92548, 41.92475], [-87.92533, 41.92476], [-87.92522, 41.92476], [-87.92516, 41.92477], [-87.92505, 41.92478], [-87.92502, 41.92477], [-87.92496, 41.9248], [-87.92494, 41.92482], [-87.92492, 41.92484], [-87.92489, 41.92485], [-87.92487, 41.92486], [-87.92486, 41.92492], [-87.92485, 41.92494], [-87.92483, 41.92496], [-87.92477, 41.92506], [-87.92471, 41.92514], [-87.92467, 41.92517], [-87.92455, 41.92523], [-87.92434, 41.92531], [-87.92418, 41.92538], [-87.92404, 41.92546], [-87.92395, 41.92549], [-87.92385, 41.92551], [-87.9236, 41.92564], [-87.92344, 41.92575], [-87.92324, 41.92588], [-87.92312, 41.92596], [-87.92301, 41.92605], [-87.92295, 41.92611], [-87.92293, 41.92616], [-87.9229, 41.92619], [-87.92288, 41.92621], [-87.92284, 41.92623], [-87.9228, 41.92624], [-87.92277, 41.92624], [-87.92255, 41.92621], [-87.92236, 41.92621], [-87.92229, 41.9262], [-87.92218, 41.9262], [-87.92209, 41.92621], [-87.92193, 41.92623], [-87.92185, 41.92625], [-87.9217, 41.92628], [-87.92143, 41.92634], [-87.92138, 41.92636], [-87.92133, 41.9264], [-87.9213, 41.92642], [-87.92126, 41.92642], [-87.92121, 41.9264], [-87.92112, 41.92643], [-87.9209, 41.92649], [-87.92059, 41.92655], [-87.92055, 41.92654], [-87.92053, 41.92655], [-87.92043, 41.92657], [-87.92032, 41.92656], [-87.92033, 41.92663], [-87.92043, 41.92664], [-87.92056, 41.92666], [-87.92061, 41.92669], [-87.92069, 41.92672], [-87.92072, 41.92674], [-87.92079, 41.92681], [-87.92085, 41.92687], [-87.92093, 41.927], [-87.92096, 41.92707], [-87.92105, 41.92741], [-87.92108, 41.92755], [-87.92109, 41.92823], [-87.9211, 41.92829], [-87.92112, 41.92836], [-87.92116, 41.92857], [-87.92118, 41.9286], [-87.92135, 41.92903], [-87.92135, 41.92905], [-87.92134, 41.92906], [-87.92132, 41.92909], [-87.92128, 41.92915], [-87.92127, 41.92919], [-87.92127, 41.92932], [-87.92128, 41.92943], [-87.92128, 41.92949], [-87.92129, 41.92954], [-87.92135, 41.92971], [-87.92142, 41.92984], [-87.92147, 41.92995], [-87.92149, 41.93001], [-87.92149, 41.93004], [-87.92149, 41.93009], [-87.92144, 41.93023], [-87.92144, 41.93025], [-87.92142, 41.9303], [-87.92144, 41.93038], [-87.92148, 41.93045], [-87.92153, 41.93051], [-87.92158, 41.93054], [-87.92175, 41.93061], [-87.92183, 41.93064], [-87.92191, 41.93065], [-87.92194, 41.93066], [-87.92195, 41.93067], [-87.92195, 41.93068], [-87.92196, 41.93074], [-87.92198, 41.93082], [-87.922, 41.93092], [-87.922, 41.93098], [-87.92201, 41.931], [-87.92199, 41.93111], [-87.922, 41.93136], [-87.922, 41.93146], [-87.92201, 41.93152], [-87.92199, 41.93184], [-87.92197, 41.93193], [-87.92196, 41.93215], [-87.92196, 41.9325], [-87.92194, 41.93261], [-87.92194, 41.93335], [-87.92192, 41.93345], [-87.92192, 41.93371], [-87.92192, 41.93373], [-87.92197, 41.93378], [-87.92196, 41.93406], [-87.92194, 41.93422], [-87.92192, 41.93451], [-87.92193, 41.93457], [-87.92191, 41.93462], [-87.92192, 41.93477], [-87.92192, 41.9349], [-87.92193, 41.93514], [-87.92193, 41.93539], [-87.92194, 41.93542], [-87.92196, 41.93544], [-87.922, 41.93548], [-87.92206, 41.9355], [-87.92212, 41.93552], [-87.92219, 41.93552], [-87.92232, 41.93551], [-87.92267, 41.93551], [-87.92285, 41.93552], [-87.92304, 41.93551], [-87.92347, 41.93548], [-87.92355, 41.93548], [-87.92362, 41.93549], [-87.92369, 41.93549], [-87.92389, 41.93547], [-87.92399, 41.93547], [-87.92405, 41.93548], [-87.9241, 41.9355], [-87.92415, 41.93554], [-87.9243, 41.93566], [-87.9244, 41.93574], [-87.92445, 41.93578], [-87.9246, 41.93589], [-87.92477, 41.93604], [-87.9248, 41.93606], [-87.92485, 41.93609], [-87.92489, 41.93612], [-87.92514, 41.93636], [-87.9252, 41.93641], [-87.9253, 41.93652], [-87.92534, 41.93655], [-87.92536, 41.93657], [-87.92548, 41.93666], [-87.92564, 41.93679], [-87.92573, 41.93687], [-87.92591, 41.93704], [-87.92597, 41.93709], [-87.92608, 41.93718], [-87.92615, 41.93725], [-87.92632, 41.9374], [-87.92666, 41.93767], [-87.92681, 41.93781], [-87.92689, 41.93794], [-87.92689, 41.93796], [-87.92693, 41.93804], [-87.92697, 41.93815], [-87.92701, 41.93826], [-87.92705, 41.93839], [-87.92705, 41.93841], [-87.92708, 41.93847], [-87.92715, 41.93867], [-87.92717, 41.93878], [-87.92717, 41.9388], [-87.9272, 41.93907], [-87.92723, 41.9392], [-87.92725, 41.93925], [-87.9273, 41.93935], [-87.92748, 41.93961], [-87.92753, 41.93966], [-87.92755, 41.93967], [-87.92758, 41.93968], [-87.9276, 41.93967], [-87.92765, 41.93974], [-87.92774, 41.93989], [-87.92774, 41.93999], [-87.92776, 41.94002], [-87.9278, 41.94007], [-87.92785, 41.94013], [-87.92787, 41.94018], [-87.92797, 41.94047], [-87.928, 41.94059], [-87.92802, 41.94065], [-87.92805, 41.94077], [-87.92807, 41.94083], [-87.92817, 41.94101], [-87.92823, 41.94116], [-87.92827, 41.94123], [-87.92829, 41.9413], [-87.9283, 41.94132], [-87.92833, 41.94139], [-87.92858, 41.94193], [-87.92857, 41.94196], [-87.92857, 41.942], [-87.92855, 41.94216], [-87.92847, 41.9424], [-87.92847, 41.94245], [-87.92848, 41.94248], [-87.92851, 41.94255], [-87.92856, 41.94259], [-87.9286, 41.94261], [-87.92865, 41.94262], [-87.92868, 41.94263], [-87.92882, 41.94263], [-87.92904, 41.94261], [-87.92913, 41.94261], [-87.9292, 41.94261], [-87.92929, 41.9426], [-87.9295, 41.94259], [-87.92958, 41.9426], [-87.92964, 41.94261], [-87.92965, 41.94263], [-87.92966, 41.94265], [-87.92969, 41.94281], [-87.92969, 41.94295], [-87.9297, 41.94306], [-87.9297, 41.94338], [-87.92971, 41.94373], [-87.92973, 41.94392], [-87.92974, 41.94411], [-87.92975, 41.94417], [-87.92975, 41.94425], [-87.92975, 41.94432], [-87.92974, 41.94436], [-87.92976, 41.94438], [-87.92975, 41.9444], [-87.92972, 41.94441], [-87.92966, 41.94441], [-87.92946, 41.94441], [-87.929, 41.94443], [-87.92882, 41.94442], [-87.92872, 41.94443], [-87.92869, 41.94444], [-87.92867, 41.94446], [-87.92865, 41.94449], [-87.92863, 41.94456], [-87.92862, 41.94492], [-87.9286, 41.94494], [-87.92838, 41.94494], [-87.92807, 41.94494], [-87.92768, 41.94496], [-87.9276, 41.94496], [-87.92696, 41.94498], [-87.92677, 41.94499], [-87.9259, 41.94502], [-87.92585, 41.94502], [-87.92582, 41.94503], [-87.92577, 41.94506], [-87.92575, 41.94508], [-87.92574, 41.94511], [-87.92572, 41.94517], [-87.92573, 41.9452], [-87.92575, 41.94522], [-87.92589, 41.94535], [-87.9261, 41.94551], [-87.92617, 41.94556], [-87.92621, 41.94557], [-87.92631, 41.94558], [-87.92635, 41.94558], [-87.92632, 41.94584], [-87.92635, 41.94588], [-87.92636, 41.9459], [-87.92634, 41.94592], [-87.92632, 41.94593], [-87.92593, 41.94592], [-87.92579, 41.94593], [-87.92576, 41.94593], [-87.92561, 41.94592], [-87.92558, 41.94593], [-87.92553, 41.94595], [-87.92548, 41.94598], [-87.92538, 41.94605], [-87.92528, 41.94609], [-87.9252, 41.94613], [-87.92509, 41.9462], [-87.92495, 41.94622], [-87.92509, 41.94623], [-87.92511, 41.94622], [-87.92519, 41.94616], [-87.92528, 41.94612], [-87.92531, 41.94611], [-87.92547, 41.94601], [-87.9255, 41.94599], [-87.92555, 41.94597], [-87.92563, 41.94595], [-87.92583, 41.94595], [-87.92599, 41.94595], [-87.92635, 41.94596], [-87.92636, 41.94597], [-87.92636, 41.94615], [-87.92637, 41.94617], [-87.92637, 41.94623], [-87.92637, 41.94628], [-87.92638, 41.9463], [-87.92637, 41.9467], [-87.92638, 41.94685], [-87.92637, 41.94708], [-87.92639, 41.94732], [-87.92637, 41.94738], [-87.92634, 41.94744], [-87.92634, 41.94747], [-87.92634, 41.94752], [-87.92637, 41.94755], [-87.92638, 41.94759], [-87.92637, 41.94801], [-87.92637, 41.94812], [-87.92635, 41.94837], [-87.92633, 41.94844], [-87.92634, 41.94859], [-87.92631, 41.9487], [-87.92631, 41.94877], [-87.92633, 41.94882], [-87.92636, 41.94885], [-87.92639, 41.94886], [-87.9265, 41.94888], [-87.92664, 41.94887], [-87.92679, 41.94888], [-87.92691, 41.94887], [-87.92703, 41.94886], [-87.9272, 41.94886], [-87.92747, 41.94885], [-87.92751, 41.94884], [-87.9277, 41.94884], [-87.92773, 41.94883], [-87.92769, 41.94881], [-87.92763, 41.94882], [-87.92758, 41.94882], [-87.92724, 41.94883], [-87.92711, 41.94883], [-87.92659, 41.94885], [-87.92643, 41.94885], [-87.92639, 41.94884], [-87.92636, 41.94882], [-87.92634, 41.94876], [-87.92634, 41.94874], [-87.92636, 41.94866], [-87.9264, 41.9483], [-87.92641, 41.94826], [-87.92642, 41.94817], [-87.92641, 41.94806], [-87.92643, 41.94791], [-87.92642, 41.9477], [-87.92642, 41.94757], [-87.92641, 41.94748], [-87.9264, 41.94744], [-87.92641, 41.9474], [-87.92642, 41.94736], [-87.92641, 41.94725], [-87.92642, 41.94705], [-87.92642, 41.9468], [-87.92641, 41.94665], [-87.92642, 41.94638], [-87.92642, 41.9463], [-87.92643, 41.94629], [-87.92643, 41.94623], [-87.92642, 41.94618], [-87.92643, 41.94613], [-87.92643, 41.94602], [-87.92641, 41.94558], [-87.92698, 41.94559], [-87.92709, 41.94558], [-87.92715, 41.94556], [-87.92717, 41.94555], [-87.92719, 41.94553], [-87.9272, 41.94552], [-87.92721, 41.94539], [-87.92723, 41.94532], [-87.92724, 41.9453], [-87.92729, 41.94526], [-87.92732, 41.94525], [-87.9274, 41.94524], [-87.92752, 41.94523], [-87.9276, 41.94522], [-87.92774, 41.94522], [-87.92815, 41.94522], [-87.92842, 41.9452], [-87.92869, 41.9452], [-87.92914, 41.94519], [-87.92921, 41.94518], [-87.92924, 41.94517], [-87.92925, 41.94514], [-87.92926, 41.9451], [-87.92927, 41.94504], [-87.92927, 41.94497], [-87.92928, 41.94492], [-87.92931, 41.94487], [-87.92939, 41.94481], [-87.92946, 41.94477], [-87.92949, 41.94476], [-87.92955, 41.94476], [-87.92979, 41.94475], [-87.93001, 41.94474], [-87.93003, 41.94474], [-87.93017, 41.94474], [-87.93022, 41.94473], [-87.93026, 41.94471], [-87.93028, 41.9447], [-87.93029, 41.94468], [-87.93029, 41.94459], [-87.93029, 41.94452], [-87.93029, 41.94437], [-87.93028, 41.94426], [-87.93028, 41.94417], [-87.93028, 41.94411], [-87.93027, 41.94376], [-87.93026, 41.94355], [-87.93027, 41.9435], [-87.9303, 41.94343], [-87.93036, 41.94337], [-87.93041, 41.94333], [-87.93045, 41.94331], [-87.93052, 41.9433], [-87.93067, 41.9433], [-87.93076, 41.94331], [-87.93083, 41.9433], [-87.93105, 41.9433], [-87.93124, 41.94328], [-87.93127, 41.94327], [-87.93129, 41.94319], [-87.93128, 41.94306], [-87.93129, 41.94299], [-87.93128, 41.94294], [-87.93162, 41.94293], [-87.93169, 41.94291], [-87.93181, 41.94287], [-87.93185, 41.94287], [-87.93192, 41.94286], [-87.93198, 41.94285], [-87.93217, 41.94283], [-87.93237, 41.94283], [-87.93257, 41.94283], [-87.93259, 41.94282], [-87.93261, 41.94282], [-87.93271, 41.94281], [-87.93278, 41.94282], [-87.93292, 41.94285], [-87.93303, 41.94286], [-87.93316, 41.94286], [-87.93338, 41.94284], [-87.93354, 41.94282], [-87.93361, 41.94283], [-87.93368, 41.94287], [-87.93381, 41.94292], [-87.93398, 41.94298], [-87.93408, 41.94301], [-87.93432, 41.94304], [-87.93453, 41.94304], [-87.93456, 41.94304], [-87.93459, 41.94302], [-87.93459, 41.94299], [-87.93456, 41.94299], [-87.93452, 41.94301], [-87.93443, 41.94302], [-87.93433, 41.94302], [-87.93413, 41.943], [-87.93403, 41.94298], [-87.9339, 41.94294], [-87.93375, 41.94287], [-87.9337, 41.94284], [-87.93364, 41.94282], [-87.93354, 41.9428], [-87.9332, 41.94284], [-87.93312, 41.94284], [-87.93293, 41.94282], [-87.93277, 41.9428], [-87.9326, 41.94279], [-87.93257, 41.94279], [-87.93239, 41.94278], [-87.93237, 41.94278], [-87.93217, 41.94279], [-87.93211, 41.94278], [-87.93205, 41.9428], [-87.93199, 41.9428], [-87.93189, 41.94281], [-87.93172, 41.94284], [-87.93128, 41.94285], [-87.93126, 41.94279], [-87.93123, 41.94274], [-87.93111, 41.94257], [-87.93099, 41.94238], [-87.93094, 41.94231], [-87.93073, 41.94198], [-87.93068, 41.94194], [-87.93063, 41.94192], [-87.93057, 41.9419], [-87.93051, 41.9419], [-87.93, 41.94192], [-87.92981, 41.94193], [-87.92952, 41.94195], [-87.92934, 41.94193], [-87.92915, 41.94194], [-87.92909, 41.94194], [-87.92892, 41.94194], [-87.92878, 41.94196], [-87.92875, 41.94196], [-87.92867, 41.94191], [-87.92865, 41.94191], [-87.92845, 41.94139], [-87.92843, 41.94132], [-87.92843, 41.94128], [-87.92834, 41.94109], [-87.92823, 41.94087], [-87.92817, 41.94073], [-87.92811, 41.94061], [-87.92808, 41.94038], [-87.92806, 41.94033], [-87.92801, 41.94016], [-87.92795, 41.94004], [-87.92792, 41.93993], [-87.9279, 41.93991], [-87.92788, 41.93989], [-87.92785, 41.93988], [-87.92782, 41.93987], [-87.92775, 41.93974], [-87.9277, 41.93964], [-87.92772, 41.93962], [-87.92772, 41.93958], [-87.92771, 41.93957], [-87.92765, 41.93954], [-87.92755, 41.9395], [-87.92747, 41.93939], [-87.92742, 41.93931], [-87.92736, 41.93924], [-87.92733, 41.9392], [-87.92731, 41.93917], [-87.92726, 41.93906], [-87.92725, 41.93899], [-87.92725, 41.93891], [-87.92724, 41.93885], [-87.92725, 41.93877], [-87.92722, 41.93864], [-87.92719, 41.93853], [-87.92716, 41.93844], [-87.92715, 41.9384], [-87.92711, 41.93829], [-87.92709, 41.93822], [-87.92701, 41.93804], [-87.92698, 41.93799], [-87.92697, 41.93795], [-87.92689, 41.93783], [-87.92685, 41.93778], [-87.92682, 41.93776], [-87.92671, 41.93763], [-87.92665, 41.93758], [-87.92659, 41.93753], [-87.92649, 41.93744], [-87.92639, 41.93737], [-87.92581, 41.93686], [-87.92574, 41.9368], [-87.92563, 41.93669], [-87.92554, 41.9366], [-87.9254, 41.93646], [-87.92538, 41.93644], [-87.92512, 41.9362], [-87.92502, 41.93609], [-87.92496, 41.93605], [-87.92495, 41.93604], [-87.92483, 41.93594], [-87.9246, 41.93578], [-87.92454, 41.93574], [-87.92432, 41.93557], [-87.92413, 41.93545], [-87.924, 41.93541], [-87.92396, 41.9354], [-87.92387, 41.93539], [-87.92382, 41.9354], [-87.92378, 41.93541], [-87.92364, 41.93542], [-87.92323, 41.93543], [-87.92293, 41.93545], [-87.92267, 41.93546], [-87.92233, 41.93544], [-87.92221, 41.93545], [-87.92216, 41.93544], [-87.92209, 41.93542], [-87.92207, 41.9354], [-87.92206, 41.93535], [-87.92205, 41.93529], [-87.92205, 41.93523], [-87.92206, 41.93519], [-87.92205, 41.93515], [-87.92206, 41.9351], [-87.92207, 41.93507], [-87.92208, 41.93499], [-87.92207, 41.93494], [-87.92208, 41.9349], [-87.92207, 41.93485], [-87.92207, 41.93466], [-87.92208, 41.93419], [-87.92207, 41.93415], [-87.92206, 41.93413], [-87.92204, 41.93412], [-87.92203, 41.9341], [-87.92201, 41.93406], [-87.92202, 41.93378], [-87.92208, 41.9337], [-87.92208, 41.93366], [-87.92209, 41.93349], [-87.92209, 41.93338], [-87.92209, 41.93302], [-87.92209, 41.93277], [-87.92208, 41.9327], [-87.92209, 41.93253], [-87.92206, 41.93227], [-87.92205, 41.93217], [-87.92207, 41.93205], [-87.92208, 41.93179], [-87.92211, 41.93176], [-87.92213, 41.93177], [-87.92215, 41.93178], [-87.92232, 41.93187], [-87.92239, 41.9319], [-87.9224, 41.93188], [-87.92236, 41.93185], [-87.92227, 41.9318], [-87.92215, 41.93171], [-87.92213, 41.93168], [-87.92212, 41.93165], [-87.9221, 41.93159], [-87.92209, 41.93148], [-87.92208, 41.93136], [-87.92208, 41.93125], [-87.92209, 41.93123], [-87.9221, 41.93109], [-87.92209, 41.93106], [-87.92208, 41.93104], [-87.92207, 41.93103], [-87.92207, 41.93095], [-87.92208, 41.93093], [-87.92208, 41.9309], [-87.92205, 41.9308], [-87.92205, 41.93073], [-87.92206, 41.93069], [-87.9221, 41.93067], [-87.92212, 41.93067], [-87.92221, 41.93068], [-87.9223, 41.93068], [-87.92234, 41.93067], [-87.92255, 41.93057], [-87.92266, 41.93049], [-87.9227, 41.93045], [-87.92275, 41.93035], [-87.92278, 41.93024], [-87.92277, 41.93019], [-87.92277, 41.93013], [-87.92276, 41.93004], [-87.92273, 41.92991], [-87.92272, 41.92988], [-87.92267, 41.92982], [-87.9226, 41.92975], [-87.92255, 41.92973], [-87.92248, 41.92971], [-87.92244, 41.92971], [-87.92223, 41.92973], [-87.92215, 41.92975], [-87.92205, 41.92978], [-87.92201, 41.92979], [-87.92196, 41.92979], [-87.92187, 41.92979], [-87.92184, 41.92978], [-87.9218, 41.92976], [-87.92178, 41.92974], [-87.92173, 41.9297], [-87.92167, 41.92957], [-87.92162, 41.92943], [-87.92163, 41.92938], [-87.92162, 41.92932], [-87.9216, 41.92929], [-87.92162, 41.92923], [-87.92162, 41.92917], [-87.92159, 41.92908], [-87.92158, 41.92907], [-87.92148, 41.92902], [-87.92146, 41.929], [-87.92145, 41.92899], [-87.92141, 41.92892], [-87.92138, 41.92883], [-87.92135, 41.9288], [-87.9213, 41.92872], [-87.92128, 41.92869], [-87.92127, 41.9286], [-87.92124, 41.92857], [-87.92124, 41.92855], [-87.92117, 41.92827], [-87.92116, 41.92814], [-87.92117, 41.92802], [-87.92118, 41.92769], [-87.92117, 41.92754], [-87.92114, 41.92726], [-87.92112, 41.92714], [-87.92107, 41.92701], [-87.92104, 41.92695], [-87.92103, 41.92693], [-87.92093, 41.92684], [-87.92092, 41.92683], [-87.92092, 41.92681], [-87.9209, 41.92677], [-87.92083, 41.92672], [-87.92073, 41.92666], [-87.92066, 41.92659], [-87.92068, 41.92658], [-87.92097, 41.92653], [-87.92113, 41.92649], [-87.9212, 41.92648], [-87.92122, 41.92648], [-87.92127, 41.92649], [-87.9213, 41.92649], [-87.92133, 41.92647], [-87.92136, 41.92642], [-87.92138, 41.92641], [-87.92141, 41.9264], [-87.92161, 41.92635], [-87.92177, 41.92632], [-87.92185, 41.9263], [-87.92197, 41.92628], [-87.92205, 41.92625], [-87.92211, 41.92624], [-87.92214, 41.92624], [-87.92224, 41.92625], [-87.92247, 41.92626], [-87.92261, 41.92628], [-87.92268, 41.9263], [-87.92273, 41.9263], [-87.9228, 41.9263], [-87.92285, 41.92629], [-87.92291, 41.92628], [-87.92298, 41.92625], [-87.92302, 41.9262], [-87.92308, 41.92617], [-87.92309, 41.92614], [-87.92309, 41.92611], [-87.92309, 41.92609], [-87.92313, 41.92606], [-87.92319, 41.92601], [-87.9234, 41.92582], [-87.92367, 41.92564], [-87.92385, 41.92555], [-87.9239, 41.92553], [-87.92416, 41.92546], [-87.92419, 41.92544], [-87.92424, 41.92541], [-87.92431, 41.92539], [-87.92437, 41.92537], [-87.92451, 41.92534], [-87.92462, 41.92528], [-87.9247, 41.92526], [-87.92472, 41.92525], [-87.9248, 41.92515], [-87.92483, 41.9251], [-87.92484, 41.92506], [-87.92492, 41.92494], [-87.92497, 41.92489], [-87.92498, 41.92486], [-87.92498, 41.92484], [-87.92501, 41.92482], [-87.92504, 41.92482], [-87.9251, 41.92481], [-87.92516, 41.92479], [-87.92519, 41.9248], [-87.92522, 41.9248], [-87.92584, 41.92478], [-87.92598, 41.92477], [-87.92629, 41.92475], [-87.92636, 41.92475], [-87.92665, 41.92474], [-87.92675, 41.92474], [-87.9268, 41.92476], [-87.92692, 41.92476], [-87.92726, 41.92475], [-87.92747, 41.92475], [-87.92757, 41.92474], [-87.92766, 41.92471], [-87.92777, 41.92469], [-87.92784, 41.92468], [-87.92798, 41.92469], [-87.9281, 41.9247], [-87.9283, 41.92469], [-87.92843, 41.92469], [-87.92851, 41.92471], [-87.92858, 41.92471], [-87.92865, 41.92471], [-87.92872, 41.92472], [-87.92878, 41.92472], [-87.92923, 41.92471], [-87.92932, 41.9247], [-87.92939, 41.92469], [-87.92945, 41.92469], [-87.92952, 41.9247], [-87.92963, 41.9247], [-87.92976, 41.92469], [-87.92998, 41.92469], [-87.93025, 41.92469], [-87.93028, 41.92469], [-87.93029, 41.92473], [-87.93032, 41.92473], [-87.93034, 41.92473], [-87.93034, 41.92471], [-87.93037, 41.92468], [-87.93042, 41.92468], [-87.93064, 41.92467], [-87.93082, 41.92466], [-87.93096, 41.92467], [-87.93105, 41.92468], [-87.93117, 41.92469], [-87.93119, 41.92469], [-87.93123, 41.92469], [-87.93126, 41.92468], [-87.9313, 41.92467], [-87.93134, 41.92466], [-87.93152, 41.92467], [-87.9316, 41.92466], [-87.93176, 41.92467], [-87.93188, 41.92467], [-87.9324, 41.92466], [-87.93362, 41.92464], [-87.93484, 41.9246], [-87.93605, 41.92458], [-87.93666, 41.92456], [-87.93755, 41.92459], [-87.93868, 41.92458], [-87.93891, 41.92457], [-87.93907, 41.92457], [-87.93921, 41.92457], [-87.93921, 41.92455]], [[-87.92262, 41.93029], [-87.92262, 41.93032], [-87.92261, 41.93036], [-87.92259, 41.93041], [-87.92255, 41.93043], [-87.92248, 41.93047], [-87.92237, 41.93049], [-87.92234, 41.93051], [-87.92228, 41.93051], [-87.92225, 41.93051], [-87.92221, 41.93049], [-87.9222, 41.93048], [-87.92219, 41.93047], [-87.92218, 41.93045], [-87.92216, 41.93041], [-87.92216, 41.93038], [-87.92218, 41.93036], [-87.92221, 41.93034], [-87.92226, 41.93033], [-87.92242, 41.93032], [-87.92245, 41.93031], [-87.92254, 41.93026], [-87.92257, 41.93026], [-87.92259, 41.93027], [-87.92261, 41.93027], [-87.92262, 41.93029]]]}}, {"type": "Feature", "properties": {"NAME": "Golfview Lk", "MTFCC": "H2030", "AREAWATER": "128137"}, "geometry": {"type": "Polygon", "coordinates": [[[-87.9464, 41.78618], [-87.94641, 41.78586], [-87.94639, 41.78568], [-87.94641, 41.78561], [-87.9464, 41.78553], [-87.94638, 41.78545], [-87.94638, 41.78536], [-87.94637, 41.785], [-87.9464, 41.78494], [-87.94637, 41.7849], [-87.94631, 41.78485], [-87.94625, 41.7848], [-87.94618, 41.78478], [-87.94609, 41.78475], [-87.94591, 41.78464], [-87.94587, 41.7846], [-87.94586, 41.78454], [-87.94582, 41.78433], [-87.94578, 41.78427], [-87.94574, 41.78425], [-87.94569, 41.78425], [-87.94556, 41.78427], [-87.94546, 41.7843], [-87.94539, 41.78432], [-87.94533, 41.78433], [-87.94523, 41.78428], [-87.94515, 41.78423], [-87.94512, 41.78417], [-87.94515, 41.78412], [-87.94524, 41.78403], [-87.94532, 41.78393], [-87.9454, 41.78379], [-87.94541, 41.78369], [-87.94541, 41.78358], [-87.94539, 41.78348], [-87.94532, 41.78337], [-87.94514, 41.78326], [-87.94491, 41.78317], [-87.94482, 41.78312], [-87.94472, 41.78307], [-87.94454, 41.78306], [-87.94421, 41.78306], [-87.94413, 41.78302], [-87.94408, 41.78297], [-87.94397, 41.78293], [-87.94386, 41.78295], [-87.9438, 41.7829], [-87.94362, 41.7829], [-87.94333, 41.78301], [-87.94322, 41.78307], [-87.94311, 41.78312], [-87.94296, 41.78316], [-87.94289, 41.78316], [-87.94282, 41.7832], [-87.9427, 41.78323], [-87.94247, 41.7833], [-87.94188, 41.78329], [-87.94176, 41.7833], [-87.94165, 41.78332], [-87.94153, 41.78335], [-87.94141, 41.78341], [-87.94123, 41.78343], [-87.94089, 41.78345], [-87.94045, 41.78345], [-87.94034, 41.78346], [-87.94031, 41.78351], [-87.94029, 41.78361], [-87.94022, 41.78373], [-87.94006, 41.78376], [-87.93999, 41.78379], [-87.93996, 41.78382], [-87.93986, 41.78382], [-87.9398, 41.78379], [-87.9396, 41.78382], [-87.93948, 41.78387], [-87.9394, 41.78394], [-87.93928, 41.78413], [-87.93924, 41.7843], [-87.93927, 41.78452], [-87.93944, 41.78499], [-87.93953, 41.78511], [-87.93963, 41.78517], [-87.93973, 41.78518], [-87.93984, 41.78517], [-87.94013, 41.78518], [-87.94029, 41.7852], [-87.94043, 41.78521], [-87.94063, 41.78521], [-87.94085, 41.78513], [-87.94106, 41.78507], [-87.94127, 41.78504], [-87.94139, 41.785], [-87.94151, 41.78502], [-87.94154, 41.78501], [-87.94159, 41.78506], [-87.94163, 41.78506], [-87.94175, 41.78507], [-87.94179, 41.78508], [-87.9419, 41.78508], [-87.94208, 41.78512], [-87.94216, 41.78517], [-87.94222, 41.78528], [-87.94245, 41.7854], [-87.9426, 41.78547], [-87.94268, 41.78544], [-87.94271, 41.78544], [-87.94284, 41.78541], [-87.94286, 41.78537], [-87.94295, 41.78536], [-87.94308, 41.78533], [-87.94317, 41.78526], [-87.94315, 41.7852], [-87.94323, 41.7851], [-87.94338, 41.78489], [-87.94347, 41.78473], [-87.94364, 41.78463], [-87.94383, 41.78462], [-87.94395, 41.7846], [-87.94411, 41.78466], [-87.94422, 41.78474], [-87.94431, 41.78486], [-87.94429, 41.78497], [-87.94428, 41.7851], [-87.94425, 41.78523], [-87.94414, 41.78537], [-87.94405, 41.78547], [-87.94393, 41.78555], [-87.94375, 41.78561], [-87.94368, 41.78559], [-87.94351, 41.78556], [-87.94343, 41.78552], [-87.94339, 41.78551], [-87.94338, 41.78553], [-87.9435, 41.78558], [-87.94365, 41.7856], [-87.94365, 41.78562], [-87.94369, 41.78564], [-87.94376, 41.7857], [-87.94384, 41.78576], [-87.94391, 41.78585], [-87.944, 41.78588], [-87.94403, 41.78586], [-87.94432, 41.78595], [-87.94466, 41.78603], [-87.94541, 41.78626], [-87.94548, 41.78627], [-87.94553, 41.78627], [-87.94562, 41.78628], [-87.94583, 41.78633], [-87.94587, 41.78636], [-87.94592, 41.78641], [-87.94606, 41.78651], [-87.94615, 41.78654], [-87.94624, 41.78654], [-87.94632, 41.78654], [-87.94637, 41.78653], [-87.94641, 41.78648], [-87.9464, 41.78639], [-87.94641, 41.78629], [-87.9464, 41.78618]]]}}, {"type": "Feature", "properties": {"NAME": "Chicago Sanitary and Ship Cnl", "MTFCC": "H3010", "AREAWATER": "1722713"}, "geometry": {"type": "Polygon", "coordinates": [[[-87.88012, 41.73465], [-87.88007, 41.73441], [-87.87996, 41.73449], [-87.87947, 41.73481], [-87.87883, 41.73513], [-87.87869, 41.73519], [-87.87857, 41.73525], [-87.87843, 41.73531], [-87.87839, 41.73534], [-87.87836, 41.73535], [-87.87823, 41.73543], [-87.87812, 41.73548], [-87.87797, 41.73556], [-87.87791, 41.73558], [-87.87779, 41.73566], [-87.87528, 41.73729], [-87.87524, 41.73729], [-87.87519, 41.7373], [-87.87515, 41.73732], [-87.87513, 41.73732], [-87.87237, 41.7393], [-87.8714, 41.74004], [-87.87054, 41.74064], [-87.86998, 41.74102], [-87.86964, 41.74126], [-87.86845, 41.74213], [-87.86806, 41.74242], [-87.86745, 41.74291], [-87.86709, 41.74319], [-87.86608, 41.74384], [-87.86575, 41.74405], [-87.86525, 41.74438], [-87.86491, 41.74461], [-87.86463, 41.74481], [-87.86438, 41.74499], [-87.86376, 41.74546], [-87.86271, 41.74621], [-87.86159, 41.747], [-87.86132, 41.74718], [-87.86114, 41.74731], [-87.86083, 41.7475], [-87.86063, 41.74763], [-87.86054, 41.74767], [-87.86017, 41.7479], [-87.86007, 41.74796], [-87.86001, 41.748], [-87.85995, 41.74803], [-87.85981, 41.74812], [-87.85974, 41.74817], [-87.85967, 41.74821], [-87.85965, 41.74822], [-87.85963, 41.74824], [-87.85949, 41.74835], [-87.85862, 41.74902], [-87.85829, 41.74929], [-87.85799, 41.74953], [-87.85782, 41.74965], [-87.85773, 41.74973], [-87.85763, 41.7498], [-87.85754, 41.74987], [-87.85738, 41.75001], [-87.85733, 41.75003], [-87.85711, 41.7502], [-87.8566, 41.75057], [-87.85611, 41.75093], [-87.85549, 41.75128], [-87.85491, 41.75172], [-87.85298, 41.75337], [-87.85293, 41.75342], [-87.85193, 41.75438], [-87.85187, 41.75443], [-87.85161, 41.75468], [-87.85129, 41.75505], [-87.85104, 41.75535], [-87.85023, 41.75614], [-87.84954, 41.7569], [-87.84897, 41.75754], [-87.84818, 41.75842], [-87.84745, 41.75923], [-87.84579, 41.76105], [-87.84507, 41.76185], [-87.84499, 41.76193], [-87.84365, 41.76336], [-87.84324, 41.76381], [-87.84328, 41.76387], [-87.84308, 41.76413], [-87.84301, 41.7641], [-87.83974, 41.76761], [-87.83952, 41.76785], [-87.83957, 41.76793], [-87.83938, 41.7681], [-87.83929, 41.76809], [-87.83848, 41.76896], [-87.83838, 41.76907], [-87.83848, 41.76911], [-87.83814, 41.76945], [-87.83803, 41.76943], [-87.83704, 41.77051], [-87.83709, 41.77054], [-87.83701, 41.77069], [-87.8369, 41.77068], [-87.83688, 41.77069], [-87.83685, 41.77072], [-87.83671, 41.77089], [-87.83618, 41.77146], [-87.83587, 41.77178], [-87.83533, 41.77242], [-87.83503, 41.7727], [-87.83472, 41.77311], [-87.83387, 41.77394], [-87.83211, 41.77584], [-87.83215, 41.77591], [-87.83211, 41.77596], [-87.83135, 41.7767], [-87.83131, 41.77673], [-87.83056, 41.77757], [-87.83019, 41.77794], [-87.82949, 41.7787], [-87.82931, 41.7789], [-87.8289, 41.77944], [-87.82879, 41.77958], [-87.82858, 41.77983], [-87.82828, 41.78015], [-87.82819, 41.78023], [-87.82815, 41.78027], [-87.82794, 41.78045], [-87.82721, 41.78116], [-87.82651, 41.78188], [-87.82642, 41.78199], [-87.82629, 41.78215], [-87.82597, 41.78256], [-87.82571, 41.78287], [-87.82567, 41.7829], [-87.82565, 41.78293], [-87.8255, 41.78311], [-87.82489, 41.78384], [-87.82483, 41.78392], [-87.82468, 41.78408], [-87.82454, 41.78426], [-87.82402, 41.78472], [-87.82368, 41.7851], [-87.82347, 41.78544], [-87.82321, 41.78575], [-87.82308, 41.78591], [-87.82277, 41.78619], [-87.82212, 41.78684], [-87.82181, 41.78712], [-87.82145, 41.78758], [-87.82115, 41.78795], [-87.82093, 41.78814], [-87.82038, 41.78866], [-87.81947, 41.78966], [-87.8188, 41.79044], [-87.81863, 41.79062], [-87.81835, 41.79091], [-87.81787, 41.79135], [-87.81721, 41.79201], [-87.8172, 41.79203], [-87.81712, 41.7921], [-87.81704, 41.79219], [-87.81702, 41.79221], [-87.81693, 41.79228], [-87.81691, 41.7923], [-87.81664, 41.79258], [-87.81657, 41.79265], [-87.81654, 41.79267], [-87.81611, 41.79299], [-87.81545, 41.7934], [-87.81529, 41.7935], [-87.8145, 41.79417], [-87.81446, 41.7942], [-87.81399, 41.79455], [-87.81341, 41.79503], [-87.81233, 41.79575], [-87.81217, 41.79586], [-87.81187, 41.79603], [-87.81139, 41.79634], [-87.81126, 41.79642], [-87.81122, 41.79645], [-87.81112, 41.7965], [-87.81109, 41.79651], [-87.81102, 41.79655], [-87.81038, 41.79687], [-87.81005, 41.79703], [-87.80988, 41.79711], [-87.8095, 41.79735], [-87.80919, 41.7975], [-87.80859, 41.79779], [-87.80839, 41.79801], [-87.80801, 41.79826], [-87.80756, 41.79848], [-87.80735, 41.79852], [-87.80701, 41.79858], [-87.80693, 41.7986], [-87.80673, 41.79869], [-87.80658, 41.79875], [-87.8058, 41.79906], [-87.80539, 41.79928], [-87.80529, 41.79934], [-87.80465, 41.79953], [-87.80441, 41.7996], [-87.80411, 41.79972], [-87.80303, 41.80022], [-87.80247, 41.80044], [-87.80235, 41.8005], [-87.80213, 41.80062], [-87.80189, 41.80076], [-87.80176, 41.80078], [-87.80155, 41.8008], [-87.8013, 41.80088], [-87.80039, 41.80115], [-87.80018, 41.8012], [-87.79988, 41.80128], [-87.79944, 41.80143], [-87.79827, 41.80176], [-87.79772, 41.80193], [-87.79684, 41.80218], [-87.79631, 41.80239], [-87.79602, 41.80249], [-87.79545, 41.80265], [-87.79542, 41.80265], [-87.7948, 41.80279], [-87.79426, 41.80299], [-87.7939, 41.80311], [-87.79387, 41.80312], [-87.79348, 41.80324], [-87.7923, 41.80361], [-87.7921, 41.80368], [-87.79191, 41.80375], [-87.79175, 41.80381], [-87.79096, 41.80405], [-87.79076, 41.80411], [-87.7896, 41.80448], [-87.78897, 41.80466], [-87.78807, 41.80493], [-87.78742, 41.80513], [-87.78735, 41.80526], [-87.78718, 41.80533], [-87.78685, 41.80534], [-87.78667, 41.80537], [-87.78648, 41.80545], [-87.78614, 41.8056], [-87.78528, 41.80586], [-87.78465, 41.80604], [-87.78444, 41.8061], [-87.78392, 41.80624], [-87.78375, 41.80629], [-87.78341, 41.8064], [-87.78251, 41.8067], [-87.78241, 41.80674], [-87.78218, 41.80683], [-87.78216, 41.80684], [-87.78208, 41.80686], [-87.78132, 41.80707], [-87.78017, 41.80742], [-87.77944, 41.80763], [-87.77822, 41.80805], [-87.77818, 41.80807], [-87.77765, 41.80825], [-87.77702, 41.80843], [-87.77629, 41.80866], [-87.77496, 41.80903], [-87.77443, 41.8092], [-87.77354, 41.80946], [-87.77247, 41.80986], [-87.77181, 41.81004], [-87.77095, 41.81031], [-87.7708, 41.81038], [-87.77047, 41.8105], [-87.76904, 41.81101], [-87.76869, 41.81115], [-87.76824, 41.81134], [-87.76748, 41.81157], [-87.76671, 41.81183], [-87.76661, 41.81186], [-87.76584, 41.81211], [-87.76509, 41.81222], [-87.76472, 41.81237], [-87.76453, 41.81251], [-87.76443, 41.81255], [-87.7638, 41.81272], [-87.76366, 41.8127], [-87.76347, 41.81271], [-87.76299, 41.81292], [-87.76288, 41.81295], [-87.76247, 41.81307], [-87.762, 41.81325], [-87.76173, 41.81334], [-87.76163, 41.81334], [-87.76154, 41.81335], [-87.76138, 41.81338], [-87.7611, 41.81353], [-87.76068, 41.81361], [-87.75979, 41.81388], [-87.75902, 41.81408], [-87.75888, 41.81412], [-87.75851, 41.8143], [-87.75786, 41.81448], [-87.75748, 41.81458], [-87.75664, 41.81485], [-87.7566, 41.81486], [-87.75651, 41.81488], [-87.75546, 41.81522], [-87.75499, 41.81541], [-87.75441, 41.81561], [-87.75428, 41.81566], [-87.75395, 41.8158], [-87.75308, 41.81611], [-87.75246, 41.81632], [-87.75006, 41.81691], [-87.74865, 41.81734], [-87.7481, 41.81753], [-87.74801, 41.81766], [-87.74736, 41.81788], [-87.7473, 41.8179], [-87.74496, 41.81863], [-87.74465, 41.81872], [-87.74449, 41.81877], [-87.74423, 41.81882], [-87.74385, 41.81896], [-87.74374, 41.81902], [-87.74364, 41.81907], [-87.74356, 41.81913], [-87.74347, 41.8192], [-87.74342, 41.81922], [-87.74333, 41.81925], [-87.74323, 41.81925], [-87.74309, 41.81921], [-87.74303, 41.81912], [-87.74284, 41.81908], [-87.74251, 41.81919], [-87.73953, 41.82012], [-87.73909, 41.82026], [-87.73891, 41.82036], [-87.73873, 41.82049], [-87.73858, 41.82054], [-87.73815, 41.82057], [-87.7363, 41.82114], [-87.73562, 41.82135], [-87.73488, 41.82158], [-87.72894, 41.82351], [-87.72826, 41.82363], [-87.72683, 41.82412], [-87.72439, 41.82495], [-87.72428, 41.825], [-87.72425, 41.82504], [-87.72416, 41.82529], [-87.72411, 41.82529], [-87.72392, 41.82526], [-87.72386, 41.8251], [-87.72381, 41.82509], [-87.72225, 41.82558], [-87.71961, 41.82639], [-87.71808, 41.8269], [-87.71755, 41.82711], [-87.71715, 41.82721], [-87.71638, 41.82742], [-87.71493, 41.82783], [-87.71463, 41.82798], [-87.71445, 41.82808], [-87.71435, 41.82814], [-87.71413, 41.82817], [-87.71316, 41.82848], [-87.71182, 41.82892], [-87.71132, 41.8291], [-87.71002, 41.82943], [-87.70928, 41.82968], [-87.708, 41.8301], [-87.70732, 41.83033], [-87.70645, 41.83062], [-87.70571, 41.83083], [-87.7053, 41.83096], [-87.70501, 41.83105], [-87.70486, 41.83117], [-87.70474, 41.83123], [-87.70466, 41.83125], [-87.70402, 41.83146], [-87.7021, 41.83207], [-87.70146, 41.83228], [-87.70026, 41.83266], [-87.7, 41.8328], [-87.69981, 41.8328], [-87.69912, 41.83303], [-87.69766, 41.83348], [-87.6976, 41.8335], [-87.69516, 41.83426], [-87.69512, 41.83433], [-87.69499, 41.83437], [-87.69495, 41.83438], [-87.69495, 41.83456], [-87.69495, 41.83473], [-87.69496, 41.83475], [-87.69496, 41.83509], [-87.69651, 41.83465], [-87.69811, 41.8342], [-87.7011, 41.83321], [-87.70153, 41.83307], [-87.70161, 41.83307], [-87.70166, 41.83319], [-87.70182, 41.83345], [-87.70185, 41.83363], [-87.70183, 41.83395], [-87.7018, 41.83408], [-87.70178, 41.83416], [-87.70178, 41.83466], [-87.70177, 41.83639], [-87.70177, 41.83697], [-87.70187, 41.83705], [-87.70199, 41.83706], [-87.70211, 41.83706], [-87.70221, 41.83704], [-87.70225, 41.83685], [-87.70224, 41.83643], [-87.70222, 41.83461], [-87.70221, 41.834], [-87.7022, 41.83359], [-87.70219, 41.83293], [-87.70222, 41.83286], [-87.70229, 41.8328], [-87.70265, 41.83264], [-87.70268, 41.83263], [-87.70291, 41.83258], [-87.70304, 41.83254], [-87.70337, 41.83244], [-87.7037, 41.83234], [-87.70435, 41.83211], [-87.70467, 41.83199], [-87.70497, 41.83189], [-87.70517, 41.83175], [-87.70591, 41.83149], [-87.70715, 41.83118], [-87.70761, 41.83102], [-87.70848, 41.83076], [-87.70978, 41.83035], [-87.70991, 41.83031], [-87.71107, 41.82996], [-87.71174, 41.82975], [-87.71376, 41.82914], [-87.71411, 41.82904], [-87.71437, 41.82898], [-87.71444, 41.82897], [-87.71463, 41.82895], [-87.71491, 41.82889], [-87.71706, 41.82819], [-87.7194, 41.82744], [-87.71952, 41.82732], [-87.71968, 41.82723], [-87.72132, 41.82675], [-87.72145, 41.82674], [-87.72154, 41.82681], [-87.72188, 41.82685], [-87.72205, 41.82691], [-87.72219, 41.82702], [-87.72232, 41.82722], [-87.72241, 41.82728], [-87.72293, 41.82732], [-87.723, 41.82729], [-87.72288, 41.82712], [-87.72234, 41.82656], [-87.72227, 41.82651], [-87.72226, 41.82645], [-87.72232, 41.82641], [-87.72255, 41.82638], [-87.72268, 41.82636], [-87.7229, 41.82628], [-87.72292, 41.82628], [-87.72312, 41.82623], [-87.72322, 41.82626], [-87.72332, 41.82635], [-87.72344, 41.82655], [-87.72344, 41.82672], [-87.72357, 41.82702], [-87.72367, 41.82702], [-87.72369, 41.82691], [-87.7236, 41.8265], [-87.72365, 41.82631], [-87.72376, 41.82606], [-87.72394, 41.82586], [-87.72412, 41.8258], [-87.72418, 41.82579], [-87.72439, 41.82578], [-87.72454, 41.82578], [-87.72486, 41.8257], [-87.72537, 41.82553], [-87.72541, 41.82548], [-87.72564, 41.82544], [-87.72574, 41.82543], [-87.72704, 41.82503], [-87.7287, 41.82451], [-87.73575, 41.82222], [-87.7366, 41.82194], [-87.73859, 41.82129], [-87.73865, 41.82128], [-87.73965, 41.82098], [-87.74004, 41.82086], [-87.74127, 41.82053], [-87.74138, 41.82044], [-87.74146, 41.8204], [-87.74164, 41.82041], [-87.74182, 41.82031], [-87.74244, 41.82017], [-87.74261, 41.82011], [-87.74266, 41.82009], [-87.74323, 41.81984], [-87.74329, 41.81969], [-87.74333, 41.81966], [-87.74342, 41.81966], [-87.74348, 41.81967], [-87.7435, 41.81967], [-87.74357, 41.81972], [-87.74359, 41.81973], [-87.74365, 41.81975], [-87.74376, 41.8197], [-87.74386, 41.81965], [-87.74403, 41.81965], [-87.74466, 41.81945], [-87.74496, 41.81935], [-87.74789, 41.81839], [-87.74877, 41.81811], [-87.75005, 41.81774], [-87.75119, 41.8174], [-87.75185, 41.81726], [-87.75255, 41.817], [-87.75316, 41.81682], [-87.75332, 41.81675], [-87.75328, 41.81666], [-87.75345, 41.81663], [-87.75351, 41.81669], [-87.75455, 41.8164], [-87.75556, 41.81609], [-87.75562, 41.81605], [-87.75657, 41.81573], [-87.75799, 41.81525], [-87.75844, 41.81512], [-87.75894, 41.81499], [-87.75908, 41.81499], [-87.75923, 41.81501], [-87.75941, 41.81494], [-87.75946, 41.81484], [-87.75947, 41.81482], [-87.75966, 41.81477], [-87.76008, 41.8146], [-87.76013, 41.81457], [-87.76032, 41.81447], [-87.76182, 41.81404], [-87.7622, 41.81394], [-87.76242, 41.81388], [-87.7629, 41.81376], [-87.76298, 41.81374], [-87.76358, 41.81352], [-87.76395, 41.81345], [-87.76485, 41.81314], [-87.76611, 41.81275], [-87.76677, 41.81257], [-87.76709, 41.81247], [-87.76766, 41.81226], [-87.76789, 41.8122], [-87.76853, 41.81202], [-87.7691, 41.81177], [-87.77039, 41.81136], [-87.77075, 41.81123], [-87.7719, 41.81093], [-87.77242, 41.81074], [-87.77285, 41.81065], [-87.77374, 41.81037], [-87.7744, 41.81014], [-87.77553, 41.80981], [-87.77606, 41.8096], [-87.77745, 41.80916], [-87.77809, 41.80896], [-87.77832, 41.80888], [-87.77925, 41.80855], [-87.77961, 41.80845], [-87.78066, 41.80812], [-87.78182, 41.80773], [-87.78217, 41.80764], [-87.78237, 41.80759], [-87.7828, 41.80744], [-87.78299, 41.80737], [-87.78331, 41.80725], [-87.78347, 41.80718], [-87.78466, 41.80677], [-87.78521, 41.80659], [-87.78544, 41.80653], [-87.7859, 41.80641], [-87.78628, 41.80631], [-87.78665, 41.8062], [-87.78671, 41.80619], [-87.78706, 41.80608], [-87.78753, 41.80597], [-87.78778, 41.80593], [-87.78797, 41.8059], [-87.78815, 41.80581], [-87.78818, 41.8058], [-87.78849, 41.80569], [-87.78877, 41.80562], [-87.7889, 41.80558], [-87.7895, 41.80538], [-87.78978, 41.80529], [-87.79067, 41.805], [-87.79115, 41.8048], [-87.79131, 41.80473], [-87.79191, 41.80456], [-87.79219, 41.80447], [-87.79358, 41.80407], [-87.79389, 41.80396], [-87.79535, 41.80344], [-87.79581, 41.80332], [-87.79727, 41.80282], [-87.79837, 41.80253], [-87.79905, 41.80229], [-87.79981, 41.80206], [-87.79996, 41.80201], [-87.8002, 41.80195], [-87.80037, 41.80185], [-87.80089, 41.80173], [-87.80178, 41.80145], [-87.80216, 41.80134], [-87.8029, 41.80111], [-87.80299, 41.80108], [-87.80378, 41.80079], [-87.80428, 41.8006], [-87.806, 41.79994], [-87.80635, 41.79978], [-87.80653, 41.79968], [-87.80672, 41.79958], [-87.80767, 41.79913], [-87.80795, 41.79899], [-87.80866, 41.79866], [-87.80867, 41.79865], [-87.80917, 41.7984], [-87.80958, 41.79821], [-87.81041, 41.79774], [-87.81101, 41.7974], [-87.81116, 41.79734], [-87.8116, 41.79707], [-87.8118, 41.79696], [-87.81238, 41.79662], [-87.81247, 41.79657], [-87.81256, 41.79652], [-87.81266, 41.79647], [-87.81276, 41.79641], [-87.81283, 41.79637], [-87.81335, 41.796], [-87.81347, 41.79593], [-87.81391, 41.79569], [-87.8144, 41.79535], [-87.81498, 41.79495], [-87.81503, 41.79491], [-87.81532, 41.79466], [-87.81546, 41.79456], [-87.81616, 41.79409], [-87.81631, 41.79399], [-87.81662, 41.79373], [-87.81674, 41.79358], [-87.81699, 41.79338], [-87.81719, 41.79322], [-87.81753, 41.79295], [-87.81777, 41.79271], [-87.81796, 41.79253], [-87.81803, 41.79247], [-87.81812, 41.79238], [-87.81819, 41.79232], [-87.81848, 41.79206], [-87.81877, 41.79174], [-87.81886, 41.79166], [-87.81895, 41.79156], [-87.81943, 41.79111], [-87.81961, 41.79088], [-87.81976, 41.79071], [-87.82054, 41.78995], [-87.82067, 41.7898], [-87.82107, 41.78936], [-87.82191, 41.78833], [-87.82321, 41.78705], [-87.824, 41.78616], [-87.82434, 41.78573], [-87.82434, 41.78572], [-87.82468, 41.78533], [-87.82525, 41.78475], [-87.82547, 41.78452], [-87.82581, 41.78421], [-87.8259, 41.78415], [-87.82596, 41.78407], [-87.82598, 41.78405], [-87.8261, 41.78393], [-87.82648, 41.78354], [-87.8266, 41.78341], [-87.8269, 41.78311], [-87.82717, 41.78282], [-87.82745, 41.78248], [-87.82776, 41.78214], [-87.82837, 41.78153], [-87.82891, 41.78092], [-87.82926, 41.78054], [-87.82934, 41.78046], [-87.83028, 41.7793], [-87.83098, 41.77863], [-87.83213, 41.77742], [-87.83232, 41.77725], [-87.83274, 41.77675], [-87.83338, 41.77607], [-87.83353, 41.77587], [-87.83462, 41.77468], [-87.83498, 41.77427], [-87.83523, 41.77406], [-87.83546, 41.77382], [-87.836, 41.77316], [-87.83689, 41.77219], [-87.83721, 41.77188], [-87.83735, 41.77174], [-87.83775, 41.7713], [-87.83819, 41.7708], [-87.83844, 41.7705], [-87.83925, 41.76959], [-87.83939, 41.76945], [-87.83982, 41.76897], [-87.83992, 41.76885], [-87.83995, 41.7688], [-87.84001, 41.76877], [-87.84011, 41.76864], [-87.84085, 41.76787], [-87.84116, 41.76753], [-87.84174, 41.76689], [-87.84202, 41.76661], [-87.84223, 41.76644], [-87.84244, 41.76613], [-87.84323, 41.76527], [-87.8435, 41.76495], [-87.84394, 41.7645], [-87.84478, 41.7636], [-87.84479, 41.76356], [-87.84516, 41.76318], [-87.84624, 41.76202], [-87.8465, 41.76173], [-87.84686, 41.76134], [-87.84704, 41.76114], [-87.84794, 41.76016], [-87.8483, 41.75978], [-87.84831, 41.75977], [-87.8488, 41.75921], [-87.8493, 41.75867], [-87.85039, 41.75747], [-87.85111, 41.75676], [-87.85198, 41.75585], [-87.8524, 41.75549], [-87.85243, 41.75546], [-87.85339, 41.75437], [-87.8535, 41.75424], [-87.85381, 41.75395], [-87.85416, 41.75371], [-87.85428, 41.7536], [-87.85439, 41.75353], [-87.85457, 41.7534], [-87.85518, 41.75284], [-87.85583, 41.75227], [-87.85652, 41.75176], [-87.85716, 41.75126], [-87.85745, 41.75105], [-87.85746, 41.75104], [-87.85768, 41.75089], [-87.85812, 41.75051], [-87.85831, 41.75039], [-87.85848, 41.75028], [-87.85851, 41.75026], [-87.85872, 41.75015], [-87.85891, 41.75003], [-87.85906, 41.74991], [-87.85964, 41.74945], [-87.86048, 41.74883], [-87.86061, 41.74874], [-87.86065, 41.74871], [-87.86079, 41.74861], [-87.86082, 41.74859], [-87.86094, 41.7485], [-87.86104, 41.74843], [-87.86114, 41.74836], [-87.86207, 41.74768], [-87.86427, 41.74611], [-87.86489, 41.74567], [-87.86512, 41.74551], [-87.86553, 41.74523], [-87.86584, 41.74502], [-87.86618, 41.7448], [-87.86742, 41.74389], [-87.86744, 41.74387], [-87.86898, 41.74277], [-87.86918, 41.74264], [-87.86991, 41.74212], [-87.87003, 41.74203], [-87.87013, 41.74198], [-87.87182, 41.74076], [-87.87223, 41.74046], [-87.8734, 41.73961], [-87.87382, 41.73931], [-87.87454, 41.7388], [-87.87506, 41.73846], [-87.87576, 41.73797], [-87.87598, 41.73782], [-87.87705, 41.73708], [-87.87765, 41.73665], [-87.87902, 41.73563], [-87.87928, 41.73541], [-87.87934, 41.73534], [-87.87991, 41.73485], [-87.87994, 41.73481], [-87.88, 41.73476], [-87.88012, 41.73465]]]}}, {"type": "Feature", "properties": {"NAME": "East Lagoon", "MTFCC": "H2030", "AREAWATER": "74291"}, "geometry": {"type": "Polygon", "coordinates": [[[-87.58248, 41.78625], [-87.58243, 41.7862], [-87.58242, 41.78619], [-87.58239, 41.78612], [-87.58236, 41.78602], [-87.58234, 41.78597], [-87.58231, 41.7859], [-87.58222, 41.78572], [-87.5822, 41.78564], [-87.58222, 41.78557], [-87.58236, 41.78545], [-87.5824, 41.7854], [-87.58237, 41.78537], [-87.58233, 41.78538], [-87.58227, 41.7854], [-87.58223, 41.7854], [-87.58217, 41.78543], [-87.58209, 41.78544], [-87.58206, 41.78542], [-87.58203, 41.7854], [-87.58202, 41.78533], [-87.58202, 41.78527], [-87.582, 41.78504], [-87.58197, 41.78483], [-87.58199, 41.78458], [-87.58201, 41.78442], [-87.582, 41.78434], [-87.58197, 41.7842], [-87.58193, 41.78415], [-87.58188, 41.78411], [-87.58185, 41.7841], [-87.5818, 41.78415], [-87.58176, 41.78423], [-87.58169, 41.78431], [-87.58163, 41.78431], [-87.5816, 41.78429], [-87.58158, 41.78424], [-87.58156, 41.78412], [-87.58153, 41.78395], [-87.58147, 41.78375], [-87.58144, 41.78368], [-87.58137, 41.78356], [-87.58129, 41.78348], [-87.58121, 41.7834], [-87.58119, 41.78337], [-87.58116, 41.78327], [-87.58116, 41.78321], [-87.58117, 41.78316], [-87.58121, 41.783], [-87.58129, 41.78277], [-87.5813, 41.78271], [-87.58134, 41.78262], [-87.5814, 41.78249], [-87.58145, 41.78239], [-87.58153, 41.78229], [-87.58157, 41.78225], [-87.58093, 41.78247], [-87.58091, 41.78248], [-87.58073, 41.78265], [-87.58065, 41.78275], [-87.58063, 41.78287], [-87.58052, 41.78304], [-87.58049, 41.78307], [-87.58046, 41.78312], [-87.58037, 41.7832], [-87.58031, 41.78324], [-87.58021, 41.78329], [-87.58015, 41.78331], [-87.58005, 41.78331], [-87.57986, 41.78328], [-87.57983, 41.78327], [-87.57977, 41.78326], [-87.57966, 41.78323], [-87.57945, 41.78318], [-87.57941, 41.78318], [-87.57925, 41.78316], [-87.57916, 41.78317], [-87.57911, 41.78321], [-87.5791, 41.78325], [-87.57913, 41.78339], [-87.57915, 41.78346], [-87.57919, 41.78356], [-87.57923, 41.7836], [-87.5793, 41.78367], [-87.5794, 41.78374], [-87.57948, 41.78379], [-87.57954, 41.78382], [-87.57962, 41.78384], [-87.57986, 41.78388], [-87.5799, 41.78388], [-87.57995, 41.7839], [-87.58001, 41.7839], [-87.58008, 41.78391], [-87.58014, 41.78392], [-87.58021, 41.78395], [-87.58032, 41.78404], [-87.58033, 41.78407], [-87.58036, 41.7841], [-87.5804, 41.78426], [-87.58044, 41.78436], [-87.58048, 41.7844], [-87.58059, 41.7845], [-87.58064, 41.78457], [-87.58066, 41.78465], [-87.58062, 41.78479], [-87.58063, 41.78482], [-87.58066, 41.7849], [-87.58066, 41.78491], [-87.58075, 41.78503], [-87.58077, 41.7851], [-87.58077, 41.78519], [-87.58074, 41.78533], [-87.58072, 41.78536], [-87.5807, 41.78545], [-87.58071, 41.7856], [-87.58073, 41.78575], [-87.58077, 41.78589], [-87.58079, 41.78599], [-87.58081, 41.78605], [-87.58079, 41.78627], [-87.58079, 41.7863], [-87.58077, 41.78643], [-87.58077, 41.78656], [-87.58073, 41.7868], [-87.58068, 41.78689], [-87.58064, 41.78695], [-87.58058, 41.787], [-87.58053, 41.78702], [-87.58049, 41.78703], [-87.58044, 41.78704], [-87.58039, 41.78705], [-87.58036, 41.78706], [-87.58021, 41.7871], [-87.5802, 41.7871], [-87.58006, 41.78712], [-87.58003, 41.78712], [-87.57992, 41.78714], [-87.57951, 41.78727], [-87.57937, 41.7873], [-87.57929, 41.78734], [-87.57924, 41.78734], [-87.57912, 41.78736], [-87.57906, 41.78736], [-87.57883, 41.78742], [-87.57879, 41.78743], [-87.57871, 41.78751], [-87.57869, 41.78759], [-87.57868, 41.78767], [-87.57869, 41.78784], [-87.5786, 41.7879], [-87.57813, 41.78817], [-87.57792, 41.78818], [-87.57817, 41.78836], [-87.57833, 41.78837], [-87.57868, 41.78842], [-87.57883, 41.78845], [-87.57919, 41.78841], [-87.57936, 41.78834], [-87.57942, 41.7883], [-87.5796, 41.78821], [-87.57971, 41.78819], [-87.57976, 41.78817], [-87.57991, 41.78804], [-87.57999, 41.78791], [-87.58, 41.78788], [-87.58003, 41.78784], [-87.58004, 41.78782], [-87.58007, 41.78778], [-87.58008, 41.78774], [-87.58011, 41.78771], [-87.58015, 41.78765], [-87.58023, 41.78757], [-87.5804, 41.78741], [-87.58043, 41.78738], [-87.58051, 41.78729], [-87.58059, 41.78721], [-87.58063, 41.78718], [-87.58082, 41.78714], [-87.581, 41.78711], [-87.58107, 41.7871], [-87.58122, 41.78711], [-87.58128, 41.78712], [-87.58152, 41.78695], [-87.58224, 41.78642], [-87.58248, 41.78625]]]}}, {"type": "Feature", "properties": {"NAME": "Wolf Lk", "MTFCC": "H2030", "AREAWATER": "191514"}, "geometry": {"type": "Polygon", "coordinates": [[[-87.52946, 41.65876], [-87.52948, 41.6587], [-87.52937, 41.65854], [-87.52933, 41.65822], [-87.52925, 41.65808], [-87.52914, 41.658], [-87.52902, 41.65784], [-87.52898, 41.65766], [-87.52872, 41.65707], [-87.52859, 41.65686], [-87.52843, 41.65669], [-87.52832, 41.65646], [-87.52827, 41.65641], [-87.528, 41.65587], [-87.52786, 41.65564], [-87.52669, 41.65379], [-87.52668, 41.65376], [-87.52655, 41.65365], [-87.52636, 41.65357], [-87.52614, 41.65348], [-87.52587, 41.65322], [-87.52551, 41.65238], [-87.5252, 41.65154], [-87.52479, 41.65139], [-87.52478, 41.65374], [-87.52479, 41.65452], [-87.52479, 41.65563], [-87.52553, 41.65563], [-87.52548, 41.65877], [-87.52547, 41.6592], [-87.52549, 41.66005], [-87.52587, 41.6601], [-87.52617, 41.66045], [-87.52643, 41.66035], [-87.52686, 41.66013], [-87.52725, 41.65998], [-87.5278, 41.65969], [-87.52785, 41.65968], [-87.52794, 41.6596], [-87.52799, 41.65959], [-87.52811, 41.65952], [-87.52854, 41.65932], [-87.5286, 41.65927], [-87.52909, 41.65904], [-87.52938, 41.65886], [-87.52946, 41.65876]]]}}, {"type": "Feature", "properties": {"NAME": "Little Calumet Riv", "MTFCC": "H3010", "AREAWATER": "1447180"}, "geometry": {"type": "Polygon", "coordinates": [[[-87.65145, 41.65547], [-87.65156, 41.65543], [-87.65139, 41.65521], [-87.65131, 41.65524], [-87.65126, 41.65526], [-87.65107, 41.6553], [-87.65099, 41.65531], [-87.65063, 41.65538], [-87.6503, 41.65551], [-87.6491, 41.65598], [-87.64885, 41.65608], [-87.64853, 41.65619], [-87.64793, 41.65638], [-87.64726, 41.65656], [-87.64691, 41.65663], [-87.64604, 41.65664], [-87.64455, 41.65673], [-87.64316, 41.65687], [-87.64265, 41.65692], [-87.64222, 41.65697], [-87.64191, 41.65698], [-87.64166, 41.65706], [-87.64153, 41.65716], [-87.6414, 41.6572], [-87.64126, 41.65719], [-87.64123, 41.65718], [-87.64121, 41.65718], [-87.64085, 41.657], [-87.64056, 41.65688], [-87.6403, 41.65678], [-87.64016, 41.65675], [-87.63984, 41.65671], [-87.63961, 41.6567], [-87.63902, 41.65668], [-87.63845, 41.6566], [-87.63822, 41.65656], [-87.63784, 41.65656], [-87.63775, 41.65655], [-87.6374, 41.65652], [-87.63632, 41.65636], [-87.63518, 41.65634], [-87.63472, 41.6564], [-87.63419, 41.65643], [-87.63369, 41.65642], [-87.63329, 41.65647], [-87.63248, 41.65662], [-87.63206, 41.65671], [-87.63167, 41.6568], [-87.63146, 41.65686], [-87.63133, 41.65693], [-87.63124, 41.65698], [-87.63109, 41.65712], [-87.63103, 41.65719], [-87.63094, 41.65738], [-87.63091, 41.65741], [-87.63086, 41.65745], [-87.63077, 41.65748], [-87.63049, 41.65745], [-87.63021, 41.65747], [-87.63003, 41.65751], [-87.62972, 41.65765], [-87.62942, 41.65787], [-87.62867, 41.65822], [-87.62799, 41.65882], [-87.62757, 41.65914], [-87.62672, 41.65969], [-87.62638, 41.65991], [-87.62545, 41.66037], [-87.62526, 41.66049], [-87.62512, 41.66058], [-87.62505, 41.66061], [-87.625, 41.66065], [-87.62477, 41.66075], [-87.62476, 41.66077], [-87.6243, 41.66098], [-87.62429, 41.661], [-87.62422, 41.66104], [-87.62395, 41.66114], [-87.62369, 41.66119], [-87.62324, 41.66123], [-87.62225, 41.66117], [-87.6217, 41.66112], [-87.62137, 41.66105], [-87.62118, 41.66103], [-87.62087, 41.66094], [-87.62056, 41.66073], [-87.62035, 41.66049], [-87.62024, 41.66028], [-87.62019, 41.66002], [-87.62024, 41.65973], [-87.62038, 41.65932], [-87.62052, 41.65902], [-87.62056, 41.65901], [-87.62077, 41.65879], [-87.62134, 41.65838], [-87.62155, 41.6582], [-87.62181, 41.65803], [-87.62191, 41.658], [-87.62206, 41.65789], [-87.62266, 41.65736], [-87.623, 41.65697], [-87.62317, 41.65669], [-87.62336, 41.65641], [-87.62344, 41.65624], [-87.62346, 41.65565], [-87.62357, 41.65522], [-87.62358, 41.65501], [-87.62359, 41.65477], [-87.62356, 41.6544], [-87.62356, 41.65423], [-87.62357, 41.65389], [-87.62347, 41.65326], [-87.62343, 41.65272], [-87.62337, 41.65253], [-87.62334, 41.65232], [-87.62316, 41.65187], [-87.62291, 41.65158], [-87.62265, 41.6511], [-87.62246, 41.65091], [-87.62236, 41.65086], [-87.62235, 41.65082], [-87.62224, 41.65073], [-87.62217, 41.65069], [-87.62213, 41.6507], [-87.622, 41.65063], [-87.62194, 41.65062], [-87.62188, 41.65057], [-87.62133, 41.65042], [-87.62129, 41.65041], [-87.62126, 41.65041], [-87.62112, 41.65035], [-87.62079, 41.65025], [-87.62054, 41.65017], [-87.62047, 41.65014], [-87.62024, 41.6501], [-87.61994, 41.65008], [-87.61937, 41.65007], [-87.61907, 41.65004], [-87.61857, 41.65004], [-87.61806, 41.64996], [-87.61801, 41.64995], [-87.61778, 41.64995], [-87.61753, 41.64997], [-87.61723, 41.65002], [-87.61705, 41.65002], [-87.61664, 41.64991], [-87.61642, 41.64988], [-87.61606, 41.64982], [-87.61451, 41.64972], [-87.61443, 41.6497], [-87.61399, 41.64966], [-87.61396, 41.64966], [-87.61313, 41.64965], [-87.61292, 41.64965], [-87.6123, 41.64969], [-87.61214, 41.64965], [-87.6121, 41.64963], [-87.61194, 41.64952], [-87.61172, 41.64944], [-87.61169, 41.64944], [-87.61074, 41.64941], [-87.6104, 41.64934], [-87.61032, 41.64933], [-87.60987, 41.64927], [-87.60979, 41.64926], [-87.60942, 41.64925], [-87.60937, 41.64924], [-87.60883, 41.64929], [-87.60856, 41.64929], [-87.60808, 41.64926], [-87.60763, 41.64923], [-87.60681, 41.64918], [-87.6059, 41.64921], [-87.60536, 41.64917], [-87.60483, 41.64914], [-87.60441, 41.64911], [-87.60419, 41.64907], [-87.60371, 41.64892], [-87.60332, 41.64883], [-87.60307, 41.64876], [-87.60259, 41.64868], [-87.6025, 41.64864], [-87.60244, 41.6485], [-87.60239, 41.64824], [-87.6024, 41.648], [-87.60245, 41.6478], [-87.60244, 41.64735], [-87.6024, 41.64659], [-87.60233, 41.64642], [-87.60225, 41.64637], [-87.60215, 41.64633], [-87.60211, 41.64633], [-87.60202, 41.64638], [-87.60196, 41.64652], [-87.60193, 41.6473], [-87.60191, 41.64767], [-87.60191, 41.6478], [-87.60193, 41.64792], [-87.60197, 41.64801], [-87.60204, 41.64808], [-87.60225, 41.64819], [-87.60229, 41.6486], [-87.60225, 41.64861], [-87.60213, 41.64862], [-87.60134, 41.64831], [-87.60124, 41.64833], [-87.6012, 41.64838], [-87.60112, 41.64837], [-87.60109, 41.64836], [-87.6011, 41.6483], [-87.60108, 41.64828], [-87.60073, 41.64821], [-87.60046, 41.64809], [-87.60043, 41.64804], [-87.60046, 41.64799], [-87.60054, 41.64785], [-87.60051, 41.6468], [-87.60053, 41.64667], [-87.60062, 41.64659], [-87.601, 41.64647], [-87.60119, 41.64637], [-87.60128, 41.64615], [-87.60138, 41.64545], [-87.60144, 41.6453], [-87.60144, 41.64514], [-87.60138, 41.64494], [-87.60122, 41.64487], [-87.60111, 41.64487], [-87.60045, 41.64488], [-87.60037, 41.64489], [-87.60033, 41.64497], [-87.60035, 41.64535], [-87.60029, 41.6457], [-87.60033, 41.64589], [-87.60023, 41.64748], [-87.60021, 41.64786], [-87.60019, 41.64793], [-87.60014, 41.64795], [-87.60005, 41.64796], [-87.59978, 41.64791], [-87.59937, 41.64788], [-87.59875, 41.64795], [-87.59852, 41.648], [-87.59838, 41.64806], [-87.59798, 41.64816], [-87.59728, 41.64828], [-87.59667, 41.64845], [-87.59638, 41.6485], [-87.59605, 41.6486], [-87.59573, 41.64867], [-87.59532, 41.64875], [-87.59519, 41.64876], [-87.59382, 41.64903], [-87.5935, 41.64907], [-87.5931, 41.64911], [-87.59265, 41.64907], [-87.59155, 41.64888], [-87.59109, 41.64872], [-87.59098, 41.64867], [-87.59093, 41.64862], [-87.59075, 41.64855], [-87.5907, 41.64855], [-87.5905, 41.64846], [-87.59046, 41.64839], [-87.59025, 41.64823], [-87.59016, 41.64814], [-87.59011, 41.64813], [-87.59005, 41.64805], [-87.59, 41.64804], [-87.58998, 41.648], [-87.58992, 41.64797], [-87.58991, 41.64794], [-87.58976, 41.64785], [-87.58962, 41.64771], [-87.58945, 41.64759], [-87.5894, 41.64752], [-87.5892, 41.64736], [-87.58909, 41.64724], [-87.58893, 41.64713], [-87.58892, 41.6471], [-87.58888, 41.64709], [-87.58869, 41.64687], [-87.58857, 41.6467], [-87.58801, 41.64614], [-87.58798, 41.64609], [-87.58792, 41.64606], [-87.58781, 41.6459], [-87.5875, 41.64568], [-87.58735, 41.64542], [-87.58724, 41.64532], [-87.58679, 41.64502], [-87.5867, 41.64476], [-87.58666, 41.64471], [-87.5866, 41.64464], [-87.5864, 41.64447], [-87.58637, 41.64438], [-87.58639, 41.64431], [-87.58641, 41.64428], [-87.58642, 41.64426], [-87.58646, 41.64425], [-87.58661, 41.64425], [-87.58672, 41.64432], [-87.58682, 41.64431], [-87.5871, 41.64422], [-87.58722, 41.64414], [-87.58726, 41.64414], [-87.58732, 41.6441], [-87.58759, 41.64395], [-87.58774, 41.64382], [-87.58775, 41.64379], [-87.5877, 41.64371], [-87.5877, 41.64366], [-87.5877, 41.64365], [-87.58774, 41.6436], [-87.5878, 41.64357], [-87.58793, 41.64346], [-87.58816, 41.64336], [-87.58833, 41.64329], [-87.58845, 41.64328], [-87.58857, 41.64331], [-87.58868, 41.64329], [-87.58887, 41.64323], [-87.58888, 41.64322], [-87.58903, 41.64315], [-87.58908, 41.6431], [-87.58921, 41.64302], [-87.58927, 41.64295], [-87.58941, 41.64233], [-87.58959, 41.64204], [-87.58956, 41.64198], [-87.58936, 41.6419], [-87.58906, 41.64181], [-87.58889, 41.64179], [-87.58886, 41.64179], [-87.58815, 41.64179], [-87.58811, 41.64179], [-87.58789, 41.64176], [-87.58786, 41.64175], [-87.58748, 41.6417], [-87.58737, 41.64167], [-87.58714, 41.64164], [-87.58668, 41.6415], [-87.58648, 41.64147], [-87.5862, 41.64144], [-87.58606, 41.64144], [-87.58593, 41.64148], [-87.58588, 41.64155], [-87.58583, 41.64171], [-87.58583, 41.64173], [-87.58583, 41.64234], [-87.58583, 41.64248], [-87.5859, 41.64277], [-87.58594, 41.64316], [-87.58588, 41.64335], [-87.58593, 41.6436], [-87.58592, 41.64366], [-87.58584, 41.64371], [-87.58565, 41.64358], [-87.58554, 41.64352], [-87.58536, 41.64344], [-87.58519, 41.64333], [-87.58505, 41.64326], [-87.58464, 41.64307], [-87.58442, 41.64299], [-87.58428, 41.64292], [-87.58409, 41.64286], [-87.58395, 41.64281], [-87.58376, 41.64272], [-87.58368, 41.64268], [-87.5836, 41.64263], [-87.5835, 41.64259], [-87.58335, 41.64251], [-87.58309, 41.64236], [-87.5829, 41.64229], [-87.58275, 41.64224], [-87.58258, 41.64217], [-87.58244, 41.64211], [-87.58229, 41.64207], [-87.58214, 41.64201], [-87.58181, 41.6419], [-87.58158, 41.64181], [-87.58144, 41.64177], [-87.5813, 41.6417], [-87.58105, 41.64159], [-87.58087, 41.64152], [-87.58045, 41.64135], [-87.58026, 41.64124], [-87.58006, 41.64114], [-87.57982, 41.64101], [-87.57936, 41.6408], [-87.57923, 41.64076], [-87.57904, 41.64068], [-87.57864, 41.64056], [-87.57858, 41.64053], [-87.57849, 41.64048], [-87.57847, 41.64047], [-87.57835, 41.64043], [-87.57816, 41.64036], [-87.57781, 41.64011], [-87.57776, 41.6401], [-87.57762, 41.64002], [-87.57728, 41.63979], [-87.57717, 41.63975], [-87.57704, 41.63967], [-87.57699, 41.63966], [-87.57688, 41.63958], [-87.57672, 41.63952], [-87.57647, 41.63937], [-87.57626, 41.63929], [-87.57621, 41.63926], [-87.57606, 41.63916], [-87.57595, 41.63912], [-87.57571, 41.63894], [-87.57567, 41.63894], [-87.57539, 41.63878], [-87.57532, 41.63876], [-87.57528, 41.63871], [-87.57519, 41.63868], [-87.57491, 41.63858], [-87.57488, 41.63855], [-87.57444, 41.63836], [-87.57432, 41.63832], [-87.57418, 41.63825], [-87.57415, 41.63825], [-87.57409, 41.63821], [-87.57391, 41.63817], [-87.57283, 41.63805], [-87.5724, 41.63797], [-87.57134, 41.63786], [-87.57063, 41.63779], [-87.57, 41.63777], [-87.56953, 41.63772], [-87.56909, 41.63764], [-87.56903, 41.6376], [-87.56854, 41.63755], [-87.56841, 41.63756], [-87.56811, 41.6376], [-87.56774, 41.63771], [-87.56773, 41.63774], [-87.56748, 41.63785], [-87.56744, 41.63789], [-87.56734, 41.63793], [-87.56728, 41.63798], [-87.56705, 41.6381], [-87.56704, 41.63813], [-87.56686, 41.63823], [-87.56661, 41.63849], [-87.56659, 41.63855], [-87.56645, 41.63874], [-87.56644, 41.63879], [-87.56634, 41.63886], [-87.56631, 41.63892], [-87.56627, 41.63894], [-87.56626, 41.63898], [-87.56623, 41.63898], [-87.56621, 41.63901], [-87.56612, 41.63906], [-87.566, 41.63909], [-87.56598, 41.63911], [-87.56586, 41.63913], [-87.56572, 41.63911], [-87.5656, 41.63904], [-87.56542, 41.63898], [-87.56529, 41.63897], [-87.56518, 41.63904], [-87.56513, 41.63904], [-87.56508, 41.63909], [-87.565, 41.6391], [-87.56496, 41.63915], [-87.56489, 41.63917], [-87.56484, 41.63921], [-87.56483, 41.63929], [-87.56489, 41.63937], [-87.56478, 41.6394], [-87.56469, 41.63935], [-87.56459, 41.63938], [-87.56445, 41.63948], [-87.5644, 41.6395], [-87.56432, 41.63954], [-87.56423, 41.6396], [-87.56421, 41.63963], [-87.56414, 41.63966], [-87.5641, 41.63971], [-87.56407, 41.63971], [-87.56386, 41.63991], [-87.56368, 41.64008], [-87.56344, 41.64026], [-87.56325, 41.64045], [-87.56322, 41.64051], [-87.56314, 41.64057], [-87.5631, 41.6406], [-87.56307, 41.64066], [-87.56288, 41.64087], [-87.56279, 41.64093], [-87.56278, 41.64096], [-87.56242, 41.64133], [-87.56227, 41.64141], [-87.56195, 41.64169], [-87.56169, 41.64199], [-87.56141, 41.64227], [-87.56107, 41.64264], [-87.56084, 41.64289], [-87.56064, 41.64305], [-87.56049, 41.64319], [-87.56036, 41.64316], [-87.55931, 41.64379], [-87.55912, 41.64395], [-87.55854, 41.6444], [-87.55835, 41.64455], [-87.55854, 41.64455], [-87.55912, 41.64455], [-87.55932, 41.64455], [-87.55932, 41.64463], [-87.55932, 41.64469], [-87.55932, 41.64487], [-87.55932, 41.64496], [-87.55961, 41.64459], [-87.56, 41.6441], [-87.56003, 41.64412], [-87.56013, 41.64418], [-87.56016, 41.6442], [-87.56031, 41.64429], [-87.56042, 41.64436], [-87.56052, 41.64437], [-87.56058, 41.64441], [-87.56061, 41.64444], [-87.56065, 41.64447], [-87.56067, 41.64453], [-87.56066, 41.64458], [-87.56064, 41.64459], [-87.56058, 41.64464], [-87.56052, 41.64472], [-87.56089, 41.64472], [-87.56201, 41.64474], [-87.56238, 41.64475], [-87.56238, 41.6447], [-87.56239, 41.6446], [-87.56245, 41.64433], [-87.5624, 41.64405], [-87.5624, 41.64402], [-87.56241, 41.64369], [-87.56259, 41.64317], [-87.56271, 41.643], [-87.5628, 41.64281], [-87.56317, 41.64232], [-87.56325, 41.64223], [-87.56329, 41.64221], [-87.5633, 41.64218], [-87.56338, 41.6421], [-87.56356, 41.64191], [-87.56369, 41.64179], [-87.56395, 41.64163], [-87.56416, 41.6415], [-87.56445, 41.64127], [-87.56461, 41.64118], [-87.56515, 41.64086], [-87.56554, 41.64055], [-87.56557, 41.64055], [-87.56579, 41.64039], [-87.56606, 41.64021], [-87.56633, 41.64011], [-87.56642, 41.64004], [-87.56653, 41.63999], [-87.56662, 41.63992], [-87.56667, 41.63989], [-87.56679, 41.63983], [-87.56683, 41.63978], [-87.56688, 41.63977], [-87.567, 41.63956], [-87.5671, 41.63944], [-87.56717, 41.63939], [-87.56728, 41.6393], [-87.56736, 41.63928], [-87.56739, 41.63926], [-87.56827, 41.63906], [-87.56843, 41.63904], [-87.56872, 41.63904], [-87.56918, 41.63901], [-87.56945, 41.63901], [-87.56954, 41.63902], [-87.57057, 41.63911], [-87.57109, 41.63913], [-87.57157, 41.63911], [-87.57175, 41.63911], [-87.57218, 41.63921], [-87.57238, 41.63928], [-87.57244, 41.63928], [-87.57261, 41.63933], [-87.5727, 41.63938], [-87.57305, 41.63944], [-87.57316, 41.63948], [-87.57382, 41.63959], [-87.57397, 41.63966], [-87.57407, 41.63968], [-87.57447, 41.63991], [-87.57476, 41.64005], [-87.57494, 41.64008], [-87.57496, 41.64011], [-87.575, 41.6401], [-87.57548, 41.64028], [-87.57576, 41.64044], [-87.576, 41.64052], [-87.57603, 41.64054], [-87.57609, 41.64055], [-87.57633, 41.64066], [-87.57634, 41.64068], [-87.57638, 41.64068], [-87.5765, 41.64076], [-87.57677, 41.64094], [-87.57681, 41.64094], [-87.57691, 41.64101], [-87.57694, 41.64101], [-87.57728, 41.64125], [-87.57733, 41.64131], [-87.57739, 41.64134], [-87.57742, 41.64137], [-87.57745, 41.64138], [-87.57754, 41.64146], [-87.57795, 41.64167], [-87.57811, 41.64173], [-87.57835, 41.64186], [-87.57845, 41.64191], [-87.57847, 41.64192], [-87.57859, 41.64196], [-87.57861, 41.64196], [-87.57887, 41.64209], [-87.57907, 41.64215], [-87.57959, 41.64246], [-87.57972, 41.6425], [-87.58002, 41.64259], [-87.58004, 41.64262], [-87.58014, 41.64264], [-87.5806, 41.64292], [-87.58071, 41.64301], [-87.58076, 41.64301], [-87.58085, 41.64306], [-87.58094, 41.64308], [-87.58096, 41.6431], [-87.58105, 41.64311], [-87.58107, 41.64313], [-87.5812, 41.64316], [-87.58168, 41.64335], [-87.58185, 41.6434], [-87.58219, 41.64358], [-87.58228, 41.6436], [-87.58244, 41.64367], [-87.58246, 41.6437], [-87.58271, 41.64383], [-87.58294, 41.64399], [-87.58311, 41.64407], [-87.58326, 41.64415], [-87.58336, 41.64424], [-87.58341, 41.64425], [-87.58342, 41.64428], [-87.58363, 41.6444], [-87.58368, 41.64444], [-87.58397, 41.64459], [-87.58417, 41.64473], [-87.58448, 41.64497], [-87.58469, 41.64508], [-87.58486, 41.6452], [-87.58494, 41.64528], [-87.58498, 41.64529], [-87.58499, 41.64533], [-87.58506, 41.64536], [-87.58521, 41.64549], [-87.58541, 41.6457], [-87.58561, 41.64584], [-87.58571, 41.64594], [-87.58574, 41.64595], [-87.58576, 41.64598], [-87.58589, 41.64609], [-87.58606, 41.64622], [-87.58646, 41.64659], [-87.58662, 41.64676], [-87.5869, 41.64698], [-87.58737, 41.64742], [-87.58752, 41.64759], [-87.58762, 41.64767], [-87.58764, 41.64771], [-87.58781, 41.64788], [-87.58784, 41.64794], [-87.58787, 41.64796], [-87.58804, 41.64817], [-87.58832, 41.64842], [-87.58838, 41.64844], [-87.58842, 41.64849], [-87.58889, 41.64877], [-87.58901, 41.64888], [-87.58905, 41.64889], [-87.58919, 41.64903], [-87.58928, 41.64908], [-87.58943, 41.64926], [-87.58965, 41.64946], [-87.58994, 41.64961], [-87.58999, 41.64966], [-87.59022, 41.6498], [-87.59077, 41.64993], [-87.59106, 41.65001], [-87.59112, 41.65002], [-87.59238, 41.65023], [-87.59303, 41.65024], [-87.59333, 41.65021], [-87.59344, 41.6502], [-87.59387, 41.65011], [-87.59416, 41.65003], [-87.59424, 41.64999], [-87.59433, 41.64997], [-87.59435, 41.64995], [-87.59455, 41.6499], [-87.59486, 41.64985], [-87.59523, 41.64975], [-87.59615, 41.6496], [-87.59666, 41.64948], [-87.59689, 41.64943], [-87.5974, 41.64935], [-87.5975, 41.64932], [-87.59765, 41.64928], [-87.59773, 41.64926], [-87.5981, 41.64924], [-87.59826, 41.64923], [-87.59833, 41.64923], [-87.59862, 41.64926], [-87.59901, 41.64926], [-87.59957, 41.64925], [-87.60015, 41.64929], [-87.60038, 41.64934], [-87.60054, 41.64939], [-87.60109, 41.64954], [-87.60123, 41.64959], [-87.60145, 41.64968], [-87.60195, 41.64979], [-87.60207, 41.64981], [-87.60262, 41.64997], [-87.60302, 41.65006], [-87.60307, 41.65007], [-87.60317, 41.65008], [-87.60341, 41.65013], [-87.60357, 41.65015], [-87.60369, 41.65019], [-87.60429, 41.65027], [-87.60456, 41.65028], [-87.60512, 41.6503], [-87.60565, 41.65032], [-87.6065, 41.65033], [-87.60656, 41.65033], [-87.60684, 41.65034], [-87.60765, 41.65031], [-87.60791, 41.6503], [-87.60868, 41.65033], [-87.60876, 41.65033], [-87.60893, 41.65032], [-87.60909, 41.65031], [-87.60918, 41.65034], [-87.60921, 41.6504], [-87.6092, 41.65054], [-87.60922, 41.65055], [-87.60929, 41.65058], [-87.60933, 41.65059], [-87.60954, 41.65065], [-87.60964, 41.65067], [-87.60978, 41.65065], [-87.60985, 41.65062], [-87.60987, 41.65059], [-87.60986, 41.65049], [-87.60981, 41.65045], [-87.6097, 41.65042], [-87.60947, 41.65041], [-87.6094, 41.65039], [-87.60936, 41.65032], [-87.60994, 41.65035], [-87.60996, 41.65035], [-87.61055, 41.65038], [-87.61063, 41.65038], [-87.61074, 41.65035], [-87.61089, 41.65036], [-87.61097, 41.65036], [-87.61131, 41.65035], [-87.61137, 41.65042], [-87.61151, 41.65047], [-87.6117, 41.65048], [-87.61185, 41.65047], [-87.61193, 41.65046], [-87.61203, 41.65045], [-87.61211, 41.65042], [-87.61212, 41.65036], [-87.61213, 41.65035], [-87.61221, 41.6503], [-87.61246, 41.65036], [-87.61256, 41.65043], [-87.61262, 41.65047], [-87.61283, 41.65057], [-87.61301, 41.65063], [-87.61336, 41.65067], [-87.61392, 41.65069], [-87.61397, 41.65069], [-87.61439, 41.6507], [-87.61497, 41.65072], [-87.615, 41.65072], [-87.61611, 41.65071], [-87.61623, 41.65075], [-87.6163, 41.65082], [-87.61635, 41.65083], [-87.61669, 41.6508], [-87.61674, 41.65079], [-87.61699, 41.65064], [-87.61723, 41.65063], [-87.61727, 41.65063], [-87.61734, 41.65067], [-87.61746, 41.65082], [-87.61751, 41.65087], [-87.61785, 41.65094], [-87.6179, 41.65095], [-87.61842, 41.65118], [-87.61908, 41.65136], [-87.6191, 41.65138], [-87.61939, 41.65145], [-87.61992, 41.65162], [-87.62, 41.65164], [-87.62043, 41.65173], [-87.62061, 41.65179], [-87.62063, 41.6518], [-87.62104, 41.65203], [-87.62108, 41.65204], [-87.62115, 41.65211], [-87.62118, 41.65212], [-87.62129, 41.6522], [-87.62133, 41.6522], [-87.62155, 41.65235], [-87.62162, 41.65236], [-87.62169, 41.65235], [-87.62185, 41.65292], [-87.62203, 41.65355], [-87.62206, 41.6537], [-87.62205, 41.65382], [-87.62185, 41.65455], [-87.62171, 41.65524], [-87.62154, 41.65548], [-87.62147, 41.65552], [-87.62121, 41.65579], [-87.62107, 41.65599], [-87.62074, 41.65625], [-87.62049, 41.65651], [-87.62026, 41.65673], [-87.61959, 41.65738], [-87.61957, 41.65742], [-87.61956, 41.65744], [-87.61951, 41.65749], [-87.61937, 41.65778], [-87.61913, 41.65817], [-87.61903, 41.65847], [-87.61897, 41.65888], [-87.61891, 41.65903], [-87.61888, 41.65908], [-87.61864, 41.65946], [-87.61855, 41.6597], [-87.61842, 41.66034], [-87.61841, 41.66038], [-87.61841, 41.66053], [-87.61859, 41.661], [-87.61902, 41.66259], [-87.61912, 41.66265], [-87.62037, 41.66325], [-87.62047, 41.66328], [-87.62059, 41.66328], [-87.62195, 41.66326], [-87.6228, 41.66325], [-87.62317, 41.66324], [-87.62336, 41.6632], [-87.62505, 41.66239], [-87.62513, 41.66232], [-87.62517, 41.66228], [-87.6257, 41.66196], [-87.62584, 41.66186], [-87.62639, 41.66142], [-87.62658, 41.66125], [-87.62693, 41.66105], [-87.62734, 41.66082], [-87.6278, 41.66052], [-87.62821, 41.66018], [-87.62861, 41.65982], [-87.62896, 41.65945], [-87.62909, 41.65936], [-87.62964, 41.6591], [-87.63013, 41.65876], [-87.63025, 41.65871], [-87.63057, 41.65858], [-87.6309, 41.6584], [-87.63107, 41.65824], [-87.63114, 41.658], [-87.6312, 41.65795], [-87.63128, 41.65792], [-87.63134, 41.65793], [-87.63152, 41.65796], [-87.63153, 41.65795], [-87.6316, 41.65795], [-87.63168, 41.65795], [-87.6323, 41.65782], [-87.63249, 41.65778], [-87.63284, 41.65769], [-87.6339, 41.65758], [-87.63427, 41.65756], [-87.63442, 41.65756], [-87.63488, 41.65757], [-87.63514, 41.65756], [-87.63549, 41.65754], [-87.6363, 41.65749], [-87.63636, 41.65748], [-87.6365, 41.65748], [-87.6366, 41.6575], [-87.6369, 41.6576], [-87.63711, 41.65764], [-87.63757, 41.65768], [-87.63782, 41.65773], [-87.63866, 41.65777], [-87.63936, 41.65785], [-87.6398, 41.65787], [-87.64001, 41.65786], [-87.64063, 41.65785], [-87.64124, 41.65784], [-87.64128, 41.65784], [-87.64142, 41.65785], [-87.64166, 41.65791], [-87.64181, 41.65791], [-87.64238, 41.65783], [-87.64248, 41.65782], [-87.64399, 41.65782], [-87.64491, 41.65779], [-87.64535, 41.65782], [-87.64567, 41.65788], [-87.64584, 41.65792], [-87.64612, 41.65792], [-87.64676, 41.65779], [-87.64678, 41.65764], [-87.6468, 41.65749], [-87.64683, 41.65719], [-87.64684, 41.65711], [-87.64685, 41.65703], [-87.647, 41.65698], [-87.64745, 41.65683], [-87.64853, 41.65646], [-87.64927, 41.65621], [-87.64987, 41.65601], [-87.65001, 41.65596], [-87.65042, 41.65582], [-87.65056, 41.65577], [-87.65065, 41.65574], [-87.65074, 41.65571], [-87.65088, 41.65566], [-87.65092, 41.65565], [-87.65101, 41.65562], [-87.65112, 41.65558], [-87.65145, 41.65547]]]}}, {"type": "Feature", "properties": {"NAME": "South Lagoon", "MTFCC": "H2030", "AREAWATER": "53682"}, "geometry": {"type": "Polygon", "coordinates": [[[-87.63259, 41.92589], [-87.6325, 41.92535], [-87.63241, 41.92513], [-87.63226, 41.92476], [-87.6322, 41.92457], [-87.63212, 41.92457], [-87.63204, 41.92435], [-87.63211, 41.9243], [-87.63185, 41.92348], [-87.63169, 41.92308], [-87.63143, 41.92271], [-87.63126, 41.92246], [-87.63122, 41.92226], [-87.63118, 41.92193], [-87.63112, 41.92172], [-87.63078, 41.92081], [-87.63063, 41.92048], [-87.63055, 41.92017], [-87.63052, 41.91991], [-87.6304, 41.91945], [-87.63005, 41.91882], [-87.63001, 41.91871], [-87.62987, 41.91832], [-87.62977, 41.91787], [-87.62975, 41.9178], [-87.62962, 41.91757], [-87.62937, 41.9169], [-87.62921, 41.9166], [-87.62906, 41.91649], [-87.62898, 41.91649], [-87.62876, 41.91658], [-87.62868, 41.91671], [-87.62868, 41.91683], [-87.62895, 41.91735], [-87.62912, 41.91799], [-87.62916, 41.91814], [-87.62944, 41.91866], [-87.62949, 41.91875], [-87.62965, 41.91912], [-87.62979, 41.9196], [-87.62988, 41.91985], [-87.62995, 41.92036], [-87.62997, 41.92078], [-87.63007, 41.92116], [-87.63024, 41.92161], [-87.63077, 41.92254], [-87.63095, 41.92293], [-87.63107, 41.92334], [-87.63134, 41.92394], [-87.63155, 41.92435], [-87.63158, 41.92439], [-87.63167, 41.92439], [-87.63178, 41.9246], [-87.63167, 41.92467], [-87.63192, 41.92536], [-87.63259, 41.92589]]]}}, {"type": "Feature", "properties": {"NAME": null, "MTFCC": "H2030", "AREAWATER": "55939"}, "geometry": {"type": "Polygon", "coordinates": [[[-87.96097, 41.81449], [-87.96092, 41.81449], [-87.96091, 41.81451], [-87.9609, 41.81452], [-87.96087, 41.81453], [-87.96085, 41.81453], [-87.96081, 41.81452], [-87.96071, 41.81449], [-87.96054, 41.81448], [-87.96046, 41.81448], [-87.95901, 41.81446], [-87.95895, 41.81445], [-87.95891, 41.81444], [-87.95881, 41.81442], [-87.95876, 41.81442], [-87.95864, 41.81444], [-87.95854, 41.81448], [-87.95851, 41.8145], [-87.95826, 41.81472], [-87.95823, 41.81474], [-87.95817, 41.81478], [-87.95806, 41.81484], [-87.95802, 41.81485], [-87.95794, 41.81488], [-87.95789, 41.81488], [-87.95755, 41.81485], [-87.9575, 41.81484], [-87.95747, 41.81483], [-87.95739, 41.81478], [-87.95735, 41.81476], [-87.95729, 41.81475], [-87.95724, 41.81472], [-87.95721, 41.8147], [-87.95713, 41.81463], [-87.95706, 41.81433], [-87.95706, 41.81429], [-87.95707, 41.81423], [-87.95719, 41.81406], [-87.9572, 41.81403], [-87.95724, 41.8138], [-87.95723, 41.81375], [-87.95722, 41.81372], [-87.95721, 41.81369], [-87.95717, 41.81366], [-87.95714, 41.81364], [-87.9571, 41.81362], [-87.95705, 41.8136], [-87.95679, 41.81347], [-87.95677, 41.81346], [-87.95671, 41.81344], [-87.95662, 41.8134], [-87.95656, 41.81339], [-87.95652, 41.81338], [-87.95648, 41.81338], [-87.95633, 41.81341], [-87.95628, 41.81342], [-87.95614, 41.81343], [-87.95606, 41.81341], [-87.956, 41.81338], [-87.95585, 41.81332], [-87.95581, 41.81331], [-87.95578, 41.8133], [-87.95572, 41.81332], [-87.95568, 41.81334], [-87.95549, 41.81345], [-87.95544, 41.8135], [-87.95542, 41.81352], [-87.9554, 41.81357], [-87.95539, 41.81363], [-87.95539, 41.81375], [-87.95539, 41.8138], [-87.95539, 41.81392], [-87.95541, 41.8141], [-87.95542, 41.81414], [-87.95544, 41.81417], [-87.95552, 41.81425], [-87.95554, 41.81429], [-87.95554, 41.81432], [-87.95554, 41.81435], [-87.95555, 41.81437], [-87.95556, 41.81439], [-87.95575, 41.81455], [-87.95592, 41.81467], [-87.95596, 41.81472], [-87.95602, 41.81477], [-87.95606, 41.81481], [-87.95613, 41.81486], [-87.95626, 41.815], [-87.95629, 41.81503], [-87.95635, 41.8151], [-87.9564, 41.81513], [-87.95643, 41.81516], [-87.95652, 41.81531], [-87.95666, 41.81549], [-87.9568, 41.81561], [-87.95686, 41.81563], [-87.95688, 41.81565], [-87.95706, 41.81567], [-87.95711, 41.81567], [-87.9576, 41.81561], [-87.95771, 41.81562], [-87.95789, 41.81567], [-87.95798, 41.8157], [-87.95832, 41.81583], [-87.95854, 41.8159], [-87.95858, 41.81591], [-87.95864, 41.8159], [-87.95869, 41.81589], [-87.95871, 41.81588], [-87.95875, 41.81585], [-87.95882, 41.81573], [-87.95888, 41.81557], [-87.9589, 41.81554], [-87.959, 41.81545], [-87.95904, 41.81543], [-87.9591, 41.81541], [-87.95947, 41.81533], [-87.95972, 41.81531], [-87.95989, 41.81528], [-87.96018, 41.81523], [-87.96021, 41.81522], [-87.96039, 41.8151], [-87.96051, 41.81501], [-87.96058, 41.81494], [-87.9606, 41.81492], [-87.96065, 41.81487], [-87.96071, 41.81482], [-87.96079, 41.81474], [-87.96088, 41.81464], [-87.96097, 41.81449]]]}}, {"type": "Feature", "properties": {"NAME": null, "MTFCC": "H2030", "AREAWATER": "115593"}, "geometry": {"type": "Polygon", "coordinates": [[[-87.65027, 41.64515], [-87.65047, 41.64475], [-87.64507, 41.64475], [-87.64481, 41.64744], [-87.64477, 41.64785], [-87.64837, 41.64755], [-87.64957, 41.64525], [-87.65027, 41.64515]]]}}, {"type": "Feature", "properties": {"NAME": "Murphy Lk", "MTFCC": "H2030", "AREAWATER": "58160"}, "geometry": {"type": "Polygon", "coordinates": [[[-87.85897, 42.01245], [-87.85897, 42.01216], [-87.85896, 42.01209], [-87.85894, 42.01202], [-87.85892, 42.01197], [-87.85889, 42.01193], [-87.85886, 42.01191], [-87.85881, 42.0119], [-87.85876, 42.01191], [-87.85869, 42.01192], [-87.85864, 42.01193], [-87.85861, 42.01196], [-87.85859, 42.01199], [-87.85861, 42.01206], [-87.85862, 42.01215], [-87.85861, 42.01222], [-87.85857, 42.01231], [-87.85848, 42.01237], [-87.85826, 42.01244], [-87.8581, 42.01246], [-87.858, 42.01247], [-87.85793, 42.01244], [-87.85786, 42.01239], [-87.85784, 42.01236], [-87.85783, 42.01234], [-87.85783, 42.01231], [-87.85783, 42.01227], [-87.85782, 42.01197], [-87.8578, 42.01189], [-87.85778, 42.01187], [-87.85774, 42.01184], [-87.85771, 42.01185], [-87.85767, 42.01188], [-87.85764, 42.01192], [-87.85763, 42.01195], [-87.85766, 42.01198], [-87.85768, 42.012], [-87.85769, 42.01202], [-87.85768, 42.01204], [-87.85766, 42.01204], [-87.85763, 42.01205], [-87.85761, 42.01205], [-87.85761, 42.01201], [-87.85761, 42.01199], [-87.85759, 42.01197], [-87.85756, 42.01198], [-87.85749, 42.01199], [-87.85742, 42.012], [-87.85735, 42.01199], [-87.85731, 42.01197], [-87.85729, 42.01198], [-87.85728, 42.012], [-87.85726, 42.01202], [-87.85723, 42.01203], [-87.85719, 42.01202], [-87.85717, 42.01201], [-87.85717, 42.01198], [-87.85719, 42.01196], [-87.85721, 42.01194], [-87.85721, 42.01192], [-87.8572, 42.01191], [-87.85718, 42.01189], [-87.85706, 42.01189], [-87.85692, 42.01192], [-87.85681, 42.01194], [-87.85668, 42.01197], [-87.85658, 42.01201], [-87.85649, 42.01205], [-87.85637, 42.01204], [-87.85623, 42.01202], [-87.85615, 42.01199], [-87.85614, 42.01196], [-87.85602, 42.01192], [-87.856, 42.01192], [-87.85595, 42.01194], [-87.85589, 42.01199], [-87.85589, 42.01212], [-87.8559, 42.01223], [-87.85596, 42.0123], [-87.85601, 42.01236], [-87.85605, 42.01241], [-87.85606, 42.01246], [-87.85605, 42.01251], [-87.85603, 42.01255], [-87.85605, 42.01285], [-87.85609, 42.01296], [-87.85612, 42.01309], [-87.85612, 42.01317], [-87.85608, 42.01322], [-87.85602, 42.01322], [-87.85595, 42.01322], [-87.85592, 42.01323], [-87.85587, 42.01329], [-87.85588, 42.01336], [-87.85595, 42.01374], [-87.85589, 42.01399], [-87.85589, 42.01406], [-87.85597, 42.01412], [-87.85606, 42.01418], [-87.85611, 42.01425], [-87.85614, 42.01434], [-87.85611, 42.01434], [-87.85607, 42.01435], [-87.85607, 42.01437], [-87.8561, 42.0144], [-87.8561, 42.01456], [-87.85609, 42.01465], [-87.85606, 42.01467], [-87.85601, 42.01467], [-87.85597, 42.01466], [-87.8559, 42.01465], [-87.85586, 42.01465], [-87.85584, 42.01468], [-87.85586, 42.01472], [-87.85586, 42.01476], [-87.85585, 42.01478], [-87.85583, 42.01478], [-87.85579, 42.01478], [-87.85577, 42.01478], [-87.85576, 42.0148], [-87.85577, 42.01482], [-87.85576, 42.01483], [-87.85573, 42.01483], [-87.85572, 42.01483], [-87.8557, 42.01484], [-87.85569, 42.01487], [-87.85566, 42.01504], [-87.85629, 42.01509], [-87.85637, 42.01513], [-87.8564, 42.01518], [-87.85642, 42.01517], [-87.85643, 42.01514], [-87.85645, 42.01514], [-87.85647, 42.01513], [-87.85648, 42.01515], [-87.8565, 42.01516], [-87.85652, 42.01519], [-87.85652, 42.01522], [-87.85655, 42.01523], [-87.85659, 42.01522], [-87.85664, 42.0152], [-87.85668, 42.01517], [-87.85673, 42.01515], [-87.8568, 42.01517], [-87.85682, 42.01518], [-87.85687, 42.01518], [-87.85688, 42.01517], [-87.85686, 42.01512], [-87.85683, 42.01508], [-87.8568, 42.01505], [-87.85681, 42.01502], [-87.85689, 42.01494], [-87.85691, 42.01494], [-87.85693, 42.01498], [-87.85695, 42.01499], [-87.85698, 42.01499], [-87.85698, 42.01494], [-87.857, 42.01491], [-87.85704, 42.0149], [-87.85711, 42.01491], [-87.85727, 42.01493], [-87.85743, 42.01495], [-87.85748, 42.01498], [-87.85758, 42.01503], [-87.85764, 42.01507], [-87.85778, 42.01509], [-87.85783, 42.01509], [-87.85782, 42.01506], [-87.85779, 42.01503], [-87.85775, 42.01495], [-87.85775, 42.01489], [-87.85775, 42.01485], [-87.85773, 42.01483], [-87.8577, 42.01481], [-87.85768, 42.01479], [-87.85768, 42.01475], [-87.85772, 42.01469], [-87.85777, 42.01465], [-87.85782, 42.01462], [-87.85787, 42.01457], [-87.8579, 42.01453], [-87.85791, 42.0145], [-87.85791, 42.01447], [-87.85786, 42.01444], [-87.8578, 42.01441], [-87.85778, 42.01439], [-87.85777, 42.01437], [-87.85779, 42.01435], [-87.85781, 42.01433], [-87.8578, 42.01427], [-87.85778, 42.01423], [-87.85776, 42.01422], [-87.85774, 42.0142], [-87.85774, 42.01413], [-87.85774, 42.01405], [-87.85773, 42.01401], [-87.85771, 42.01399], [-87.85767, 42.014], [-87.85764, 42.014], [-87.85764, 42.01399], [-87.85763, 42.01392], [-87.85768, 42.01387], [-87.85775, 42.01379], [-87.85781, 42.01374], [-87.85779, 42.0137], [-87.85775, 42.01366], [-87.8577, 42.01362], [-87.85768, 42.01357], [-87.85769, 42.01349], [-87.85774, 42.01328], [-87.85776, 42.01324], [-87.85775, 42.01317], [-87.85773, 42.01307], [-87.85772, 42.01302], [-87.85772, 42.01296], [-87.85776, 42.01293], [-87.85779, 42.01291], [-87.85786, 42.01291], [-87.85876, 42.0129], [-87.85882, 42.01291], [-87.85886, 42.01292], [-87.85894, 42.0129], [-87.85896, 42.01288], [-87.85896, 42.01284], [-87.85897, 42.01245]]]}}, {"type": "Feature", "properties": {"NAME": null, "MTFCC": "H2030", "AREAWATER": "54905"}, "geometry": {"type": "Polygon", "coordinates": [[[-87.87427, 41.60511], [-87.87537, 41.60211], [-87.87367, 41.60191], [-87.87217, 41.60481], [-87.87301, 41.60493], [-87.87427, 41.60511]]]}}, {"type": "Feature", "properties": {"NAME": "Chicago River North Br", "MTFCC": "H3010", "AREAWATER": "187808"}, "geometry": {"type": "Polygon", "coordinates": [[[-87.65858, 41.90509], [-87.65858, 41.90495], [-87.65856, 41.9048], [-87.65832, 41.90398], [-87.65821, 41.90375], [-87.6581, 41.90369], [-87.65797, 41.90365], [-87.65791, 41.90364], [-87.65785, 41.90362], [-87.6578, 41.90358], [-87.65775, 41.90354], [-87.65775, 41.90351], [-87.65766, 41.9034], [-87.65759, 41.90333], [-87.65746, 41.90319], [-87.65713, 41.90286], [-87.65689, 41.90259], [-87.65676, 41.90245], [-87.65661, 41.90223], [-87.65648, 41.90195], [-87.65643, 41.90172], [-87.65639, 41.90151], [-87.65628, 41.90123], [-87.65597, 41.90086], [-87.6558, 41.9007], [-87.65552, 41.90055], [-87.65493, 41.90034], [-87.65433, 41.90016], [-87.65367, 41.90007], [-87.65306, 41.9], [-87.65217, 41.89988], [-87.65169, 41.89972], [-87.65145, 41.89954], [-87.65125, 41.89939], [-87.65083, 41.89909], [-87.65026, 41.89865], [-87.64967, 41.89818], [-87.64956, 41.89811], [-87.64935, 41.89803], [-87.64806, 41.89778], [-87.64782, 41.89776], [-87.64758, 41.89775], [-87.64604, 41.89762], [-87.64553, 41.89754], [-87.64504, 41.8973], [-87.6447, 41.89706], [-87.64462, 41.89694], [-87.64456, 41.89673], [-87.64453, 41.89645], [-87.64446, 41.89397], [-87.64417, 41.89366], [-87.64401, 41.89374], [-87.64394, 41.89357], [-87.64405, 41.89356], [-87.64394, 41.89346], [-87.64297, 41.89289], [-87.64272, 41.89274], [-87.6425, 41.89254], [-87.64239, 41.89244], [-87.64222, 41.89229], [-87.64201, 41.89206], [-87.64166, 41.89169], [-87.64148, 41.89139], [-87.64128, 41.89108], [-87.64113, 41.89075], [-87.64072, 41.89019], [-87.64017, 41.88963], [-87.63982, 41.88935], [-87.63974, 41.88924], [-87.63968, 41.88906], [-87.63924, 41.88711], [-87.63915, 41.88684], [-87.63845, 41.88611], [-87.6382, 41.88581], [-87.63819, 41.88572], [-87.63768, 41.88646], [-87.63756, 41.88701], [-87.63772, 41.887], [-87.63791, 41.88702], [-87.6381, 41.88712], [-87.63824, 41.88727], [-87.63833, 41.88736], [-87.6385, 41.88776], [-87.63858, 41.888], [-87.63877, 41.88851], [-87.63888, 41.88879], [-87.639, 41.88911], [-87.63927, 41.88948], [-87.64005, 41.89046], [-87.6405, 41.89103], [-87.6405, 41.89112], [-87.64053, 41.89119], [-87.64072, 41.89145], [-87.64133, 41.89226], [-87.64137, 41.89232], [-87.6415, 41.89232], [-87.64158, 41.89244], [-87.64158, 41.89245], [-87.64165, 41.89255], [-87.64175, 41.89271], [-87.64171, 41.89274], [-87.64184, 41.89296], [-87.64206, 41.89296], [-87.64217, 41.89299], [-87.64235, 41.89312], [-87.6425, 41.89327], [-87.64262, 41.89334], [-87.64276, 41.8934], [-87.64295, 41.89352], [-87.64308, 41.89355], [-87.64322, 41.89364], [-87.64326, 41.89369], [-87.64335, 41.89387], [-87.64338, 41.89392], [-87.64344, 41.89404], [-87.64355, 41.89412], [-87.64368, 41.89416], [-87.64371, 41.89423], [-87.64374, 41.89436], [-87.64376, 41.89448], [-87.64377, 41.89476], [-87.6438, 41.8955], [-87.64385, 41.89646], [-87.64384, 41.89656], [-87.64387, 41.89676], [-87.644, 41.89721], [-87.64408, 41.89732], [-87.64465, 41.89794], [-87.6456, 41.89805], [-87.64623, 41.8981], [-87.64731, 41.89822], [-87.64767, 41.89823], [-87.64784, 41.8982], [-87.64784, 41.89818], [-87.64783, 41.89804], [-87.64792, 41.89806], [-87.64784, 41.8982], [-87.64867, 41.89821], [-87.64934, 41.89867], [-87.64941, 41.89868], [-87.65109, 41.89986], [-87.65131, 41.89997], [-87.65165, 41.90012], [-87.65188, 41.9002], [-87.65309, 41.90041], [-87.65406, 41.9006], [-87.65453, 41.90073], [-87.65521, 41.90096], [-87.6556, 41.90123], [-87.65575, 41.9014], [-87.65594, 41.90168], [-87.65594, 41.90188], [-87.65592, 41.90191], [-87.65623, 41.90266], [-87.65636, 41.90291], [-87.65656, 41.90312], [-87.65669, 41.90324], [-87.65685, 41.90337], [-87.65708, 41.90351], [-87.6574, 41.90388], [-87.65762, 41.90415], [-87.65773, 41.90434], [-87.65784, 41.90459], [-87.65787, 41.90479], [-87.65783, 41.90571], [-87.65764, 41.90706], [-87.65762, 41.9075], [-87.65761, 41.90814], [-87.65756, 41.90824], [-87.65728, 41.90879], [-87.65754, 41.90865], [-87.65797, 41.90858], [-87.6581, 41.90819], [-87.6582, 41.90739], [-87.65834, 41.90646], [-87.65856, 41.9052], [-87.65858, 41.90509]]]}}, {"type": "Feature", "properties": {"NAME": "Lk Michigan", "MTFCC": "H2030", "AREAWATER": "1530337203"}, "geometry": {"type": "Polygon", "coordinates": [[[-87.75883, 42.15227], [-87.75881, 42.15225], [-87.75862, 42.15214], [-87.75873, 42.1521], [-87.75878, 42.152], [-87.75874, 42.15195], [-87.75851, 42.15178], [-87.75831, 42.15167], [-87.75823, 42.15161], [-87.75835, 42.15155], [-87.75821, 42.15137], [-87.75809, 42.15129], [-87.75795, 42.15109], [-87.7577, 42.1506], [-87.7575, 42.15034], [-87.75739, 42.15024], [-87.75739, 42.15019], [-87.75747, 42.15008], [-87.75744, 42.15004], [-87.7571, 42.14963], [-87.75675, 42.14926], [-87.75687, 42.1492], [-87.75686, 42.14905], [-87.75683, 42.14897], [-87.75676, 42.14886], [-87.75664, 42.14874], [-87.75624, 42.14811], [-87.75588, 42.14764], [-87.75541, 42.14714], [-87.7553, 42.147], [-87.75506, 42.14667], [-87.75471, 42.14616], [-87.75482, 42.14611], [-87.75462, 42.14585], [-87.75433, 42.14558], [-87.75445, 42.14554], [-87.75422, 42.14531], [-87.75405, 42.14512], [-87.75406, 42.145], [-87.75397, 42.14491], [-87.75394, 42.14475], [-87.75381, 42.14449], [-87.75353, 42.14403], [-87.75345, 42.1439], [-87.75276, 42.1433], [-87.75273, 42.14327], [-87.75287, 42.14316], [-87.75241, 42.14261], [-87.7524, 42.14256], [-87.752, 42.14209], [-87.75179, 42.14188], [-87.75166, 42.14171], [-87.75149, 42.14146], [-87.75129, 42.14111], [-87.75114, 42.14094], [-87.75102, 42.14085], [-87.75092, 42.14076], [-87.75081, 42.14063], [-87.7506, 42.1404], [-87.75031, 42.14006], [-87.75022, 42.13995], [-87.75009, 42.13987], [-87.75006, 42.13985], [-87.74946, 42.13927], [-87.74925, 42.13907], [-87.74904, 42.13888], [-87.74845, 42.13831], [-87.74843, 42.13829], [-87.74822, 42.1381], [-87.74791, 42.13781], [-87.74864, 42.13748], [-87.74836, 42.13714], [-87.74825, 42.13705], [-87.74819, 42.13696], [-87.74817, 42.1369], [-87.74812, 42.1368], [-87.74805, 42.13668], [-87.74774, 42.1362], [-87.74723, 42.13559], [-87.74722, 42.13553], [-87.74717, 42.13545], [-87.74624, 42.13456], [-87.74616, 42.13441], [-87.74599, 42.13425], [-87.74563, 42.13404], [-87.74551, 42.13394], [-87.74568, 42.13376], [-87.74537, 42.13356], [-87.74509, 42.13325], [-87.74435, 42.13267], [-87.74448, 42.13257], [-87.74434, 42.13244], [-87.7437, 42.13182], [-87.74376, 42.13179], [-87.74366, 42.13165], [-87.74354, 42.1315], [-87.74337, 42.13137], [-87.74305, 42.13102], [-87.74312, 42.13099], [-87.74281, 42.13069], [-87.74274, 42.13059], [-87.74285, 42.13053], [-87.74287, 42.13053], [-87.74295, 42.13049], [-87.74289, 42.13043], [-87.7424, 42.12989], [-87.74257, 42.12982], [-87.74211, 42.1292], [-87.74199, 42.12909], [-87.74177, 42.1289], [-87.74192, 42.12878], [-87.74182, 42.12864], [-87.74169, 42.12847], [-87.74164, 42.12841], [-87.74145, 42.12815], [-87.7413, 42.12783], [-87.74135, 42.12778], [-87.74133, 42.12768], [-87.74133, 42.12767], [-87.74112, 42.12749], [-87.74098, 42.12738], [-87.74071, 42.12709], [-87.74086, 42.12702], [-87.74089, 42.12701], [-87.74076, 42.12687], [-87.74069, 42.12674], [-87.74029, 42.1263], [-87.73991, 42.12605], [-87.73973, 42.1259], [-87.73951, 42.12566], [-87.73969, 42.12558], [-87.73968, 42.12556], [-87.73919, 42.12501], [-87.72597, 42.12501], [-87.70567, 42.12501], [-87.62507, 42.12502], [-87.62507, 42.10505], [-87.62506, 42.07153], [-87.62506, 42.06862], [-87.62505, 42.01877], [-87.62505, 42.00003], [-87.56255, 42.00003], [-87.50005, 42.00003], [-87.50005, 41.98552], [-87.50005, 41.93277], [-87.50005, 41.92621], [-87.50005, 41.90655], [-87.50005, 41.89999], [-87.50005, 41.87503], [-87.50119, 41.87503], [-87.52162, 41.87503], [-87.57951, 41.87503], [-87.60535, 41.87503], [-87.60562, 41.87503], [-87.60925, 41.88233], [-87.6161, 41.88226], [-87.61623, 41.88217], [-87.61632, 41.88207], [-87.61642, 41.88189], [-87.61648, 41.88175], [-87.61648, 41.88156], [-87.61649, 41.88144], [-87.61577, 41.88144], [-87.61575, 41.88091], [-87.61572, 41.88059], [-87.61648, 41.88056], [-87.61646, 41.88018], [-87.61644, 41.87981], [-87.61636, 41.8798], [-87.6162, 41.87589], [-87.61617, 41.87504], [-87.61618, 41.87443], [-87.61618, 41.8742], [-87.61618, 41.87351], [-87.61619, 41.87328], [-87.6162, 41.87216], [-87.6162, 41.87198], [-87.61634, 41.87186], [-87.61626, 41.8689], [-87.61623, 41.86888], [-87.61619, 41.86886], [-87.61615, 41.86884], [-87.61604, 41.86882], [-87.61593, 41.86876], [-87.6157, 41.86862], [-87.61548, 41.86844], [-87.61545, 41.86837], [-87.61544, 41.8683], [-87.61542, 41.86828], [-87.61536, 41.86825], [-87.61522, 41.86825], [-87.61478, 41.86825], [-87.61467, 41.86834], [-87.61402, 41.86836], [-87.61377, 41.86842], [-87.61367, 41.86843], [-87.61337, 41.86843], [-87.61296, 41.86839], [-87.61275, 41.86831], [-87.61264, 41.86828], [-87.61244, 41.86816], [-87.61238, 41.86811], [-87.61233, 41.86805], [-87.61232, 41.86802], [-87.61229, 41.86798], [-87.61228, 41.86795], [-87.61225, 41.86792], [-87.61218, 41.86769], [-87.61221, 41.86741], [-87.61224, 41.86737], [-87.61226, 41.86734], [-87.61229, 41.86729], [-87.61232, 41.86726], [-87.61234, 41.86723], [-87.61262, 41.86695], [-87.61256, 41.86684], [-87.61241, 41.8667], [-87.60776, 41.86677], [-87.60761, 41.86691], [-87.60742, 41.86704], [-87.60739, 41.86706], [-87.60734, 41.86706], [-87.60732, 41.86706], [-87.60719, 41.86713], [-87.60691, 41.86718], [-87.6064, 41.86715], [-87.60633, 41.86713], [-87.6063, 41.86711], [-87.60623, 41.86709], [-87.6062, 41.86707], [-87.60615, 41.86706], [-87.60585, 41.86685], [-87.60571, 41.86665], [-87.60565, 41.86643], [-87.60563, 41.8664], [-87.60565, 41.8663], [-87.60568, 41.86613], [-87.60573, 41.86603], [-87.60582, 41.86588], [-87.60608, 41.86561], [-87.60608, 41.86473], [-87.60615, 41.86468], [-87.60617, 41.86467], [-87.60625, 41.86464], [-87.60631, 41.86465], [-87.60632, 41.86491], [-87.60636, 41.86495], [-87.60642, 41.86498], [-87.60652, 41.86501], [-87.60662, 41.86504], [-87.60674, 41.86503], [-87.60689, 41.86499], [-87.60704, 41.86493], [-87.60715, 41.86486], [-87.60721, 41.8648], [-87.60727, 41.86474], [-87.60731, 41.86468], [-87.60738, 41.86454], [-87.60741, 41.86445], [-87.60741, 41.86443], [-87.60743, 41.86425], [-87.60746, 41.86398], [-87.60743, 41.86388], [-87.60736, 41.86373], [-87.60725, 41.86347], [-87.60721, 41.86326], [-87.60716, 41.86303], [-87.60711, 41.86293], [-87.60709, 41.86288], [-87.60707, 41.86284], [-87.60702, 41.86269], [-87.60697, 41.8626], [-87.60692, 41.86254], [-87.60678, 41.86245], [-87.60674, 41.86241], [-87.60664, 41.8623], [-87.6066, 41.86221], [-87.60657, 41.86207], [-87.60646, 41.86199], [-87.60634, 41.8619], [-87.60628, 41.8619], [-87.60619, 41.86199], [-87.60604, 41.86199], [-87.60599, 41.86195], [-87.60597, 41.86006], [-87.60606, 41.85999], [-87.60709, 41.85997], [-87.60699, 41.85868], [-87.60674, 41.85545], [-87.60658, 41.85346], [-87.60643, 41.85338], [-87.60643, 41.85327], [-87.60652, 41.8532], [-87.60776, 41.85315], [-87.6082, 41.85313], [-87.609, 41.8531], [-87.60924, 41.85315], [-87.6093, 41.85316], [-87.60948, 41.85324], [-87.6095, 41.85325], [-87.60981, 41.8535], [-87.60982, 41.85351], [-87.60999, 41.85345], [-87.61052, 41.85328], [-87.61069, 41.85322], [-87.61069, 41.85321], [-87.61067, 41.85314], [-87.61061, 41.85292], [-87.61059, 41.8529], [-87.61055, 41.85283], [-87.6102, 41.85231], [-87.60998, 41.85198], [-87.6099, 41.8519], [-87.60926, 41.85096], [-87.60923, 41.85073], [-87.6092, 41.85038], [-87.60926, 41.85011], [-87.60945, 41.84909], [-87.60938, 41.84781], [-87.60935, 41.84772], [-87.60931, 41.84755], [-87.60922, 41.84742], [-87.6092, 41.84736], [-87.60907, 41.84719], [-87.60905, 41.84712], [-87.60896, 41.847], [-87.60892, 41.8469], [-87.60889, 41.84687], [-87.60887, 41.84683], [-87.6088, 41.84676], [-87.60878, 41.84668], [-87.60874, 41.84661], [-87.60871, 41.84659], [-87.60868, 41.84653], [-87.60865, 41.8465], [-87.60859, 41.84641], [-87.60854, 41.84624], [-87.60854, 41.84623], [-87.60851, 41.84613], [-87.60852, 41.84581], [-87.60861, 41.8456], [-87.60877, 41.84525], [-87.60885, 41.8451], [-87.60892, 41.84496], [-87.60904, 41.84473], [-87.60906, 41.84466], [-87.60909, 41.84459], [-87.6091, 41.84453], [-87.60911, 41.8445], [-87.60914, 41.84442], [-87.60912, 41.84419], [-87.60903, 41.84397], [-87.60898, 41.84386], [-87.6089, 41.84362], [-87.60875, 41.84324], [-87.60866, 41.84296], [-87.60856, 41.84279], [-87.60846, 41.84269], [-87.60843, 41.84263], [-87.60829, 41.84251], [-87.60818, 41.84241], [-87.60812, 41.84228], [-87.60812, 41.84202], [-87.60813, 41.84143], [-87.60803, 41.8412], [-87.60802, 41.84117], [-87.60772, 41.84076], [-87.60757, 41.84057], [-87.60743, 41.84024], [-87.60736, 41.84005], [-87.60721, 41.83962], [-87.60709, 41.83943], [-87.60704, 41.83938], [-87.60701, 41.83932], [-87.60672, 41.83911], [-87.6062, 41.83875], [-87.60619, 41.83854], [-87.60612, 41.83707], [-87.60611, 41.83688], [-87.60597, 41.83642], [-87.6058, 41.83614], [-87.60557, 41.83579], [-87.60545, 41.83567], [-87.6053, 41.83554], [-87.60481, 41.83508], [-87.60473, 41.83498], [-87.60463, 41.8349], [-87.60467, 41.83479], [-87.60477, 41.83471], [-87.60498, 41.83459], [-87.60505, 41.83452], [-87.60508, 41.83447], [-87.6051, 41.83442], [-87.6051, 41.83412], [-87.60504, 41.83375], [-87.60498, 41.83364], [-87.60493, 41.83359], [-87.60489, 41.83352], [-87.60486, 41.83349], [-87.60477, 41.83338], [-87.6044, 41.8331], [-87.60431, 41.83306], [-87.60428, 41.83306], [-87.6042, 41.83302], [-87.60416, 41.83302], [-87.60407, 41.83298], [-87.60392, 41.83298], [-87.60356, 41.83302], [-87.60348, 41.83303], [-87.60341, 41.83298], [-87.60326, 41.83283], [-87.60324, 41.83281], [-87.60311, 41.83268], [-87.60282, 41.83237], [-87.60287, 41.83175], [-87.6029, 41.83146], [-87.60287, 41.83135], [-87.60285, 41.83131], [-87.60282, 41.8312], [-87.60281, 41.83117], [-87.60277, 41.83103], [-87.60272, 41.83086], [-87.6026, 41.83067], [-87.60259, 41.83065], [-87.60251, 41.83058], [-87.60249, 41.83055], [-87.60243, 41.83044], [-87.60235, 41.83036], [-87.60171, 41.82983], [-87.60171, 41.82979], [-87.60173, 41.82977], [-87.6018, 41.82968], [-87.60191, 41.82953], [-87.60176, 41.82873], [-87.60116, 41.82787], [-87.60114, 41.82781], [-87.60051, 41.8269], [-87.60045, 41.82686], [-87.59959, 41.82666], [-87.59937, 41.82654], [-87.59934, 41.82652], [-87.59916, 41.82641], [-87.59909, 41.82637], [-87.59903, 41.82633], [-87.59871, 41.82585], [-87.59862, 41.8257], [-87.59861, 41.82563], [-87.59852, 41.8245], [-87.5985, 41.82447], [-87.59845, 41.82441], [-87.59843, 41.82438], [-87.5984, 41.82429], [-87.59777, 41.82375], [-87.59775, 41.82372], [-87.59773, 41.82369], [-87.59763, 41.8236], [-87.5975, 41.82338], [-87.59749, 41.82334], [-87.59746, 41.82331], [-87.59733, 41.82303], [-87.59727, 41.82265], [-87.59692, 41.82212], [-87.59682, 41.82202], [-87.59678, 41.82196], [-87.59663, 41.82179], [-87.59655, 41.82171], [-87.59651, 41.82165], [-87.59632, 41.82143], [-87.59627, 41.82139], [-87.59607, 41.82115], [-87.59597, 41.82095], [-87.5959, 41.82081], [-87.59566, 41.82042], [-87.59564, 41.82039], [-87.5956, 41.82035], [-87.59557, 41.82031], [-87.59551, 41.82024], [-87.59549, 41.8202], [-87.59534, 41.82011], [-87.59486, 41.81979], [-87.59478, 41.81966], [-87.59472, 41.81954], [-87.59471, 41.81951], [-87.59468, 41.81947], [-87.59467, 41.81944], [-87.59463, 41.81939], [-87.59457, 41.81924], [-87.59454, 41.81921], [-87.59447, 41.81915], [-87.59415, 41.81915], [-87.594, 41.81915], [-87.59394, 41.81911], [-87.59383, 41.81891], [-87.59369, 41.81879], [-87.59356, 41.81867], [-87.59318, 41.81852], [-87.59291, 41.81841], [-87.59282, 41.81834], [-87.59262, 41.81804], [-87.59232, 41.81758], [-87.59237, 41.81694], [-87.59237, 41.81688], [-87.59231, 41.81677], [-87.59228, 41.81669], [-87.59225, 41.81662], [-87.59169, 41.81624], [-87.59166, 41.81619], [-87.59152, 41.81596], [-87.59123, 41.81549], [-87.59112, 41.8153], [-87.591, 41.8151], [-87.59097, 41.81506], [-87.59094, 41.81497], [-87.59081, 41.8148], [-87.59079, 41.81477], [-87.59044, 41.81453], [-87.59038, 41.81418], [-87.59037, 41.814], [-87.5903, 41.81382], [-87.59029, 41.81378], [-87.59023, 41.81372], [-87.58963, 41.81319], [-87.58916, 41.8129], [-87.58907, 41.81274], [-87.58892, 41.81259], [-87.58883, 41.81233], [-87.5885, 41.8121], [-87.58825, 41.81202], [-87.58817, 41.81202], [-87.5879, 41.81202], [-87.58763, 41.81199], [-87.58758, 41.81197], [-87.58744, 41.81191], [-87.58726, 41.81177], [-87.58723, 41.81174], [-87.58722, 41.81171], [-87.58715, 41.81163], [-87.58706, 41.81144], [-87.58701, 41.81062], [-87.58701, 41.81054], [-87.587, 41.81038], [-87.58697, 41.81021], [-87.58693, 41.81007], [-87.58683, 41.8099], [-87.58678, 41.80984], [-87.58673, 41.8098], [-87.5867, 41.80975], [-87.58666, 41.8097], [-87.58644, 41.80948], [-87.58639, 41.8094], [-87.58638, 41.80937], [-87.58634, 41.80933], [-87.58624, 41.80911], [-87.58607, 41.8088], [-87.58592, 41.80848], [-87.58568, 41.80803], [-87.58562, 41.80788], [-87.58554, 41.80775], [-87.58539, 41.80753], [-87.58523, 41.80729], [-87.58518, 41.80724], [-87.58507, 41.80714], [-87.58486, 41.80695], [-87.58483, 41.80692], [-87.58467, 41.80676], [-87.58459, 41.80669], [-87.58439, 41.80661], [-87.58436, 41.80661], [-87.58413, 41.80652], [-87.58375, 41.80624], [-87.58158, 41.80462], [-87.58138, 41.8044], [-87.58129, 41.80432], [-87.58124, 41.80428], [-87.58112, 41.80421], [-87.58063, 41.80424], [-87.58053, 41.80418], [-87.58026, 41.80401], [-87.58003, 41.80386], [-87.58003, 41.80383], [-87.58003, 41.80379], [-87.58006, 41.80354], [-87.58041, 41.80303], [-87.58048, 41.80288], [-87.5806, 41.80264], [-87.58062, 41.80259], [-87.58064, 41.80257], [-87.58066, 41.80255], [-87.58073, 41.80219], [-87.58082, 41.80177], [-87.58085, 41.80101], [-87.58087, 41.80062], [-87.58088, 41.80043], [-87.58051, 41.79962], [-87.5804, 41.79937], [-87.58016, 41.79883], [-87.57999, 41.79842], [-87.57969, 41.79817], [-87.57858, 41.79719], [-87.5783, 41.79704], [-87.57826, 41.79702], [-87.57817, 41.79701], [-87.57782, 41.79687], [-87.57757, 41.79681], [-87.57731, 41.79684], [-87.57647, 41.79705], [-87.57618, 41.79705], [-87.57598, 41.79703], [-87.57529, 41.79658], [-87.57524, 41.79655], [-87.57515, 41.79632], [-87.57517, 41.79605], [-87.57523, 41.79596], [-87.57527, 41.79585], [-87.57535, 41.79574], [-87.57544, 41.79545], [-87.57552, 41.79539], [-87.57579, 41.79534], [-87.57606, 41.79516], [-87.57626, 41.79503], [-87.57684, 41.79502], [-87.5769, 41.79501], [-87.57736, 41.79492], [-87.57804, 41.79474], [-87.57831, 41.79465], [-87.57845, 41.79457], [-87.57857, 41.79454], [-87.57905, 41.79414], [-87.57907, 41.79412], [-87.57913, 41.79404], [-87.57932, 41.79381], [-87.5795, 41.79345], [-87.5795, 41.79343], [-87.5796, 41.79284], [-87.5796, 41.79273], [-87.57959, 41.79259], [-87.57958, 41.79254], [-87.57952, 41.79232], [-87.57946, 41.79216], [-87.57938, 41.792], [-87.57906, 41.79138], [-87.57894, 41.7912], [-87.5789, 41.79114], [-87.57889, 41.79111], [-87.57886, 41.79108], [-87.57883, 41.79102], [-87.57879, 41.79091], [-87.5787, 41.79069], [-87.57866, 41.79063], [-87.57856, 41.79043], [-87.57852, 41.79035], [-87.5785, 41.7903], [-87.57842, 41.79018], [-87.57839, 41.79013], [-87.57836, 41.7901], [-87.57833, 41.79005], [-87.57824, 41.78996], [-87.57807, 41.7898], [-87.57805, 41.78978], [-87.57795, 41.78968], [-87.57792, 41.78965], [-87.57784, 41.78958], [-87.57656, 41.78869], [-87.57655, 41.78868], [-87.57661, 41.78859], [-87.57669, 41.78853], [-87.57728, 41.78846], [-87.57782, 41.78837], [-87.57792, 41.78818], [-87.5778, 41.78818], [-87.57755, 41.78819], [-87.57741, 41.7882], [-87.57732, 41.78824], [-87.57728, 41.78826], [-87.57713, 41.78815], [-87.57725, 41.78806], [-87.57733, 41.78802], [-87.57729, 41.78734], [-87.57725, 41.7867], [-87.57725, 41.7866], [-87.57708, 41.78613], [-87.57687, 41.78555], [-87.57682, 41.78544], [-87.57623, 41.78425], [-87.57621, 41.7842], [-87.57616, 41.78407], [-87.57614, 41.78404], [-87.57612, 41.784], [-87.57611, 41.78399], [-87.57603, 41.78386], [-87.576, 41.78383], [-87.57595, 41.78376], [-87.57589, 41.78369], [-87.57572, 41.78354], [-87.57563, 41.78349], [-87.57556, 41.78345], [-87.57535, 41.78331], [-87.57518, 41.78322], [-87.57514, 41.78319], [-87.57497, 41.78308], [-87.57494, 41.78307], [-87.57475, 41.78294], [-87.57469, 41.78291], [-87.5746, 41.78285], [-87.57452, 41.78281], [-87.57422, 41.78266], [-87.57396, 41.7825], [-87.57391, 41.78248], [-87.57388, 41.78246], [-87.5735, 41.78229], [-87.57331, 41.7822], [-87.57308, 41.78212], [-87.5729, 41.78207], [-87.57276, 41.78203], [-87.57271, 41.78201], [-87.57261, 41.78199], [-87.57254, 41.78197], [-87.57251, 41.78196], [-87.57238, 41.7819], [-87.57204, 41.7818], [-87.57181, 41.78174], [-87.57163, 41.78171], [-87.57158, 41.78169], [-87.57155, 41.78169], [-87.5715, 41.78168], [-87.57147, 41.78168], [-87.57125, 41.7816], [-87.57104, 41.78156], [-87.57095, 41.78154], [-87.57056, 41.78152], [-87.57011, 41.78152], [-87.56981, 41.78152], [-87.56972, 41.7815], [-87.56961, 41.78149], [-87.56959, 41.78147], [-87.56953, 41.78143], [-87.56951, 41.78139], [-87.56952, 41.7813], [-87.56955, 41.78121], [-87.56968, 41.78117], [-87.5713, 41.78075], [-87.5714, 41.78073], [-87.57209, 41.78055], [-87.57315, 41.78027], [-87.57312, 41.78013], [-87.57308, 41.78001], [-87.57304, 41.77991], [-87.57313, 41.77985], [-87.57335, 41.77977], [-87.57341, 41.77976], [-87.57348, 41.77974], [-87.57353, 41.77971], [-87.57364, 41.77969], [-87.57365, 41.77969], [-87.57381, 41.77963], [-87.57385, 41.77961], [-87.57401, 41.77955], [-87.57404, 41.77953], [-87.57422, 41.77947], [-87.57425, 41.77945], [-87.57433, 41.77942], [-87.5737, 41.77899], [-87.57341, 41.77906], [-87.57335, 41.77913], [-87.57323, 41.77921], [-87.57318, 41.77923], [-87.57286, 41.77934], [-87.57248, 41.77934], [-87.5724, 41.77932], [-87.57237, 41.7793], [-87.57228, 41.77927], [-87.57214, 41.77915], [-87.57204, 41.77903], [-87.57201, 41.77897], [-87.57193, 41.7789], [-87.57181, 41.77876], [-87.57172, 41.77866], [-87.57152, 41.77844], [-87.57145, 41.77838], [-87.57144, 41.77836], [-87.57144, 41.77832], [-87.57017, 41.77733], [-87.5698, 41.77717], [-87.56945, 41.777], [-87.56886, 41.77663], [-87.56871, 41.77651], [-87.56845, 41.77627], [-87.5684, 41.77621], [-87.56835, 41.77618], [-87.56831, 41.77611], [-87.56825, 41.77605], [-87.56822, 41.776], [-87.56816, 41.77593], [-87.56814, 41.7759], [-87.56794, 41.77567], [-87.56783, 41.77557], [-87.56766, 41.77528], [-87.56757, 41.77519], [-87.56756, 41.77518], [-87.56736, 41.77487], [-87.5673, 41.7748], [-87.56727, 41.77476], [-87.56721, 41.77469], [-87.56719, 41.77465], [-87.56706, 41.7745], [-87.56699, 41.77443], [-87.56696, 41.77437], [-87.56669, 41.77408], [-87.56661, 41.77404], [-87.56638, 41.77397], [-87.56628, 41.7739], [-87.56622, 41.77384], [-87.56609, 41.77371], [-87.56605, 41.7736], [-87.56612, 41.77354], [-87.56615, 41.77348], [-87.5661, 41.77339], [-87.56602, 41.7733], [-87.56524, 41.77282], [-87.56438, 41.77224], [-87.5643, 41.77222], [-87.56402, 41.77214], [-87.56368, 41.77214], [-87.5634, 41.77209], [-87.56329, 41.77192], [-87.56333, 41.77153], [-87.56336, 41.77137], [-87.56346, 41.77093], [-87.5634, 41.77084], [-87.56329, 41.77062], [-87.5632, 41.77048], [-87.56319, 41.77044], [-87.56313, 41.77036], [-87.56298, 41.77007], [-87.56295, 41.77004], [-87.56288, 41.76989], [-87.56275, 41.76966], [-87.56263, 41.76942], [-87.5626, 41.76937], [-87.56254, 41.7693], [-87.56229, 41.76912], [-87.56212, 41.76904], [-87.56198, 41.76897], [-87.56164, 41.76883], [-87.5616, 41.76882], [-87.56156, 41.7688], [-87.56101, 41.76865], [-87.56087, 41.76862], [-87.56084, 41.76862], [-87.56073, 41.76859], [-87.56061, 41.76856], [-87.56048, 41.7685], [-87.5603, 41.76845], [-87.56014, 41.76844], [-87.56004, 41.76844], [-87.56, 41.76845], [-87.55996, 41.76848], [-87.55992, 41.76851], [-87.55981, 41.76883], [-87.55971, 41.76904], [-87.55959, 41.76924], [-87.55944, 41.76932], [-87.55938, 41.76902], [-87.55937, 41.76892], [-87.55934, 41.76662], [-87.55942, 41.76647], [-87.55956, 41.76644], [-87.55979, 41.76639], [-87.5598, 41.76638], [-87.5601, 41.76634], [-87.56042, 41.76624], [-87.56046, 41.76623], [-87.56048, 41.76622], [-87.56056, 41.76614], [-87.56057, 41.76612], [-87.56061, 41.76603], [-87.56062, 41.76601], [-87.56063, 41.76594], [-87.56053, 41.76565], [-87.56052, 41.76563], [-87.56038, 41.76538], [-87.56031, 41.76526], [-87.56021, 41.76514], [-87.56012, 41.76506], [-87.56008, 41.76502], [-87.55992, 41.76493], [-87.5597, 41.765], [-87.55968, 41.765], [-87.55965, 41.765], [-87.55943, 41.7648], [-87.55944, 41.76473], [-87.55946, 41.76443], [-87.55925, 41.76429], [-87.55871, 41.76393], [-87.55852, 41.76404], [-87.55829, 41.76386], [-87.55794, 41.76353], [-87.5576, 41.7632], [-87.55759, 41.76313], [-87.55755, 41.76285], [-87.55705, 41.76254], [-87.55693, 41.76257], [-87.55688, 41.76257], [-87.55684, 41.76257], [-87.55673, 41.76248], [-87.55664, 41.76238], [-87.55645, 41.76216], [-87.55639, 41.76209], [-87.55635, 41.76206], [-87.5563, 41.76203], [-87.5562, 41.76201], [-87.55595, 41.76199], [-87.55573, 41.76194], [-87.55562, 41.76189], [-87.55559, 41.76188], [-87.55543, 41.76183], [-87.55529, 41.76181], [-87.55526, 41.76181], [-87.55519, 41.76179], [-87.55501, 41.76173], [-87.55451, 41.76196], [-87.55451, 41.76191], [-87.55444, 41.76178], [-87.55432, 41.76155], [-87.55429, 41.76147], [-87.55426, 41.7614], [-87.55424, 41.76138], [-87.55423, 41.76135], [-87.5542, 41.76132], [-87.55418, 41.76129], [-87.55414, 41.76125], [-87.55405, 41.76118], [-87.55389, 41.76111], [-87.55364, 41.76095], [-87.55352, 41.76089], [-87.55316, 41.76072], [-87.553, 41.76065], [-87.55266, 41.76043], [-87.55253, 41.76038], [-87.55236, 41.76033], [-87.55228, 41.76031], [-87.55215, 41.76024], [-87.55201, 41.76016], [-87.55183, 41.76005], [-87.55173, 41.76001], [-87.55158, 41.75996], [-87.55139, 41.75992], [-87.5513, 41.75989], [-87.5512, 41.75986], [-87.55109, 41.75981], [-87.55107, 41.7598], [-87.55092, 41.75973], [-87.55083, 41.7597], [-87.5507, 41.75965], [-87.55056, 41.75959], [-87.55048, 41.75957], [-87.55041, 41.75954], [-87.55038, 41.75953], [-87.55029, 41.75949], [-87.55014, 41.75943], [-87.55002, 41.75939], [-87.54996, 41.75938], [-87.54964, 41.75929], [-87.54941, 41.75923], [-87.5492, 41.75917], [-87.54897, 41.7591], [-87.54893, 41.7591], [-87.54889, 41.75908], [-87.54885, 41.75908], [-87.5488, 41.75906], [-87.5487, 41.75904], [-87.54846, 41.75901], [-87.54843, 41.75901], [-87.54809, 41.75897], [-87.54784, 41.75894], [-87.54782, 41.75894], [-87.5474, 41.75892], [-87.54716, 41.75893], [-87.54708, 41.75895], [-87.54698, 41.75898], [-87.54677, 41.75903], [-87.54665, 41.75905], [-87.5466, 41.75907], [-87.54647, 41.75909], [-87.54643, 41.75912], [-87.54639, 41.75912], [-87.54627, 41.75918], [-87.54606, 41.75926], [-87.54595, 41.7593], [-87.54592, 41.7593], [-87.54577, 41.75936], [-87.5455, 41.75949], [-87.54537, 41.75956], [-87.54508, 41.7597], [-87.54497, 41.75974], [-87.54485, 41.75975], [-87.54462, 41.75973], [-87.54458, 41.75973], [-87.5445, 41.75974], [-87.54438, 41.75978], [-87.54425, 41.75985], [-87.54418, 41.75987], [-87.54407, 41.75987], [-87.54401, 41.75988], [-87.54388, 41.75996], [-87.54364, 41.76013], [-87.54249, 41.75903], [-87.54258, 41.75875], [-87.54245, 41.75863], [-87.54216, 41.75838], [-87.54149, 41.75777], [-87.54111, 41.75777], [-87.54074, 41.75744], [-87.54051, 41.75723], [-87.54049, 41.75718], [-87.54093, 41.7569], [-87.54204, 41.75622], [-87.54316, 41.75552], [-87.54319, 41.7555], [-87.54373, 41.75518], [-87.54375, 41.75517], [-87.54375, 41.75508], [-87.54387, 41.75499], [-87.54389, 41.75495], [-87.544, 41.75484], [-87.54402, 41.7548], [-87.54404, 41.75477], [-87.54408, 41.7547], [-87.54416, 41.75434], [-87.54421, 41.75415], [-87.54422, 41.75409], [-87.54423, 41.75404], [-87.54423, 41.75399], [-87.5442, 41.75387], [-87.54414, 41.75375], [-87.54407, 41.75365], [-87.54405, 41.75362], [-87.54401, 41.75355], [-87.54399, 41.75352], [-87.54371, 41.75292], [-87.54369, 41.75289], [-87.54361, 41.75276], [-87.54355, 41.75266], [-87.5435, 41.75257], [-87.54336, 41.75236], [-87.54332, 41.7523], [-87.54306, 41.7521], [-87.5427, 41.75194], [-87.54267, 41.75194], [-87.54247, 41.75193], [-87.54148, 41.7519], [-87.54131, 41.75189], [-87.54114, 41.75188], [-87.5408, 41.75187], [-87.54063, 41.75186], [-87.54056, 41.75186], [-87.54024, 41.75182], [-87.53854, 41.75118], [-87.53732, 41.75071], [-87.53687, 41.75053], [-87.5356, 41.75003], [-87.5356, 41.75001], [-87.5328, 41.74892], [-87.5326, 41.74886], [-87.53234, 41.74875], [-87.53219, 41.74866], [-87.53213, 41.74865], [-87.53171, 41.74844], [-87.5315, 41.74835], [-87.53145, 41.74831], [-87.53136, 41.74829], [-87.53087, 41.74802], [-87.53041, 41.74475], [-87.53038, 41.74453], [-87.53, 41.74191], [-87.52992, 41.74168], [-87.52982, 41.74155], [-87.52964, 41.74141], [-87.52942, 41.74132], [-87.52954, 41.74116], [-87.52989, 41.74069], [-87.53, 41.74053], [-87.52981, 41.73939], [-87.52977, 41.73918], [-87.52961, 41.73824], [-87.52909, 41.73514], [-87.52888, 41.73392], [-87.52888, 41.7338], [-87.52894, 41.73361], [-87.52914, 41.73307], [-87.52921, 41.73288], [-87.52925, 41.73276], [-87.52939, 41.73238], [-87.52944, 41.73226], [-87.52926, 41.73229], [-87.52912, 41.73217], [-87.52903, 41.73211], [-87.52517, 41.73151], [-87.52498, 41.73144], [-87.52472, 41.73124], [-87.52464, 41.73105], [-87.52451, 41.72386], [-87.52448, 41.72296], [-87.52446, 41.72243], [-87.52442, 41.7219], [-87.52446, 41.72187], [-87.52448, 41.72185], [-87.52449, 41.72182], [-87.52448, 41.72169], [-87.52449, 41.72165], [-87.5246, 41.72162], [-87.52474, 41.7216], [-87.52484, 41.72153], [-87.52487, 41.72149], [-87.52488, 41.72148], [-87.52478, 41.72139], [-87.52482, 41.72136], [-87.52466, 41.72124], [-87.52476, 41.72112], [-87.52492, 41.72124], [-87.52506, 41.72136], [-87.52518, 41.72122], [-87.5253, 41.72105], [-87.52538, 41.72092], [-87.52538, 41.7209], [-87.52504, 41.72084], [-87.52509, 41.72068], [-87.52544, 41.72078], [-87.5255, 41.72046], [-87.52557, 41.71985], [-87.5256, 41.7195], [-87.5256, 41.71922], [-87.52554, 41.71896], [-87.52543, 41.71874], [-87.52532, 41.71855], [-87.52521, 41.71844], [-87.52514, 41.71838], [-87.52501, 41.71834], [-87.52487, 41.7183], [-87.52476, 41.71828], [-87.5245, 41.71824], [-87.52451, 41.71785], [-87.52448, 41.71779], [-87.52445, 41.71775], [-87.52445, 41.71747], [-87.52445, 41.7174], [-87.52449, 41.71738], [-87.5246, 41.71735], [-87.52495, 41.71735], [-87.52519, 41.71731], [-87.52553, 41.71733], [-87.52571, 41.7173], [-87.52613, 41.71716], [-87.52629, 41.71708], [-87.52687, 41.71695], [-87.52694, 41.71691], [-87.52735, 41.71677], [-87.52766, 41.71662], [-87.52788, 41.71645], [-87.528, 41.71638], [-87.52833, 41.71607], [-87.52845, 41.71591], [-87.52846, 41.71579], [-87.52841, 41.7155], [-87.52834, 41.71536], [-87.52825, 41.71512], [-87.5282, 41.71494], [-87.52809, 41.71467], [-87.52805, 41.71444], [-87.52797, 41.7143], [-87.52781, 41.71392], [-87.52768, 41.71365], [-87.52755, 41.7135], [-87.52752, 41.71344], [-87.52749, 41.71343], [-87.52737, 41.71327], [-87.52665, 41.71265], [-87.5265, 41.71254], [-87.52641, 41.71246], [-87.52638, 41.71244], [-87.52636, 41.71243], [-87.5252, 41.71334], [-87.52514, 41.7133], [-87.52539, 41.7131], [-87.52632, 41.71236], [-87.52819, 41.71097], [-87.52798, 41.71077], [-87.52773, 41.71055], [-87.52752, 41.7104], [-87.52732, 41.71027], [-87.52718, 41.71019], [-87.52697, 41.71007], [-87.52675, 41.70998], [-87.52661, 41.70995], [-87.52638, 41.70991], [-87.52625, 41.70991], [-87.5261, 41.70992], [-87.526, 41.70999], [-87.5259, 41.71004], [-87.52588, 41.71009], [-87.526, 41.71028], [-87.52601, 41.71034], [-87.52599, 41.71037], [-87.52578, 41.71037], [-87.5256, 41.71031], [-87.52553, 41.71011], [-87.52544, 41.71002], [-87.5253, 41.70996], [-87.52497, 41.7099], [-87.52492, 41.70986], [-87.52485, 41.70976], [-87.52471, 41.70966], [-87.52462, 41.70956], [-87.52454, 41.70951], [-87.52425, 41.70944], [-87.52422, 41.70942], [-87.5242, 41.70927], [-87.52422, 41.70925], [-87.52437, 41.70923], [-87.52453, 41.70923], [-87.52471, 41.70926], [-87.5249, 41.7094], [-87.5249, 41.70943], [-87.52502, 41.70957], [-87.52507, 41.7096], [-87.52528, 41.70967], [-87.52548, 41.70984], [-87.52555, 41.70986], [-87.52618, 41.70948], [-87.52576, 41.70916], [-87.52529, 41.70883], [-87.52479, 41.70858], [-87.52427, 41.70826], [-87.52417, 41.70818], [-87.52416, 41.70831], [-87.5242, 41.71256], [-87.52424, 41.71698], [-87.52423, 41.71727], [-87.52431, 41.71821], [-87.52432, 41.71832], [-87.5242, 41.71951], [-87.52416, 41.72185], [-87.52415, 41.72244], [-87.52415, 41.72296], [-87.52415, 41.72313], [-87.52414, 41.72382], [-87.52399, 41.73513], [-87.52394, 41.73895], [-87.52389, 41.74277], [-87.52366, 41.75991], [-87.51894, 41.75995], [-87.50479, 41.76009], [-87.50193, 41.76012], [-87.501, 41.76013], [-87.50007, 41.76014], [-87.50004, 41.76014], [-87.50004, 41.76019], [-87.50004, 41.76036], [-87.50004, 41.76042], [-87.44423, 41.76034], [-87.37504, 41.76025], [-87.27681, 41.76054], [-87.25004, 41.76062], [-87.221, 41.76089], [-87.21835, 41.7609], [-87.21042, 41.76094], [-87.20777, 41.76096], [-87.20644, 41.7663], [-87.20627, 41.76698], [-87.20604, 41.76793], [-87.20218, 41.78343], [-87.1906, 41.82995], [-87.18674, 41.84545], [-87.18636, 41.84696], [-87.18523, 41.8515], [-87.18485, 41.85301], [-87.18459, 41.85405], [-87.18433, 41.85512], [-87.1821, 41.86406], [-87.17937, 41.87503], [-87.17544, 41.8909], [-87.17323, 41.89985], [-87.17301, 41.90073], [-87.17235, 41.9034], [-87.17213, 41.90429], [-87.17179, 41.90566], [-87.17133, 41.9075], [-87.17008, 41.91258], [-87.1663, 41.92781], [-87.16505, 41.93289], [-87.16173, 41.94632], [-87.15175, 41.98659], [-87.14843, 42.00001], [-87.14875, 42.00002], [-87.14969, 42.00003], [-87.15001, 42.00003], [-87.13454, 42.05876], [-87.13179, 42.0693], [-87.13129, 42.07121], [-87.13086, 42.07287], [-87.12504, 42.09512], [-87.12504, 42.09551], [-87.12504, 42.0967], [-87.12504, 42.0971], [-87.12226, 42.10756], [-87.11762, 42.12503], [-87.11393, 42.13894], [-87.11116, 42.14941], [-87.12504, 42.14991], [-87.21393, 42.15049], [-87.25005, 42.15073], [-87.25859, 42.15078], [-87.37505, 42.15152], [-87.50005, 42.15199], [-87.52228, 42.15202], [-87.62506, 42.15213], [-87.64836, 42.15244], [-87.71826, 42.15338], [-87.72176, 42.15343], [-87.74156, 42.15323], [-87.74845, 42.15286], [-87.75033, 42.15276], [-87.75434, 42.15255], [-87.75477, 42.1525], [-87.75877, 42.15237], [-87.75881, 42.15231], [-87.75883, 42.15227]]]}}, {"type": "Feature", "properties": {"NAME": "North Shore Chnnl", "MTFCC": "H2030", "AREAWATER": "208463771"}, "geometry": {"type": "Polygon", "coordinates": [[[-87.73919, 42.12501], [-87.73901, 42.12481], [-87.73885, 42.12458], [-87.73864, 42.12435], [-87.73851, 42.12421], [-87.73837, 42.12403], [-87.73824, 42.12388], [-87.73809, 42.12365], [-87.73828, 42.12355], [-87.73809, 42.12337], [-87.73797, 42.12328], [-87.73783, 42.12306], [-87.73781, 42.12301], [-87.73774, 42.12291], [-87.73755, 42.12281], [-87.73745, 42.12285], [-87.73746, 42.12274], [-87.73743, 42.1226], [-87.73735, 42.12247], [-87.7371, 42.12217], [-87.73681, 42.12195], [-87.73668, 42.12181], [-87.73677, 42.12178], [-87.73678, 42.1217], [-87.73668, 42.12148], [-87.73641, 42.12125], [-87.73623, 42.12114], [-87.73599, 42.12091], [-87.73622, 42.12079], [-87.73592, 42.1205], [-87.73583, 42.12045], [-87.73561, 42.12017], [-87.73508, 42.11984], [-87.73482, 42.11964], [-87.73445, 42.11939], [-87.73454, 42.1193], [-87.73347, 42.1186], [-87.7334, 42.11854], [-87.73289, 42.11811], [-87.73265, 42.11799], [-87.73254, 42.11791], [-87.73226, 42.11776], [-87.73192, 42.11752], [-87.73166, 42.11726], [-87.73163, 42.11725], [-87.73161, 42.11722], [-87.7316, 42.11721], [-87.73153, 42.11719], [-87.73122, 42.11696], [-87.7312, 42.11693], [-87.73091, 42.11675], [-87.73071, 42.11657], [-87.73067, 42.11648], [-87.73055, 42.11638], [-87.73037, 42.11633], [-87.7302, 42.11632], [-87.72974, 42.11654], [-87.72946, 42.1162], [-87.72977, 42.11603], [-87.73029, 42.11576], [-87.73036, 42.11572], [-87.73043, 42.11556], [-87.7305, 42.11549], [-87.73035, 42.11532], [-87.73031, 42.11529], [-87.73023, 42.11519], [-87.73001, 42.11526], [-87.72997, 42.11518], [-87.73015, 42.11511], [-87.73009, 42.11503], [-87.72989, 42.11511], [-87.72982, 42.11503], [-87.72986, 42.11501], [-87.73026, 42.11482], [-87.73039, 42.11476], [-87.73056, 42.11468], [-87.73045, 42.11457], [-87.72977, 42.11383], [-87.72954, 42.11359], [-87.72938, 42.11342], [-87.72955, 42.11326], [-87.72902, 42.11279], [-87.72891, 42.11271], [-87.72872, 42.11249], [-87.72869, 42.11248], [-87.72863, 42.1124], [-87.7286, 42.11237], [-87.7282, 42.11205], [-87.72819, 42.11195], [-87.72799, 42.11163], [-87.72777, 42.11133], [-87.72761, 42.11115], [-87.72738, 42.11093], [-87.72696, 42.11065], [-87.72701, 42.11057], [-87.72697, 42.11038], [-87.72692, 42.11027], [-87.72635, 42.10969], [-87.72631, 42.10961], [-87.72631, 42.10946], [-87.72615, 42.10922], [-87.72588, 42.10894], [-87.72574, 42.10884], [-87.72564, 42.1087], [-87.72552, 42.10857], [-87.72549, 42.10855], [-87.72537, 42.10846], [-87.72517, 42.10836], [-87.72506, 42.10826], [-87.72458, 42.10792], [-87.72458, 42.10785], [-87.72463, 42.10775], [-87.72458, 42.10762], [-87.72445, 42.10749], [-87.72437, 42.10741], [-87.72434, 42.10739], [-87.72427, 42.10733], [-87.72424, 42.10731], [-87.72409, 42.10718], [-87.72383, 42.10695], [-87.72363, 42.10681], [-87.72347, 42.1067], [-87.7233, 42.10659], [-87.72319, 42.10644], [-87.72307, 42.10633], [-87.7229, 42.10625], [-87.72266, 42.10608], [-87.72248, 42.10579], [-87.72237, 42.10567], [-87.72228, 42.10557], [-87.72209, 42.10541], [-87.72203, 42.10536], [-87.72173, 42.10513], [-87.72154, 42.10492], [-87.7212, 42.10444], [-87.72115, 42.10439], [-87.721, 42.10425], [-87.72078, 42.10409], [-87.72065, 42.104], [-87.72033, 42.10384], [-87.72011, 42.1034], [-87.7199, 42.10325], [-87.71962, 42.10311], [-87.71952, 42.10289], [-87.71925, 42.10276], [-87.71924, 42.10272], [-87.71915, 42.10266], [-87.71906, 42.10257], [-87.71904, 42.10253], [-87.7188, 42.10231], [-87.71859, 42.10219], [-87.7182, 42.10185], [-87.71804, 42.10174], [-87.71784, 42.10161], [-87.71743, 42.10116], [-87.71719, 42.10097], [-87.71705, 42.10079], [-87.71695, 42.10067], [-87.71683, 42.10058], [-87.71679, 42.10055], [-87.71624, 42.10004], [-87.71602, 42.09981], [-87.71578, 42.09956], [-87.7157, 42.09954], [-87.71545, 42.09928], [-87.71523, 42.09903], [-87.71495, 42.09874], [-87.71486, 42.09864], [-87.71482, 42.0986], [-87.71479, 42.09856], [-87.71478, 42.09854], [-87.71467, 42.09838], [-87.71445, 42.0982], [-87.71397, 42.09788], [-87.71376, 42.09767], [-87.71354, 42.09757], [-87.71338, 42.09736], [-87.71254, 42.09664], [-87.71179, 42.09623], [-87.71145, 42.09605], [-87.71139, 42.09597], [-87.71135, 42.09582], [-87.71123, 42.0957], [-87.71093, 42.09555], [-87.71088, 42.09549], [-87.7108, 42.09544], [-87.70821, 42.09784], [-87.70353, 42.10173], [-87.70191, 42.10035], [-87.70117, 42.09972], [-87.70014, 42.09892], [-87.69953, 42.09832], [-87.6973, 42.09641], [-87.69676, 42.09603], [-87.69437, 42.09432], [-87.69075, 42.09181], [-87.688, 42.08993], [-87.68576, 42.08868], [-87.68427, 42.08781], [-87.68389, 42.08759], [-87.68107, 42.08621], [-87.67925, 42.08545], [-87.67728, 42.08465], [-87.67506, 42.08371], [-87.6735, 42.08312], [-87.67239, 42.08261], [-87.67199, 42.08229], [-87.67155, 42.08194], [-87.67116, 42.0809], [-87.67122, 42.07948], [-87.67156, 42.07834], [-87.67183, 42.07729], [-87.67191, 42.07623], [-87.67172, 42.07502], [-87.67142, 42.07345], [-87.67053, 42.07227], [-87.66976, 42.07163], [-87.67173, 42.07162], [-87.67599, 42.07162], [-87.67763, 42.07166], [-87.67959, 42.07171], [-87.67951, 42.07153], [-87.6795, 42.07151], [-87.67928, 42.07115], [-87.67921, 42.07103], [-87.67912, 42.07085], [-87.67906, 42.07074], [-87.67883, 42.07041], [-87.67861, 42.07008], [-87.67842, 42.06973], [-87.67842, 42.06969], [-87.67811, 42.06922], [-87.67799, 42.06906], [-87.67767, 42.06864], [-87.67744, 42.06834], [-87.67715, 42.06796], [-87.67724, 42.06792], [-87.6769, 42.06744], [-87.67667, 42.06713], [-87.67663, 42.06708], [-87.67648, 42.06703], [-87.67634, 42.06698], [-87.67628, 42.06694], [-87.67621, 42.06682], [-87.67598, 42.06663], [-87.67591, 42.06658], [-87.67588, 42.06652], [-87.67588, 42.06645], [-87.67587, 42.06633], [-87.67586, 42.0663], [-87.67574, 42.06625], [-87.67573, 42.06624], [-87.67568, 42.06615], [-87.67563, 42.06598], [-87.67572, 42.06579], [-87.67557, 42.06549], [-87.67548, 42.06529], [-87.67548, 42.06523], [-87.67549, 42.06499], [-87.67541, 42.06486], [-87.67519, 42.06473], [-87.67513, 42.0647], [-87.67504, 42.06467], [-87.67486, 42.06454], [-87.67452, 42.06438], [-87.67416, 42.06413], [-87.67399, 42.06404], [-87.67412, 42.06394], [-87.6742, 42.06386], [-87.6739, 42.06342], [-87.67377, 42.06322], [-87.67366, 42.06294], [-87.67363, 42.06277], [-87.67358, 42.06251], [-87.67356, 42.06237], [-87.67338, 42.06182], [-87.67335, 42.06178], [-87.67333, 42.06176], [-87.67327, 42.06166], [-87.67318, 42.06154], [-87.67306, 42.06135], [-87.6726, 42.06083], [-87.67193, 42.06023], [-87.67189, 42.0602], [-87.67154, 42.05986], [-87.67128, 42.05973], [-87.67106, 42.06], [-87.67086, 42.06008], [-87.66987, 42.05994], [-87.6697, 42.05987], [-87.66964, 42.05982], [-87.66955, 42.05972], [-87.66953, 42.05967], [-87.66956, 42.05948], [-87.66963, 42.05935], [-87.66986, 42.05849], [-87.67, 42.05787], [-87.67008, 42.05733], [-87.67008, 42.0569], [-87.67011, 42.05593], [-87.67008, 42.05522], [-87.67005, 42.05502], [-87.6699, 42.0542], [-87.66986, 42.05399], [-87.66973, 42.05352], [-87.66956, 42.05303], [-87.66933, 42.05248], [-87.66932, 42.05232], [-87.66938, 42.05216], [-87.6695, 42.05208], [-87.66971, 42.05204], [-87.67016, 42.05196], [-87.67033, 42.05219], [-87.67036, 42.05222], [-87.67038, 42.05227], [-87.67047, 42.05253], [-87.6709, 42.05254], [-87.67092, 42.05261], [-87.67093, 42.05265], [-87.67063, 42.05266], [-87.67053, 42.05269], [-87.67053, 42.05272], [-87.67062, 42.05296], [-87.67073, 42.0533], [-87.67089, 42.05422], [-87.67099, 42.05449], [-87.671, 42.0545], [-87.67106, 42.05458], [-87.67122, 42.05473], [-87.6714, 42.0549], [-87.67156, 42.05502], [-87.67171, 42.05514], [-87.67184, 42.05528], [-87.67191, 42.05539], [-87.67194, 42.05554], [-87.6719, 42.0558], [-87.67184, 42.05589], [-87.67178, 42.05593], [-87.67158, 42.05595], [-87.67154, 42.05596], [-87.67109, 42.0559], [-87.67097, 42.0559], [-87.67085, 42.05593], [-87.67077, 42.05599], [-87.67069, 42.05629], [-87.67081, 42.05657], [-87.67095, 42.05668], [-87.67132, 42.05678], [-87.67162, 42.0568], [-87.67193, 42.05674], [-87.67216, 42.05664], [-87.67225, 42.05652], [-87.67232, 42.05605], [-87.67238, 42.05594], [-87.67253, 42.05579], [-87.67261, 42.05574], [-87.67277, 42.05562], [-87.67321, 42.0554], [-87.67347, 42.05531], [-87.67355, 42.05525], [-87.67366, 42.05503], [-87.67367, 42.05499], [-87.6738, 42.0548], [-87.67384, 42.05474], [-87.67386, 42.05465], [-87.67382, 42.05449], [-87.67372, 42.05435], [-87.67356, 42.05423], [-87.67345, 42.05418], [-87.67338, 42.05415], [-87.67319, 42.0541], [-87.67304, 42.05406], [-87.67243, 42.05403], [-87.67159, 42.05398], [-87.67154, 42.0539], [-87.67154, 42.05388], [-87.67161, 42.05266], [-87.67151, 42.05265], [-87.67103, 42.05263], [-87.67103, 42.05249], [-87.67104, 42.05234], [-87.67106, 42.05205], [-87.67106, 42.05191], [-87.6711, 42.05117], [-87.67111, 42.05088], [-87.66356, 42.05132], [-87.66143, 42.05145], [-87.6604, 42.04181], [-87.66034, 42.04105], [-87.65982, 42.03418], [-87.6598, 42.03396], [-87.65953, 42.03097], [-87.65886, 42.02343], [-87.65809, 42.02146], [-87.65746, 42.01983], [-87.65602, 42.01544], [-87.65536, 42.01343], [-87.6532, 42.00635], [-87.6508, 41.99849], [-87.65076, 41.99833], [-87.65029, 41.99663], [-87.65016, 41.99613], [-87.64964, 41.99432], [-87.64912, 41.9925], [-87.64896, 41.99193], [-87.64893, 41.99018], [-87.6489, 41.98805], [-87.64886, 41.98475], [-87.64885, 41.98423], [-87.64565, 41.97813], [-87.6436, 41.97665], [-87.63741, 41.97221], [-87.63536, 41.97073], [-87.63513, 41.97055], [-87.63444, 41.97], [-87.63422, 41.96982], [-87.63129, 41.96747], [-87.62775, 41.96463], [-87.6318, 41.95924], [-87.63405, 41.95623], [-87.63375, 41.95542], [-87.63371, 41.95533], [-87.63201, 41.95155], [-87.6312, 41.94976], [-87.63076, 41.94877], [-87.62746, 41.94302], [-87.62734, 41.94253], [-87.62611, 41.93751], [-87.62602, 41.93712], [-87.62596, 41.93687], [-87.62546, 41.93244], [-87.62516, 41.92687], [-87.62388, 41.92575], [-87.61596, 41.91883], [-87.61375, 41.91158], [-87.61653, 41.90909], [-87.62195, 41.90423], [-87.6218, 41.9041], [-87.62097, 41.90341], [-87.61803, 41.90095], [-87.61705, 41.90013], [-87.61292, 41.89956], [-87.59976, 41.89772], [-87.59934, 41.89669], [-87.59586, 41.88811], [-87.60537, 41.88822], [-87.60911, 41.88827], [-87.61273, 41.88831], [-87.61272, 41.88793], [-87.61272, 41.88566], [-87.61272, 41.88514], [-87.61273, 41.88438], [-87.61273, 41.88398], [-87.61271, 41.88371], [-87.61275, 41.88352], [-87.61292, 41.8833], [-87.61309, 41.88311], [-87.61333, 41.88293], [-87.61363, 41.88276], [-87.61402, 41.88262], [-87.61441, 41.88253], [-87.6149, 41.88248], [-87.61522, 41.88248], [-87.61556, 41.88246], [-87.6157, 41.88244], [-87.61591, 41.88237], [-87.6161, 41.88226], [-87.60925, 41.88233], [-87.60562, 41.87503], [-87.60535, 41.87503], [-87.57951, 41.87503], [-87.52162, 41.87503], [-87.50119, 41.87503], [-87.50005, 41.87503], [-87.50005, 41.89999], [-87.50005, 41.90655], [-87.50005, 41.92621], [-87.50005, 41.93277], [-87.50005, 41.98552], [-87.50005, 42.00003], [-87.56255, 42.00003], [-87.62505, 42.00003], [-87.62505, 42.01877], [-87.62506, 42.06862], [-87.62506, 42.07153], [-87.62507, 42.10505], [-87.62507, 42.12502], [-87.70567, 42.12501], [-87.72597, 42.12501], [-87.73919, 42.12501]]]}}, {"type": "Feature", "properties": {"NAME": "Powder Horn Lk", "MTFCC": "H2030", "AREAWATER": "137187"}, "geometry": {"type": "Polygon", "coordinates": [[[-87.53313, 41.6407], [-87.53143, 41.6392], [-87.52903, 41.6373], [-87.52833, 41.6417], [-87.52837, 41.6418], [-87.52903, 41.6434], [-87.53313, 41.6407]]]}}, {"type": "Feature", "properties": {"NAME": "Chicago River N Br", "MTFCC": "H3010", "AREAWATER": "476378"}, "geometry": {"type": "Polygon", "coordinates": [[[-87.70411, 41.97365], [-87.70419, 41.97336], [-87.7041, 41.97305], [-87.70378, 41.97213], [-87.70374, 41.972], [-87.7035, 41.97144], [-87.70309, 41.97065], [-87.70215, 41.96955], [-87.7012, 41.96851], [-87.70097, 41.96824], [-87.7002, 41.96749], [-87.69916, 41.96647], [-87.69887, 41.9662], [-87.69844, 41.9658], [-87.69799, 41.96532], [-87.69774, 41.96502], [-87.6975, 41.96479], [-87.69734, 41.96464], [-87.69658, 41.9639], [-87.69618, 41.96353], [-87.69591, 41.96329], [-87.69571, 41.96305], [-87.69551, 41.96265], [-87.6951, 41.96164], [-87.69502, 41.96127], [-87.69498, 41.96105], [-87.69498, 41.96065], [-87.69488, 41.95974], [-87.69482, 41.95941], [-87.69478, 41.95915], [-87.69463, 41.9585], [-87.69458, 41.95814], [-87.69459, 41.95778], [-87.69459, 41.9576], [-87.69459, 41.95741], [-87.69459, 41.95597], [-87.69466, 41.95434], [-87.69476, 41.95399], [-87.69549, 41.95293], [-87.69568, 41.95266], [-87.69682, 41.95089], [-87.69701, 41.95053], [-87.69705, 41.95031], [-87.69704, 41.94977], [-87.69703, 41.94968], [-87.69695, 41.94882], [-87.69688, 41.94854], [-87.69663, 41.94771], [-87.69649, 41.94669], [-87.69561, 41.94304], [-87.69557, 41.9428], [-87.69554, 41.9426], [-87.69547, 41.94235], [-87.69539, 41.94225], [-87.6953, 41.94215], [-87.69502, 41.94192], [-87.69471, 41.94149], [-87.69426, 41.94088], [-87.6939, 41.94036], [-87.69367, 41.94002], [-87.69323, 41.93969], [-87.6929, 41.93942], [-87.69283, 41.93933], [-87.69268, 41.93921], [-87.69255, 41.93915], [-87.69234, 41.93905], [-87.69198, 41.93884], [-87.6917, 41.93868], [-87.69149, 41.93849], [-87.69131, 41.93824], [-87.69119, 41.93807], [-87.69111, 41.93787], [-87.69106, 41.93769], [-87.69106, 41.93753], [-87.69107, 41.93729], [-87.69102, 41.93707], [-87.69076, 41.93677], [-87.69056, 41.93658], [-87.69028, 41.93641], [-87.69002, 41.93629], [-87.68937, 41.93626], [-87.68921, 41.93626], [-87.68903, 41.93622], [-87.68877, 41.93608], [-87.68829, 41.93596], [-87.68798, 41.93583], [-87.68784, 41.93577], [-87.68772, 41.9357], [-87.68753, 41.93547], [-87.68721, 41.93508], [-87.68688, 41.93457], [-87.68643, 41.93407], [-87.68628, 41.93393], [-87.68601, 41.93378], [-87.68551, 41.9336], [-87.68493, 41.93343], [-87.68472, 41.93339], [-87.68382, 41.93324], [-87.68374, 41.93316], [-87.68352, 41.93283], [-87.68322, 41.93222], [-87.6831, 41.932], [-87.68288, 41.93169], [-87.68261, 41.93146], [-87.68251, 41.93135], [-87.68214, 41.93106], [-87.68112, 41.93049], [-87.68106, 41.93043], [-87.68034, 41.92893], [-87.68009, 41.92851], [-87.68001, 41.92842], [-87.67995, 41.92836], [-87.67984, 41.9283], [-87.67816, 41.92785], [-87.6774, 41.92765], [-87.6768, 41.92744], [-87.67614, 41.92714], [-87.67585, 41.92696], [-87.67573, 41.92688], [-87.67533, 41.92654], [-87.67493, 41.92614], [-87.67483, 41.92599], [-87.67479, 41.92585], [-87.67478, 41.9253], [-87.67477, 41.92506], [-87.67476, 41.92481], [-87.67473, 41.92445], [-87.6747, 41.9244], [-87.67466, 41.92436], [-87.67449, 41.92419], [-87.67361, 41.92351], [-87.67231, 41.92254], [-87.67213, 41.92244], [-87.6715, 41.92221], [-87.67124, 41.92216], [-87.67082, 41.92215], [-87.67032, 41.92216], [-87.66986, 41.92215], [-87.66923, 41.92206], [-87.66876, 41.92195], [-87.66858, 41.92187], [-87.66835, 41.92176], [-87.66823, 41.92166], [-87.66817, 41.92157], [-87.66804, 41.92137], [-87.66791, 41.92104], [-87.66782, 41.92069], [-87.66766, 41.92046], [-87.66752, 41.92035], [-87.66741, 41.92026], [-87.66713, 41.92011], [-87.66682, 41.91988], [-87.66649, 41.91956], [-87.66601, 41.91903], [-87.66524, 41.91817], [-87.66496, 41.91787], [-87.6648, 41.91768], [-87.66454, 41.91713], [-87.66446, 41.91691], [-87.66431, 41.91623], [-87.6641, 41.9157], [-87.66399, 41.91558], [-87.66391, 41.91552], [-87.66384, 41.91549], [-87.66369, 41.9154], [-87.66338, 41.91529], [-87.66308, 41.91529], [-87.66261, 41.91531], [-87.66185, 41.91558], [-87.66175, 41.91568], [-87.66168, 41.91572], [-87.66141, 41.91581], [-87.66126, 41.91582], [-87.66101, 41.91572], [-87.66067, 41.91559], [-87.66031, 41.9154], [-87.65953, 41.91499], [-87.65869, 41.91427], [-87.65843, 41.914], [-87.65824, 41.91368], [-87.65813, 41.91336], [-87.65803, 41.91296], [-87.65784, 41.91241], [-87.6572, 41.91078], [-87.65717, 41.91066], [-87.65717, 41.91063], [-87.65719, 41.9106], [-87.65721, 41.91059], [-87.65725, 41.91059], [-87.65734, 41.91058], [-87.65751, 41.91057], [-87.6582, 41.91056], [-87.65832, 41.91056], [-87.65838, 41.91055], [-87.65841, 41.91053], [-87.65862, 41.91002], [-87.65864, 41.90989], [-87.65863, 41.90983], [-87.65862, 41.90976], [-87.6586, 41.90972], [-87.65855, 41.90966], [-87.65849, 41.90962], [-87.65843, 41.90958], [-87.65837, 41.90951], [-87.65835, 41.90947], [-87.65826, 41.90939], [-87.65812, 41.9093], [-87.65796, 41.90917], [-87.65799, 41.90909], [-87.6579, 41.90893], [-87.65792, 41.90873], [-87.65797, 41.90858], [-87.65754, 41.90865], [-87.65728, 41.90879], [-87.65715, 41.90897], [-87.65706, 41.90897], [-87.6561, 41.90897], [-87.65572, 41.90897], [-87.65573, 41.90938], [-87.65573, 41.9099], [-87.6557, 41.91001], [-87.65566, 41.91004], [-87.65559, 41.91008], [-87.65548, 41.91007], [-87.65549, 41.91014], [-87.65549, 41.91019], [-87.6555, 41.91033], [-87.6555, 41.91043], [-87.6557, 41.91042], [-87.65591, 41.9104], [-87.65606, 41.91042], [-87.65612, 41.91043], [-87.65632, 41.91047], [-87.65637, 41.9105], [-87.65644, 41.91065], [-87.65651, 41.91079], [-87.65698, 41.91228], [-87.65723, 41.91288], [-87.65745, 41.91343], [-87.65762, 41.91381], [-87.65787, 41.91421], [-87.65812, 41.91454], [-87.65838, 41.91481], [-87.65864, 41.915], [-87.65882, 41.91514], [-87.6592, 41.91539], [-87.65935, 41.91547], [-87.66076, 41.91635], [-87.66085, 41.91638], [-87.66098, 41.91638], [-87.6612, 41.91638], [-87.66139, 41.91637], [-87.66156, 41.91629], [-87.66202, 41.91612], [-87.66264, 41.91582], [-87.66304, 41.9157], [-87.66317, 41.91572], [-87.66364, 41.91592], [-87.66376, 41.91605], [-87.66387, 41.91624], [-87.66396, 41.91663], [-87.66401, 41.91701], [-87.6641, 41.91725], [-87.66421, 41.91764], [-87.66428, 41.91778], [-87.66442, 41.91795], [-87.66462, 41.91813], [-87.66487, 41.9183], [-87.66541, 41.91892], [-87.66591, 41.91969], [-87.66626, 41.9202], [-87.66707, 41.921], [-87.66741, 41.9214], [-87.66748, 41.92159], [-87.66754, 41.92171], [-87.66787, 41.92219], [-87.66844, 41.9225], [-87.66858, 41.92258], [-87.66884, 41.92264], [-87.66918, 41.92268], [-87.66952, 41.92268], [-87.67055, 41.92267], [-87.67087, 41.92267], [-87.67129, 41.92273], [-87.67179, 41.9229], [-87.67248, 41.92333], [-87.67355, 41.92415], [-87.67388, 41.9244], [-87.67405, 41.92464], [-87.67409, 41.92472], [-87.67415, 41.92495], [-87.67416, 41.92507], [-87.67419, 41.92552], [-87.67421, 41.9258], [-87.67425, 41.92608], [-87.67432, 41.92631], [-87.67442, 41.92653], [-87.67459, 41.92671], [-87.67481, 41.92686], [-87.67614, 41.92762], [-87.67673, 41.92792], [-87.67701, 41.92802], [-87.67817, 41.92832], [-87.67929, 41.92858], [-87.67945, 41.92862], [-87.6796, 41.92874], [-87.68035, 41.93046], [-87.68045, 41.93084], [-87.68067, 41.93166], [-87.68085, 41.9318], [-87.68107, 41.9319], [-87.68146, 41.93198], [-87.68184, 41.93206], [-87.68206, 41.93212], [-87.68225, 41.93219], [-87.68229, 41.93224], [-87.68245, 41.9324], [-87.68259, 41.93273], [-87.68275, 41.9332], [-87.68287, 41.93346], [-87.68298, 41.93371], [-87.68312, 41.93377], [-87.68331, 41.93382], [-87.68367, 41.93383], [-87.6845, 41.93387], [-87.68491, 41.93392], [-87.68519, 41.93395], [-87.68545, 41.93401], [-87.68558, 41.93407], [-87.68586, 41.93425], [-87.68619, 41.93457], [-87.68654, 41.93495], [-87.68687, 41.93538], [-87.68713, 41.93575], [-87.68746, 41.93609], [-87.68786, 41.93642], [-87.68799, 41.93649], [-87.68824, 41.93663], [-87.68855, 41.93664], [-87.68904, 41.93671], [-87.68922, 41.93674], [-87.68949, 41.93676], [-87.68977, 41.93679], [-87.69, 41.93689], [-87.69015, 41.93707], [-87.6903, 41.93732], [-87.69039, 41.93757], [-87.69046, 41.93777], [-87.69066, 41.9381], [-87.69109, 41.93874], [-87.69157, 41.93916], [-87.692, 41.93943], [-87.69208, 41.93949], [-87.6923, 41.93964], [-87.69264, 41.93987], [-87.69309, 41.9402], [-87.69368, 41.94076], [-87.69463, 41.94208], [-87.69491, 41.94247], [-87.6951, 41.94308], [-87.69521, 41.94308], [-87.69527, 41.94355], [-87.69521, 41.94356], [-87.69574, 41.94597], [-87.6959, 41.9467], [-87.69613, 41.94779], [-87.69632, 41.94846], [-87.69646, 41.94925], [-87.69652, 41.94983], [-87.69649, 41.95025], [-87.69634, 41.9507], [-87.6961, 41.95113], [-87.69592, 41.95147], [-87.69556, 41.95217], [-87.69493, 41.95299], [-87.6943, 41.95382], [-87.6942, 41.95399], [-87.6942, 41.95488], [-87.69415, 41.95555], [-87.69411, 41.95605], [-87.6941, 41.95689], [-87.69406, 41.95689], [-87.69406, 41.95712], [-87.69414, 41.95715], [-87.69415, 41.95734], [-87.69415, 41.95782], [-87.6943, 41.95908], [-87.69442, 41.95984], [-87.69444, 41.96061], [-87.69446, 41.96128], [-87.69461, 41.96159], [-87.69492, 41.96221], [-87.6951, 41.96275], [-87.69546, 41.96341], [-87.69604, 41.96402], [-87.69682, 41.96479], [-87.69709, 41.96505], [-87.69746, 41.96539], [-87.69808, 41.96599], [-87.69828, 41.9662], [-87.69858, 41.96651], [-87.69909, 41.96699], [-87.69975, 41.96765], [-87.70012, 41.96799], [-87.70062, 41.96852], [-87.70167, 41.96957], [-87.70233, 41.97032], [-87.70277, 41.97089], [-87.70327, 41.97183], [-87.70341, 41.97213], [-87.70354, 41.97242], [-87.70383, 41.97338], [-87.70411, 41.97365]]]}}, {"type": "Feature", "properties": {"NAME": "Diversey Hbr", "MTFCC": "H2051", "AREAWATER": "109835"}, "geometry": {"type": "Polygon", "coordinates": [[[-87.63509, 41.93211], [-87.63512, 41.93159], [-87.63507, 41.93097], [-87.635, 41.9307], [-87.63493, 41.93036], [-87.63477, 41.92996], [-87.63438, 41.92927], [-87.63426, 41.92895], [-87.63419, 41.9287], [-87.63408, 41.92819], [-87.63379, 41.92749], [-87.63368, 41.92732], [-87.63346, 41.92704], [-87.63321, 41.92682], [-87.63276, 41.92658], [-87.63267, 41.92635], [-87.63259, 41.92589], [-87.63221, 41.92613], [-87.63233, 41.92637], [-87.63239, 41.92664], [-87.63236, 41.9269], [-87.63244, 41.92744], [-87.63245, 41.92796], [-87.63249, 41.92874], [-87.6326, 41.92922], [-87.63267, 41.92955], [-87.63271, 41.92987], [-87.6327, 41.9305], [-87.6327, 41.93062], [-87.63277, 41.93088], [-87.63285, 41.93134], [-87.63276, 41.93168], [-87.6327, 41.932], [-87.63267, 41.93222], [-87.63256, 41.93235], [-87.63244, 41.93239], [-87.6327, 41.93281], [-87.63292, 41.93291], [-87.63294, 41.93291], [-87.63323, 41.93293], [-87.63352, 41.93291], [-87.63366, 41.93292], [-87.63391, 41.93293], [-87.63417, 41.93285], [-87.63441, 41.93278], [-87.63469, 41.93268], [-87.63479, 41.9326], [-87.63497, 41.93236], [-87.63509, 41.93211]]]}}, {"type": "Feature", "properties": {"NAME": "Chicago Riv", "MTFCC": "H3010", "AREAWATER": "158188"}, "geometry": {"type": "Polygon", "coordinates": [[[-87.63605, 41.8878], [-87.63614, 41.88775], [-87.63591, 41.88749], [-87.63583, 41.8874], [-87.63581, 41.88738], [-87.63578, 41.88734], [-87.63571, 41.88727], [-87.6356, 41.88715], [-87.63552, 41.88706], [-87.6345, 41.88708], [-87.63397, 41.88706], [-87.63249, 41.88706], [-87.63101, 41.88706], [-87.62953, 41.88712], [-87.62799, 41.88714], [-87.62763, 41.88722], [-87.62712, 41.8874], [-87.62674, 41.8876], [-87.62666, 41.88767], [-87.62622, 41.88801], [-87.62564, 41.88833], [-87.62517, 41.88851], [-87.62492, 41.88858], [-87.62443, 41.88858], [-87.6242, 41.88855], [-87.62398, 41.88856], [-87.62278, 41.88854], [-87.62224, 41.88853], [-87.62147, 41.88842], [-87.62068, 41.88831], [-87.62051, 41.88829], [-87.61883, 41.88804], [-87.61795, 41.88802], [-87.61757, 41.88801], [-87.61722, 41.888], [-87.61679, 41.88798], [-87.61516, 41.88789], [-87.61462, 41.88792], [-87.61443, 41.88796], [-87.61428, 41.88801], [-87.61416, 41.88805], [-87.61408, 41.88808], [-87.61406, 41.88809], [-87.61404, 41.8881], [-87.61396, 41.88809], [-87.61391, 41.88808], [-87.61376, 41.88806], [-87.61344, 41.88789], [-87.61272, 41.88793], [-87.61273, 41.88831], [-87.61274, 41.88904], [-87.61281, 41.88903], [-87.61354, 41.88889], [-87.61368, 41.88886], [-87.61391, 41.88884], [-87.61411, 41.88882], [-87.61418, 41.88882], [-87.61432, 41.8888], [-87.61437, 41.8888], [-87.61445, 41.88882], [-87.61454, 41.88888], [-87.61465, 41.88895], [-87.61477, 41.88896], [-87.61505, 41.88897], [-87.61566, 41.88896], [-87.61621, 41.88888], [-87.61712, 41.88871], [-87.61766, 41.88866], [-87.61988, 41.88882], [-87.62042, 41.88886], [-87.62061, 41.88888], [-87.62119, 41.88893], [-87.62168, 41.88898], [-87.62243, 41.88912], [-87.62345, 41.88927], [-87.62428, 41.88925], [-87.62502, 41.88924], [-87.62528, 41.88923], [-87.62543, 41.8892], [-87.6256, 41.88914], [-87.62579, 41.88904], [-87.62679, 41.88838], [-87.62699, 41.88822], [-87.62708, 41.88817], [-87.6273, 41.88806], [-87.62774, 41.88787], [-87.62793, 41.88781], [-87.62801, 41.8878], [-87.62842, 41.88779], [-87.62954, 41.88778], [-87.63001, 41.88778], [-87.63103, 41.8878], [-87.63221, 41.88782], [-87.6325, 41.88783], [-87.63397, 41.88785], [-87.63549, 41.88785], [-87.63577, 41.88785], [-87.63593, 41.88784], [-87.63605, 41.8878]]]}}, {"type": "Feature", "properties": {"NAME": "Des Plaines Riv", "MTFCC": "H2030", "AREAWATER": "293189"}, "geometry": {"type": "Polygon", "coordinates": [[[-88.02865, 41.67331], [-88.02863, 41.67283], [-88.0286, 41.67285], [-88.02852, 41.67286], [-88.02809, 41.673], [-88.02806, 41.67302], [-88.02799, 41.67303], [-88.02771, 41.67311], [-88.02767, 41.67314], [-88.02749, 41.67318], [-88.02746, 41.6732], [-88.02732, 41.67324], [-88.02728, 41.67326], [-88.02721, 41.67328], [-88.0269, 41.67337], [-88.02685, 41.67339], [-88.02672, 41.67342], [-88.02659, 41.67347], [-88.02657, 41.67347], [-88.02655, 41.67348], [-88.0265, 41.67349], [-88.02645, 41.67352], [-88.02634, 41.67355], [-88.026, 41.67365], [-88.02584, 41.67371], [-88.02578, 41.67371], [-88.02574, 41.67373], [-88.02568, 41.67374], [-88.02563, 41.67376], [-88.0256, 41.67377], [-88.0253, 41.67386], [-88.02526, 41.67388], [-88.02515, 41.67391], [-88.02492, 41.67397], [-88.02471, 41.67404], [-88.02459, 41.67408], [-88.02454, 41.6741], [-88.02452, 41.6741], [-88.02447, 41.67413], [-88.02437, 41.67415], [-88.02433, 41.67417], [-88.02424, 41.67419], [-88.02421, 41.67421], [-88.02413, 41.67422], [-88.02408, 41.67424], [-88.02406, 41.67425], [-88.02401, 41.67427], [-88.02384, 41.67432], [-88.0238, 41.67434], [-88.02374, 41.67435], [-88.02364, 41.67438], [-88.02359, 41.6744], [-88.02356, 41.6744], [-88.02351, 41.67443], [-88.02348, 41.67443], [-88.02342, 41.67446], [-88.0234, 41.67446], [-88.02334, 41.67448], [-88.02332, 41.67449], [-88.02327, 41.67451], [-88.02321, 41.67452], [-88.02313, 41.67454], [-88.0231, 41.67456], [-88.02303, 41.67458], [-88.02283, 41.67464], [-88.02279, 41.67466], [-88.0227, 41.67468], [-88.02266, 41.67471], [-88.02261, 41.67471], [-88.02257, 41.67473], [-88.02247, 41.67475], [-88.02244, 41.67478], [-88.02237, 41.67479], [-88.02219, 41.67484], [-88.02208, 41.67489], [-88.022, 41.6749], [-88.02185, 41.67495], [-88.02181, 41.67497], [-88.02172, 41.67499], [-88.02143, 41.67509], [-88.0213, 41.67512], [-88.02115, 41.67516], [-88.02113, 41.67518], [-88.0211, 41.67518], [-88.02105, 41.67522], [-88.02103, 41.67523], [-88.02106, 41.67545], [-88.02103, 41.67553], [-88.021, 41.67556], [-88.02097, 41.67559], [-88.02082, 41.67571], [-88.02063, 41.67583], [-88.0205, 41.67589], [-88.02048, 41.67589], [-88.02042, 41.67591], [-88.0204, 41.67592], [-88.02035, 41.67594], [-88.02023, 41.67597], [-88.02019, 41.67599], [-88.02006, 41.676], [-88.01994, 41.67603], [-88.01976, 41.67606], [-88.01962, 41.67608], [-88.01958, 41.67609], [-88.01942, 41.67611], [-88.01936, 41.67613], [-88.0192, 41.67614], [-88.01878, 41.67616], [-88.0183, 41.67619], [-88.01806, 41.67625], [-88.01802, 41.67627], [-88.01796, 41.67628], [-88.01792, 41.67631], [-88.01785, 41.67632], [-88.01781, 41.67634], [-88.01776, 41.67636], [-88.01774, 41.67637], [-88.01768, 41.6764], [-88.01743, 41.67645], [-88.01731, 41.67648], [-88.01713, 41.67652], [-88.01704, 41.67653], [-88.01698, 41.67655], [-88.0168, 41.67657], [-88.01642, 41.67667], [-88.01623, 41.67672], [-88.0162, 41.67674], [-88.01613, 41.67676], [-88.01588, 41.67683], [-88.01583, 41.67686], [-88.01576, 41.67688], [-88.01573, 41.6769], [-88.01565, 41.67693], [-88.01561, 41.67695], [-88.01556, 41.67696], [-88.01553, 41.67698], [-88.01546, 41.677], [-88.01543, 41.67702], [-88.01525, 41.67709], [-88.01518, 41.67711], [-88.01511, 41.67714], [-88.01491, 41.67719], [-88.01481, 41.67721], [-88.01477, 41.67723], [-88.0145, 41.6773], [-88.01442, 41.67732], [-88.01438, 41.67734], [-88.01429, 41.67736], [-88.01425, 41.67739], [-88.01419, 41.67741], [-88.01415, 41.67742], [-88.01409, 41.67745], [-88.01402, 41.67747], [-88.01398, 41.67749], [-88.01392, 41.6775], [-88.01388, 41.67752], [-88.0138, 41.67754], [-88.01375, 41.67756], [-88.01373, 41.67757], [-88.01367, 41.67759], [-88.01364, 41.6776], [-88.0136, 41.67762], [-88.01358, 41.67762], [-88.01355, 41.67764], [-88.01348, 41.67765], [-88.01337, 41.67769], [-88.01335, 41.6777], [-88.01329, 41.67773], [-88.0132, 41.67775], [-88.01315, 41.67778], [-88.01308, 41.6778], [-88.01301, 41.67784], [-88.01297, 41.67784], [-88.01291, 41.67787], [-88.01253, 41.67804], [-88.01244, 41.67806], [-88.01241, 41.67808], [-88.01235, 41.67811], [-88.01232, 41.67811], [-88.0123, 41.67812], [-88.01213, 41.67816], [-88.01201, 41.67822], [-88.01193, 41.67824], [-88.01188, 41.67825], [-88.01185, 41.67827], [-88.01178, 41.67828], [-88.01174, 41.6783], [-88.01165, 41.67832], [-88.01157, 41.67834], [-88.01149, 41.67838], [-88.01145, 41.67839], [-88.01122, 41.67847], [-88.01105, 41.67851], [-88.011, 41.67853], [-88.01097, 41.67854], [-88.01089, 41.67856], [-88.01086, 41.67858], [-88.01077, 41.6786], [-88.0107, 41.67864], [-88.01061, 41.67866], [-88.01057, 41.67868], [-88.01051, 41.67869], [-88.01043, 41.67873], [-88.01034, 41.67875], [-88.01025, 41.67878], [-88.00996, 41.67888], [-88.00952, 41.67901], [-88.00949, 41.67903], [-88.00936, 41.67906], [-88.00915, 41.67913], [-88.00909, 41.67913], [-88.00905, 41.67916], [-88.00899, 41.67917], [-88.00876, 41.67923], [-88.00865, 41.67926], [-88.00857, 41.67929], [-88.00851, 41.6793], [-88.00847, 41.67932], [-88.00835, 41.67935], [-88.00815, 41.6794], [-88.0081, 41.67942], [-88.00784, 41.67948], [-88.00754, 41.67956], [-88.00751, 41.67959], [-88.0074, 41.67961], [-88.00735, 41.67964], [-88.00726, 41.67966], [-88.00721, 41.67967], [-88.00712, 41.67972], [-88.00689, 41.67978], [-88.00685, 41.6798], [-88.00682, 41.6798], [-88.0068, 41.67981], [-88.00676, 41.67982], [-88.00672, 41.67984], [-88.00666, 41.67985], [-88.00663, 41.67987], [-88.0066, 41.67987], [-88.00631, 41.67997], [-88.00606, 41.68007], [-88.00604, 41.68008], [-88.00598, 41.6801], [-88.00596, 41.68011], [-88.00589, 41.68013], [-88.0058, 41.68017], [-88.00576, 41.68017], [-88.00571, 41.6802], [-88.00568, 41.68021], [-88.00564, 41.68023], [-88.00558, 41.68024], [-88.00553, 41.68026], [-88.00548, 41.68027], [-88.00537, 41.68031], [-88.00533, 41.68033], [-88.00521, 41.68036], [-88.0051, 41.68039], [-88.00484, 41.68047], [-88.00465, 41.68054], [-88.00461, 41.68055], [-88.00457, 41.68057], [-88.0045, 41.68059], [-88.00365, 41.68085], [-88.00338, 41.68093], [-88.00255, 41.68119], [-88.00243, 41.68115], [-88.00232, 41.6812], [-88.00225, 41.68122], [-88.00199, 41.68131], [-88.00184, 41.68136], [-88.00084, 41.68169], [-87.99965, 41.68207], [-87.99933, 41.68218], [-87.9993, 41.68218], [-87.99929, 41.68219], [-87.99927, 41.68219], [-87.99925, 41.6822], [-87.99922, 41.68221], [-87.99911, 41.68224], [-87.99908, 41.68225], [-87.99886, 41.68232], [-87.99833, 41.6825], [-87.99828, 41.68251], [-87.99808, 41.68258], [-87.99801, 41.68259], [-87.99792, 41.68262], [-87.99788, 41.68264], [-87.99784, 41.68265], [-87.99767, 41.6827], [-87.99762, 41.68272], [-87.99752, 41.68275], [-87.99715, 41.68286], [-87.99689, 41.68296], [-87.99681, 41.68298], [-87.99632, 41.68313], [-87.99609, 41.6832], [-87.99589, 41.68326], [-87.99579, 41.68331], [-87.99573, 41.68332], [-87.99555, 41.68338], [-87.99548, 41.68341], [-87.99545, 41.68341], [-87.99499, 41.68353], [-87.99465, 41.68362], [-87.9946, 41.68364], [-87.99456, 41.68365], [-87.99449, 41.68369], [-87.99444, 41.6837], [-87.99441, 41.68372], [-87.9943, 41.68375], [-87.99425, 41.68378], [-87.99418, 41.6838], [-87.99415, 41.68382], [-87.99409, 41.68383], [-87.99399, 41.68387], [-87.99392, 41.68391], [-87.99388, 41.68391], [-87.9938, 41.68395], [-87.99373, 41.68397], [-87.9937, 41.68399], [-87.99363, 41.684], [-87.99361, 41.68402], [-87.99354, 41.68404], [-87.99352, 41.68406], [-87.99344, 41.68407], [-87.99342, 41.68409], [-87.99335, 41.68411], [-87.9933, 41.68412], [-87.99328, 41.68413], [-87.99321, 41.68415], [-87.99318, 41.68417], [-87.99313, 41.68417], [-87.99305, 41.68421], [-87.9929, 41.68426], [-87.99286, 41.68429], [-87.99283, 41.68429], [-87.9928, 41.68431], [-87.99268, 41.68433], [-87.9924, 41.68442], [-87.99237, 41.68444], [-87.99232, 41.68445], [-87.99223, 41.68447], [-87.99218, 41.68449], [-87.99215, 41.6845], [-87.99186, 41.68459], [-87.99164, 41.68466], [-87.99136, 41.68474], [-87.99134, 41.68475], [-87.99131, 41.68477], [-87.99129, 41.6848], [-87.99124, 41.68482], [-87.99118, 41.68486], [-87.99115, 41.68488], [-87.99105, 41.6849], [-87.99101, 41.68491], [-87.99092, 41.68494], [-87.99082, 41.68497], [-87.99074, 41.685], [-87.99063, 41.68505], [-87.99049, 41.68509], [-87.99037, 41.68512], [-87.99022, 41.68518], [-87.98996, 41.68527], [-87.98991, 41.68529], [-87.98989, 41.68531], [-87.98981, 41.68533], [-87.98977, 41.68534], [-87.98974, 41.68536], [-87.98966, 41.68539], [-87.98952, 41.68543], [-87.9895, 41.68545], [-87.98939, 41.68548], [-87.98935, 41.68549], [-87.98929, 41.68552], [-87.98914, 41.68557], [-87.98874, 41.68569], [-87.98869, 41.68572], [-87.98861, 41.68573], [-87.98849, 41.68578], [-87.98844, 41.68578], [-87.98841, 41.6858], [-87.9884, 41.68581], [-87.98828, 41.68584], [-87.98799, 41.68595], [-87.98967, 41.68591], [-87.99034, 41.68577], [-87.99061, 41.68568], [-87.99113, 41.68551], [-87.99192, 41.68526], [-87.99245, 41.68513], [-87.99268, 41.68507], [-87.99295, 41.685], [-87.99311, 41.68499], [-87.99334, 41.68494], [-87.9937, 41.68484], [-87.99417, 41.68474], [-87.99468, 41.68458], [-87.99535, 41.68435], [-87.99587, 41.68419], [-87.99609, 41.68411], [-87.99643, 41.68398], [-87.99662, 41.6839], [-87.99691, 41.68375], [-87.99705, 41.68363], [-87.99749, 41.68349], [-87.99807, 41.68333], [-87.99825, 41.68329], [-87.99841, 41.68327], [-87.99851, 41.68322], [-87.99859, 41.68317], [-87.9987, 41.68308], [-87.99877, 41.68305], [-87.99883, 41.68301], [-87.99882, 41.68311], [-87.99898, 41.68324], [-87.99898, 41.68331], [-87.99893, 41.68343], [-87.99892, 41.68349], [-87.99892, 41.68353], [-87.99908, 41.6836], [-87.99948, 41.68348], [-87.99952, 41.68344], [-87.99954, 41.68341], [-87.99965, 41.68331], [-87.99984, 41.68319], [-87.9999, 41.68318], [-88.00001, 41.68315], [-88.00006, 41.68314], [-88.00007, 41.68315], [-88.00035, 41.6832], [-88.00042, 41.68315], [-88.00034, 41.68309], [-88.00026, 41.68307], [-88.00023, 41.68306], [-88.00021, 41.68304], [-88.00022, 41.68301], [-88.00026, 41.683], [-88.00048, 41.68298], [-88.00056, 41.68296], [-88.00066, 41.6829], [-88.00066, 41.68284], [-88.00058, 41.68279], [-88.00051, 41.68279], [-88.00035, 41.68283], [-88.00027, 41.68283], [-88.00003, 41.68279], [-87.99991, 41.68282], [-87.99988, 41.68284], [-87.99982, 41.68286], [-87.99978, 41.68288], [-87.99966, 41.68291], [-87.99963, 41.68292], [-87.9996, 41.68292], [-87.99954, 41.68289], [-87.99955, 41.68285], [-87.99973, 41.68279], [-88.00086, 41.68242], [-88.00145, 41.68223], [-88.0022, 41.68198], [-88.00234, 41.68194], [-88.00239, 41.68192], [-88.00246, 41.68193], [-88.00248, 41.68195], [-88.0025, 41.68196], [-88.00256, 41.68196], [-88.00262, 41.68202], [-88.00269, 41.68205], [-88.00273, 41.68207], [-88.00277, 41.68209], [-88.0029, 41.68209], [-88.00298, 41.68203], [-88.00302, 41.68199], [-88.00305, 41.68191], [-88.00308, 41.68171], [-88.00318, 41.68163], [-88.00321, 41.68162], [-88.00324, 41.6816], [-88.00328, 41.68159], [-88.00331, 41.68157], [-88.00335, 41.68156], [-88.00449, 41.6812], [-88.00527, 41.68097], [-88.00538, 41.68095], [-88.00542, 41.68093], [-88.00551, 41.68091], [-88.00556, 41.68089], [-88.0056, 41.68088], [-88.00578, 41.68082], [-88.00629, 41.68068], [-88.00704, 41.68043], [-88.00709, 41.6804], [-88.00721, 41.68037], [-88.00728, 41.68034], [-88.00731, 41.68033], [-88.00738, 41.68031], [-88.00748, 41.68028], [-88.00754, 41.68024], [-88.00778, 41.68013], [-88.00782, 41.68012], [-88.00789, 41.68008], [-88.00792, 41.68008], [-88.008, 41.68004], [-88.00804, 41.68003], [-88.00807, 41.68001], [-88.00814, 41.68], [-88.0082, 41.67996], [-88.00824, 41.67996], [-88.0083, 41.67992], [-88.00836, 41.67991], [-88.00845, 41.67987], [-88.00847, 41.67986], [-88.00863, 41.67981], [-88.00888, 41.67975], [-88.00896, 41.67974], [-88.00912, 41.6797], [-88.00914, 41.67969], [-88.00917, 41.67967], [-88.00934, 41.67962], [-88.00942, 41.67959], [-88.0095, 41.67957], [-88.00956, 41.67954], [-88.00962, 41.67953], [-88.00968, 41.6795], [-88.00974, 41.67949], [-88.00979, 41.67946], [-88.01007, 41.67938], [-88.01012, 41.67935], [-88.0102, 41.67933], [-88.01028, 41.67929], [-88.01047, 41.67924], [-88.01051, 41.67922], [-88.01066, 41.67919], [-88.01089, 41.67911], [-88.01108, 41.67906], [-88.01112, 41.67904], [-88.01119, 41.67901], [-88.01122, 41.679], [-88.01126, 41.67898], [-88.01136, 41.67895], [-88.01139, 41.67893], [-88.01148, 41.67891], [-88.01152, 41.67888], [-88.01177, 41.67883], [-88.01183, 41.6788], [-88.01192, 41.67878], [-88.01195, 41.67876], [-88.01205, 41.67873], [-88.01211, 41.67871], [-88.01236, 41.67865], [-88.01238, 41.67863], [-88.01254, 41.67859], [-88.01288, 41.6785], [-88.01293, 41.67846], [-88.01298, 41.67844], [-88.01302, 41.67843], [-88.01308, 41.6784], [-88.01313, 41.67839], [-88.0132, 41.67835], [-88.01339, 41.67832], [-88.01366, 41.67826], [-88.01369, 41.67823], [-88.01376, 41.67822], [-88.01404, 41.67808], [-88.01418, 41.67805], [-88.01451, 41.67796], [-88.01454, 41.67794], [-88.01468, 41.67788], [-88.01498, 41.67774], [-88.0151, 41.67768], [-88.01518, 41.67767], [-88.01524, 41.67763], [-88.01533, 41.67761], [-88.01536, 41.67759], [-88.01545, 41.67757], [-88.0156, 41.67753], [-88.01572, 41.67747], [-88.01591, 41.67744], [-88.01613, 41.67738], [-88.0164, 41.67732], [-88.01677, 41.67723], [-88.01691, 41.67719], [-88.017, 41.67713], [-88.01717, 41.6771], [-88.0176, 41.67699], [-88.01767, 41.67698], [-88.01795, 41.6769], [-88.01823, 41.67683], [-88.01843, 41.67681], [-88.01876, 41.6768], [-88.01884, 41.67686], [-88.01882, 41.67691], [-88.01877, 41.67697], [-88.01882, 41.67701], [-88.0189, 41.67697], [-88.01902, 41.67689], [-88.01915, 41.67687], [-88.01938, 41.67686], [-88.0195, 41.67695], [-88.0195, 41.67697], [-88.01949, 41.67699], [-88.01936, 41.67708], [-88.01927, 41.67713], [-88.01919, 41.67717], [-88.01905, 41.67725], [-88.01899, 41.67728], [-88.01896, 41.6773], [-88.01888, 41.67733], [-88.01863, 41.67748], [-88.01859, 41.67752], [-88.01838, 41.6777], [-88.01834, 41.67774], [-88.01827, 41.67791], [-88.01824, 41.67795], [-88.01821, 41.67821], [-88.01825, 41.67835], [-88.01821, 41.67839], [-88.01811, 41.67845], [-88.01789, 41.67856], [-88.0178, 41.67862], [-88.01773, 41.67867], [-88.01762, 41.67883], [-88.01752, 41.67915], [-88.01743, 41.67936], [-88.01738, 41.67961], [-88.01737, 41.67967], [-88.01696, 41.67994], [-88.01683, 41.67997], [-88.01678, 41.68], [-88.0167, 41.68005], [-88.01665, 41.68006], [-88.0165, 41.68015], [-88.01651, 41.68022], [-88.01659, 41.68022], [-88.01705, 41.68007], [-88.01732, 41.67997], [-88.0175, 41.67992], [-88.01771, 41.67985], [-88.01775, 41.67983], [-88.0184, 41.67959], [-88.01842, 41.67958], [-88.01876, 41.67947], [-88.01885, 41.6794], [-88.01907, 41.67928], [-88.01907, 41.67919], [-88.01899, 41.67914], [-88.0189, 41.67911], [-88.01877, 41.67902], [-88.01875, 41.67894], [-88.01881, 41.67884], [-88.01882, 41.67881], [-88.01887, 41.67875], [-88.0189, 41.67864], [-88.01896, 41.67858], [-88.01912, 41.67849], [-88.01908, 41.67824], [-88.01916, 41.67818], [-88.01948, 41.67805], [-88.01955, 41.678], [-88.01956, 41.67791], [-88.01959, 41.67786], [-88.01962, 41.67783], [-88.01964, 41.6778], [-88.01975, 41.67766], [-88.01983, 41.6776], [-88.01995, 41.67749], [-88.02005, 41.67736], [-88.02008, 41.67733], [-88.0201, 41.67729], [-88.02012, 41.67726], [-88.02014, 41.67723], [-88.0205, 41.67692], [-88.02056, 41.67688], [-88.02073, 41.67683], [-88.02114, 41.67659], [-88.02119, 41.67658], [-88.02167, 41.67613], [-88.0219, 41.67589], [-88.02246, 41.67541], [-88.02255, 41.67539], [-88.02318, 41.67517], [-88.02353, 41.67506], [-88.02368, 41.67502], [-88.02388, 41.67495], [-88.02396, 41.67493], [-88.02571, 41.67427], [-88.02583, 41.67425], [-88.02587, 41.67423], [-88.0259, 41.67423], [-88.02612, 41.67416], [-88.02643, 41.67407], [-88.02668, 41.67399], [-88.02676, 41.67396], [-88.02692, 41.67392], [-88.02744, 41.67374], [-88.02771, 41.67364], [-88.02779, 41.67364], [-88.02791, 41.6736], [-88.02795, 41.67358], [-88.02806, 41.67354], [-88.0281, 41.67352], [-88.0282, 41.67349], [-88.02824, 41.67347], [-88.02836, 41.67343], [-88.02839, 41.6734], [-88.0285, 41.67337], [-88.02853, 41.67335], [-88.02865, 41.67331]]]}}, {"type": "Feature", "properties": {"NAME": "Des Plaines Riv", "MTFCC": "H3010", "AREAWATER": "452368"}, "geometry": {"type": "Polygon", "coordinates": [[[-87.84416, 41.77369], [-87.84452, 41.77341], [-87.84354, 41.7736], [-87.84315, 41.77375], [-87.84287, 41.77394], [-87.84241, 41.77434], [-87.84219, 41.77459], [-87.84205, 41.77502], [-87.84167, 41.77574], [-87.84154, 41.77586], [-87.84136, 41.77602], [-87.84054, 41.77658], [-87.84016, 41.77689], [-87.83961, 41.77735], [-87.83923, 41.77772], [-87.83869, 41.77824], [-87.83851, 41.77837], [-87.83778, 41.779], [-87.83661, 41.78006], [-87.83601, 41.78059], [-87.83558, 41.78091], [-87.83504, 41.78128], [-87.83441, 41.78176], [-87.83429, 41.78185], [-87.83374, 41.78225], [-87.83326, 41.78254], [-87.83277, 41.78294], [-87.83173, 41.78366], [-87.83169, 41.78368], [-87.83165, 41.78372], [-87.83159, 41.78375], [-87.83149, 41.78382], [-87.83138, 41.78388], [-87.83129, 41.78394], [-87.83117, 41.78401], [-87.83097, 41.78414], [-87.83095, 41.78427], [-87.83103, 41.78433], [-87.83121, 41.78435], [-87.83124, 41.78438], [-87.83123, 41.78446], [-87.8312, 41.78452], [-87.83117, 41.78456], [-87.83094, 41.78472], [-87.83079, 41.78483], [-87.83071, 41.78489], [-87.83039, 41.78518], [-87.83003, 41.78541], [-87.82979, 41.78557], [-87.82971, 41.78562], [-87.8297, 41.78562], [-87.82944, 41.7858], [-87.82935, 41.78586], [-87.82931, 41.78589], [-87.829, 41.78612], [-87.82877, 41.78637], [-87.8285, 41.78666], [-87.82809, 41.78711], [-87.82792, 41.78735], [-87.82764, 41.78779], [-87.82747, 41.78801], [-87.82718, 41.78843], [-87.82681, 41.78909], [-87.8264, 41.78999], [-87.82532, 41.79165], [-87.82498, 41.79217], [-87.82462, 41.79269], [-87.82435, 41.79313], [-87.82436, 41.79328], [-87.82426, 41.79329], [-87.82361, 41.79437], [-87.82359, 41.79441], [-87.82354, 41.79449], [-87.82349, 41.79458], [-87.82339, 41.79467], [-87.82321, 41.79482], [-87.82318, 41.79497], [-87.82271, 41.79515], [-87.82188, 41.79535], [-87.82131, 41.79553], [-87.8212, 41.79562], [-87.82101, 41.79577], [-87.821, 41.79584], [-87.82091, 41.79602], [-87.82081, 41.79618], [-87.82062, 41.79637], [-87.82031, 41.79657], [-87.82019, 41.79658], [-87.81975, 41.79632], [-87.81947, 41.79621], [-87.81936, 41.79624], [-87.81905, 41.79641], [-87.81885, 41.79653], [-87.81882, 41.79657], [-87.81815, 41.79702], [-87.81771, 41.79732], [-87.81749, 41.79747], [-87.81711, 41.79771], [-87.81683, 41.79798], [-87.81669, 41.79816], [-87.81671, 41.7982], [-87.81678, 41.79821], [-87.81697, 41.79808], [-87.81744, 41.79766], [-87.8179, 41.7974], [-87.81832, 41.79715], [-87.81853, 41.79702], [-87.81876, 41.79682], [-87.81903, 41.79665], [-87.81932, 41.7965], [-87.81942, 41.79648], [-87.81951, 41.7965], [-87.81967, 41.79664], [-87.81968, 41.79677], [-87.81964, 41.79692], [-87.81937, 41.79707], [-87.81909, 41.79727], [-87.81863, 41.79752], [-87.81843, 41.79763], [-87.81826, 41.79776], [-87.81812, 41.79783], [-87.81794, 41.79793], [-87.81771, 41.79808], [-87.81727, 41.79846], [-87.81696, 41.79866], [-87.81667, 41.79874], [-87.81647, 41.79872], [-87.81636, 41.79875], [-87.81623, 41.79886], [-87.81621, 41.79888], [-87.81609, 41.79913], [-87.81585, 41.79931], [-87.81553, 41.79952], [-87.81551, 41.79953], [-87.81411, 41.80038], [-87.81389, 41.8005], [-87.81347, 41.80074], [-87.81304, 41.80107], [-87.81285, 41.80122], [-87.81248, 41.80147], [-87.81224, 41.80162], [-87.8113, 41.80219], [-87.81124, 41.80224], [-87.81093, 41.80253], [-87.8106, 41.80275], [-87.81005, 41.8032], [-87.80984, 41.80342], [-87.80948, 41.80377], [-87.80926, 41.80404], [-87.80923, 41.80408], [-87.80914, 41.80417], [-87.80897, 41.80417], [-87.80865, 41.80404], [-87.80854, 41.80403], [-87.80853, 41.80406], [-87.80851, 41.80408], [-87.80878, 41.8044], [-87.80881, 41.80452], [-87.80885, 41.80463], [-87.80914, 41.80478], [-87.80924, 41.80491], [-87.80927, 41.80495], [-87.80935, 41.80507], [-87.80938, 41.80511], [-87.80952, 41.80532], [-87.80961, 41.80547], [-87.8098, 41.80579], [-87.80985, 41.80597], [-87.80991, 41.80621], [-87.80993, 41.80628], [-87.80995, 41.80657], [-87.8099, 41.80691], [-87.80988, 41.80701], [-87.80976, 41.80736], [-87.80982, 41.80758], [-87.80973, 41.80811], [-87.80945, 41.80896], [-87.80939, 41.80912], [-87.80928, 41.80964], [-87.80989, 41.80839], [-87.8099, 41.80958], [-87.80985, 41.80964], [-87.81143, 41.80815], [-87.81066, 41.80619], [-87.81055, 41.80571], [-87.8104, 41.80542], [-87.81002, 41.80495], [-87.81001, 41.80491], [-87.80998, 41.80487], [-87.80991, 41.80475], [-87.80991, 41.8047], [-87.80992, 41.80459], [-87.80996, 41.8045], [-87.81004, 41.80432], [-87.81025, 41.80382], [-87.81049, 41.80347], [-87.81069, 41.80331], [-87.81074, 41.80326], [-87.81103, 41.8031], [-87.81127, 41.80296], [-87.81146, 41.80286], [-87.81197, 41.80252], [-87.81198, 41.80251], [-87.8122, 41.80238], [-87.81271, 41.80208], [-87.81306, 41.80186], [-87.81358, 41.80154], [-87.81428, 41.80116], [-87.81435, 41.80117], [-87.81438, 41.80122], [-87.81427, 41.80133], [-87.81287, 41.80228], [-87.81211, 41.80284], [-87.81209, 41.80286], [-87.81215, 41.80289], [-87.81308, 41.80228], [-87.81361, 41.80184], [-87.8145, 41.80129], [-87.81457, 41.80119], [-87.8146, 41.80108], [-87.81476, 41.8009], [-87.81497, 41.8008], [-87.81518, 41.80073], [-87.8157, 41.80034], [-87.81578, 41.8003], [-87.81623, 41.80005], [-87.81689, 41.79965], [-87.81739, 41.79924], [-87.81755, 41.79915], [-87.81783, 41.7989], [-87.81792, 41.79881], [-87.8182, 41.79856], [-87.81824, 41.79853], [-87.81831, 41.79849], [-87.81888, 41.79823], [-87.81903, 41.79812], [-87.81972, 41.79763], [-87.81995, 41.79744], [-87.82007, 41.79736], [-87.82029, 41.79721], [-87.82077, 41.797], [-87.82109, 41.79683], [-87.82151, 41.7966], [-87.8217, 41.79642], [-87.82175, 41.79636], [-87.82181, 41.79629], [-87.82227, 41.79601], [-87.8228, 41.79583], [-87.82321, 41.79573], [-87.82361, 41.79567], [-87.82415, 41.79559], [-87.82425, 41.79554], [-87.82429, 41.79546], [-87.82475, 41.79504], [-87.82486, 41.79487], [-87.82518, 41.79434], [-87.82521, 41.79429], [-87.82513, 41.79413], [-87.82485, 41.7938], [-87.82478, 41.79372], [-87.82497, 41.7933], [-87.82553, 41.79247], [-87.82576, 41.79212], [-87.8261, 41.79161], [-87.82612, 41.79156], [-87.82633, 41.79121], [-87.82672, 41.79063], [-87.82699, 41.79025], [-87.82724, 41.78982], [-87.82736, 41.78966], [-87.82801, 41.78877], [-87.82837, 41.78807], [-87.82852, 41.78784], [-87.82863, 41.78767], [-87.82867, 41.78758], [-87.82886, 41.78743], [-87.82918, 41.78733], [-87.82935, 41.78718], [-87.82939, 41.78714], [-87.82951, 41.78703], [-87.82955, 41.78699], [-87.82963, 41.78692], [-87.82974, 41.78681], [-87.83029, 41.78624], [-87.83043, 41.78609], [-87.83048, 41.78606], [-87.83065, 41.78597], [-87.83097, 41.7859], [-87.83121, 41.78575], [-87.83167, 41.78546], [-87.83205, 41.78515], [-87.83242, 41.78487], [-87.83286, 41.78447], [-87.83311, 41.78428], [-87.83372, 41.78382], [-87.83376, 41.7838], [-87.83411, 41.78357], [-87.83436, 41.78341], [-87.8349, 41.78311], [-87.83519, 41.78289], [-87.83537, 41.78276], [-87.83555, 41.78267], [-87.83568, 41.7826], [-87.8359, 41.78254], [-87.83597, 41.78246], [-87.83611, 41.78211], [-87.83625, 41.78193], [-87.83654, 41.7817], [-87.83664, 41.78165], [-87.83722, 41.78128], [-87.83743, 41.78111], [-87.83778, 41.78082], [-87.83815, 41.7805], [-87.83852, 41.78007], [-87.83922, 41.77917], [-87.8396, 41.77861], [-87.83978, 41.77842], [-87.84077, 41.77748], [-87.84134, 41.77703], [-87.84192, 41.77662], [-87.8423, 41.77626], [-87.84266, 41.77591], [-87.84277, 41.77578], [-87.84313, 41.77536], [-87.84335, 41.77497], [-87.84356, 41.77459], [-87.84367, 41.77437], [-87.84384, 41.77405], [-87.84409, 41.77374], [-87.84416, 41.77369]]]}}, {"type": "Feature", "properties": {"NAME": "Des Plaines Riv", "MTFCC": "H3010", "AREAWATER": "56273"}, "geometry": {"type": "Polygon", "coordinates": [[[-87.82663, 41.81696], [-87.82676, 41.81689], [-87.82645, 41.81685], [-87.82624, 41.817], [-87.82602, 41.81717], [-87.82579, 41.8174], [-87.82568, 41.81769], [-87.82558, 41.81826], [-87.82537, 41.81874], [-87.82526, 41.81884], [-87.82495, 41.81889], [-87.82429, 41.81892], [-87.82401, 41.81901], [-87.82349, 41.81927], [-87.82303, 41.81957], [-87.82265, 41.81988], [-87.82244, 41.82003], [-87.82225, 41.82021], [-87.82225, 41.82023], [-87.82213, 41.82051], [-87.82206, 41.8206], [-87.82158, 41.82101], [-87.82168, 41.82106], [-87.8217, 41.8211], [-87.82176, 41.8212], [-87.82178, 41.82124], [-87.82154, 41.82105], [-87.82148, 41.8211], [-87.82144, 41.82129], [-87.82129, 41.82146], [-87.82111, 41.8216], [-87.82072, 41.82189], [-87.82021, 41.82221], [-87.81991, 41.82241], [-87.81982, 41.82249], [-87.82007, 41.82252], [-87.82012, 41.82272], [-87.82027, 41.82259], [-87.82049, 41.82243], [-87.8213, 41.82186], [-87.82167, 41.8217], [-87.82178, 41.82166], [-87.82196, 41.82155], [-87.82207, 41.82146], [-87.8222, 41.82137], [-87.82255, 41.8211], [-87.82257, 41.82108], [-87.82271, 41.82102], [-87.82298, 41.82088], [-87.82335, 41.82073], [-87.82343, 41.82068], [-87.82338, 41.82054], [-87.8234, 41.82046], [-87.82364, 41.82032], [-87.82366, 41.8203], [-87.82408, 41.82011], [-87.82479, 41.81991], [-87.82542, 41.81968], [-87.82565, 41.81957], [-87.82581, 41.81943], [-87.82594, 41.81916], [-87.82606, 41.81852], [-87.82612, 41.81794], [-87.82614, 41.8177], [-87.82624, 41.8174], [-87.82641, 41.81717], [-87.82663, 41.81696]]]}}, {"type": "Feature", "properties": {"NAME": "Tampier Slough", "MTFCC": "H2030", "AREAWATER": "132715"}, "geometry": {"type": "Polygon", "coordinates": [[[-87.91776, 41.65443], [-87.91646, 41.65423], [-87.91636, 41.65363], [-87.91726, 41.65333], [-87.91616, 41.65233], [-87.91706, 41.65203], [-87.91546, 41.65153], [-87.9124, 41.65261], [-87.91296, 41.65463], [-87.91506, 41.65613], [-87.91776, 41.65443]]]}}, {"type": "Feature", "properties": {"NAME": "Tampier Slough", "MTFCC": "H2030", "AREAWATER": "553362"}, "geometry": {"type": "Polygon", "coordinates": [[[-87.91291, 41.6581], [-87.9136, 41.65775], [-87.91287, 41.65737], [-87.91239, 41.65713], [-87.91055, 41.6568], [-87.90836, 41.65641], [-87.90832, 41.65512], [-87.90768, 41.65315], [-87.90767, 41.65311], [-87.90745, 41.65227], [-87.90732, 41.65179], [-87.90719, 41.6513], [-87.90678, 41.65079], [-87.90644, 41.65037], [-87.90609, 41.64943], [-87.90433, 41.64832], [-87.90365, 41.648], [-87.90328, 41.64783], [-87.90228, 41.64736], [-87.89601, 41.64748], [-87.89508, 41.64798], [-87.89619, 41.64856], [-87.8967, 41.64882], [-87.89993, 41.6482], [-87.90107, 41.64825], [-87.9018, 41.64829], [-87.90144, 41.65017], [-87.89976, 41.65088], [-87.89988, 41.65119], [-87.89997, 41.65141], [-87.90007, 41.65164], [-87.90019, 41.65164], [-87.90128, 41.65162], [-87.90138, 41.65162], [-87.90151, 41.65139], [-87.90162, 41.65128], [-87.90184, 41.65128], [-87.90295, 41.65127], [-87.90316, 41.65127], [-87.9033, 41.65136], [-87.90391, 41.65227], [-87.90387, 41.6528], [-87.90277, 41.65352], [-87.90249, 41.65385], [-87.90207, 41.65434], [-87.90254, 41.65508], [-87.90325, 41.65579], [-87.90497, 41.65588], [-87.9055, 41.6567], [-87.90558, 41.65729], [-87.9062, 41.65822], [-87.90654, 41.65874], [-87.90753, 41.65868], [-87.90908, 41.65857], [-87.90958, 41.65854], [-87.91164, 41.6584], [-87.91244, 41.65834], [-87.91291, 41.6581]]]}}, {"type": "Feature", "properties": {"NAME": "E J Beck Lk", "MTFCC": "H2030", "AREAWATER": "152920"}, "geometry": {"type": "Polygon", "coordinates": [[[-87.87487, 42.0748], [-87.87485, 42.07461], [-87.87474, 42.07441], [-87.87409, 42.07396], [-87.87345, 42.07379], [-87.87339, 42.07376], [-87.87327, 42.07362], [-87.87333, 42.07314], [-87.87363, 42.07289], [-87.87378, 42.07282], [-87.87381, 42.07273], [-87.87378, 42.07265], [-87.87368, 42.07198], [-87.87365, 42.07183], [-87.87341, 42.07166], [-87.87307, 42.0715], [-87.87235, 42.07135], [-87.87163, 42.07131], [-87.87126, 42.07137], [-87.87075, 42.07162], [-87.87022, 42.07197], [-87.87007, 42.07218], [-87.86994, 42.07236], [-87.86986, 42.07244], [-87.86985, 42.07251], [-87.86985, 42.0726], [-87.86987, 42.07386], [-87.8699, 42.07405], [-87.86999, 42.0742], [-87.87015, 42.07439], [-87.87045, 42.07455], [-87.87078, 42.07459], [-87.87101, 42.07459], [-87.87118, 42.07467], [-87.87144, 42.07479], [-87.87155, 42.07493], [-87.87162, 42.075], [-87.87172, 42.07519], [-87.87177, 42.07538], [-87.8718, 42.07553], [-87.87182, 42.07562], [-87.87183, 42.0757], [-87.87183, 42.07582], [-87.87201, 42.07602], [-87.87229, 42.07622], [-87.87257, 42.07634], [-87.8729, 42.07638], [-87.87323, 42.07635], [-87.87351, 42.07635], [-87.87382, 42.07626], [-87.87409, 42.07613], [-87.87427, 42.07604], [-87.87446, 42.07588], [-87.87466, 42.07572], [-87.87475, 42.0755], [-87.8748, 42.07539], [-87.87484, 42.07504], [-87.87487, 42.0748]]]}}, {"type": "Feature", "properties": {"NAME": null, "MTFCC": "H2030", "AREAWATER": "67555"}, "geometry": {"type": "Polygon", "coordinates": [[[-87.80855, 41.63623], [-87.80869, 41.6358], [-87.80828, 41.63551], [-87.80519, 41.63597], [-87.80373, 41.63619], [-87.80352, 41.63641], [-87.80357, 41.63648], [-87.80361, 41.63653], [-87.80355, 41.63663], [-87.80333, 41.63687], [-87.80332, 41.63738], [-87.80353, 41.63759], [-87.80404, 41.63766], [-87.80474, 41.63759], [-87.80476, 41.63759], [-87.80543, 41.63734], [-87.80545, 41.63733], [-87.80647, 41.63733], [-87.80721, 41.63713], [-87.80761, 41.63702], [-87.80823, 41.6367], [-87.80855, 41.63623]]]}}, {"type": "Feature", "properties": {"NAME": "Ruth Lk", "MTFCC": "H2030", "AREAWATER": "83936"}, "geometry": {"type": "Polygon", "coordinates": [[[-87.9435, 41.78134], [-87.94352, 41.78115], [-87.94349, 41.78111], [-87.94343, 41.78108], [-87.94335, 41.78105], [-87.94329, 41.78102], [-87.9432, 41.781], [-87.94312, 41.781], [-87.94305, 41.78099], [-87.94299, 41.78097], [-87.94297, 41.78087], [-87.943, 41.78084], [-87.94306, 41.78083], [-87.9431, 41.78082], [-87.9431, 41.78077], [-87.943, 41.78073], [-87.94294, 41.7807], [-87.94287, 41.78062], [-87.94284, 41.78058], [-87.94274, 41.78051], [-87.94251, 41.78042], [-87.94238, 41.78044], [-87.94223, 41.78041], [-87.94216, 41.78041], [-87.94211, 41.78043], [-87.94204, 41.78045], [-87.94197, 41.78045], [-87.94194, 41.78046], [-87.94192, 41.78049], [-87.94189, 41.78054], [-87.94183, 41.7806], [-87.94176, 41.78069], [-87.94175, 41.78071], [-87.94176, 41.78077], [-87.94179, 41.78079], [-87.94182, 41.7808], [-87.94187, 41.7808], [-87.94194, 41.7807], [-87.94199, 41.78068], [-87.94215, 41.78066], [-87.94232, 41.78064], [-87.94239, 41.78065], [-87.94246, 41.78066], [-87.9425, 41.78068], [-87.94257, 41.78073], [-87.94272, 41.78077], [-87.94279, 41.7808], [-87.94286, 41.78082], [-87.94292, 41.78083], [-87.94294, 41.78087], [-87.94295, 41.78096], [-87.94294, 41.781], [-87.94289, 41.78104], [-87.9428, 41.78108], [-87.94275, 41.78109], [-87.94256, 41.78118], [-87.94243, 41.78125], [-87.9424, 41.78126], [-87.94233, 41.7813], [-87.94222, 41.78136], [-87.94214, 41.78138], [-87.94212, 41.78148], [-87.94204, 41.7815], [-87.94194, 41.7815], [-87.94181, 41.78149], [-87.94172, 41.78148], [-87.94148, 41.7815], [-87.94141, 41.78149], [-87.94135, 41.78145], [-87.94132, 41.78138], [-87.94133, 41.78127], [-87.94131, 41.7812], [-87.94132, 41.78114], [-87.94137, 41.78109], [-87.94142, 41.78102], [-87.94141, 41.78096], [-87.94133, 41.78093], [-87.94126, 41.78091], [-87.94119, 41.7809], [-87.94117, 41.78087], [-87.94111, 41.78078], [-87.94093, 41.78056], [-87.94086, 41.78048], [-87.94078, 41.78039], [-87.94065, 41.78021], [-87.94063, 41.7802], [-87.94052, 41.78012], [-87.94043, 41.78009], [-87.94038, 41.78009], [-87.94015, 41.78013], [-87.93977, 41.7803], [-87.93963, 41.78036], [-87.93952, 41.78041], [-87.93942, 41.78043], [-87.93937, 41.78043], [-87.93933, 41.78044], [-87.93922, 41.78049], [-87.93917, 41.78053], [-87.93906, 41.78054], [-87.93893, 41.78052], [-87.93883, 41.78053], [-87.93878, 41.78054], [-87.93868, 41.78059], [-87.93849, 41.78073], [-87.93847, 41.78072], [-87.93843, 41.78072], [-87.93841, 41.78067], [-87.93842, 41.78064], [-87.93851, 41.78056], [-87.93856, 41.78051], [-87.93862, 41.78046], [-87.93864, 41.78042], [-87.93863, 41.78036], [-87.93861, 41.78032], [-87.93857, 41.78028], [-87.9385, 41.78024], [-87.93844, 41.78022], [-87.93832, 41.78013], [-87.93826, 41.78006], [-87.93824, 41.78001], [-87.93822, 41.77996], [-87.93822, 41.77987], [-87.93819, 41.77977], [-87.93813, 41.77966], [-87.93814, 41.77964], [-87.93814, 41.77962], [-87.93809, 41.77954], [-87.93805, 41.77948], [-87.93802, 41.77949], [-87.938, 41.77948], [-87.93797, 41.77946], [-87.93796, 41.77944], [-87.93796, 41.77941], [-87.93793, 41.77938], [-87.93793, 41.77936], [-87.93791, 41.77934], [-87.93787, 41.77933], [-87.93784, 41.77929], [-87.93783, 41.77926], [-87.93777, 41.77916], [-87.93769, 41.77905], [-87.93769, 41.77902], [-87.93767, 41.77899], [-87.93763, 41.77898], [-87.93761, 41.77897], [-87.93759, 41.77895], [-87.93744, 41.77882], [-87.93734, 41.77878], [-87.93722, 41.77877], [-87.93716, 41.77877], [-87.93712, 41.77876], [-87.93709, 41.77876], [-87.93696, 41.77875], [-87.93692, 41.77877], [-87.93687, 41.77877], [-87.93685, 41.77877], [-87.93682, 41.77875], [-87.93679, 41.77875], [-87.93676, 41.77876], [-87.93672, 41.77878], [-87.93674, 41.77891], [-87.93675, 41.77895], [-87.93674, 41.779], [-87.93673, 41.77905], [-87.93675, 41.7791], [-87.93674, 41.77917], [-87.93675, 41.77923], [-87.9368, 41.77934], [-87.93682, 41.7794], [-87.93681, 41.77951], [-87.93679, 41.77957], [-87.93679, 41.7796], [-87.93682, 41.77972], [-87.93688, 41.77986], [-87.93689, 41.77988], [-87.93689, 41.7799], [-87.93693, 41.77998], [-87.937, 41.78007], [-87.93702, 41.78012], [-87.93709, 41.78018], [-87.9371, 41.7802], [-87.93716, 41.78024], [-87.93718, 41.78025], [-87.93721, 41.78025], [-87.93731, 41.78033], [-87.93738, 41.7804], [-87.93749, 41.78051], [-87.93757, 41.78055], [-87.93762, 41.78055], [-87.93767, 41.78053], [-87.93773, 41.78054], [-87.93779, 41.78058], [-87.93781, 41.78063], [-87.93777, 41.78068], [-87.93776, 41.78072], [-87.93779, 41.78076], [-87.93781, 41.78079], [-87.93787, 41.78083], [-87.93792, 41.78085], [-87.93801, 41.78084], [-87.9382, 41.78076], [-87.93825, 41.78075], [-87.9383, 41.78074], [-87.93835, 41.78077], [-87.93839, 41.78082], [-87.93838, 41.78083], [-87.9383, 41.78088], [-87.93818, 41.78097], [-87.93818, 41.781], [-87.93818, 41.78105], [-87.93819, 41.7811], [-87.93822, 41.78113], [-87.93827, 41.78115], [-87.93837, 41.78126], [-87.9384, 41.78128], [-87.93843, 41.78131], [-87.93853, 41.78134], [-87.93862, 41.78134], [-87.93892, 41.78134], [-87.939, 41.78135], [-87.93908, 41.78139], [-87.93917, 41.7814], [-87.93925, 41.7814], [-87.93931, 41.78142], [-87.93942, 41.78146], [-87.93952, 41.78152], [-87.93958, 41.78158], [-87.93962, 41.78161], [-87.93967, 41.78164], [-87.93971, 41.78167], [-87.93974, 41.7817], [-87.93975, 41.78179], [-87.93975, 41.78182], [-87.93977, 41.7819], [-87.93983, 41.782], [-87.93984, 41.78204], [-87.9399, 41.78209], [-87.93998, 41.78213], [-87.94013, 41.7822], [-87.94018, 41.78223], [-87.94025, 41.78226], [-87.94036, 41.78229], [-87.94044, 41.7823], [-87.94053, 41.7823], [-87.94069, 41.7823], [-87.94077, 41.78232], [-87.94079, 41.78235], [-87.94078, 41.78237], [-87.9407, 41.78241], [-87.94064, 41.78246], [-87.9406, 41.78251], [-87.94058, 41.78255], [-87.94059, 41.78266], [-87.94062, 41.78271], [-87.94062, 41.78275], [-87.9406, 41.78283], [-87.94051, 41.78298], [-87.9405, 41.78303], [-87.94051, 41.78304], [-87.94055, 41.78304], [-87.94061, 41.78294], [-87.9407, 41.78282], [-87.94081, 41.78276], [-87.94102, 41.78267], [-87.94123, 41.78258], [-87.94135, 41.78253], [-87.94144, 41.78249], [-87.94147, 41.78248], [-87.94152, 41.78245], [-87.94157, 41.78243], [-87.94171, 41.7824], [-87.94205, 41.78229], [-87.94207, 41.78227], [-87.94232, 41.78228], [-87.94253, 41.78228], [-87.94265, 41.78225], [-87.94279, 41.78219], [-87.94324, 41.78193], [-87.94333, 41.78178], [-87.94336, 41.7817], [-87.94337, 41.78167], [-87.94339, 41.78159], [-87.94343, 41.78149], [-87.94345, 41.78145], [-87.94347, 41.7814], [-87.9435, 41.78134]]]}}, {"type": "Feature", "properties": {"NAME": "Wolf Lk", "MTFCC": "H2030", "AREAWATER": "1782184"}, "geometry": {"type": "Polygon", "coordinates": [[[-87.52477, 41.66761], [-87.52486, 41.66758], [-87.52476, 41.66173], [-87.52431, 41.66172], [-87.52415, 41.66173], [-87.52402, 41.66177], [-87.52399, 41.6619], [-87.5241, 41.66238], [-87.52418, 41.66279], [-87.52418, 41.66292], [-87.52411, 41.66319], [-87.52409, 41.66365], [-87.52413, 41.66391], [-87.52422, 41.66414], [-87.52421, 41.66432], [-87.52427, 41.66509], [-87.5242, 41.66538], [-87.52406, 41.6656], [-87.52387, 41.66573], [-87.52374, 41.66575], [-87.52365, 41.66575], [-87.52355, 41.66572], [-87.52345, 41.6656], [-87.52342, 41.66538], [-87.52344, 41.66498], [-87.52343, 41.66484], [-87.52338, 41.66467], [-87.52337, 41.66451], [-87.52335, 41.66448], [-87.52329, 41.66395], [-87.52324, 41.66377], [-87.52315, 41.66328], [-87.52312, 41.66282], [-87.52299, 41.66238], [-87.52298, 41.66214], [-87.52289, 41.66202], [-87.5228, 41.66196], [-87.52261, 41.66192], [-87.52234, 41.66193], [-87.52159, 41.66203], [-87.52152, 41.66207], [-87.52094, 41.66218], [-87.52026, 41.66242], [-87.52014, 41.66249], [-87.52001, 41.66253], [-87.51981, 41.66264], [-87.51961, 41.6628], [-87.51951, 41.66295], [-87.51939, 41.66305], [-87.51925, 41.66311], [-87.51917, 41.66319], [-87.51915, 41.66328], [-87.51916, 41.66337], [-87.5205, 41.66738], [-87.52096, 41.66869], [-87.52096, 41.66872], [-87.52203, 41.67198], [-87.52161, 41.6723], [-87.52148, 41.67262], [-87.52141, 41.67264], [-87.52133, 41.67263], [-87.52078, 41.67113], [-87.5193, 41.66691], [-87.51832, 41.66431], [-87.51825, 41.66431], [-87.51804, 41.66436], [-87.51788, 41.66442], [-87.51782, 41.66447], [-87.5178, 41.66452], [-87.51772, 41.66575], [-87.51774, 41.66621], [-87.51776, 41.66645], [-87.51779, 41.6667], [-87.51795, 41.66712], [-87.51799, 41.66714], [-87.51808, 41.66737], [-87.51811, 41.66738], [-87.51814, 41.66747], [-87.51828, 41.66766], [-87.51848, 41.66782], [-87.51861, 41.66786], [-87.51888, 41.66791], [-87.51891, 41.66795], [-87.51886, 41.668], [-87.51866, 41.66808], [-87.51861, 41.66813], [-87.51886, 41.66889], [-87.51889, 41.66891], [-87.51906, 41.66929], [-87.51909, 41.6693], [-87.51949, 41.67018], [-87.51974, 41.6706], [-87.5198, 41.67075], [-87.51992, 41.67095], [-87.51998, 41.67109], [-87.52005, 41.67121], [-87.52028, 41.67142], [-87.52033, 41.67152], [-87.52025, 41.67162], [-87.52005, 41.67169], [-87.51977, 41.6718], [-87.5196, 41.67182], [-87.51949, 41.67178], [-87.51947, 41.67176], [-87.51947, 41.67167], [-87.51955, 41.6716], [-87.51979, 41.67149], [-87.51986, 41.67142], [-87.51986, 41.67135], [-87.51976, 41.67114], [-87.51955, 41.67086], [-87.51942, 41.67061], [-87.51932, 41.67024], [-87.51909, 41.66976], [-87.51883, 41.66926], [-87.51827, 41.66941], [-87.51815, 41.6692], [-87.51819, 41.66918], [-87.51844, 41.66913], [-87.51862, 41.66907], [-87.51869, 41.66897], [-87.51819, 41.66806], [-87.51812, 41.66804], [-87.51781, 41.6681], [-87.51754, 41.66818], [-87.51729, 41.66816], [-87.51722, 41.6681], [-87.51732, 41.66797], [-87.51768, 41.6677], [-87.51776, 41.6676], [-87.51787, 41.66742], [-87.51755, 41.66681], [-87.51753, 41.6668], [-87.51738, 41.66682], [-87.51708, 41.66691], [-87.51693, 41.66692], [-87.51687, 41.66688], [-87.5168, 41.66674], [-87.51685, 41.66666], [-87.51725, 41.66659], [-87.51738, 41.66649], [-87.51745, 41.66606], [-87.51741, 41.66482], [-87.51744, 41.66454], [-87.51745, 41.66451], [-87.51737, 41.66445], [-87.51723, 41.66442], [-87.51679, 41.6644], [-87.5166, 41.66434], [-87.51663, 41.66425], [-87.51668, 41.66424], [-87.51737, 41.66424], [-87.51744, 41.66422], [-87.51748, 41.66418], [-87.51751, 41.66405], [-87.51745, 41.664], [-87.51699, 41.66402], [-87.51675, 41.66405], [-87.51623, 41.66407], [-87.51591, 41.66403], [-87.51548, 41.66403], [-87.51491, 41.66397], [-87.51458, 41.66397], [-87.51454, 41.66399], [-87.51406, 41.664], [-87.51382, 41.66397], [-87.51354, 41.66401], [-87.51334, 41.66399], [-87.51322, 41.664], [-87.51315, 41.66407], [-87.51313, 41.66434], [-87.5131, 41.6644], [-87.51294, 41.66449], [-87.51291, 41.66454], [-87.51291, 41.66463], [-87.51296, 41.66469], [-87.51296, 41.66471], [-87.513, 41.66479], [-87.51299, 41.66488], [-87.51293, 41.665], [-87.51285, 41.66506], [-87.51267, 41.66506], [-87.51257, 41.66511], [-87.51249, 41.66518], [-87.51247, 41.66523], [-87.51232, 41.66535], [-87.51219, 41.66555], [-87.51223, 41.66569], [-87.51225, 41.66588], [-87.51232, 41.66599], [-87.51239, 41.66603], [-87.51247, 41.666], [-87.51246, 41.66593], [-87.5125, 41.66582], [-87.51269, 41.66554], [-87.51288, 41.66532], [-87.51294, 41.66528], [-87.51299, 41.6652], [-87.51302, 41.66518], [-87.51306, 41.6651], [-87.51312, 41.66506], [-87.51335, 41.66476], [-87.51356, 41.66453], [-87.51365, 41.66439], [-87.51372, 41.66429], [-87.51377, 41.66418], [-87.51383, 41.66414], [-87.514, 41.66412], [-87.51422, 41.66416], [-87.51485, 41.66418], [-87.51493, 41.6642], [-87.51502, 41.66427], [-87.51509, 41.6644], [-87.51515, 41.66447], [-87.51529, 41.66453], [-87.51539, 41.66453], [-87.51547, 41.66444], [-87.51557, 41.66438], [-87.51558, 41.66436], [-87.51554, 41.66431], [-87.5153, 41.66425], [-87.51528, 41.6642], [-87.51531, 41.66415], [-87.51542, 41.66414], [-87.51565, 41.66417], [-87.51609, 41.66418], [-87.51621, 41.66416], [-87.51628, 41.66418], [-87.51631, 41.66429], [-87.51658, 41.66465], [-87.51658, 41.66472], [-87.51655, 41.66476], [-87.51644, 41.66491], [-87.5164, 41.66511], [-87.51627, 41.66529], [-87.51634, 41.66546], [-87.51626, 41.66582], [-87.5161, 41.66617], [-87.51605, 41.66625], [-87.51597, 41.66631], [-87.51574, 41.66643], [-87.51555, 41.66648], [-87.51531, 41.6665], [-87.51508, 41.66648], [-87.51492, 41.66643], [-87.51474, 41.66634], [-87.51451, 41.66631], [-87.51435, 41.66638], [-87.51412, 41.66641], [-87.51405, 41.66647], [-87.51401, 41.66656], [-87.51393, 41.66667], [-87.51385, 41.66694], [-87.51394, 41.6671], [-87.51399, 41.66715], [-87.51412, 41.66718], [-87.51427, 41.66718], [-87.51434, 41.66715], [-87.51453, 41.66713], [-87.51461, 41.66716], [-87.51465, 41.66721], [-87.51463, 41.66724], [-87.51464, 41.66748], [-87.51473, 41.66755], [-87.51486, 41.6676], [-87.51504, 41.66764], [-87.51512, 41.66766], [-87.51514, 41.66769], [-87.51511, 41.66775], [-87.51506, 41.66778], [-87.51484, 41.66776], [-87.51446, 41.66785], [-87.51441, 41.66785], [-87.51431, 41.66779], [-87.51399, 41.66768], [-87.5139, 41.66768], [-87.5138, 41.66773], [-87.51353, 41.66775], [-87.51343, 41.6678], [-87.5134, 41.66785], [-87.5134, 41.66792], [-87.51348, 41.66809], [-87.51354, 41.66828], [-87.51351, 41.66836], [-87.51343, 41.66846], [-87.51334, 41.66851], [-87.51321, 41.66862], [-87.5131, 41.66879], [-87.51297, 41.66881], [-87.51274, 41.66881], [-87.51258, 41.66885], [-87.51245, 41.66892], [-87.5123, 41.66907], [-87.51218, 41.66914], [-87.51211, 41.66911], [-87.51213, 41.66899], [-87.51234, 41.66873], [-87.51247, 41.66847], [-87.51241, 41.66832], [-87.51228, 41.66825], [-87.51216, 41.66823], [-87.51199, 41.66822], [-87.51183, 41.66821], [-87.51163, 41.66822], [-87.51149, 41.66825], [-87.51137, 41.66832], [-87.51134, 41.66832], [-87.51128, 41.66836], [-87.51116, 41.66849], [-87.51112, 41.66864], [-87.51112, 41.66914], [-87.51109, 41.66941], [-87.51114, 41.66948], [-87.51129, 41.66951], [-87.51131, 41.6696], [-87.51127, 41.66965], [-87.51114, 41.66982], [-87.51096, 41.67], [-87.51085, 41.67015], [-87.51075, 41.6704], [-87.51051, 41.67084], [-87.51047, 41.67102], [-87.51037, 41.67116], [-87.51027, 41.67119], [-87.51021, 41.67124], [-87.50961, 41.67127], [-87.50934, 41.67133], [-87.50922, 41.67138], [-87.50915, 41.67155], [-87.50906, 41.67207], [-87.50909, 41.67284], [-87.50906, 41.67336], [-87.50919, 41.67354], [-87.50936, 41.67357], [-87.50962, 41.67356], [-87.5098, 41.67358], [-87.51006, 41.67368], [-87.51015, 41.67378], [-87.51021, 41.67403], [-87.51021, 41.67419], [-87.5102, 41.67425], [-87.51019, 41.67434], [-87.51024, 41.67469], [-87.51035, 41.67509], [-87.51039, 41.67531], [-87.51046, 41.6754], [-87.51055, 41.67546], [-87.51059, 41.67554], [-87.5106, 41.6756], [-87.51058, 41.67596], [-87.51061, 41.67608], [-87.51069, 41.67619], [-87.5108, 41.67628], [-87.51081, 41.67629], [-87.51094, 41.67637], [-87.51099, 41.67639], [-87.51115, 41.67646], [-87.51156, 41.67639], [-87.51157, 41.67639], [-87.51178, 41.67639], [-87.51194, 41.67639], [-87.51242, 41.6764], [-87.5125, 41.67641], [-87.51258, 41.67641], [-87.51261, 41.67642], [-87.51271, 41.67642], [-87.51274, 41.67643], [-87.51286, 41.67643], [-87.51302, 41.67645], [-87.51323, 41.67645], [-87.51326, 41.67645], [-87.51335, 41.67647], [-87.51343, 41.67654], [-87.51345, 41.67662], [-87.51342, 41.67711], [-87.51343, 41.67719], [-87.51345, 41.67738], [-87.51345, 41.67744], [-87.51345, 41.67752], [-87.51342, 41.67772], [-87.51346, 41.67794], [-87.51348, 41.67808], [-87.51351, 41.6783], [-87.51363, 41.67873], [-87.51369, 41.67881], [-87.51373, 41.67883], [-87.51378, 41.67886], [-87.51394, 41.67892], [-87.51407, 41.67894], [-87.51462, 41.67892], [-87.51479, 41.67895], [-87.51494, 41.67899], [-87.51509, 41.67905], [-87.51539, 41.67931], [-87.51546, 41.67945], [-87.5155, 41.67959], [-87.51549, 41.67992], [-87.51549, 41.68007], [-87.51544, 41.68025], [-87.51546, 41.68057], [-87.51555, 41.6807], [-87.51587, 41.68083], [-87.51592, 41.68087], [-87.51595, 41.68102], [-87.51599, 41.68107], [-87.51606, 41.68114], [-87.51613, 41.68117], [-87.51637, 41.68133], [-87.51644, 41.6814], [-87.51655, 41.68164], [-87.51662, 41.68172], [-87.51672, 41.6818], [-87.51686, 41.68206], [-87.51687, 41.68229], [-87.51681, 41.68251], [-87.51668, 41.68272], [-87.51655, 41.68288], [-87.51653, 41.68296], [-87.51654, 41.68298], [-87.51672, 41.68319], [-87.51741, 41.68378], [-87.51745, 41.68378], [-87.51751, 41.68375], [-87.51769, 41.68361], [-87.51777, 41.68357], [-87.51788, 41.68356], [-87.51793, 41.6836], [-87.51788, 41.68372], [-87.51777, 41.68384], [-87.51762, 41.68393], [-87.51729, 41.68422], [-87.51673, 41.68477], [-87.5162, 41.68516], [-87.51596, 41.68539], [-87.51545, 41.68581], [-87.51515, 41.68598], [-87.51477, 41.6863], [-87.51433, 41.68689], [-87.51419, 41.6871], [-87.51407, 41.68725], [-87.51376, 41.68778], [-87.51356, 41.68801], [-87.51346, 41.68816], [-87.51337, 41.68835], [-87.5133, 41.6886], [-87.51321, 41.68875], [-87.5132, 41.68888], [-87.51321, 41.68889], [-87.51326, 41.68917], [-87.51301, 41.68982], [-87.51298, 41.69011], [-87.51298, 41.69027], [-87.51311, 41.69066], [-87.51318, 41.69081], [-87.5134, 41.69132], [-87.51349, 41.69176], [-87.51352, 41.69188], [-87.51351, 41.69194], [-87.5135, 41.69206], [-87.51352, 41.69218], [-87.51377, 41.6924], [-87.51391, 41.69253], [-87.51395, 41.69248], [-87.51398, 41.69238], [-87.514, 41.69227], [-87.514, 41.6919], [-87.514, 41.69178], [-87.51399, 41.69173], [-87.51386, 41.69115], [-87.51376, 41.69091], [-87.51372, 41.6909], [-87.51361, 41.69074], [-87.51354, 41.69052], [-87.51354, 41.6903], [-87.51362, 41.68993], [-87.51386, 41.68925], [-87.51397, 41.68907], [-87.51399, 41.689], [-87.5141, 41.68885], [-87.51444, 41.68824], [-87.51471, 41.68791], [-87.51493, 41.68763], [-87.51503, 41.68753], [-87.51522, 41.68733], [-87.51533, 41.68715], [-87.51559, 41.68689], [-87.51588, 41.68653], [-87.51599, 41.68632], [-87.51608, 41.68622], [-87.5162, 41.68614], [-87.51764, 41.68497], [-87.51775, 41.68485], [-87.51778, 41.68484], [-87.518, 41.68466], [-87.51816, 41.68457], [-87.51856, 41.68445], [-87.51881, 41.68431], [-87.51887, 41.68426], [-87.51891, 41.68425], [-87.51912, 41.6841], [-87.51938, 41.68387], [-87.5195, 41.68372], [-87.51968, 41.68358], [-87.51975, 41.68349], [-87.52003, 41.68326], [-87.52004, 41.68323], [-87.52011, 41.68319], [-87.52033, 41.68297], [-87.52034, 41.68294], [-87.52057, 41.68272], [-87.52063, 41.68264], [-87.52066, 41.68263], [-87.52071, 41.68254], [-87.52079, 41.68247], [-87.52094, 41.68226], [-87.52091, 41.6821], [-87.52092, 41.68197], [-87.52103, 41.68179], [-87.52106, 41.68152], [-87.52093, 41.68117], [-87.52097, 41.68096], [-87.52092, 41.68083], [-87.52077, 41.68063], [-87.5207, 41.6804], [-87.52067, 41.68027], [-87.5207, 41.67978], [-87.52063, 41.67934], [-87.52065, 41.67911], [-87.52069, 41.67895], [-87.5207, 41.67855], [-87.52078, 41.67813], [-87.52078, 41.67795], [-87.52083, 41.67726], [-87.52078, 41.67679], [-87.52074, 41.67663], [-87.52071, 41.67642], [-87.52074, 41.67628], [-87.52075, 41.67627], [-87.52089, 41.67611], [-87.5209, 41.67586], [-87.52085, 41.67551], [-87.52082, 41.67483], [-87.52067, 41.67396], [-87.52072, 41.67391], [-87.52084, 41.67386], [-87.52106, 41.67384], [-87.52142, 41.67381], [-87.52161, 41.67374], [-87.52164, 41.67364], [-87.52138, 41.6728], [-87.52154, 41.67277], [-87.52164, 41.67275], [-87.52171, 41.67257], [-87.52201, 41.67251], [-87.52236, 41.6736], [-87.52268, 41.67518], [-87.52277, 41.67595], [-87.52278, 41.67632], [-87.52283, 41.67655], [-87.52287, 41.67719], [-87.52291, 41.67727], [-87.52297, 41.67728], [-87.52301, 41.67727], [-87.52308, 41.67724], [-87.52312, 41.67719], [-87.52356, 41.67637], [-87.5235, 41.67627], [-87.52338, 41.67619], [-87.52333, 41.67613], [-87.52329, 41.67594], [-87.52329, 41.67588], [-87.52345, 41.67563], [-87.52349, 41.67551], [-87.52339, 41.67481], [-87.52339, 41.67478], [-87.52337, 41.67431], [-87.52352, 41.67403], [-87.52361, 41.67373], [-87.52364, 41.67368], [-87.52371, 41.67365], [-87.52384, 41.67366], [-87.52408, 41.67372], [-87.52429, 41.67372], [-87.52445, 41.6737], [-87.52456, 41.67364], [-87.52466, 41.6736], [-87.52476, 41.67353], [-87.52478, 41.67198], [-87.52485, 41.66788], [-87.52477, 41.66787], [-87.52458, 41.66785], [-87.5237, 41.66781], [-87.52333, 41.66783], [-87.52315, 41.66782], [-87.52264, 41.66779], [-87.52236, 41.66777], [-87.52099, 41.66775], [-87.52076, 41.66769], [-87.52065, 41.66764], [-87.52068, 41.66759], [-87.52075, 41.66757], [-87.52125, 41.6675], [-87.52156, 41.66751], [-87.52182, 41.66755], [-87.52229, 41.66755], [-87.52257, 41.66761], [-87.52287, 41.66765], [-87.52315, 41.66763], [-87.52318, 41.66763], [-87.52348, 41.66763], [-87.52392, 41.66759], [-87.52406, 41.66762], [-87.5242, 41.66767], [-87.52458, 41.66765], [-87.52462, 41.66765], [-87.52477, 41.66761]], [[-87.51201, 41.67218], [-87.51201, 41.67224], [-87.51196, 41.67233], [-87.51196, 41.67237], [-87.51198, 41.67241], [-87.51198, 41.67244], [-87.51198, 41.67258], [-87.51196, 41.67259], [-87.51193, 41.67265], [-87.51189, 41.67272], [-87.5118, 41.6728], [-87.51172, 41.6729], [-87.51163, 41.67297], [-87.51154, 41.67298], [-87.51147, 41.67298], [-87.51133, 41.67294], [-87.5112, 41.67289], [-87.51111, 41.67283], [-87.51107, 41.67278], [-87.51105, 41.67273], [-87.51104, 41.67266], [-87.51111, 41.6726], [-87.51119, 41.67258], [-87.51121, 41.67254], [-87.51118, 41.67251], [-87.51111, 41.67249], [-87.51101, 41.67249], [-87.51094, 41.67248], [-87.51086, 41.67251], [-87.51081, 41.67251], [-87.51081, 41.6725], [-87.51092, 41.67243], [-87.51101, 41.67241], [-87.51111, 41.67242], [-87.51118, 41.67241], [-87.51126, 41.67239], [-87.51133, 41.67241], [-87.51137, 41.67241], [-87.51143, 41.67241], [-87.5115, 41.67238], [-87.51154, 41.67231], [-87.5117, 41.67219], [-87.51179, 41.67215], [-87.51186, 41.67212], [-87.51191, 41.67211], [-87.51196, 41.67211], [-87.51198, 41.67212], [-87.51201, 41.67218]]]}}, {"type": "Feature", "properties": {"NAME": "Izaak Walton Lk", "MTFCC": "H2030", "AREAWATER": "57239"}, "geometry": {"type": "Polygon", "coordinates": [[[-87.61115, 41.62593], [-87.61113, 41.62573], [-87.61106, 41.62553], [-87.61095, 41.62522], [-87.61094, 41.62503], [-87.61092, 41.62467], [-87.61083, 41.62447], [-87.61059, 41.62429], [-87.61038, 41.62419], [-87.60988, 41.62403], [-87.60976, 41.62396], [-87.60952, 41.62387], [-87.60949, 41.62386], [-87.60926, 41.62382], [-87.60902, 41.62382], [-87.60868, 41.62388], [-87.60863, 41.62388], [-87.60846, 41.62396], [-87.60837, 41.62402], [-87.60831, 41.62412], [-87.60828, 41.62425], [-87.60828, 41.62427], [-87.6083, 41.62477], [-87.60828, 41.62492], [-87.60831, 41.62503], [-87.6083, 41.62508], [-87.60832, 41.62516], [-87.6084, 41.62533], [-87.60827, 41.62557], [-87.60826, 41.62563], [-87.60829, 41.62572], [-87.60844, 41.62583], [-87.60849, 41.62584], [-87.60868, 41.62589], [-87.60876, 41.62595], [-87.60881, 41.62606], [-87.60883, 41.62624], [-87.60884, 41.62626], [-87.60892, 41.62638], [-87.60901, 41.62645], [-87.60907, 41.62648], [-87.60931, 41.62655], [-87.6095, 41.62656], [-87.60962, 41.62653], [-87.60984, 41.62651], [-87.61012, 41.6265], [-87.61015, 41.6265], [-87.61027, 41.62646], [-87.6103, 41.62645], [-87.61043, 41.62638], [-87.61053, 41.62629], [-87.61064, 41.62625], [-87.61076, 41.62625], [-87.61079, 41.62625], [-87.61097, 41.62629], [-87.61104, 41.62626], [-87.61111, 41.62614], [-87.61115, 41.62593]]]}}, {"type": "Feature", "properties": {"NAME": null, "MTFCC": "H2030", "AREAWATER": "67180"}, "geometry": {"type": "Polygon", "coordinates": [[[-87.87755, 41.61753], [-87.87751, 41.61727], [-87.87725, 41.61593], [-87.87708, 41.61561], [-87.87676, 41.615], [-87.87625, 41.61403], [-87.87598, 41.61495], [-87.87578, 41.61561], [-87.87565, 41.61603], [-87.87462, 41.61681], [-87.87405, 41.61723], [-87.87555, 41.61853], [-87.87755, 41.61753]]]}}, {"type": "Feature", "properties": {"NAME": "Lk Mary Ann", "MTFCC": "H2030", "AREAWATER": "67321"}, "geometry": {"type": "Polygon", "coordinates": [[[-87.8671, 42.05693], [-87.86706, 42.05681], [-87.86708, 42.05667], [-87.86709, 42.05664], [-87.86703, 42.05659], [-87.86678, 42.05656], [-87.86661, 42.05658], [-87.86633, 42.05654], [-87.86619, 42.05651], [-87.86609, 42.05644], [-87.86602, 42.05636], [-87.866, 42.05626], [-87.86608, 42.0561], [-87.86617, 42.05599], [-87.86639, 42.05586], [-87.86647, 42.05582], [-87.86665, 42.05581], [-87.86673, 42.05582], [-87.86678, 42.05581], [-87.86683, 42.05581], [-87.86691, 42.05545], [-87.86692, 42.05529], [-87.86689, 42.05511], [-87.86687, 42.05507], [-87.86687, 42.05504], [-87.86619, 42.05504], [-87.86568, 42.05503], [-87.86564, 42.05504], [-87.86554, 42.05504], [-87.86546, 42.05516], [-87.86539, 42.05541], [-87.86532, 42.05555], [-87.86523, 42.05568], [-87.86518, 42.05572], [-87.86504, 42.05573], [-87.86501, 42.05574], [-87.86493, 42.05576], [-87.86477, 42.05574], [-87.86462, 42.05569], [-87.86456, 42.05563], [-87.86451, 42.05546], [-87.86451, 42.05488], [-87.86453, 42.05475], [-87.86451, 42.05468], [-87.8645, 42.05467], [-87.86446, 42.05463], [-87.86386, 42.05445], [-87.86381, 42.05444], [-87.86369, 42.05444], [-87.86362, 42.05439], [-87.86358, 42.05438], [-87.86351, 42.05441], [-87.86346, 42.05452], [-87.86341, 42.05457], [-87.86336, 42.05459], [-87.86318, 42.05459], [-87.863, 42.05462], [-87.86294, 42.05595], [-87.86289, 42.05688], [-87.86292, 42.05695], [-87.86299, 42.057], [-87.86338, 42.05699], [-87.86487, 42.05697], [-87.86644, 42.05694], [-87.86686, 42.05694], [-87.86692, 42.05695], [-87.86705, 42.05695], [-87.8671, 42.05693]]]}}, {"type": "Feature", "properties": {"NAME": "Lk Opeka", "MTFCC": "H2030", "AREAWATER": "153161"}, "geometry": {"type": "Polygon", "coordinates": [[[-87.89853, 42.01572], [-87.89857, 42.01563], [-87.89849, 42.01553], [-87.89821, 42.01524], [-87.89813, 42.0151], [-87.89814, 42.01489], [-87.89822, 42.01399], [-87.89846, 42.01268], [-87.89849, 42.01227], [-87.89849, 42.01159], [-87.89847, 42.01126], [-87.89837, 42.011], [-87.89812, 42.0105], [-87.89793, 42.01028], [-87.89782, 42.01017], [-87.89771, 42.01008], [-87.8976, 42.01004], [-87.89746, 42.01001], [-87.89609, 42.01035], [-87.89595, 42.01039], [-87.89534, 42.01076], [-87.89522, 42.01088], [-87.8949, 42.0113], [-87.89484, 42.01146], [-87.89479, 42.01165], [-87.8948, 42.01183], [-87.89488, 42.01234], [-87.89499, 42.0128], [-87.89508, 42.01296], [-87.89519, 42.01316], [-87.89523, 42.01329], [-87.89526, 42.01338], [-87.89526, 42.01347], [-87.89526, 42.01366], [-87.89526, 42.01387], [-87.89518, 42.01462], [-87.89518, 42.01471], [-87.89521, 42.01485], [-87.89527, 42.01495], [-87.89537, 42.01508], [-87.89548, 42.01514], [-87.89557, 42.01518], [-87.89567, 42.01522], [-87.89582, 42.01527], [-87.89608, 42.01529], [-87.89663, 42.01528], [-87.89701, 42.01529], [-87.89712, 42.0153], [-87.89717, 42.01533], [-87.89724, 42.01539], [-87.89727, 42.01545], [-87.89731, 42.01553], [-87.89735, 42.01563], [-87.89746, 42.01577], [-87.89756, 42.01581], [-87.89767, 42.01584], [-87.89808, 42.01586], [-87.89824, 42.01584], [-87.89841, 42.01578], [-87.89853, 42.01572]]]}}, {"type": "Feature", "properties": {"NAME": "Lk O Hare", "MTFCC": "H2030", "AREAWATER": "92402"}, "geometry": {"type": "Polygon", "coordinates": [[[-87.89999, 41.95977], [-87.89995, 41.95964], [-87.89979, 41.95958], [-87.89745, 41.95956], [-87.89692, 41.95959], [-87.89631, 41.95997], [-87.89556, 41.96053], [-87.89448, 41.96158], [-87.89409, 41.96188], [-87.89408, 41.96204], [-87.89494, 41.96213], [-87.89582, 41.96213], [-87.89745, 41.96218], [-87.89793, 41.96221], [-87.89819, 41.96243], [-87.89829, 41.96285], [-87.89833, 41.96301], [-87.89834, 41.96314], [-87.8986, 41.96327], [-87.89878, 41.9633], [-87.89914, 41.96327], [-87.89939, 41.96318], [-87.89938, 41.96295], [-87.8986, 41.96219], [-87.89821, 41.96185], [-87.89815, 41.96156], [-87.89819, 41.9613], [-87.89821, 41.96113], [-87.89838, 41.96097], [-87.89867, 41.96074], [-87.89992, 41.95989], [-87.89999, 41.95977]]]}}, {"type": "Feature", "properties": {"NAME": "North Branch Cnl", "MTFCC": "H3010", "AREAWATER": "66995"}, "geometry": {"type": "Polygon", "coordinates": [[[-87.6555, 41.91043], [-87.6555, 41.91033], [-87.65549, 41.91019], [-87.65549, 41.91014], [-87.65548, 41.91007], [-87.6554, 41.91007], [-87.65529, 41.91007], [-87.65523, 41.91006], [-87.65518, 41.91002], [-87.6549, 41.90978], [-87.65478, 41.90964], [-87.65456, 41.90936], [-87.65438, 41.90918], [-87.65317, 41.90769], [-87.65203, 41.90637], [-87.65136, 41.90558], [-87.65119, 41.90528], [-87.651, 41.90488], [-87.65078, 41.9046], [-87.65046, 41.90436], [-87.65023, 41.90421], [-87.65001, 41.90398], [-87.64985, 41.9038], [-87.64983, 41.90372], [-87.64982, 41.90364], [-87.64982, 41.9035], [-87.64979, 41.90344], [-87.64956, 41.90316], [-87.64865, 41.9023], [-87.6483, 41.90192], [-87.648, 41.90168], [-87.64751, 41.90134], [-87.64707, 41.90092], [-87.64667, 41.90055], [-87.64648, 41.90035], [-87.64635, 41.89995], [-87.64592, 41.89916], [-87.64546, 41.89825], [-87.64546, 41.89819], [-87.64548, 41.89816], [-87.64554, 41.8981], [-87.6456, 41.89805], [-87.64465, 41.89794], [-87.64513, 41.89848], [-87.64527, 41.89866], [-87.64552, 41.89907], [-87.6461, 41.90025], [-87.64636, 41.90064], [-87.64651, 41.90079], [-87.6475, 41.90174], [-87.64773, 41.90199], [-87.64803, 41.9023], [-87.64818, 41.90246], [-87.64827, 41.90251], [-87.64831, 41.90254], [-87.6484, 41.90261], [-87.6485, 41.90271], [-87.64867, 41.9029], [-87.64886, 41.90314], [-87.64895, 41.9033], [-87.649, 41.90343], [-87.64905, 41.90352], [-87.64905, 41.90357], [-87.64906, 41.90365], [-87.64905, 41.90371], [-87.6491, 41.90383], [-87.6492, 41.90392], [-87.64969, 41.90449], [-87.65025, 41.90513], [-87.65049, 41.90537], [-87.65082, 41.90567], [-87.65101, 41.90589], [-87.65159, 41.90655], [-87.65179, 41.90677], [-87.65197, 41.90698], [-87.65211, 41.90713], [-87.65231, 41.90739], [-87.65239, 41.90745], [-87.65254, 41.90762], [-87.65272, 41.90785], [-87.65298, 41.90816], [-87.65369, 41.90902], [-87.65376, 41.90908], [-87.654, 41.90929], [-87.65406, 41.90935], [-87.65471, 41.91021], [-87.65482, 41.91031], [-87.65489, 41.91035], [-87.65499, 41.91038], [-87.65509, 41.91038], [-87.65528, 41.91039], [-87.6555, 41.91043]]]}}, {"type": "Feature", "properties": {"NAME": null, "MTFCC": "H2030", "AREAWATER": "73879"}, "geometry": {"type": "Polygon", "coordinates": [[[-87.61352, 41.78778], [-87.61352, 41.78772], [-87.61346, 41.78766], [-87.61336, 41.78763], [-87.6132, 41.78764], [-87.61297, 41.78759], [-87.6128, 41.78752], [-87.61265, 41.78738], [-87.61239, 41.78725], [-87.61214, 41.78716], [-87.6118, 41.78711], [-87.61157, 41.78715], [-87.61114, 41.78736], [-87.61095, 41.78752], [-87.61091, 41.78759], [-87.61089, 41.78774], [-87.61084, 41.78783], [-87.61078, 41.78795], [-87.61078, 41.78796], [-87.61083, 41.78805], [-87.61086, 41.7881], [-87.61095, 41.78814], [-87.61115, 41.78813], [-87.61127, 41.78807], [-87.61146, 41.78795], [-87.61164, 41.78784], [-87.61185, 41.78777], [-87.61218, 41.78766], [-87.61236, 41.78765], [-87.61252, 41.78767], [-87.61262, 41.78774], [-87.61275, 41.78786], [-87.61282, 41.78795], [-87.61289, 41.78808], [-87.61283, 41.78822], [-87.61275, 41.78828], [-87.61261, 41.78829], [-87.61248, 41.78832], [-87.61241, 41.78836], [-87.61233, 41.78845], [-87.61238, 41.78857], [-87.61244, 41.7887], [-87.61243, 41.78879], [-87.61235, 41.78879], [-87.61217, 41.7888], [-87.61201, 41.78883], [-87.6119, 41.78892], [-87.61175, 41.78906], [-87.61168, 41.78916], [-87.61159, 41.78924], [-87.61145, 41.78932], [-87.61145, 41.78943], [-87.61151, 41.78963], [-87.6116, 41.78969], [-87.61177, 41.78991], [-87.61183, 41.78997], [-87.61178, 41.79013], [-87.61164, 41.79014], [-87.61147, 41.7901], [-87.61125, 41.78993], [-87.61113, 41.78982], [-87.61097, 41.78963], [-87.6108, 41.78949], [-87.61071, 41.78943], [-87.61069, 41.78932], [-87.61072, 41.7892], [-87.61079, 41.78907], [-87.61072, 41.78895], [-87.61063, 41.78877], [-87.61064, 41.78862], [-87.61067, 41.7885], [-87.61066, 41.78839], [-87.61057, 41.78826], [-87.61041, 41.78825], [-87.6101, 41.78823], [-87.61002, 41.7881], [-87.60992, 41.78806], [-87.60975, 41.78806], [-87.60945, 41.78805], [-87.60907, 41.78801], [-87.60894, 41.78786], [-87.6088, 41.78764], [-87.60871, 41.78742], [-87.60871, 41.78734], [-87.60886, 41.78723], [-87.60911, 41.78723], [-87.60939, 41.78723], [-87.60955, 41.78718], [-87.60977, 41.78712], [-87.60998, 41.78715], [-87.61015, 41.78723], [-87.61027, 41.78728], [-87.61035, 41.78732], [-87.6105, 41.78723], [-87.61062, 41.78718], [-87.61067, 41.78718], [-87.6108, 41.78724], [-87.61084, 41.78722], [-87.61091, 41.78711], [-87.61096, 41.78698], [-87.61095, 41.7869], [-87.61084, 41.78684], [-87.61066, 41.78678], [-87.61041, 41.78677], [-87.6102, 41.78669], [-87.61003, 41.78661], [-87.60979, 41.78659], [-87.6097, 41.78661], [-87.60967, 41.78668], [-87.60958, 41.78674], [-87.60939, 41.78676], [-87.60914, 41.78672], [-87.60909, 41.78665], [-87.60912, 41.78661], [-87.60902, 41.78651], [-87.60893, 41.78651], [-87.60876, 41.78658], [-87.6086, 41.78672], [-87.60857, 41.78686], [-87.60844, 41.78706], [-87.60832, 41.78728], [-87.60834, 41.78742], [-87.6084, 41.78758], [-87.6084, 41.7878], [-87.60839, 41.78791], [-87.60833, 41.78802], [-87.60836, 41.78814], [-87.60846, 41.78832], [-87.60863, 41.78842], [-87.60884, 41.78854], [-87.60907, 41.78869], [-87.60933, 41.78878], [-87.60958, 41.78886], [-87.60983, 41.7889], [-87.61001, 41.78893], [-87.61021, 41.78904], [-87.6103, 41.78909], [-87.61042, 41.78919], [-87.61049, 41.78928], [-87.61057, 41.78939], [-87.61054, 41.78947], [-87.61061, 41.78951], [-87.61068, 41.78959], [-87.61074, 41.78965], [-87.61079, 41.78973], [-87.61087, 41.78984], [-87.61088, 41.7899], [-87.61086, 41.78999], [-87.61082, 41.79008], [-87.61076, 41.79016], [-87.61072, 41.79024], [-87.61074, 41.79035], [-87.61078, 41.79042], [-87.61084, 41.79053], [-87.61097, 41.79062], [-87.61107, 41.7907], [-87.61116, 41.79076], [-87.61121, 41.79077], [-87.61125, 41.79072], [-87.61132, 41.79063], [-87.61147, 41.79058], [-87.61162, 41.7906], [-87.61174, 41.79072], [-87.61178, 41.79082], [-87.61172, 41.79091], [-87.61163, 41.79101], [-87.61171, 41.79108], [-87.61183, 41.79111], [-87.61202, 41.79111], [-87.61217, 41.79104], [-87.61221, 41.79089], [-87.61224, 41.79073], [-87.61229, 41.79059], [-87.61241, 41.79036], [-87.61253, 41.79009], [-87.61248, 41.78998], [-87.61251, 41.78979], [-87.6127, 41.78946], [-87.61289, 41.78947], [-87.61297, 41.78945], [-87.61304, 41.78943], [-87.61306, 41.78932], [-87.61298, 41.78915], [-87.61296, 41.7891], [-87.61289, 41.78905], [-87.61288, 41.78895], [-87.61292, 41.7889], [-87.61309, 41.78886], [-87.61318, 41.7888], [-87.61326, 41.78868], [-87.61326, 41.78846], [-87.61326, 41.78829], [-87.61327, 41.78808], [-87.61334, 41.78794], [-87.61343, 41.78788], [-87.61352, 41.78778]]]}}, {"type": "Feature", "properties": {"NAME": "Longjohn Slou", "MTFCC": "H2030", "AREAWATER": "215219"}, "geometry": {"type": "Polygon", "coordinates": [[[-87.88124, 41.70881], [-87.88124, 41.70873], [-87.88123, 41.7087], [-87.88109, 41.70859], [-87.88099, 41.70857], [-87.88039, 41.70856], [-87.8803, 41.70854], [-87.88027, 41.70851], [-87.8802, 41.70849], [-87.88017, 41.70849], [-87.8801, 41.70851], [-87.88006, 41.70854], [-87.88001, 41.70858], [-87.88, 41.70866], [-87.8799, 41.70874], [-87.87983, 41.70877], [-87.8797, 41.70879], [-87.87961, 41.7088], [-87.87958, 41.70879], [-87.87922, 41.70879], [-87.87909, 41.70881], [-87.87905, 41.70883], [-87.87897, 41.70888], [-87.87845, 41.70923], [-87.87834, 41.7093], [-87.87831, 41.70931], [-87.87821, 41.70937], [-87.87808, 41.70943], [-87.87797, 41.70949], [-87.87792, 41.70951], [-87.87773, 41.70964], [-87.87756, 41.7097], [-87.87747, 41.70972], [-87.87739, 41.70974], [-87.87716, 41.70977], [-87.87653, 41.70977], [-87.87648, 41.70978], [-87.87644, 41.70981], [-87.87644, 41.70988], [-87.87642, 41.70994], [-87.87634, 41.71], [-87.87622, 41.71001], [-87.87606, 41.71001], [-87.87602, 41.71005], [-87.87603, 41.71074], [-87.87604, 41.71103], [-87.87605, 41.71144], [-87.87608, 41.71147], [-87.87617, 41.71152], [-87.87623, 41.71153], [-87.87641, 41.71148], [-87.87654, 41.71146], [-87.87656, 41.71147], [-87.87666, 41.71155], [-87.87677, 41.71164], [-87.87687, 41.71175], [-87.87691, 41.71184], [-87.87694, 41.71188], [-87.87699, 41.71202], [-87.87702, 41.71215], [-87.87695, 41.71262], [-87.87685, 41.71283], [-87.87677, 41.71328], [-87.87667, 41.71349], [-87.87664, 41.71352], [-87.87662, 41.71357], [-87.87659, 41.71362], [-87.87659, 41.71364], [-87.87654, 41.71368], [-87.87638, 41.71388], [-87.87617, 41.71413], [-87.8761, 41.71422], [-87.87613, 41.71576], [-87.87617, 41.71681], [-87.87619, 41.71684], [-87.87625, 41.71687], [-87.87638, 41.71688], [-87.87652, 41.71686], [-87.87662, 41.7168], [-87.8768, 41.71666], [-87.87721, 41.71632], [-87.87795, 41.7157], [-87.87835, 41.71538], [-87.87898, 41.7148], [-87.87913, 41.71462], [-87.87915, 41.71458], [-87.87951, 41.71425], [-87.87962, 41.71416], [-87.87983, 41.71402], [-87.88003, 41.71386], [-87.88011, 41.7138], [-87.88012, 41.71375], [-87.88017, 41.71369], [-87.88019, 41.71364], [-87.88022, 41.71362], [-87.88027, 41.71346], [-87.88031, 41.71325], [-87.88028, 41.71288], [-87.88035, 41.71275], [-87.88044, 41.71252], [-87.88049, 41.71238], [-87.88053, 41.71214], [-87.8805, 41.71202], [-87.88043, 41.71191], [-87.8804, 41.71171], [-87.88041, 41.71157], [-87.88034, 41.7112], [-87.88032, 41.71115], [-87.88021, 41.71105], [-87.88004, 41.71093], [-87.87987, 41.71092], [-87.8797, 41.71093], [-87.87963, 41.71096], [-87.87949, 41.71103], [-87.87941, 41.71108], [-87.87933, 41.71112], [-87.8792, 41.7112], [-87.87919, 41.71121], [-87.87909, 41.71125], [-87.87901, 41.71129], [-87.87896, 41.71129], [-87.87883, 41.71127], [-87.87876, 41.71124], [-87.87872, 41.71121], [-87.87869, 41.71118], [-87.87866, 41.71106], [-87.87868, 41.71091], [-87.87869, 41.71088], [-87.87908, 41.7105], [-87.87943, 41.71022], [-87.87983, 41.70988], [-87.87997, 41.70979], [-87.88014, 41.70968], [-87.8803, 41.70956], [-87.88049, 41.7094], [-87.88052, 41.70937], [-87.88059, 41.7093], [-87.8808, 41.70915], [-87.88119, 41.70885], [-87.88124, 41.70881]]]}}, {"type": "Feature", "properties": {"NAME": "Lk Michigan", "MTFCC": "H2030", "AREAWATER": "4803588"}, "geometry": {"type": "Polygon", "coordinates": [[[-87.64108, 41.95485], [-87.64101, 41.95465], [-87.641, 41.95461], [-87.64079, 41.95408], [-87.64078, 41.95406], [-87.64074, 41.95385], [-87.64073, 41.9538], [-87.64062, 41.95356], [-87.64056, 41.95328], [-87.64039, 41.95292], [-87.64007, 41.95223], [-87.63993, 41.95177], [-87.63971, 41.9513], [-87.63939, 41.95072], [-87.63922, 41.95028], [-87.63918, 41.95021], [-87.63905, 41.94993], [-87.63891, 41.94966], [-87.63885, 41.94948], [-87.63876, 41.94931], [-87.63865, 41.94909], [-87.63862, 41.94903], [-87.63833, 41.94843], [-87.63822, 41.94821], [-87.63816, 41.94807], [-87.63792, 41.94765], [-87.63784, 41.94746], [-87.63779, 41.9474], [-87.63774, 41.9473], [-87.63732, 41.94673], [-87.63724, 41.94664], [-87.63716, 41.94654], [-87.63697, 41.94632], [-87.63683, 41.9461], [-87.63677, 41.94607], [-87.63672, 41.94599], [-87.63653, 41.94583], [-87.63646, 41.94574], [-87.63631, 41.94559], [-87.63602, 41.94523], [-87.63566, 41.94488], [-87.63562, 41.94486], [-87.63521, 41.94441], [-87.63501, 41.94422], [-87.63495, 41.94419], [-87.63489, 41.94412], [-87.63454, 41.94378], [-87.63407, 41.94339], [-87.63375, 41.94314], [-87.63367, 41.94304], [-87.63345, 41.94278], [-87.6333, 41.94238], [-87.6333, 41.94229], [-87.6334, 41.94218], [-87.63354, 41.94216], [-87.63369, 41.94219], [-87.6339, 41.94233], [-87.63401, 41.94245], [-87.63402, 41.94248], [-87.6344, 41.94156], [-87.63437, 41.94157], [-87.63419, 41.94152], [-87.63401, 41.9414], [-87.63395, 41.94128], [-87.63395, 41.94105], [-87.63398, 41.94086], [-87.63399, 41.94065], [-87.63401, 41.94035], [-87.63376, 41.93948], [-87.63344, 41.93874], [-87.63306, 41.93815], [-87.63277, 41.93765], [-87.63245, 41.93729], [-87.63231, 41.93705], [-87.63224, 41.93684], [-87.63218, 41.93664], [-87.63209, 41.93613], [-87.63207, 41.93598], [-87.63194, 41.93568], [-87.63181, 41.93541], [-87.63158, 41.93507], [-87.63142, 41.93477], [-87.63101, 41.93424], [-87.63078, 41.93393], [-87.63058, 41.93365], [-87.63053, 41.93351], [-87.63055, 41.93338], [-87.63057, 41.93326], [-87.63074, 41.9331], [-87.63087, 41.93303], [-87.63112, 41.93295], [-87.63116, 41.93294], [-87.63136, 41.9329], [-87.6314, 41.93284], [-87.63121, 41.93253], [-87.63103, 41.93223], [-87.63076, 41.93199], [-87.63082, 41.93168], [-87.63082, 41.93166], [-87.63091, 41.93135], [-87.63102, 41.93101], [-87.63115, 41.93037], [-87.63109, 41.9292], [-87.63091, 41.92865], [-87.6307, 41.92816], [-87.63047, 41.92785], [-87.63036, 41.92772], [-87.63033, 41.92769], [-87.63027, 41.92764], [-87.62986, 41.92715], [-87.6296, 41.92665], [-87.6296, 41.92653], [-87.6296, 41.92618], [-87.62961, 41.92613], [-87.62971, 41.92609], [-87.62982, 41.92608], [-87.62984, 41.92603], [-87.6298, 41.92576], [-87.62963, 41.92519], [-87.62939, 41.9248], [-87.62938, 41.92478], [-87.6293, 41.92462], [-87.62943, 41.92452], [-87.62955, 41.9244], [-87.62949, 41.92416], [-87.62929, 41.92374], [-87.62884, 41.92316], [-87.62868, 41.92294], [-87.62896, 41.92273], [-87.62927, 41.92255], [-87.62936, 41.92228], [-87.6293, 41.9221], [-87.62917, 41.92194], [-87.6289, 41.92155], [-87.62879, 41.92136], [-87.6286, 41.92112], [-87.62855, 41.921], [-87.62896, 41.92078], [-87.62896, 41.92066], [-87.62859, 41.92017], [-87.62854, 41.92009], [-87.62844, 41.91991], [-87.62814, 41.91955], [-87.62806, 41.9194], [-87.62844, 41.9192], [-87.62851, 41.91916], [-87.62832, 41.9189], [-87.62808, 41.91864], [-87.62779, 41.91833], [-87.62763, 41.91809], [-87.62747, 41.91787], [-87.62773, 41.9177], [-87.62775, 41.9175], [-87.62765, 41.91731], [-87.62739, 41.91705], [-87.62671, 41.91644], [-87.62679, 41.91633], [-87.62672, 41.91621], [-87.62666, 41.91613], [-87.62648, 41.91595], [-87.62602, 41.91558], [-87.62593, 41.91552], [-87.62564, 41.9153], [-87.62516, 41.91497], [-87.62497, 41.91483], [-87.62446, 41.91448], [-87.62402, 41.91423], [-87.62307, 41.91379], [-87.6226, 41.91362], [-87.62217, 41.91357], [-87.62162, 41.91362], [-87.6213, 41.9137], [-87.62079, 41.91393], [-87.62062, 41.914], [-87.6204, 41.91414], [-87.62026, 41.91417], [-87.6202, 41.91415], [-87.6202, 41.91388], [-87.62031, 41.91363], [-87.62041, 41.91348], [-87.62068, 41.91321], [-87.62087, 41.91305], [-87.62113, 41.91294], [-87.62147, 41.91291], [-87.62185, 41.91288], [-87.6221, 41.91286], [-87.62254, 41.91279], [-87.62296, 41.91263], [-87.62339, 41.91236], [-87.62362, 41.91218], [-87.62386, 41.91195], [-87.6239, 41.91193], [-87.62461, 41.91131], [-87.62465, 41.91119], [-87.62466, 41.91092], [-87.62467, 41.9109], [-87.62472, 41.91067], [-87.62486, 41.91048], [-87.62503, 41.91027], [-87.62522, 41.91], [-87.62524, 41.90991], [-87.62525, 41.90966], [-87.62527, 41.90959], [-87.62525, 41.90953], [-87.6252, 41.90938], [-87.62513, 41.90919], [-87.62509, 41.90909], [-87.62491, 41.90815], [-87.62486, 41.90789], [-87.62485, 41.9078], [-87.62482, 41.90761], [-87.62482, 41.90755], [-87.62473, 41.90702], [-87.6247, 41.90683], [-87.62467, 41.90664], [-87.62466, 41.90656], [-87.62452, 41.90609], [-87.62449, 41.90596], [-87.62448, 41.90591], [-87.62442, 41.90564], [-87.62427, 41.90489], [-87.62425, 41.90484], [-87.62416, 41.90458], [-87.62414, 41.90452], [-87.62405, 41.90426], [-87.62403, 41.90403], [-87.62343, 41.90359], [-87.62319, 41.90339], [-87.62299, 41.90322], [-87.62272, 41.90291], [-87.62258, 41.90265], [-87.62253, 41.9024], [-87.62259, 41.90215], [-87.62266, 41.90192], [-87.62261, 41.90186], [-87.62216, 41.90177], [-87.6219, 41.90173], [-87.62126, 41.90167], [-87.62084, 41.90167], [-87.62013, 41.9016], [-87.62, 41.90156], [-87.61969, 41.90144], [-87.61966, 41.90143], [-87.6196, 41.90138], [-87.61928, 41.90116], [-87.61916, 41.90106], [-87.61902, 41.90086], [-87.61884, 41.90065], [-87.61868, 41.9004], [-87.61853, 41.90019], [-87.6185, 41.90015], [-87.61843, 41.90005], [-87.61841, 41.90002], [-87.61832, 41.89988], [-87.61806, 41.89945], [-87.61798, 41.89931], [-87.61796, 41.89928], [-87.6179, 41.89919], [-87.61769, 41.89883], [-87.61762, 41.8987], [-87.61738, 41.8983], [-87.61724, 41.89807], [-87.61698, 41.89777], [-87.61658, 41.89715], [-87.61654, 41.8971], [-87.61631, 41.89677], [-87.61619, 41.89659], [-87.61581, 41.89606], [-87.61569, 41.89588], [-87.6146, 41.89427], [-87.61414, 41.89371], [-87.61397, 41.89347], [-87.61371, 41.89312], [-87.61367, 41.8931], [-87.61266, 41.89312], [-87.61254, 41.89312], [-87.61204, 41.89343], [-87.61141, 41.89449], [-87.61057, 41.89567], [-87.61035, 41.89599], [-87.61025, 41.89619], [-87.60992, 41.89623], [-87.60974, 41.89624], [-87.60938, 41.89625], [-87.60856, 41.89627], [-87.60797, 41.89627], [-87.60796, 41.89619], [-87.60766, 41.8962], [-87.6069, 41.89622], [-87.60679, 41.89638], [-87.60584, 41.89641], [-87.60565, 41.89624], [-87.60528, 41.89624], [-87.6051, 41.89633], [-87.60237, 41.89634], [-87.60233, 41.89536], [-87.60228, 41.89391], [-87.60234, 41.89391], [-87.60235, 41.89328], [-87.60384, 41.89323], [-87.60507, 41.89319], [-87.60831, 41.89315], [-87.60923, 41.89313], [-87.60979, 41.89313], [-87.60979, 41.89293], [-87.60979, 41.89233], [-87.60979, 41.89213], [-87.60979, 41.89207], [-87.60517, 41.89212], [-87.60237, 41.89215], [-87.59851, 41.89219], [-87.59857, 41.89138], [-87.60091, 41.89138], [-87.60093, 41.89106], [-87.60484, 41.89101], [-87.60952, 41.89097], [-87.60951, 41.88945], [-87.60951, 41.88924], [-87.61129, 41.88923], [-87.61151, 41.89002], [-87.61152, 41.89023], [-87.61155, 41.89056], [-87.61272, 41.89056], [-87.61358, 41.89055], [-87.61374, 41.89055], [-87.61389, 41.89055], [-87.61398, 41.89055], [-87.61402, 41.89055], [-87.61406, 41.89055], [-87.6141, 41.89055], [-87.61418, 41.89055], [-87.61423, 41.89055], [-87.61423, 41.89048], [-87.61423, 41.89033], [-87.61423, 41.89029], [-87.61423, 41.89022], [-87.61418, 41.89022], [-87.61411, 41.89022], [-87.61402, 41.89023], [-87.61392, 41.89023], [-87.6139, 41.89023], [-87.61372, 41.89021], [-87.61363, 41.8902], [-87.61272, 41.89021], [-87.61267, 41.89017], [-87.61265, 41.89005], [-87.61261, 41.88988], [-87.6126, 41.88963], [-87.61251, 41.88919], [-87.6125, 41.88913], [-87.6126, 41.88907], [-87.61274, 41.88904], [-87.61273, 41.88831], [-87.60911, 41.88827], [-87.60537, 41.88822], [-87.59586, 41.88811], [-87.59934, 41.89669], [-87.59976, 41.89772], [-87.61292, 41.89956], [-87.61705, 41.90013], [-87.61803, 41.90095], [-87.62097, 41.90341], [-87.6218, 41.9041], [-87.62195, 41.90423], [-87.61653, 41.90909], [-87.61375, 41.91158], [-87.61596, 41.91883], [-87.62388, 41.92575], [-87.62516, 41.92687], [-87.62546, 41.93244], [-87.62596, 41.93687], [-87.62602, 41.93712], [-87.62611, 41.93751], [-87.62734, 41.94253], [-87.62746, 41.94302], [-87.63076, 41.94877], [-87.6312, 41.94976], [-87.63201, 41.95155], [-87.63371, 41.95533], [-87.63375, 41.95542], [-87.63405, 41.95623], [-87.63546, 41.95595], [-87.63967, 41.95512], [-87.64108, 41.95485]]]}}, {"type": "Feature", "properties": {"NAME": "Lk Michigan", "MTFCC": "H2030", "AREAWATER": "4811072"}, "geometry": {"type": "Polygon", "coordinates": [[[-87.67317, 42.04794], [-87.67294, 42.04729], [-87.67271, 42.04669], [-87.67254, 42.04639], [-87.6724, 42.04616], [-87.67219, 42.04571], [-87.67224, 42.04566], [-87.67225, 42.0456], [-87.67221, 42.04555], [-87.67208, 42.04547], [-87.67216, 42.04515], [-87.67214, 42.04468], [-87.67209, 42.04437], [-87.67198, 42.04395], [-87.67196, 42.04379], [-87.67192, 42.04375], [-87.67171, 42.04345], [-87.67167, 42.04344], [-87.6712, 42.04289], [-87.67099, 42.04271], [-87.67068, 42.04255], [-87.67057, 42.04243], [-87.67045, 42.04225], [-87.67024, 42.04194], [-87.67011, 42.04186], [-87.67002, 42.04175], [-87.66985, 42.04163], [-87.66971, 42.04149], [-87.66937, 42.04127], [-87.66933, 42.04108], [-87.66911, 42.03955], [-87.66927, 42.03935], [-87.66951, 42.03907], [-87.66953, 42.03901], [-87.66957, 42.03755], [-87.66973, 42.03746], [-87.6698, 42.03743], [-87.66987, 42.0374], [-87.66999, 42.0372], [-87.67004, 42.03693], [-87.66998, 42.03668], [-87.66986, 42.03645], [-87.66965, 42.03619], [-87.6694, 42.03593], [-87.66926, 42.03583], [-87.66915, 42.0357], [-87.66911, 42.03562], [-87.66908, 42.03551], [-87.66965, 42.03547], [-87.66962, 42.03528], [-87.66951, 42.03528], [-87.66951, 42.03526], [-87.66947, 42.03476], [-87.66943, 42.03477], [-87.6694, 42.03436], [-87.66959, 42.03437], [-87.66959, 42.03431], [-87.6695, 42.03407], [-87.66943, 42.03396], [-87.66929, 42.03381], [-87.66925, 42.03347], [-87.66915, 42.03268], [-87.66911, 42.03246], [-87.66905, 42.03213], [-87.66904, 42.03205], [-87.66896, 42.03184], [-87.669, 42.03158], [-87.66901, 42.0315], [-87.669, 42.03136], [-87.66893, 42.03103], [-87.66879, 42.02996], [-87.66878, 42.0299], [-87.66874, 42.02972], [-87.66867, 42.02953], [-87.66863, 42.02935], [-87.6686, 42.02926], [-87.66868, 42.02906], [-87.66868, 42.02898], [-87.66857, 42.02875], [-87.66855, 42.02857], [-87.66851, 42.02842], [-87.66849, 42.02839], [-87.66849, 42.02831], [-87.66843, 42.02819], [-87.66825, 42.02802], [-87.66819, 42.02796], [-87.66809, 42.02785], [-87.66745, 42.0272], [-87.66698, 42.02685], [-87.66723, 42.02671], [-87.66711, 42.02657], [-87.66708, 42.02655], [-87.66693, 42.02643], [-87.66668, 42.02613], [-87.66641, 42.0257], [-87.66605, 42.02495], [-87.66572, 42.02441], [-87.66567, 42.02432], [-87.66548, 42.0239], [-87.66525, 42.02347], [-87.66517, 42.0234], [-87.66508, 42.02321], [-87.66507, 42.02313], [-87.6651, 42.02302], [-87.66512, 42.02296], [-87.6651, 42.02277], [-87.66479, 42.02222], [-87.66473, 42.02211], [-87.66464, 42.02194], [-87.66475, 42.02192], [-87.66465, 42.02176], [-87.66458, 42.02175], [-87.66453, 42.0217], [-87.6645, 42.02159], [-87.66445, 42.02148], [-87.66439, 42.0214], [-87.66426, 42.02129], [-87.66406, 42.02135], [-87.66379, 42.02038], [-87.66385, 42.02036], [-87.66384, 42.02022], [-87.66408, 42.02016], [-87.66401, 42.01997], [-87.66386, 42.01952], [-87.66371, 42.01956], [-87.66368, 42.0194], [-87.66384, 42.01934], [-87.66385, 42.01929], [-87.66385, 42.01921], [-87.66379, 42.01904], [-87.66375, 42.01895], [-87.66358, 42.01868], [-87.66328, 42.01848], [-87.66323, 42.01845], [-87.66325, 42.01825], [-87.66329, 42.01809], [-87.66327, 42.01804], [-87.6632, 42.01788], [-87.66308, 42.01761], [-87.66311, 42.01742], [-87.66313, 42.01731], [-87.66313, 42.0172], [-87.66314, 42.01696], [-87.66314, 42.01692], [-87.66281, 42.01662], [-87.66274, 42.0164], [-87.66271, 42.01616], [-87.66268, 42.0159], [-87.66267, 42.01582], [-87.66247, 42.01576], [-87.66239, 42.01536], [-87.66236, 42.01529], [-87.66225, 42.01506], [-87.66215, 42.01484], [-87.6621, 42.01472], [-87.66209, 42.01459], [-87.66188, 42.01418], [-87.66177, 42.01397], [-87.66172, 42.01387], [-87.66157, 42.01357], [-87.66155, 42.01354], [-87.66153, 42.01346], [-87.66149, 42.01334], [-87.66144, 42.01316], [-87.66136, 42.01306], [-87.66132, 42.01299], [-87.66125, 42.01288], [-87.66115, 42.01272], [-87.66109, 42.01251], [-87.66108, 42.01235], [-87.66103, 42.01225], [-87.661, 42.01219], [-87.66065, 42.01174], [-87.66011, 42.01131], [-87.66003, 42.0112], [-87.65961, 42.01083], [-87.65925, 42.01052], [-87.6591, 42.01039], [-87.65888, 42.01018], [-87.6587, 42.01001], [-87.65863, 42.0099], [-87.65865, 42.00966], [-87.65844, 42.00946], [-87.65822, 42.00926], [-87.65795, 42.00901], [-87.65716, 42.00827], [-87.6569, 42.00803], [-87.65665, 42.0078], [-87.6565, 42.00766], [-87.65592, 42.0071], [-87.65567, 42.00687], [-87.65554, 42.00675], [-87.65528, 42.00673], [-87.65544, 42.00659], [-87.65576, 42.0063], [-87.65729, 42.00628], [-87.65731, 42.00595], [-87.65731, 42.00561], [-87.65732, 42.0054], [-87.65732, 42.00524], [-87.65712, 42.00483], [-87.65707, 42.00473], [-87.65702, 42.00465], [-87.65688, 42.0044], [-87.65679, 42.00423], [-87.65729, 42.00418], [-87.65723, 42.00402], [-87.65714, 42.00375], [-87.65706, 42.00353], [-87.65692, 42.00313], [-87.6569, 42.00306], [-87.65685, 42.00284], [-87.65683, 42.00274], [-87.65681, 42.0026], [-87.65677, 42.00238], [-87.65677, 42.00237], [-87.65672, 42.00229], [-87.65665, 42.00223], [-87.6566, 42.00213], [-87.65644, 42.0018], [-87.65635, 42.00159], [-87.65619, 42.00127], [-87.65631, 42.00108], [-87.65634, 42.00104], [-87.65609, 42.00043], [-87.65588, 42.00006], [-87.65587, 42.00003], [-87.65583, 41.99979], [-87.65585, 41.99958], [-87.65582, 41.99945], [-87.65581, 41.99939], [-87.65569, 41.9992], [-87.65558, 41.99913], [-87.65544, 41.99905], [-87.65536, 41.99902], [-87.65527, 41.99891], [-87.65513, 41.99873], [-87.65501, 41.99839], [-87.655, 41.99832], [-87.655, 41.9983], [-87.65513, 41.9983], [-87.65513, 41.99823], [-87.65512, 41.99816], [-87.65476, 41.99818], [-87.65473, 41.99815], [-87.65471, 41.99796], [-87.65473, 41.99749], [-87.65473, 41.99735], [-87.65472, 41.99728], [-87.65451, 41.99728], [-87.6545, 41.99701], [-87.65449, 41.99686], [-87.65446, 41.99649], [-87.65457, 41.99644], [-87.65472, 41.99637], [-87.65474, 41.99612], [-87.65477, 41.99591], [-87.65478, 41.99566], [-87.65484, 41.99546], [-87.65478, 41.99535], [-87.65468, 41.99531], [-87.6547, 41.99523], [-87.65475, 41.99513], [-87.65477, 41.995], [-87.65478, 41.99496], [-87.65473, 41.99477], [-87.65474, 41.9946], [-87.65474, 41.99457], [-87.65466, 41.99454], [-87.65456, 41.99451], [-87.65448, 41.99439], [-87.65446, 41.99429], [-87.65444, 41.99417], [-87.65443, 41.99409], [-87.65445, 41.99401], [-87.65459, 41.99395], [-87.65462, 41.99387], [-87.65463, 41.99381], [-87.65466, 41.99362], [-87.65479, 41.99338], [-87.6548, 41.99318], [-87.65475, 41.99285], [-87.65462, 41.99278], [-87.65441, 41.99274], [-87.65437, 41.99273], [-87.65428, 41.99265], [-87.65424, 41.99256], [-87.65428, 41.99239], [-87.6543, 41.99238], [-87.65422, 41.99191], [-87.65438, 41.99101], [-87.65438, 41.9902], [-87.65437, 41.99011], [-87.65423, 41.98982], [-87.65412, 41.98906], [-87.65319, 41.98808], [-87.65012, 41.98494], [-87.65048, 41.98412], [-87.65057, 41.98376], [-87.65069, 41.98326], [-87.65072, 41.98292], [-87.65075, 41.98241], [-87.65073, 41.98191], [-87.65071, 41.98142], [-87.6507, 41.98097], [-87.65068, 41.98068], [-87.65062, 41.98043], [-87.65054, 41.98026], [-87.65037, 41.97996], [-87.65026, 41.97977], [-87.65023, 41.97972], [-87.65024, 41.9797], [-87.65034, 41.97964], [-87.65037, 41.97961], [-87.65037, 41.9796], [-87.6503, 41.97951], [-87.65, 41.97925], [-87.6497, 41.97904], [-87.64929, 41.97881], [-87.6489, 41.97859], [-87.64874, 41.97848], [-87.64816, 41.97817], [-87.64772, 41.97798], [-87.64755, 41.97787], [-87.64733, 41.97773], [-87.64706, 41.97763], [-87.64692, 41.97753], [-87.64678, 41.97746], [-87.64665, 41.97736], [-87.64649, 41.97713], [-87.64643, 41.97697], [-87.64641, 41.97672], [-87.6464, 41.97654], [-87.64632, 41.97543], [-87.6463, 41.97506], [-87.6463, 41.97476], [-87.64628, 41.97409], [-87.64631, 41.97358], [-87.64612, 41.97287], [-87.64575, 41.97208], [-87.64551, 41.9717], [-87.64524, 41.97126], [-87.64511, 41.97101], [-87.645, 41.97087], [-87.64484, 41.97061], [-87.6446, 41.9703], [-87.64275, 41.97039], [-87.6372, 41.97065], [-87.63536, 41.97073], [-87.63741, 41.97221], [-87.6436, 41.97665], [-87.64565, 41.97813], [-87.64885, 41.98423], [-87.64886, 41.98475], [-87.6489, 41.98805], [-87.64893, 41.99018], [-87.64896, 41.99193], [-87.64912, 41.9925], [-87.64964, 41.99432], [-87.65016, 41.99613], [-87.65029, 41.99663], [-87.65076, 41.99833], [-87.6508, 41.99849], [-87.6532, 42.00635], [-87.65536, 42.01343], [-87.65602, 42.01544], [-87.65746, 42.01983], [-87.65809, 42.02146], [-87.65886, 42.02343], [-87.65953, 42.03097], [-87.6598, 42.03396], [-87.65982, 42.03418], [-87.66034, 42.04105], [-87.6604, 42.04181], [-87.66143, 42.05145], [-87.66356, 42.05132], [-87.67111, 42.05088], [-87.67113, 42.05054], [-87.67123, 42.05055], [-87.67121, 42.05072], [-87.67165, 42.05071], [-87.67207, 42.0507], [-87.67229, 42.05045], [-87.67254, 42.05], [-87.67262, 42.04974], [-87.67262, 42.04943], [-87.67265, 42.04908], [-87.67252, 42.04868], [-87.67227, 42.04843], [-87.67222, 42.04827], [-87.67221, 42.04823], [-87.67317, 42.04794]]]}}, {"type": "Feature", "properties": {"NAME": "Montrose Hbr", "MTFCC": "H2030", "AREAWATER": "1103822"}, "geometry": {"type": "Polygon", "coordinates": [[[-87.6446, 41.9703], [-87.6442, 41.96981], [-87.64416, 41.96977], [-87.64382, 41.9694], [-87.64346, 41.96906], [-87.64345, 41.96902], [-87.64327, 41.96887], [-87.64316, 41.96876], [-87.64299, 41.9686], [-87.64288, 41.96853], [-87.64255, 41.96825], [-87.64201, 41.96788], [-87.64173, 41.96765], [-87.6405, 41.96688], [-87.6392, 41.96621], [-87.63897, 41.96615], [-87.63722, 41.96569], [-87.63644, 41.96552], [-87.63497, 41.96536], [-87.63361, 41.96532], [-87.63287, 41.96531], [-87.63242, 41.96529], [-87.63197, 41.96524], [-87.63185, 41.96461], [-87.63175, 41.96419], [-87.63149, 41.96353], [-87.63148, 41.96348], [-87.63139, 41.96313], [-87.63147, 41.96292], [-87.63166, 41.96269], [-87.63183, 41.96258], [-87.63236, 41.96236], [-87.63284, 41.96214], [-87.63289, 41.96209], [-87.63332, 41.9619], [-87.63341, 41.96188], [-87.63404, 41.96158], [-87.63417, 41.96149], [-87.63442, 41.96135], [-87.63461, 41.9612], [-87.6349, 41.96091], [-87.63512, 41.96071], [-87.63521, 41.96065], [-87.63553, 41.96035], [-87.63559, 41.96031], [-87.63559, 41.96029], [-87.6359, 41.96005], [-87.63618, 41.9599], [-87.63653, 41.95975], [-87.63688, 41.95964], [-87.63753, 41.95949], [-87.638, 41.95947], [-87.63852, 41.95947], [-87.63902, 41.95953], [-87.63935, 41.95961], [-87.63969, 41.95969], [-87.6403, 41.9598], [-87.64057, 41.95991], [-87.64076, 41.96002], [-87.64088, 41.96019], [-87.64093, 41.96039], [-87.64089, 41.96066], [-87.64079, 41.9608], [-87.64066, 41.96085], [-87.64039, 41.96086], [-87.64007, 41.96079], [-87.63919, 41.9604], [-87.63887, 41.96032], [-87.63848, 41.96034], [-87.63784, 41.96043], [-87.63733, 41.96054], [-87.63682, 41.96072], [-87.63648, 41.9609], [-87.63632, 41.96101], [-87.63614, 41.96121], [-87.63579, 41.96161], [-87.63556, 41.96196], [-87.63542, 41.96227], [-87.63543, 41.9624], [-87.63553, 41.96257], [-87.63583, 41.96274], [-87.63614, 41.96283], [-87.63648, 41.96287], [-87.63699, 41.96283], [-87.63823, 41.96265], [-87.63915, 41.96258], [-87.64043, 41.96245], [-87.6409, 41.96239], [-87.64141, 41.96231], [-87.6418, 41.96217], [-87.64204, 41.96199], [-87.64223, 41.96172], [-87.64233, 41.96141], [-87.64232, 41.9612], [-87.64226, 41.96106], [-87.6421, 41.96085], [-87.64174, 41.96053], [-87.64158, 41.96036], [-87.64154, 41.96014], [-87.64167, 41.95942], [-87.64172, 41.95857], [-87.64166, 41.95811], [-87.64155, 41.95749], [-87.64139, 41.95595], [-87.64114, 41.95503], [-87.64108, 41.95485], [-87.63967, 41.95512], [-87.63546, 41.95595], [-87.63405, 41.95623], [-87.6318, 41.95924], [-87.62775, 41.96463], [-87.63129, 41.96747], [-87.63422, 41.96982], [-87.63444, 41.97], [-87.63513, 41.97055], [-87.63536, 41.97073], [-87.6372, 41.97065], [-87.64275, 41.97039], [-87.6446, 41.9703]]]}}, {"type": "Feature", "properties": {"NAME": null, "MTFCC": "H2030", "AREAWATER": "108623"}, "geometry": {"type": "Polygon", "coordinates": [[[-87.53704, 41.60608], [-87.53704, 41.60534], [-87.535, 41.605], [-87.53407, 41.60485], [-87.53386, 41.60482], [-87.53334, 41.60474], [-87.53333, 41.60485], [-87.53332, 41.60506], [-87.53331, 41.60524], [-87.53328, 41.60576], [-87.53327, 41.60594], [-87.53326, 41.60611], [-87.53323, 41.60665], [-87.53322, 41.60684], [-87.53321, 41.607], [-87.5332, 41.60752], [-87.5332, 41.60769], [-87.53314, 41.60804], [-87.53325, 41.60804], [-87.53374, 41.60804], [-87.53404, 41.60764], [-87.53442, 41.60773], [-87.53444, 41.60773], [-87.53444, 41.60817], [-87.53444, 41.60824], [-87.5347, 41.60824], [-87.53491, 41.60824], [-87.53651, 41.60824], [-87.53704, 41.60824], [-87.53704, 41.60799], [-87.53704, 41.60726], [-87.53704, 41.60702], [-87.53704, 41.60608]]]}}, {"type": "Feature", "properties": {"NAME": null, "MTFCC": "H2030", "AREAWATER": "413181"}, "geometry": {"type": "Polygon", "coordinates": [[[-87.95297, 41.66835], [-87.95294, 41.66813], [-87.95296, 41.66786], [-87.95292, 41.66777], [-87.95273, 41.66739], [-87.95256, 41.66729], [-87.95251, 41.66726], [-87.95234, 41.66718], [-87.95227, 41.66714], [-87.9521, 41.66706], [-87.95197, 41.66699], [-87.95191, 41.66697], [-87.95178, 41.66692], [-87.95176, 41.66691], [-87.95169, 41.6669], [-87.95167, 41.66688], [-87.95153, 41.66685], [-87.95125, 41.66687], [-87.95116, 41.6669], [-87.95109, 41.66691], [-87.95103, 41.66693], [-87.951, 41.66694], [-87.95092, 41.66698], [-87.95084, 41.66699], [-87.95078, 41.66703], [-87.95064, 41.66713], [-87.9506, 41.66716], [-87.95057, 41.66717], [-87.95052, 41.66722], [-87.9505, 41.66727], [-87.95047, 41.6674], [-87.95049, 41.66757], [-87.95056, 41.66762], [-87.95061, 41.66764], [-87.95066, 41.66764], [-87.95072, 41.66763], [-87.95101, 41.66741], [-87.95113, 41.6674], [-87.95123, 41.66748], [-87.95121, 41.66763], [-87.95121, 41.66765], [-87.95109, 41.66774], [-87.95102, 41.66778], [-87.95089, 41.6678], [-87.95071, 41.66779], [-87.95042, 41.66781], [-87.95035, 41.66777], [-87.95029, 41.66775], [-87.95004, 41.66759], [-87.94997, 41.66755], [-87.94991, 41.66754], [-87.94968, 41.66752], [-87.9493, 41.66753], [-87.94918, 41.66751], [-87.94906, 41.66748], [-87.94897, 41.66744], [-87.94884, 41.66734], [-87.94825, 41.66692], [-87.94816, 41.66685], [-87.94776, 41.66666], [-87.94768, 41.66664], [-87.94744, 41.66663], [-87.94736, 41.66662], [-87.94724, 41.66664], [-87.94721, 41.66666], [-87.94719, 41.66666], [-87.94697, 41.66677], [-87.94668, 41.66685], [-87.94665, 41.66686], [-87.94655, 41.66688], [-87.94639, 41.66701], [-87.94635, 41.66706], [-87.94634, 41.66709], [-87.94631, 41.66712], [-87.9463, 41.66714], [-87.94632, 41.66734], [-87.94634, 41.66746], [-87.94639, 41.66754], [-87.94645, 41.66761], [-87.94656, 41.6677], [-87.94668, 41.66777], [-87.94674, 41.6678], [-87.94676, 41.66781], [-87.94683, 41.66783], [-87.94689, 41.66783], [-87.94694, 41.66784], [-87.94701, 41.66782], [-87.94707, 41.66778], [-87.94722, 41.66771], [-87.94737, 41.66761], [-87.94747, 41.66759], [-87.94757, 41.66758], [-87.94766, 41.66766], [-87.94764, 41.6677], [-87.94755, 41.66777], [-87.94743, 41.66785], [-87.94717, 41.66804], [-87.9471, 41.66808], [-87.94703, 41.6681], [-87.947, 41.66812], [-87.94679, 41.66817], [-87.94669, 41.6682], [-87.94659, 41.66823], [-87.9464, 41.66827], [-87.94635, 41.6683], [-87.94623, 41.66833], [-87.94619, 41.66835], [-87.94613, 41.66836], [-87.94608, 41.66838], [-87.94605, 41.66839], [-87.94596, 41.66842], [-87.94588, 41.66846], [-87.94584, 41.66847], [-87.94576, 41.66851], [-87.94561, 41.66862], [-87.94553, 41.66869], [-87.94551, 41.66874], [-87.94551, 41.66875], [-87.94549, 41.66903], [-87.94541, 41.66909], [-87.94534, 41.66909], [-87.94502, 41.66912], [-87.94496, 41.66914], [-87.94491, 41.66917], [-87.94481, 41.66921], [-87.94476, 41.66925], [-87.94474, 41.66926], [-87.94468, 41.6693], [-87.94459, 41.66934], [-87.94454, 41.66934], [-87.94445, 41.66933], [-87.94439, 41.6693], [-87.94436, 41.66915], [-87.94437, 41.66893], [-87.94434, 41.66882], [-87.94434, 41.66876], [-87.94434, 41.66867], [-87.94432, 41.6685], [-87.9443, 41.66847], [-87.94419, 41.66838], [-87.94399, 41.66841], [-87.94354, 41.66874], [-87.94347, 41.66874], [-87.94338, 41.66873], [-87.94333, 41.66869], [-87.94327, 41.66864], [-87.94326, 41.66857], [-87.94328, 41.66845], [-87.94331, 41.66842], [-87.94332, 41.66839], [-87.94338, 41.66833], [-87.9434, 41.66829], [-87.94346, 41.66822], [-87.94347, 41.66819], [-87.94352, 41.66813], [-87.94355, 41.66806], [-87.9436, 41.668], [-87.94362, 41.66795], [-87.94368, 41.6679], [-87.94371, 41.66781], [-87.94373, 41.66766], [-87.9437, 41.66755], [-87.94356, 41.66725], [-87.94349, 41.66718], [-87.94329, 41.66703], [-87.94322, 41.66699], [-87.9431, 41.66694], [-87.94293, 41.66682], [-87.9429, 41.6668], [-87.94288, 41.66674], [-87.9429, 41.6666], [-87.94294, 41.66656], [-87.94298, 41.66652], [-87.94307, 41.66645], [-87.94319, 41.66643], [-87.94327, 41.66643], [-87.94345, 41.66644], [-87.94356, 41.66645], [-87.94363, 41.66646], [-87.9437, 41.66647], [-87.94373, 41.66649], [-87.9438, 41.66651], [-87.94383, 41.66652], [-87.94388, 41.66653], [-87.94392, 41.66655], [-87.94401, 41.66657], [-87.94408, 41.66659], [-87.94411, 41.66661], [-87.94415, 41.66661], [-87.94424, 41.66655], [-87.94426, 41.66643], [-87.9443, 41.66639], [-87.94435, 41.66634], [-87.94442, 41.6663], [-87.94457, 41.66628], [-87.94495, 41.66629], [-87.94499, 41.66632], [-87.94513, 41.6663], [-87.94517, 41.66628], [-87.94529, 41.6662], [-87.94532, 41.66616], [-87.94533, 41.66605], [-87.94533, 41.66602], [-87.94531, 41.66591], [-87.94527, 41.66586], [-87.94524, 41.66559], [-87.94513, 41.66552], [-87.94506, 41.66552], [-87.94499, 41.66553], [-87.9447, 41.66573], [-87.94395, 41.66573], [-87.94358, 41.66571], [-87.94313, 41.66562], [-87.94305, 41.66561], [-87.94301, 41.6656], [-87.94279, 41.66558], [-87.94275, 41.66561], [-87.94272, 41.66565], [-87.94272, 41.66574], [-87.94275, 41.66579], [-87.94293, 41.66593], [-87.94292, 41.66598], [-87.94281, 41.66606], [-87.94276, 41.66606], [-87.94266, 41.66604], [-87.94261, 41.66602], [-87.94252, 41.66596], [-87.94248, 41.66587], [-87.94246, 41.66585], [-87.94243, 41.66573], [-87.94241, 41.66571], [-87.94232, 41.66564], [-87.94225, 41.66564], [-87.94209, 41.66565], [-87.94203, 41.6657], [-87.94198, 41.66573], [-87.94196, 41.66576], [-87.94191, 41.66594], [-87.94189, 41.66614], [-87.94185, 41.66621], [-87.94182, 41.66624], [-87.94181, 41.66627], [-87.94178, 41.66631], [-87.94176, 41.66632], [-87.94164, 41.66641], [-87.94152, 41.66649], [-87.94148, 41.6665], [-87.94144, 41.66652], [-87.94132, 41.66655], [-87.94128, 41.66656], [-87.94116, 41.66664], [-87.94112, 41.66668], [-87.94113, 41.66682], [-87.94113, 41.66684], [-87.94118, 41.66688], [-87.94121, 41.66693], [-87.94136, 41.6671], [-87.94144, 41.66719], [-87.94154, 41.66735], [-87.94155, 41.66742], [-87.94152, 41.66748], [-87.94147, 41.66752], [-87.9414, 41.66756], [-87.94135, 41.66757], [-87.94126, 41.66764], [-87.94114, 41.66775], [-87.94109, 41.66786], [-87.94093, 41.66799], [-87.94088, 41.66802], [-87.94079, 41.66804], [-87.94076, 41.66803], [-87.94068, 41.66802], [-87.94064, 41.668], [-87.94059, 41.66797], [-87.94055, 41.66793], [-87.94055, 41.66787], [-87.94058, 41.66763], [-87.94059, 41.66754], [-87.9406, 41.66742], [-87.94057, 41.66729], [-87.94057, 41.66721], [-87.94055, 41.66718], [-87.9405, 41.66714], [-87.94045, 41.66708], [-87.94029, 41.66694], [-87.94028, 41.66691], [-87.94023, 41.66686], [-87.94022, 41.66682], [-87.94022, 41.66673], [-87.94022, 41.66671], [-87.94034, 41.66663], [-87.94053, 41.6666], [-87.94073, 41.66656], [-87.94083, 41.66648], [-87.9408, 41.66637], [-87.9408, 41.66634], [-87.94079, 41.66625], [-87.94081, 41.66614], [-87.94084, 41.66611], [-87.94085, 41.66606], [-87.94091, 41.66601], [-87.94091, 41.66598], [-87.94094, 41.66596], [-87.94096, 41.66591], [-87.94099, 41.66589], [-87.94107, 41.6658], [-87.94113, 41.66569], [-87.94114, 41.66566], [-87.94114, 41.66562], [-87.94112, 41.66561], [-87.94104, 41.66555], [-87.94088, 41.66557], [-87.94074, 41.66558], [-87.94064, 41.66556], [-87.94038, 41.66545], [-87.94025, 41.66543], [-87.94019, 41.66543], [-87.94014, 41.66543], [-87.94001, 41.66545], [-87.93998, 41.66547], [-87.9399, 41.66549], [-87.93971, 41.6655], [-87.93953, 41.66552], [-87.93945, 41.66553], [-87.93939, 41.66554], [-87.9391, 41.66576], [-87.93901, 41.66581], [-87.93887, 41.66587], [-87.93881, 41.66591], [-87.93876, 41.66596], [-87.93876, 41.66607], [-87.93876, 41.66633], [-87.93874, 41.66642], [-87.93855, 41.66664], [-87.93846, 41.66676], [-87.9384, 41.6669], [-87.93833, 41.66732], [-87.93832, 41.66735], [-87.93828, 41.66739], [-87.93805, 41.66767], [-87.938, 41.66772], [-87.93798, 41.66774], [-87.93796, 41.66779], [-87.93791, 41.66789], [-87.9379, 41.66796], [-87.93792, 41.66817], [-87.93794, 41.66819], [-87.93807, 41.66826], [-87.93811, 41.66826], [-87.93818, 41.66824], [-87.93828, 41.66817], [-87.93833, 41.66812], [-87.93836, 41.66804], [-87.93842, 41.66789], [-87.9385, 41.66781], [-87.93862, 41.66752], [-87.93868, 41.66748], [-87.93877, 41.66747], [-87.93894, 41.66758], [-87.93911, 41.66762], [-87.93929, 41.66775], [-87.93935, 41.66782], [-87.93936, 41.66784], [-87.93936, 41.66789], [-87.93934, 41.66801], [-87.93904, 41.66823], [-87.939, 41.66834], [-87.93897, 41.66847], [-87.93839, 41.66895], [-87.93833, 41.66901], [-87.93828, 41.66911], [-87.93827, 41.66917], [-87.93832, 41.66931], [-87.93838, 41.66938], [-87.93847, 41.66945], [-87.93862, 41.66954], [-87.9387, 41.66958], [-87.9388, 41.6696], [-87.93897, 41.66961], [-87.93904, 41.66959], [-87.93916, 41.6695], [-87.93933, 41.66934], [-87.93942, 41.66926], [-87.93947, 41.66923], [-87.93991, 41.66917], [-87.94009, 41.66913], [-87.94053, 41.66911], [-87.94056, 41.66911], [-87.94071, 41.66922], [-87.9408, 41.66933], [-87.94083, 41.66943], [-87.94081, 41.66958], [-87.9408, 41.66961], [-87.94075, 41.66967], [-87.94051, 41.66987], [-87.94045, 41.66992], [-87.94043, 41.66997], [-87.94043, 41.67006], [-87.94049, 41.6701], [-87.94058, 41.67014], [-87.94079, 41.6702], [-87.94086, 41.67022], [-87.94089, 41.67024], [-87.94092, 41.67024], [-87.94095, 41.67024], [-87.94097, 41.67026], [-87.94101, 41.67027], [-87.94122, 41.67037], [-87.94131, 41.67039], [-87.94134, 41.67039], [-87.94145, 41.6703], [-87.94143, 41.67024], [-87.94143, 41.67008], [-87.9415, 41.67002], [-87.94172, 41.67001], [-87.94187, 41.67004], [-87.9419, 41.67006], [-87.94194, 41.67006], [-87.94215, 41.67022], [-87.94227, 41.67032], [-87.94228, 41.67036], [-87.94233, 41.67049], [-87.94237, 41.67056], [-87.94249, 41.67063], [-87.94255, 41.67063], [-87.94277, 41.67062], [-87.9429, 41.67058], [-87.94297, 41.67054], [-87.94299, 41.67052], [-87.94306, 41.67051], [-87.94314, 41.67046], [-87.94346, 41.67022], [-87.94373, 41.67], [-87.9438, 41.66993], [-87.94388, 41.66988], [-87.94403, 41.66978], [-87.9442, 41.66971], [-87.94437, 41.66966], [-87.94443, 41.66963], [-87.94452, 41.66961], [-87.94463, 41.66958], [-87.94476, 41.66956], [-87.94491, 41.66956], [-87.94509, 41.66957], [-87.94515, 41.6696], [-87.94525, 41.66962], [-87.9453, 41.66963], [-87.94538, 41.66968], [-87.94548, 41.66973], [-87.94551, 41.66974], [-87.94555, 41.66975], [-87.94571, 41.66975], [-87.9459, 41.66965], [-87.94603, 41.66965], [-87.94649, 41.66997], [-87.94665, 41.67009], [-87.94665, 41.67012], [-87.94657, 41.67018], [-87.9465, 41.67021], [-87.94641, 41.67025], [-87.94637, 41.67027], [-87.94621, 41.67026], [-87.94598, 41.6702], [-87.94574, 41.67017], [-87.94566, 41.67017], [-87.94541, 41.67019], [-87.94531, 41.67022], [-87.94509, 41.67036], [-87.94496, 41.67041], [-87.94417, 41.67101], [-87.94412, 41.67104], [-87.94403, 41.67105], [-87.94398, 41.67104], [-87.94392, 41.671], [-87.94381, 41.67093], [-87.94363, 41.67094], [-87.9435, 41.67099], [-87.94347, 41.67099], [-87.94332, 41.67112], [-87.94329, 41.67119], [-87.94305, 41.67145], [-87.94301, 41.67156], [-87.94298, 41.6716], [-87.94296, 41.67185], [-87.94297, 41.67196], [-87.943, 41.67199], [-87.94308, 41.67206], [-87.94322, 41.67213], [-87.94345, 41.67218], [-87.94371, 41.67238], [-87.94373, 41.67239], [-87.94378, 41.67244], [-87.94382, 41.67259], [-87.94384, 41.67283], [-87.94382, 41.67295], [-87.94373, 41.67315], [-87.9437, 41.67318], [-87.9437, 41.67324], [-87.94376, 41.6733], [-87.9438, 41.67332], [-87.9439, 41.67333], [-87.94417, 41.67333], [-87.94434, 41.67334], [-87.9444, 41.67337], [-87.94445, 41.67338], [-87.94458, 41.67344], [-87.94496, 41.67367], [-87.9452, 41.6738], [-87.94534, 41.67387], [-87.94536, 41.67388], [-87.94544, 41.67389], [-87.9455, 41.67393], [-87.94556, 41.67394], [-87.9456, 41.67396], [-87.94567, 41.67397], [-87.94577, 41.674], [-87.94605, 41.67402], [-87.94612, 41.67401], [-87.94619, 41.67397], [-87.94628, 41.6739], [-87.94634, 41.67384], [-87.9464, 41.6737], [-87.94642, 41.67359], [-87.9464, 41.67332], [-87.94643, 41.67327], [-87.94648, 41.67322], [-87.94649, 41.67318], [-87.94646, 41.67314], [-87.94642, 41.67311], [-87.94638, 41.67312], [-87.94635, 41.67314], [-87.94627, 41.67322], [-87.94612, 41.67333], [-87.94609, 41.67333], [-87.94596, 41.67332], [-87.94593, 41.6733], [-87.94583, 41.67326], [-87.94575, 41.67321], [-87.94557, 41.67319], [-87.9455, 41.67316], [-87.94545, 41.67313], [-87.94542, 41.67312], [-87.94537, 41.6731], [-87.9453, 41.67303], [-87.94527, 41.6729], [-87.94528, 41.67266], [-87.94525, 41.67263], [-87.94512, 41.67253], [-87.94502, 41.67251], [-87.94495, 41.67248], [-87.94491, 41.67245], [-87.9449, 41.67237], [-87.94489, 41.67235], [-87.94501, 41.67225], [-87.94517, 41.67223], [-87.94527, 41.6722], [-87.94534, 41.67216], [-87.94547, 41.67208], [-87.946, 41.67202], [-87.94607, 41.672], [-87.94613, 41.67197], [-87.94623, 41.67191], [-87.94642, 41.67179], [-87.94659, 41.67178], [-87.9469, 41.67196], [-87.94725, 41.6722], [-87.94728, 41.67221], [-87.94733, 41.67218], [-87.94733, 41.67214], [-87.94663, 41.67162], [-87.9466, 41.6716], [-87.94659, 41.67157], [-87.94656, 41.67155], [-87.94656, 41.67149], [-87.94659, 41.67142], [-87.94663, 41.67139], [-87.94673, 41.67133], [-87.94681, 41.67132], [-87.94701, 41.67134], [-87.94704, 41.67135], [-87.94709, 41.67134], [-87.94719, 41.67127], [-87.94729, 41.67115], [-87.94736, 41.67108], [-87.94738, 41.67098], [-87.94735, 41.67074], [-87.94735, 41.67063], [-87.94737, 41.6705], [-87.94738, 41.67047], [-87.94742, 41.67023], [-87.94739, 41.67018], [-87.94727, 41.67009], [-87.94716, 41.67008], [-87.94708, 41.67002], [-87.94707, 41.66998], [-87.94712, 41.66995], [-87.94722, 41.66989], [-87.94751, 41.66975], [-87.9476, 41.66969], [-87.94782, 41.66952], [-87.94792, 41.66943], [-87.94823, 41.66908], [-87.94834, 41.66898], [-87.94851, 41.66888], [-87.94868, 41.66887], [-87.94886, 41.669], [-87.94899, 41.66911], [-87.94907, 41.6692], [-87.94918, 41.66928], [-87.94924, 41.66931], [-87.94939, 41.66936], [-87.94959, 41.66936], [-87.94977, 41.66934], [-87.95007, 41.66927], [-87.95021, 41.66922], [-87.95057, 41.66913], [-87.95081, 41.66906], [-87.95083, 41.66904], [-87.95089, 41.66902], [-87.95096, 41.66899], [-87.95101, 41.66898], [-87.95115, 41.66889], [-87.95148, 41.66872], [-87.9516, 41.6687], [-87.95194, 41.66867], [-87.95214, 41.66865], [-87.95261, 41.66852], [-87.95269, 41.66851], [-87.95278, 41.66849], [-87.95287, 41.66842], [-87.95291, 41.66838], [-87.95297, 41.66835]]]}}, {"type": "Feature", "properties": {"NAME": "Mc Ginnis Slough", "MTFCC": "H2030", "AREAWATER": "1112892"}, "geometry": {"type": "Polygon", "coordinates": [[[-87.87544, 41.639], [-87.87542, 41.63894], [-87.8754, 41.63891], [-87.87539, 41.63888], [-87.87526, 41.63873], [-87.87519, 41.63867], [-87.87518, 41.63865], [-87.87515, 41.63861], [-87.87505, 41.63854], [-87.87491, 41.63847], [-87.8747, 41.63832], [-87.87459, 41.63822], [-87.87459, 41.63819], [-87.87455, 41.63816], [-87.87451, 41.63803], [-87.87444, 41.63787], [-87.87443, 41.63781], [-87.87437, 41.63743], [-87.87436, 41.63737], [-87.8744, 41.63734], [-87.87445, 41.63733], [-87.87485, 41.63685], [-87.87482, 41.63685], [-87.87466, 41.63696], [-87.87465, 41.63698], [-87.87463, 41.63704], [-87.8746, 41.63707], [-87.87454, 41.63712], [-87.87447, 41.63716], [-87.87438, 41.63717], [-87.87426, 41.63715], [-87.87422, 41.63714], [-87.87412, 41.63707], [-87.87389, 41.63707], [-87.87384, 41.63706], [-87.87372, 41.637], [-87.87369, 41.63698], [-87.87337, 41.63674], [-87.87326, 41.63669], [-87.87322, 41.63667], [-87.87292, 41.63645], [-87.87277, 41.63634], [-87.87268, 41.63629], [-87.87255, 41.63627], [-87.87235, 41.63629], [-87.87195, 41.63639], [-87.87182, 41.63642], [-87.87154, 41.63644], [-87.87147, 41.63643], [-87.87144, 41.63643], [-87.87141, 41.63641], [-87.87127, 41.63637], [-87.87124, 41.63635], [-87.87119, 41.63634], [-87.87116, 41.63632], [-87.87111, 41.63631], [-87.87106, 41.63628], [-87.87094, 41.63625], [-87.87079, 41.63624], [-87.87075, 41.63624], [-87.87035, 41.63651], [-87.86949, 41.63714], [-87.86945, 41.63716], [-87.86941, 41.63715], [-87.86936, 41.63713], [-87.86933, 41.63711], [-87.86932, 41.63707], [-87.86933, 41.637], [-87.86936, 41.63683], [-87.86936, 41.63678], [-87.86933, 41.63666], [-87.86916, 41.63646], [-87.86905, 41.63634], [-87.86902, 41.63625], [-87.86903, 41.63615], [-87.86912, 41.63607], [-87.86917, 41.636], [-87.86919, 41.63595], [-87.86919, 41.63589], [-87.86917, 41.63582], [-87.86914, 41.6358], [-87.86913, 41.63577], [-87.86908, 41.63571], [-87.86883, 41.63553], [-87.86865, 41.63554], [-87.86849, 41.63558], [-87.86844, 41.63558], [-87.86839, 41.63556], [-87.86824, 41.63569], [-87.86819, 41.63573], [-87.86777, 41.63605], [-87.86756, 41.63619], [-87.8675, 41.63623], [-87.86744, 41.63626], [-87.86733, 41.63633], [-87.86718, 41.63643], [-87.86713, 41.63647], [-87.86709, 41.63651], [-87.86708, 41.63665], [-87.86708, 41.63668], [-87.86707, 41.63673], [-87.86704, 41.63682], [-87.86705, 41.63684], [-87.86709, 41.63688], [-87.86712, 41.63689], [-87.86724, 41.63697], [-87.86728, 41.63699], [-87.86745, 41.63706], [-87.86748, 41.63707], [-87.86776, 41.63714], [-87.86782, 41.63716], [-87.86796, 41.63727], [-87.86798, 41.63729], [-87.86799, 41.63733], [-87.86804, 41.63738], [-87.86805, 41.63743], [-87.8681, 41.63748], [-87.86813, 41.6375], [-87.8683, 41.63761], [-87.86843, 41.63771], [-87.86847, 41.63775], [-87.86845, 41.6378], [-87.86832, 41.6379], [-87.86828, 41.63793], [-87.86823, 41.63793], [-87.86818, 41.63796], [-87.86791, 41.63804], [-87.86777, 41.63808], [-87.86773, 41.6381], [-87.86769, 41.63811], [-87.86759, 41.63816], [-87.86749, 41.6382], [-87.86742, 41.63825], [-87.86722, 41.63842], [-87.86718, 41.63847], [-87.86718, 41.63849], [-87.86713, 41.63853], [-87.86713, 41.63856], [-87.86711, 41.63858], [-87.86708, 41.63861], [-87.86708, 41.63863], [-87.86703, 41.63867], [-87.86691, 41.63883], [-87.86666, 41.639], [-87.86662, 41.63898], [-87.8666, 41.63893], [-87.86655, 41.63888], [-87.86646, 41.63881], [-87.86643, 41.63879], [-87.86639, 41.63879], [-87.86616, 41.63879], [-87.86594, 41.6388], [-87.8658, 41.63884], [-87.86576, 41.63887], [-87.86566, 41.63892], [-87.86548, 41.63906], [-87.8654, 41.63918], [-87.86524, 41.6393], [-87.86513, 41.63937], [-87.86508, 41.63939], [-87.86504, 41.63942], [-87.86456, 41.63983], [-87.86436, 41.63998], [-87.8643, 41.64001], [-87.86409, 41.6401], [-87.86402, 41.64014], [-87.86389, 41.64019], [-87.86383, 41.64022], [-87.86346, 41.64036], [-87.86337, 41.64041], [-87.86323, 41.64047], [-87.86314, 41.64051], [-87.86291, 41.6406], [-87.86281, 41.64063], [-87.86277, 41.64065], [-87.86268, 41.64067], [-87.86264, 41.64069], [-87.86261, 41.6407], [-87.86253, 41.64072], [-87.86246, 41.64076], [-87.86244, 41.64076], [-87.8624, 41.64078], [-87.86232, 41.64078], [-87.86216, 41.64077], [-87.86208, 41.64076], [-87.86176, 41.64069], [-87.86152, 41.64066], [-87.86118, 41.64063], [-87.86114, 41.64061], [-87.86088, 41.64044], [-87.86082, 41.64042], [-87.86079, 41.64039], [-87.86066, 41.64036], [-87.86055, 41.64034], [-87.8604, 41.64032], [-87.86026, 41.64031], [-87.85966, 41.64028], [-87.85942, 41.64024], [-87.85936, 41.6402], [-87.85926, 41.64018], [-87.85898, 41.64015], [-87.85879, 41.64016], [-87.85867, 41.64014], [-87.85861, 41.6401], [-87.85851, 41.63999], [-87.85827, 41.63981], [-87.85819, 41.63977], [-87.85804, 41.63975], [-87.85792, 41.63972], [-87.85788, 41.6397], [-87.85783, 41.63967], [-87.85781, 41.63956], [-87.85787, 41.63951], [-87.85808, 41.63937], [-87.85833, 41.63919], [-87.85843, 41.63909], [-87.85847, 41.63901], [-87.85848, 41.63899], [-87.85851, 41.63896], [-87.85853, 41.6389], [-87.85869, 41.63853], [-87.85876, 41.63834], [-87.85884, 41.63804], [-87.85882, 41.63791], [-87.8588, 41.63787], [-87.85872, 41.63779], [-87.85851, 41.63763], [-87.85826, 41.63745], [-87.85793, 41.6372], [-87.85787, 41.63714], [-87.85786, 41.63711], [-87.85784, 41.63707], [-87.85778, 41.63671], [-87.85772, 41.63657], [-87.85767, 41.63653], [-87.85766, 41.63647], [-87.85764, 41.63645], [-87.8576, 41.63634], [-87.85753, 41.63617], [-87.85748, 41.63604], [-87.85742, 41.6359], [-87.85738, 41.63586], [-87.85738, 41.63583], [-87.85735, 41.63576], [-87.85732, 41.63562], [-87.85727, 41.6355], [-87.85724, 41.63548], [-87.85723, 41.63544], [-87.85718, 41.6354], [-87.85717, 41.63536], [-87.85709, 41.63527], [-87.85701, 41.63517], [-87.85699, 41.63511], [-87.85689, 41.63498], [-87.85685, 41.63487], [-87.85682, 41.63483], [-87.85681, 41.63481], [-87.85668, 41.63455], [-87.85661, 41.63447], [-87.85647, 41.63436], [-87.85641, 41.63436], [-87.85629, 41.63438], [-87.85621, 41.63442], [-87.8561, 41.6345], [-87.856, 41.63459], [-87.85598, 41.63463], [-87.85584, 41.63478], [-87.85579, 41.63484], [-87.85535, 41.63517], [-87.85512, 41.63539], [-87.8549, 41.63559], [-87.85438, 41.63615], [-87.8543, 41.63633], [-87.85427, 41.63659], [-87.85434, 41.63673], [-87.85438, 41.63677], [-87.8545, 41.63684], [-87.85461, 41.63686], [-87.85485, 41.63693], [-87.8549, 41.63695], [-87.85493, 41.63695], [-87.85517, 41.63707], [-87.85521, 41.63709], [-87.8555, 41.63731], [-87.8556, 41.6374], [-87.85562, 41.63743], [-87.85563, 41.63745], [-87.85566, 41.63748], [-87.85566, 41.6375], [-87.85574, 41.63759], [-87.85577, 41.63763], [-87.85582, 41.63769], [-87.85586, 41.63773], [-87.85591, 41.63779], [-87.85594, 41.63784], [-87.85597, 41.63787], [-87.85746, 41.63931], [-87.85672, 41.64152], [-87.85872, 41.64358], [-87.8588, 41.64366], [-87.85791, 41.64236], [-87.8597, 41.64156], [-87.8588, 41.64366], [-87.85894, 41.64398], [-87.85897, 41.64401], [-87.8591, 41.64421], [-87.85913, 41.64423], [-87.85917, 41.64431], [-87.8592, 41.64435], [-87.85922, 41.6444], [-87.85933, 41.64456], [-87.85938, 41.6446], [-87.85945, 41.64463], [-87.85957, 41.64469], [-87.86007, 41.64489], [-87.86034, 41.64496], [-87.86039, 41.64498], [-87.86051, 41.645], [-87.86068, 41.64502], [-87.86076, 41.64502], [-87.86095, 41.64501], [-87.861, 41.64499], [-87.86102, 41.64497], [-87.86112, 41.64495], [-87.86115, 41.64493], [-87.86118, 41.64493], [-87.86144, 41.64486], [-87.86175, 41.64483], [-87.86213, 41.64486], [-87.86223, 41.64489], [-87.86287, 41.64487], [-87.8632, 41.64487], [-87.86338, 41.64487], [-87.86388, 41.64491], [-87.86392, 41.64492], [-87.86398, 41.64494], [-87.86405, 41.64497], [-87.86409, 41.64498], [-87.86416, 41.645], [-87.86419, 41.64502], [-87.86425, 41.64504], [-87.86428, 41.64505], [-87.86436, 41.64508], [-87.86451, 41.64512], [-87.86456, 41.64515], [-87.8646, 41.64515], [-87.86479, 41.64519], [-87.86483, 41.64522], [-87.8649, 41.64523], [-87.86508, 41.64532], [-87.86517, 41.64538], [-87.86536, 41.64551], [-87.86563, 41.64571], [-87.86596, 41.64595], [-87.86614, 41.64607], [-87.86639, 41.64619], [-87.86665, 41.6463], [-87.86676, 41.64631], [-87.86698, 41.64638], [-87.86701, 41.6464], [-87.86704, 41.6464], [-87.8673, 41.64646], [-87.86733, 41.64647], [-87.86745, 41.6465], [-87.86748, 41.64652], [-87.86759, 41.64653], [-87.86762, 41.64655], [-87.86804, 41.64657], [-87.86885, 41.64656], [-87.86896, 41.64655], [-87.86914, 41.64651], [-87.86916, 41.64649], [-87.86926, 41.64646], [-87.86932, 41.64643], [-87.86937, 41.64642], [-87.86948, 41.64636], [-87.86969, 41.6462], [-87.86977, 41.64613], [-87.87, 41.64585], [-87.87003, 41.64579], [-87.87024, 41.6456], [-87.8704, 41.64545], [-87.87055, 41.64536], [-87.87061, 41.64533], [-87.8707, 41.64531], [-87.87124, 41.64517], [-87.87129, 41.64514], [-87.87145, 41.64511], [-87.87155, 41.64506], [-87.87161, 41.64502], [-87.87165, 41.64497], [-87.87167, 41.64487], [-87.87169, 41.64483], [-87.87171, 41.64478], [-87.8718, 41.64472], [-87.87187, 41.64471], [-87.87214, 41.64469], [-87.87216, 41.64468], [-87.87225, 41.64462], [-87.87231, 41.64454], [-87.87233, 41.64452], [-87.87235, 41.64448], [-87.87236, 41.64444], [-87.87248, 41.6443], [-87.87249, 41.64428], [-87.8726, 41.64415], [-87.87268, 41.64406], [-87.87278, 41.64395], [-87.8729, 41.6438], [-87.87293, 41.64374], [-87.87298, 41.64369], [-87.873, 41.64364], [-87.87303, 41.64361], [-87.87305, 41.64356], [-87.87307, 41.64353], [-87.87309, 41.64352], [-87.8731, 41.64349], [-87.87313, 41.64346], [-87.87318, 41.64336], [-87.87321, 41.64334], [-87.87321, 41.64332], [-87.87327, 41.64325], [-87.87328, 41.64323], [-87.8733, 41.64319], [-87.87336, 41.64313], [-87.87354, 41.64294], [-87.87359, 41.64289], [-87.87361, 41.64285], [-87.87371, 41.64274], [-87.87373, 41.64269], [-87.87377, 41.64263], [-87.87379, 41.64259], [-87.87382, 41.64256], [-87.87387, 41.64243], [-87.87401, 41.64215], [-87.8741, 41.64194], [-87.87413, 41.64179], [-87.8741, 41.64173], [-87.87399, 41.64165], [-87.87391, 41.64158], [-87.87374, 41.64157], [-87.8737, 41.64157], [-87.87358, 41.64156], [-87.87344, 41.64152], [-87.8733, 41.64146], [-87.87322, 41.64141], [-87.87321, 41.64141], [-87.87309, 41.64136], [-87.87307, 41.64135], [-87.873, 41.64129], [-87.87293, 41.64124], [-87.87293, 41.64119], [-87.87297, 41.64116], [-87.87305, 41.64116], [-87.87307, 41.64116], [-87.87318, 41.64117], [-87.87325, 41.64119], [-87.87328, 41.64121], [-87.87332, 41.64121], [-87.87335, 41.64123], [-87.87345, 41.64126], [-87.87367, 41.64133], [-87.87381, 41.64134], [-87.874, 41.64132], [-87.87404, 41.64129], [-87.87411, 41.64128], [-87.87416, 41.64125], [-87.87446, 41.64102], [-87.87456, 41.64092], [-87.87458, 41.64087], [-87.87462, 41.64081], [-87.87465, 41.64066], [-87.87462, 41.64059], [-87.87456, 41.64053], [-87.87456, 41.64051], [-87.87448, 41.64038], [-87.87445, 41.64036], [-87.87444, 41.64031], [-87.87439, 41.64022], [-87.87436, 41.64016], [-87.87431, 41.64011], [-87.87428, 41.63982], [-87.87429, 41.63979], [-87.87431, 41.6397], [-87.87444, 41.63956], [-87.87465, 41.63937], [-87.8748, 41.63928], [-87.87488, 41.63924], [-87.87505, 41.63921], [-87.87513, 41.6392], [-87.87517, 41.63918], [-87.87527, 41.63913], [-87.87541, 41.63904], [-87.87544, 41.639]]]}}, {"type": "Feature", "properties": {"NAME": "Lk Cottage Gr", "MTFCC": "H2030", "AREAWATER": "70321"}, "geometry": {"type": "Polygon", "coordinates": [[[-87.60472, 41.64018], [-87.60162, 41.63798], [-87.59862, 41.63798], [-87.59852, 41.64038], [-87.60022, 41.63971], [-87.60132, 41.63928], [-87.60472, 41.64018]]]}}, {"type": "Feature", "properties": {"NAME": null, "MTFCC": "H2030", "AREAWATER": "503134"}, "geometry": {"type": "Polygon", "coordinates": [[[-87.97575, 41.86703], [-87.97576, 41.86702], [-87.97573, 41.86701], [-87.97571, 41.86704], [-87.97557, 41.86714], [-87.97541, 41.86729], [-87.9753, 41.86738], [-87.97514, 41.8675], [-87.97484, 41.86766], [-87.97481, 41.86767], [-87.97469, 41.86782], [-87.97458, 41.86794], [-87.97456, 41.86809], [-87.97456, 41.86817], [-87.97456, 41.8683], [-87.97455, 41.86832], [-87.97452, 41.86834], [-87.97449, 41.86836], [-87.97438, 41.8684], [-87.97425, 41.86844], [-87.97415, 41.86849], [-87.97406, 41.86864], [-87.97404, 41.86866], [-87.97398, 41.86869], [-87.97394, 41.8687], [-87.97388, 41.86871], [-87.97376, 41.86872], [-87.97365, 41.86872], [-87.97348, 41.86874], [-87.97296, 41.8688], [-87.97295, 41.86891], [-87.97186, 41.87053], [-87.97152, 41.87078], [-87.97136, 41.87081], [-87.97119, 41.87084], [-87.97087, 41.87106], [-87.97067, 41.87121], [-87.97062, 41.87125], [-87.97056, 41.87129], [-87.97047, 41.87136], [-87.97031, 41.87145], [-87.97012, 41.87159], [-87.97003, 41.87168], [-87.96993, 41.87176], [-87.9699, 41.87177], [-87.96991, 41.87174], [-87.9699, 41.87172], [-87.96988, 41.87174], [-87.96987, 41.87178], [-87.96985, 41.87181], [-87.96974, 41.87189], [-87.96952, 41.87202], [-87.96933, 41.87212], [-87.96906, 41.87219], [-87.96898, 41.8722], [-87.96891, 41.87219], [-87.96889, 41.8722], [-87.96877, 41.87222], [-87.96868, 41.87224], [-87.96849, 41.87229], [-87.96819, 41.87238], [-87.968, 41.87248], [-87.96797, 41.87251], [-87.96789, 41.87262], [-87.96779, 41.87282], [-87.96777, 41.87285], [-87.9677, 41.87292], [-87.96767, 41.87297], [-87.96764, 41.873], [-87.96752, 41.87307], [-87.96746, 41.8731], [-87.9672, 41.87319], [-87.96704, 41.87323], [-87.9666, 41.8733], [-87.96657, 41.8733], [-87.96654, 41.87331], [-87.96651, 41.8733], [-87.96638, 41.87319], [-87.96627, 41.87317], [-87.9662, 41.87316], [-87.9661, 41.87316], [-87.96606, 41.87317], [-87.966, 41.87318], [-87.96597, 41.8732], [-87.96594, 41.87322], [-87.96593, 41.87325], [-87.96592, 41.87328], [-87.96591, 41.87336], [-87.96593, 41.87361], [-87.96592, 41.87365], [-87.9659, 41.87371], [-87.96588, 41.87374], [-87.96586, 41.87377], [-87.96583, 41.87379], [-87.96556, 41.87394], [-87.96548, 41.87399], [-87.96542, 41.87404], [-87.9653, 41.87411], [-87.96528, 41.87412], [-87.96522, 41.87413], [-87.96504, 41.87411], [-87.96499, 41.8741], [-87.96494, 41.87409], [-87.9649, 41.87406], [-87.96484, 41.87402], [-87.96479, 41.87395], [-87.96471, 41.87373], [-87.96469, 41.8737], [-87.96467, 41.87367], [-87.96464, 41.87365], [-87.9646, 41.87365], [-87.9642, 41.87374], [-87.96405, 41.87377], [-87.96386, 41.87384], [-87.96383, 41.87385], [-87.96377, 41.87385], [-87.96372, 41.87384], [-87.96363, 41.87383], [-87.96353, 41.87383], [-87.9624, 41.87387], [-87.96229, 41.87388], [-87.96199, 41.87393], [-87.96192, 41.87395], [-87.96177, 41.87394], [-87.96151, 41.87393], [-87.96141, 41.87392], [-87.96133, 41.87392], [-87.96106, 41.8739], [-87.96091, 41.87389], [-87.96084, 41.87388], [-87.96079, 41.87387], [-87.96076, 41.87385], [-87.96069, 41.8738], [-87.96064, 41.87375], [-87.96057, 41.87366], [-87.96054, 41.87362], [-87.96046, 41.87346], [-87.96038, 41.87338], [-87.9602, 41.87318], [-87.96011, 41.87308], [-87.96005, 41.87304], [-87.96003, 41.87303], [-87.95999, 41.87303], [-87.95983, 41.87303], [-87.95966, 41.87303], [-87.95956, 41.87304], [-87.95834, 41.87308], [-87.95809, 41.87309], [-87.95773, 41.87312], [-87.95517, 41.87317], [-87.95513, 41.87316], [-87.95508, 41.87315], [-87.95505, 41.87313], [-87.955, 41.87309], [-87.95492, 41.87302], [-87.95489, 41.87299], [-87.95479, 41.87283], [-87.95474, 41.87267], [-87.95471, 41.87255], [-87.95469, 41.87246], [-87.95467, 41.87197], [-87.95466, 41.87162], [-87.95466, 41.87149], [-87.95467, 41.87146], [-87.95468, 41.87144], [-87.95487, 41.87129], [-87.9549, 41.87126], [-87.95488, 41.87124], [-87.95483, 41.87124], [-87.95478, 41.87128], [-87.95473, 41.8713], [-87.95468, 41.87132], [-87.95463, 41.87132], [-87.95462, 41.87127], [-87.95457, 41.87074], [-87.95454, 41.87029], [-87.95454, 41.87002], [-87.95451, 41.86954], [-87.9545, 41.86952], [-87.95442, 41.86928], [-87.9544, 41.86922], [-87.95437, 41.86919], [-87.95433, 41.86913], [-87.95431, 41.86908], [-87.95424, 41.86897], [-87.9542, 41.86889], [-87.95416, 41.86881], [-87.95412, 41.86876], [-87.95408, 41.8687], [-87.95401, 41.8685], [-87.95383, 41.86818], [-87.9537, 41.86798], [-87.95359, 41.86779], [-87.95346, 41.86756], [-87.95343, 41.86747], [-87.95335, 41.86722], [-87.95324, 41.86685], [-87.9531, 41.86663], [-87.95302, 41.86652], [-87.95298, 41.86648], [-87.95295, 41.86646], [-87.95271, 41.86621], [-87.95263, 41.86613], [-87.9525, 41.86603], [-87.95173, 41.86532], [-87.95143, 41.86504], [-87.95126, 41.86488], [-87.95125, 41.86483], [-87.95124, 41.86482], [-87.9512, 41.86482], [-87.95115, 41.86481], [-87.95111, 41.86479], [-87.95106, 41.86475], [-87.95094, 41.86467], [-87.95085, 41.8646], [-87.95079, 41.86456], [-87.95071, 41.86451], [-87.95066, 41.86448], [-87.95063, 41.86447], [-87.95055, 41.86443], [-87.95045, 41.8644], [-87.95037, 41.86438], [-87.94979, 41.86425], [-87.94956, 41.8642], [-87.94943, 41.86419], [-87.9492, 41.86417], [-87.94906, 41.86415], [-87.94886, 41.86411], [-87.94867, 41.86407], [-87.94846, 41.86402], [-87.94816, 41.8639], [-87.94811, 41.86388], [-87.94801, 41.86382], [-87.94794, 41.86376], [-87.94786, 41.8637], [-87.94782, 41.86365], [-87.94777, 41.86358], [-87.94774, 41.86351], [-87.94771, 41.86345], [-87.9477, 41.8634], [-87.9477, 41.86328], [-87.94772, 41.86323], [-87.94776, 41.86316], [-87.94781, 41.86309], [-87.94787, 41.86302], [-87.948, 41.86292], [-87.94803, 41.8629], [-87.94807, 41.86286], [-87.94816, 41.86278], [-87.94819, 41.86274], [-87.94825, 41.86258], [-87.94825, 41.8625], [-87.94826, 41.8624], [-87.94827, 41.86227], [-87.94828, 41.86207], [-87.94827, 41.862], [-87.94825, 41.86174], [-87.94825, 41.86164], [-87.94826, 41.86159], [-87.94828, 41.8615], [-87.9483, 41.86143], [-87.9483, 41.86137], [-87.94825, 41.86133], [-87.94823, 41.86131], [-87.94826, 41.86127], [-87.94826, 41.86125], [-87.94825, 41.86113], [-87.94833, 41.86103], [-87.94838, 41.86097], [-87.94843, 41.8609], [-87.94853, 41.86077], [-87.94861, 41.86069], [-87.94863, 41.86067], [-87.94864, 41.86064], [-87.94878, 41.86046], [-87.94893, 41.86024], [-87.94911, 41.85989], [-87.94958, 41.85903], [-87.94968, 41.85879], [-87.94973, 41.85862], [-87.94976, 41.85847], [-87.94977, 41.85842], [-87.94979, 41.85838], [-87.94981, 41.85825], [-87.94984, 41.85817], [-87.94992, 41.85802], [-87.94995, 41.85797], [-87.94999, 41.85784], [-87.95001, 41.85776], [-87.94998, 41.85766], [-87.94995, 41.85757], [-87.94993, 41.85754], [-87.94989, 41.85748], [-87.94981, 41.85728], [-87.94968, 41.85694], [-87.94963, 41.85672], [-87.94949, 41.85634], [-87.94948, 41.85627], [-87.94946, 41.85614], [-87.94946, 41.85605], [-87.94945, 41.85598], [-87.94938, 41.85571], [-87.94933, 41.85561], [-87.94918, 41.85536], [-87.94909, 41.85526], [-87.94901, 41.85517], [-87.94891, 41.8551], [-87.94877, 41.855], [-87.94868, 41.85495], [-87.94839, 41.8548], [-87.94824, 41.85472], [-87.94815, 41.85465], [-87.94802, 41.85457], [-87.94792, 41.85451], [-87.94784, 41.85447], [-87.94771, 41.85439], [-87.94742, 41.85422], [-87.9474, 41.8542], [-87.94742, 41.85418], [-87.94754, 41.85402], [-87.94758, 41.85401], [-87.9476, 41.854], [-87.94768, 41.85402], [-87.94773, 41.85402], [-87.94779, 41.85402], [-87.94784, 41.85401], [-87.94797, 41.85395], [-87.94799, 41.85393], [-87.94802, 41.85385], [-87.94804, 41.85383], [-87.94806, 41.85381], [-87.94808, 41.8538], [-87.94812, 41.85379], [-87.94835, 41.85377], [-87.94858, 41.85376], [-87.94865, 41.85375], [-87.94874, 41.85375], [-87.94904, 41.85372], [-87.94908, 41.8537], [-87.94922, 41.85368], [-87.94931, 41.85366], [-87.94918, 41.85366], [-87.9486, 41.85371], [-87.94835, 41.85369], [-87.94813, 41.85368], [-87.94811, 41.85368], [-87.94805, 41.85376], [-87.94801, 41.85381], [-87.94797, 41.85388], [-87.9479, 41.85394], [-87.94785, 41.85398], [-87.94781, 41.85399], [-87.94772, 41.854], [-87.94768, 41.85399], [-87.94766, 41.85397], [-87.94762, 41.85396], [-87.94759, 41.85396], [-87.94755, 41.85397], [-87.94752, 41.85399], [-87.94749, 41.85401], [-87.94739, 41.85412], [-87.94739, 41.85414], [-87.94737, 41.85416], [-87.94735, 41.85416], [-87.94732, 41.85416], [-87.94706, 41.85402], [-87.94683, 41.85386], [-87.94668, 41.85373], [-87.94664, 41.85371], [-87.94648, 41.85356], [-87.94636, 41.85342], [-87.94631, 41.85334], [-87.94628, 41.85329], [-87.9461, 41.85277], [-87.94604, 41.85265], [-87.94599, 41.85257], [-87.94593, 41.85244], [-87.94588, 41.8523], [-87.94586, 41.85225], [-87.94584, 41.85221], [-87.9458, 41.85215], [-87.94564, 41.85197], [-87.94545, 41.85182], [-87.94535, 41.85178], [-87.94508, 41.8517], [-87.94506, 41.85169], [-87.94503, 41.85167], [-87.94498, 41.85164], [-87.94485, 41.8516], [-87.94473, 41.85157], [-87.94462, 41.85156], [-87.94449, 41.85157], [-87.94445, 41.85158], [-87.94433, 41.85163], [-87.94424, 41.85171], [-87.94394, 41.85198], [-87.94386, 41.85206], [-87.94381, 41.85212], [-87.94377, 41.85216], [-87.94375, 41.85219], [-87.94347, 41.85259], [-87.94339, 41.85269], [-87.94329, 41.85282], [-87.94328, 41.85284], [-87.94322, 41.8529], [-87.94318, 41.85297], [-87.9431, 41.85305], [-87.94298, 41.85319], [-87.9426, 41.85361], [-87.94254, 41.8537], [-87.94246, 41.85383], [-87.94231, 41.85395], [-87.94212, 41.85417], [-87.94206, 41.8542], [-87.94199, 41.85425], [-87.94185, 41.85431], [-87.94136, 41.85441], [-87.9413, 41.85441], [-87.94112, 41.85439], [-87.94093, 41.85436], [-87.94066, 41.85434], [-87.94047, 41.85434], [-87.94028, 41.85436], [-87.94008, 41.85436], [-87.93988, 41.85436], [-87.93953, 41.85436], [-87.93951, 41.85436], [-87.93924, 41.85436], [-87.93912, 41.85435], [-87.93889, 41.85433], [-87.93833, 41.85425], [-87.93821, 41.85424], [-87.93809, 41.85424], [-87.93798, 41.85422], [-87.93786, 41.85421], [-87.9376, 41.85415], [-87.93754, 41.85412], [-87.93746, 41.85408], [-87.93737, 41.85403], [-87.93735, 41.85401], [-87.9372, 41.85378], [-87.93715, 41.85371], [-87.93708, 41.85365], [-87.93687, 41.85355], [-87.93653, 41.85346], [-87.93633, 41.85341], [-87.93601, 41.85328], [-87.93574, 41.85315], [-87.93562, 41.8531], [-87.93546, 41.85301], [-87.93543, 41.85299], [-87.93542, 41.85297], [-87.93545, 41.85296], [-87.93554, 41.853], [-87.93557, 41.853], [-87.93559, 41.85299], [-87.93558, 41.85297], [-87.93556, 41.85295], [-87.93552, 41.85293], [-87.93545, 41.8529], [-87.9354, 41.85287], [-87.93532, 41.85286], [-87.93525, 41.85283], [-87.93522, 41.85281], [-87.9352, 41.85273], [-87.9352, 41.8527], [-87.93519, 41.85267], [-87.93514, 41.8526], [-87.93511, 41.85256], [-87.93509, 41.85254], [-87.93507, 41.85252], [-87.93503, 41.85249], [-87.93498, 41.85244], [-87.93494, 41.8524], [-87.9349, 41.85237], [-87.93484, 41.85232], [-87.9347, 41.8522], [-87.93456, 41.85207], [-87.93454, 41.85205], [-87.93434, 41.85189], [-87.93424, 41.85178], [-87.93422, 41.85177], [-87.93401, 41.85156], [-87.93393, 41.85148], [-87.93385, 41.85142], [-87.93369, 41.8513], [-87.93364, 41.85123], [-87.93361, 41.85117], [-87.93359, 41.85113], [-87.93358, 41.85107], [-87.93357, 41.85099], [-87.93361, 41.85091], [-87.93364, 41.85085], [-87.93388, 41.85053], [-87.934, 41.8504], [-87.93404, 41.85034], [-87.93417, 41.85018], [-87.93423, 41.85007], [-87.93431, 41.84993], [-87.93434, 41.84985], [-87.93436, 41.84981], [-87.93438, 41.84975], [-87.93443, 41.84967], [-87.9345, 41.84957], [-87.93454, 41.84949], [-87.93459, 41.84943], [-87.93463, 41.8494], [-87.9347, 41.84937], [-87.93478, 41.84933], [-87.93491, 41.84928], [-87.93503, 41.84921], [-87.93511, 41.84917], [-87.93517, 41.84913], [-87.93524, 41.84908], [-87.93536, 41.849], [-87.93556, 41.84886], [-87.93566, 41.84878], [-87.93573, 41.84874], [-87.93583, 41.8487], [-87.93588, 41.84868], [-87.93619, 41.84853], [-87.93625, 41.84848], [-87.93628, 41.84847], [-87.93638, 41.8484], [-87.93642, 41.84837], [-87.93646, 41.84833], [-87.93648, 41.84829], [-87.93649, 41.84824], [-87.93651, 41.8482], [-87.93652, 41.84817], [-87.9365, 41.84807], [-87.9365, 41.84802], [-87.93651, 41.84797], [-87.93652, 41.84794], [-87.93654, 41.84789], [-87.93656, 41.8478], [-87.93659, 41.84747], [-87.93659, 41.84736], [-87.93654, 41.84732], [-87.93653, 41.84729], [-87.93653, 41.84723], [-87.93652, 41.84711], [-87.93651, 41.84707], [-87.93645, 41.84704], [-87.93643, 41.84697], [-87.93643, 41.84686], [-87.93644, 41.8468], [-87.9365, 41.84662], [-87.93652, 41.84655], [-87.93653, 41.84646], [-87.93657, 41.84635], [-87.93659, 41.84625], [-87.93659, 41.84621], [-87.93659, 41.84618], [-87.9366, 41.84613], [-87.93663, 41.84599], [-87.93666, 41.84573], [-87.93666, 41.84566], [-87.93667, 41.84562], [-87.93672, 41.84541], [-87.93673, 41.84517], [-87.93672, 41.8451], [-87.93671, 41.84501], [-87.93667, 41.84468], [-87.93665, 41.84453], [-87.93663, 41.84446], [-87.93658, 41.84436], [-87.93657, 41.8443], [-87.93665, 41.84422], [-87.93659, 41.844], [-87.93656, 41.84384], [-87.93656, 41.84365], [-87.93657, 41.84359], [-87.93663, 41.84341], [-87.93664, 41.84337], [-87.93668, 41.84323], [-87.93674, 41.84308], [-87.93674, 41.84305], [-87.93679, 41.84291], [-87.93681, 41.84287], [-87.93687, 41.84279], [-87.93688, 41.84277], [-87.93689, 41.84275], [-87.93702, 41.84268], [-87.93713, 41.84259], [-87.93718, 41.84255], [-87.93724, 41.84252], [-87.9374, 41.84246], [-87.93743, 41.84244], [-87.93745, 41.84242], [-87.93757, 41.84237], [-87.93761, 41.84235], [-87.93773, 41.84224], [-87.93776, 41.8422], [-87.93785, 41.84201], [-87.93792, 41.84183], [-87.93796, 41.8417], [-87.93796, 41.84166], [-87.93795, 41.84151], [-87.93793, 41.84129], [-87.93786, 41.8411], [-87.93777, 41.84092], [-87.93776, 41.84086], [-87.93777, 41.84081], [-87.9378, 41.84075], [-87.93782, 41.84073], [-87.93788, 41.8407], [-87.93795, 41.84066], [-87.93799, 41.84066], [-87.93803, 41.84066], [-87.9382, 41.84066], [-87.93845, 41.84067], [-87.93865, 41.84071], [-87.93873, 41.84073], [-87.9388, 41.84075], [-87.93886, 41.84078], [-87.93901, 41.84086], [-87.93904, 41.84088], [-87.93916, 41.8409], [-87.93924, 41.8409], [-87.93934, 41.84089], [-87.93964, 41.84077], [-87.93965, 41.84077], [-87.93969, 41.84075], [-87.93993, 41.84059], [-87.94002, 41.84054], [-87.94018, 41.8405], [-87.9403, 41.84048], [-87.94043, 41.84048], [-87.94048, 41.84047], [-87.94062, 41.84044], [-87.94082, 41.84035], [-87.94091, 41.84027], [-87.94097, 41.84016], [-87.94097, 41.84014], [-87.94097, 41.8401], [-87.94096, 41.84005], [-87.94094, 41.83997], [-87.94091, 41.83991], [-87.94089, 41.83988], [-87.94083, 41.83982], [-87.94079, 41.83969], [-87.94077, 41.83954], [-87.94079, 41.83947], [-87.94094, 41.83918], [-87.94107, 41.83898], [-87.9411, 41.83896], [-87.94112, 41.83894], [-87.94115, 41.83884], [-87.94124, 41.83868], [-87.9413, 41.83859], [-87.94132, 41.83854], [-87.94132, 41.83844], [-87.94133, 41.8383], [-87.94136, 41.83822], [-87.94137, 41.83817], [-87.94137, 41.83802], [-87.94136, 41.83791], [-87.94134, 41.83789], [-87.94129, 41.83783], [-87.94129, 41.83781], [-87.94129, 41.83771], [-87.9413, 41.83763], [-87.94132, 41.83751], [-87.94143, 41.83722], [-87.9415, 41.83704], [-87.94163, 41.83678], [-87.9418, 41.83653], [-87.9419, 41.8364], [-87.94193, 41.83636], [-87.94202, 41.83624], [-87.94202, 41.83615], [-87.94203, 41.83612], [-87.94206, 41.8361], [-87.94211, 41.83608], [-87.94214, 41.83607], [-87.94214, 41.83605], [-87.94217, 41.83595], [-87.94219, 41.83593], [-87.94222, 41.83592], [-87.94224, 41.83592], [-87.94227, 41.83592], [-87.94229, 41.83594], [-87.94231, 41.83595], [-87.94234, 41.83601], [-87.94242, 41.83606], [-87.9426, 41.83613], [-87.94265, 41.83615], [-87.94271, 41.83621], [-87.94273, 41.83623], [-87.94273, 41.83625], [-87.9427, 41.83633], [-87.94269, 41.83641], [-87.94269, 41.83649], [-87.94273, 41.83672], [-87.94275, 41.83676], [-87.94279, 41.83678], [-87.94285, 41.83679], [-87.94301, 41.83678], [-87.94314, 41.83677], [-87.94318, 41.83677], [-87.94321, 41.83678], [-87.94324, 41.8368], [-87.94326, 41.83683], [-87.94329, 41.83695], [-87.9433, 41.83707], [-87.94333, 41.83716], [-87.94343, 41.83725], [-87.94361, 41.83735], [-87.94367, 41.83738], [-87.94372, 41.83738], [-87.94375, 41.83738], [-87.94379, 41.83738], [-87.94383, 41.83736], [-87.94389, 41.83732], [-87.94396, 41.83727], [-87.94412, 41.83713], [-87.94431, 41.837], [-87.94434, 41.83697], [-87.94436, 41.83692], [-87.94438, 41.83688], [-87.94441, 41.83671], [-87.94443, 41.83665], [-87.94446, 41.83663], [-87.94452, 41.83659], [-87.94457, 41.83656], [-87.94475, 41.8366], [-87.9448, 41.83661], [-87.94483, 41.83661], [-87.94489, 41.83659], [-87.94493, 41.83659], [-87.94503, 41.83662], [-87.94512, 41.83663], [-87.94519, 41.83665], [-87.94527, 41.83669], [-87.94533, 41.83674], [-87.9454, 41.8368], [-87.94545, 41.83685], [-87.94551, 41.8369], [-87.94557, 41.83692], [-87.94572, 41.83695], [-87.94588, 41.83699], [-87.94593, 41.83701], [-87.94595, 41.83704], [-87.94597, 41.83709], [-87.94598, 41.83723], [-87.94597, 41.83732], [-87.94596, 41.83738], [-87.94596, 41.83742], [-87.94596, 41.83745], [-87.94598, 41.8375], [-87.94611, 41.83769], [-87.94614, 41.83776], [-87.94616, 41.83782], [-87.9462, 41.8379], [-87.94624, 41.83796], [-87.94633, 41.83801], [-87.94637, 41.83803], [-87.94646, 41.83804], [-87.9465, 41.83804], [-87.94671, 41.83801], [-87.94677, 41.83797], [-87.94691, 41.83795], [-87.94692, 41.83793], [-87.94711, 41.83783], [-87.94729, 41.83785], [-87.94733, 41.83784], [-87.94745, 41.83778], [-87.94753, 41.83775], [-87.94761, 41.83774], [-87.94764, 41.83774], [-87.94779, 41.83776], [-87.94788, 41.83777], [-87.94804, 41.83788], [-87.94811, 41.83791], [-87.94816, 41.83793], [-87.9482, 41.83794], [-87.94826, 41.83798], [-87.94829, 41.83802], [-87.94836, 41.83809], [-87.94848, 41.83816], [-87.94859, 41.83816], [-87.94863, 41.83818], [-87.94869, 41.8382], [-87.94873, 41.83824], [-87.94876, 41.83829], [-87.94879, 41.83847], [-87.9488, 41.83849], [-87.94882, 41.83851], [-87.94885, 41.83853], [-87.94899, 41.83857], [-87.94909, 41.8386], [-87.94928, 41.83866], [-87.94952, 41.8388], [-87.94957, 41.83882], [-87.94962, 41.83881], [-87.94965, 41.83881], [-87.94969, 41.83881], [-87.94972, 41.83885], [-87.94976, 41.83889], [-87.94986, 41.83891], [-87.95031, 41.83897], [-87.95056, 41.83901], [-87.95059, 41.83902], [-87.95094, 41.83908], [-87.95101, 41.83913], [-87.95105, 41.8392], [-87.95108, 41.83925], [-87.95121, 41.83935], [-87.95123, 41.83936], [-87.95126, 41.83937], [-87.9513, 41.83936], [-87.95139, 41.83937], [-87.95173, 41.83944], [-87.95179, 41.83945], [-87.95191, 41.83944], [-87.95206, 41.8394], [-87.95214, 41.83938], [-87.95218, 41.83938], [-87.95245, 41.83943], [-87.95253, 41.83944], [-87.9526, 41.83945], [-87.95266, 41.83946], [-87.95271, 41.83945], [-87.95293, 41.83943], [-87.95301, 41.83945], [-87.95308, 41.83944], [-87.95312, 41.83945], [-87.95315, 41.83944], [-87.95318, 41.83944], [-87.95319, 41.83942], [-87.95327, 41.8394], [-87.95331, 41.83938], [-87.95337, 41.83936], [-87.9534, 41.83936], [-87.95343, 41.83937], [-87.95355, 41.83938], [-87.95386, 41.83938], [-87.95411, 41.83937], [-87.95514, 41.83933], [-87.95541, 41.83931], [-87.95565, 41.83927], [-87.95585, 41.83922], [-87.95589, 41.83921], [-87.95595, 41.8392], [-87.95631, 41.83917], [-87.95639, 41.83917], [-87.95649, 41.83915], [-87.95695, 41.83903], [-87.95701, 41.83901], [-87.95706, 41.83899], [-87.95717, 41.83893], [-87.95719, 41.8389], [-87.95722, 41.83889], [-87.95725, 41.83889], [-87.95731, 41.83886], [-87.95752, 41.83875], [-87.95761, 41.83871], [-87.95774, 41.83865], [-87.95777, 41.83863], [-87.95793, 41.83856], [-87.95801, 41.83858], [-87.95803, 41.83859], [-87.95811, 41.83858], [-87.95828, 41.83857], [-87.9584, 41.83857], [-87.95848, 41.83858], [-87.95854, 41.83859], [-87.95859, 41.83861], [-87.9586, 41.83863], [-87.95863, 41.83865], [-87.95866, 41.83866], [-87.95868, 41.83867], [-87.95884, 41.83869], [-87.95888, 41.83869], [-87.95906, 41.83865], [-87.9594, 41.83862], [-87.95946, 41.83862], [-87.95981, 41.83865], [-87.96009, 41.83866], [-87.96013, 41.83867], [-87.96021, 41.83869], [-87.96025, 41.83871], [-87.9603, 41.83877], [-87.96032, 41.83881], [-87.96032, 41.83884], [-87.96032, 41.83889], [-87.96031, 41.83893], [-87.96028, 41.83896], [-87.96023, 41.83909], [-87.96021, 41.83911], [-87.96019, 41.83915], [-87.96015, 41.83924], [-87.96014, 41.83927], [-87.96015, 41.83929], [-87.96008, 41.83934], [-87.95996, 41.83944], [-87.95992, 41.83946], [-87.95984, 41.83951], [-87.95971, 41.83957], [-87.95964, 41.83959], [-87.95954, 41.83965], [-87.95951, 41.83968], [-87.95949, 41.83972], [-87.95947, 41.83976], [-87.95946, 41.83983], [-87.95945, 41.83986], [-87.95939, 41.83993], [-87.95935, 41.83996], [-87.9593, 41.84005], [-87.95929, 41.84009], [-87.9593, 41.84023], [-87.95933, 41.84027], [-87.95941, 41.84035], [-87.95946, 41.84038], [-87.95951, 41.84039], [-87.95965, 41.84042], [-87.95971, 41.84041], [-87.95974, 41.84041], [-87.95996, 41.84033], [-87.96004, 41.84028], [-87.96006, 41.84025], [-87.96006, 41.84023], [-87.96001, 41.84009], [-87.95993, 41.83991], [-87.95989, 41.83985], [-87.95986, 41.8398], [-87.95984, 41.83976], [-87.95983, 41.83973], [-87.95984, 41.8397], [-87.95988, 41.83963], [-87.96001, 41.83952], [-87.96001, 41.8395], [-87.96014, 41.83939], [-87.96022, 41.83933], [-87.96025, 41.83932], [-87.96025, 41.83928], [-87.96027, 41.83925], [-87.96031, 41.83922], [-87.96035, 41.83918], [-87.96048, 41.83911], [-87.96056, 41.83906], [-87.96071, 41.83888], [-87.96084, 41.83873], [-87.96092, 41.83865], [-87.96094, 41.83865], [-87.96097, 41.83864], [-87.96133, 41.83862], [-87.96144, 41.8386], [-87.96182, 41.83854], [-87.96189, 41.83854], [-87.96199, 41.83854], [-87.96212, 41.83855], [-87.96224, 41.83858], [-87.96226, 41.83859], [-87.96228, 41.83859], [-87.9624, 41.83867], [-87.96249, 41.83876], [-87.96255, 41.83881], [-87.96261, 41.83885], [-87.9627, 41.8389], [-87.96283, 41.83896], [-87.96285, 41.83897], [-87.96305, 41.83907], [-87.96311, 41.83911], [-87.9632, 41.83917], [-87.96327, 41.83926], [-87.96331, 41.83931], [-87.96334, 41.83935], [-87.96346, 41.83964], [-87.96347, 41.83966], [-87.96346, 41.83972], [-87.96345, 41.83977], [-87.96345, 41.83982], [-87.96349, 41.83985], [-87.96356, 41.83989], [-87.96359, 41.8399], [-87.96366, 41.83991], [-87.96377, 41.83994], [-87.96381, 41.83998], [-87.96385, 41.84011], [-87.96389, 41.84027], [-87.9639, 41.84033], [-87.9639, 41.84041], [-87.96386, 41.84054], [-87.96384, 41.84066], [-87.96384, 41.84071], [-87.96386, 41.84142], [-87.96385, 41.84172], [-87.96386, 41.84182], [-87.96388, 41.84172], [-87.96388, 41.84142], [-87.96388, 41.84119], [-87.96386, 41.84074], [-87.96387, 41.84063], [-87.96388, 41.84058], [-87.96391, 41.84047], [-87.96399, 41.84038], [-87.96414, 41.84029], [-87.96423, 41.84017], [-87.96425, 41.84012], [-87.96427, 41.84001], [-87.96425, 41.83976], [-87.96424, 41.83972], [-87.96421, 41.83966], [-87.9641, 41.83948], [-87.96395, 41.83933], [-87.96392, 41.83931], [-87.96383, 41.83929], [-87.96367, 41.83919], [-87.96365, 41.83917], [-87.96359, 41.83912], [-87.96349, 41.83904], [-87.96335, 41.83888], [-87.96333, 41.83884], [-87.96331, 41.83878], [-87.96331, 41.83875], [-87.96331, 41.83872], [-87.96332, 41.83869], [-87.96336, 41.83864], [-87.96339, 41.83861], [-87.96343, 41.83859], [-87.96354, 41.83857], [-87.96362, 41.83856], [-87.96371, 41.83856], [-87.96381, 41.83856], [-87.96398, 41.83861], [-87.96405, 41.83863], [-87.96417, 41.83867], [-87.96439, 41.83876], [-87.96448, 41.83884], [-87.96471, 41.83897], [-87.96487, 41.83905], [-87.96502, 41.83913], [-87.96518, 41.83922], [-87.96526, 41.83925], [-87.96535, 41.83928], [-87.96545, 41.83931], [-87.96563, 41.83933], [-87.96574, 41.83935], [-87.9658, 41.83935], [-87.96584, 41.83933], [-87.96589, 41.83932], [-87.96595, 41.83932], [-87.96605, 41.83932], [-87.96622, 41.83928], [-87.96632, 41.83926], [-87.96636, 41.83924], [-87.96646, 41.83921], [-87.96656, 41.83917], [-87.96659, 41.83915], [-87.96662, 41.83912], [-87.96667, 41.83908], [-87.96673, 41.83909], [-87.96675, 41.8391], [-87.96677, 41.8391], [-87.96684, 41.83908], [-87.96688, 41.83905], [-87.96692, 41.83903], [-87.96698, 41.83896], [-87.96706, 41.83894], [-87.96708, 41.83893], [-87.96726, 41.83887], [-87.96745, 41.83882], [-87.96768, 41.83878], [-87.96779, 41.83877], [-87.96809, 41.83873], [-87.96833, 41.8387], [-87.96839, 41.83869], [-87.96845, 41.83867], [-87.96856, 41.83864], [-87.96893, 41.83854], [-87.969, 41.83851], [-87.96907, 41.83848], [-87.9691, 41.83845], [-87.96916, 41.83839], [-87.9692, 41.83836], [-87.9696, 41.83823], [-87.96962, 41.83821], [-87.96965, 41.83819], [-87.96973, 41.83818], [-87.9698, 41.83816], [-87.97013, 41.83805], [-87.9702, 41.83802], [-87.97025, 41.83799], [-87.97052, 41.83788], [-87.97069, 41.83783], [-87.97075, 41.83781], [-87.97087, 41.83776], [-87.97098, 41.83775], [-87.97104, 41.83775], [-87.97117, 41.83774], [-87.97154, 41.8377], [-87.97164, 41.83769], [-87.97174, 41.83772], [-87.9719, 41.83773], [-87.97188, 41.8377], [-87.97182, 41.83769], [-87.97158, 41.83766], [-87.97159, 41.83764], [-87.97175, 41.83761], [-87.97165, 41.83758], [-87.97164, 41.83757], [-87.97162, 41.83754], [-87.9716, 41.83744], [-87.97158, 41.8373], [-87.97156, 41.83727], [-87.97148, 41.83722], [-87.97145, 41.83722], [-87.97135, 41.83722], [-87.97132, 41.83723], [-87.97127, 41.83726], [-87.97125, 41.83728], [-87.97124, 41.8373], [-87.97122, 41.83734], [-87.97117, 41.83745], [-87.97106, 41.83758], [-87.97097, 41.83766], [-87.97084, 41.83771], [-87.97081, 41.83773], [-87.97078, 41.83775], [-87.97051, 41.83784], [-87.97028, 41.83792], [-87.96991, 41.83806], [-87.96983, 41.83808], [-87.96927, 41.83822], [-87.96922, 41.83822], [-87.96918, 41.83822], [-87.96913, 41.83821], [-87.96895, 41.83815], [-87.96882, 41.83812], [-87.96869, 41.8381], [-87.96843, 41.83811], [-87.96833, 41.83812], [-87.96812, 41.83813], [-87.96801, 41.83815], [-87.96796, 41.83816], [-87.96787, 41.83819], [-87.96781, 41.83821], [-87.96767, 41.83828], [-87.9676, 41.83832], [-87.9674, 41.83845], [-87.96738, 41.83847], [-87.96725, 41.83869], [-87.96717, 41.83877], [-87.96694, 41.83896], [-87.96691, 41.839], [-87.96688, 41.83902], [-87.96678, 41.83906], [-87.96676, 41.83907], [-87.96673, 41.83906], [-87.96672, 41.83902], [-87.96663, 41.83906], [-87.96648, 41.83914], [-87.96603, 41.83925], [-87.96599, 41.83925], [-87.96589, 41.83925], [-87.96575, 41.83923], [-87.96564, 41.8392], [-87.96556, 41.83917], [-87.9655, 41.83913], [-87.96541, 41.83905], [-87.9654, 41.83903], [-87.96538, 41.83893], [-87.96507, 41.83865], [-87.96501, 41.8386], [-87.96488, 41.83855], [-87.96476, 41.8385], [-87.96471, 41.83849], [-87.96462, 41.83849], [-87.9645, 41.8385], [-87.96445, 41.83851], [-87.96435, 41.83854], [-87.9643, 41.83855], [-87.96425, 41.83855], [-87.9642, 41.83855], [-87.96404, 41.83852], [-87.96392, 41.83849], [-87.96373, 41.83845], [-87.96353, 41.83845], [-87.96338, 41.83842], [-87.96329, 41.8384], [-87.96316, 41.83835], [-87.96302, 41.83831], [-87.96296, 41.83829], [-87.96289, 41.83828], [-87.96271, 41.83822], [-87.96262, 41.8382], [-87.96254, 41.83816], [-87.96246, 41.83814], [-87.96235, 41.83811], [-87.96225, 41.83807], [-87.96217, 41.83804], [-87.96214, 41.83802], [-87.9621, 41.83798], [-87.96207, 41.83794], [-87.962, 41.83777], [-87.96197, 41.83771], [-87.96194, 41.83765], [-87.96193, 41.83761], [-87.96189, 41.8375], [-87.96186, 41.83746], [-87.9618, 41.8374], [-87.96174, 41.83721], [-87.96172, 41.83718], [-87.96157, 41.83702], [-87.96144, 41.83687], [-87.96128, 41.8367], [-87.96108, 41.83651], [-87.96101, 41.83644], [-87.96097, 41.83642], [-87.96091, 41.83638], [-87.96054, 41.83614], [-87.96046, 41.83609], [-87.96042, 41.83601], [-87.96042, 41.83599], [-87.96044, 41.83568], [-87.96044, 41.8355], [-87.96039, 41.83539], [-87.96037, 41.83538], [-87.96027, 41.83524], [-87.96026, 41.8352], [-87.96025, 41.83515], [-87.96026, 41.83513], [-87.96022, 41.83505], [-87.96018, 41.83498], [-87.96016, 41.83495], [-87.95987, 41.83474], [-87.95984, 41.83471], [-87.95984, 41.83463], [-87.95989, 41.83459], [-87.95991, 41.83457], [-87.95992, 41.83454], [-87.95992, 41.83452], [-87.95988, 41.83426], [-87.95985, 41.83416], [-87.95979, 41.8341], [-87.95977, 41.83406], [-87.95976, 41.83403], [-87.95976, 41.834], [-87.9597, 41.83379], [-87.95959, 41.83361], [-87.9595, 41.83354], [-87.95943, 41.8335], [-87.95925, 41.83326], [-87.95929, 41.83304], [-87.95928, 41.83293], [-87.95924, 41.83285], [-87.95922, 41.8328], [-87.95912, 41.8328], [-87.95896, 41.83281], [-87.9588, 41.83284], [-87.95866, 41.83288], [-87.95858, 41.83291], [-87.9585, 41.83294], [-87.95847, 41.83296], [-87.95842, 41.83299], [-87.9582, 41.83312], [-87.95806, 41.83319], [-87.95798, 41.83321], [-87.95793, 41.83323], [-87.95788, 41.83326], [-87.95777, 41.83332], [-87.95774, 41.83333], [-87.9577, 41.83333], [-87.95765, 41.83332], [-87.95751, 41.83328], [-87.95742, 41.83323], [-87.95737, 41.83323], [-87.9573, 41.83322], [-87.95723, 41.8332], [-87.95717, 41.83319], [-87.95713, 41.83319], [-87.95707, 41.83321], [-87.95706, 41.83322], [-87.95707, 41.83333], [-87.95716, 41.83377], [-87.95724, 41.83408], [-87.95726, 41.83412], [-87.9573, 41.83414], [-87.95734, 41.83414], [-87.95751, 41.83408], [-87.95755, 41.83405], [-87.95802, 41.83402], [-87.95809, 41.83402], [-87.95814, 41.83399], [-87.95816, 41.83395], [-87.95816, 41.83382], [-87.9581, 41.83361], [-87.95808, 41.83344], [-87.95809, 41.83339], [-87.95813, 41.83332], [-87.9582, 41.83326], [-87.95835, 41.83317], [-87.95857, 41.83307], [-87.95862, 41.83305], [-87.95866, 41.83305], [-87.95879, 41.83306], [-87.95894, 41.83312], [-87.95899, 41.83315], [-87.95905, 41.83319], [-87.95909, 41.83322], [-87.95911, 41.83324], [-87.95928, 41.83352], [-87.95929, 41.83356], [-87.95941, 41.83371], [-87.95951, 41.83388], [-87.95953, 41.83391], [-87.95957, 41.83395], [-87.95962, 41.83399], [-87.95968, 41.83405], [-87.95969, 41.83407], [-87.95968, 41.83409], [-87.95965, 41.83415], [-87.95962, 41.83423], [-87.95962, 41.83437], [-87.95963, 41.83443], [-87.95964, 41.83449], [-87.95962, 41.83459], [-87.95963, 41.83462], [-87.95964, 41.83465], [-87.95966, 41.83466], [-87.95968, 41.83467], [-87.95971, 41.83468], [-87.95976, 41.8347], [-87.95986, 41.83482], [-87.95988, 41.83486], [-87.9599, 41.83489], [-87.96005, 41.83502], [-87.96008, 41.83503], [-87.96012, 41.83507], [-87.96018, 41.83514], [-87.96019, 41.83515], [-87.96018, 41.83522], [-87.96017, 41.83527], [-87.96013, 41.83533], [-87.96011, 41.8354], [-87.96009, 41.83555], [-87.96009, 41.83573], [-87.96008, 41.83585], [-87.96006, 41.83596], [-87.96004, 41.83603], [-87.96, 41.83612], [-87.95997, 41.83615], [-87.95992, 41.83622], [-87.95981, 41.83637], [-87.95978, 41.83639], [-87.95971, 41.83644], [-87.95964, 41.83652], [-87.95964, 41.83654], [-87.95957, 41.83659], [-87.95948, 41.83667], [-87.9594, 41.83672], [-87.9592, 41.83685], [-87.95905, 41.83694], [-87.95898, 41.837], [-87.95894, 41.83704], [-87.95898, 41.83727], [-87.959, 41.83732], [-87.95918, 41.83823], [-87.95919, 41.8383], [-87.9592, 41.83836], [-87.95922, 41.83839], [-87.95923, 41.83842], [-87.9592, 41.83843], [-87.95907, 41.83841], [-87.95892, 41.83841], [-87.95881, 41.83842], [-87.95876, 41.83843], [-87.95861, 41.83849], [-87.95859, 41.83851], [-87.95855, 41.83853], [-87.95848, 41.83854], [-87.95842, 41.83855], [-87.95831, 41.83855], [-87.95826, 41.83855], [-87.95811, 41.83852], [-87.95803, 41.8385], [-87.95796, 41.83852], [-87.95793, 41.83853], [-87.95774, 41.83861], [-87.95761, 41.83867], [-87.95752, 41.83871], [-87.95731, 41.83881], [-87.95725, 41.83881], [-87.95719, 41.83878], [-87.95716, 41.83877], [-87.95713, 41.83875], [-87.95708, 41.83874], [-87.95693, 41.83875], [-87.95666, 41.83878], [-87.95642, 41.83881], [-87.95617, 41.83881], [-87.95607, 41.83881], [-87.9559, 41.83883], [-87.95585, 41.83885], [-87.95577, 41.83889], [-87.95562, 41.83894], [-87.95536, 41.83894], [-87.95503, 41.83894], [-87.95477, 41.83897], [-87.95416, 41.83899], [-87.95402, 41.83898], [-87.95394, 41.83899], [-87.95363, 41.83904], [-87.95358, 41.83906], [-87.95345, 41.83913], [-87.95335, 41.83926], [-87.95334, 41.8393], [-87.95332, 41.83931], [-87.95327, 41.83932], [-87.95325, 41.83932], [-87.95315, 41.83927], [-87.95311, 41.83925], [-87.95304, 41.83917], [-87.95297, 41.83912], [-87.95289, 41.83909], [-87.95273, 41.83907], [-87.95239, 41.83907], [-87.95217, 41.83911], [-87.95201, 41.83916], [-87.95191, 41.83921], [-87.95186, 41.83922], [-87.95184, 41.83921], [-87.95182, 41.83919], [-87.95175, 41.83909], [-87.95171, 41.83906], [-87.95167, 41.83903], [-87.95158, 41.83899], [-87.95134, 41.83892], [-87.95115, 41.83887], [-87.95105, 41.83885], [-87.951, 41.83884], [-87.95081, 41.83885], [-87.95076, 41.8388], [-87.95072, 41.83876], [-87.95069, 41.83875], [-87.95055, 41.83871], [-87.95044, 41.83868], [-87.95039, 41.83868], [-87.95034, 41.83868], [-87.95023, 41.83869], [-87.95017, 41.83871], [-87.95009, 41.83872], [-87.95004, 41.83872], [-87.94998, 41.83871], [-87.94988, 41.8387], [-87.94979, 41.83873], [-87.94976, 41.83875], [-87.94974, 41.83877], [-87.94967, 41.83876], [-87.94966, 41.83873], [-87.94964, 41.83872], [-87.94955, 41.83866], [-87.9495, 41.83866], [-87.94909, 41.83857], [-87.94889, 41.83853], [-87.94887, 41.83852], [-87.94884, 41.83849], [-87.94882, 41.83843], [-87.94882, 41.83837], [-87.9488, 41.8383], [-87.94878, 41.83825], [-87.94873, 41.83818], [-87.94871, 41.83816], [-87.94868, 41.83815], [-87.94864, 41.83814], [-87.94853, 41.83813], [-87.9485, 41.83812], [-87.9484, 41.83808], [-87.94837, 41.83805], [-87.94833, 41.83799], [-87.94832, 41.83792], [-87.94841, 41.83779], [-87.94853, 41.83772], [-87.94855, 41.8377], [-87.94857, 41.83767], [-87.94859, 41.83764], [-87.94859, 41.83759], [-87.94857, 41.83753], [-87.9486, 41.83744], [-87.94859, 41.83742], [-87.94856, 41.83737], [-87.94855, 41.83735], [-87.94855, 41.83729], [-87.94854, 41.83725], [-87.94848, 41.83718], [-87.94842, 41.83714], [-87.9483, 41.83708], [-87.94827, 41.83707], [-87.94814, 41.83707], [-87.94799, 41.83708], [-87.94792, 41.83709], [-87.94776, 41.83713], [-87.94772, 41.83714], [-87.94767, 41.83714], [-87.94758, 41.83712], [-87.94728, 41.83695], [-87.94726, 41.83693], [-87.94723, 41.83687], [-87.94712, 41.83688], [-87.9465, 41.83687], [-87.94635, 41.83696], [-87.94631, 41.83698], [-87.94627, 41.83699], [-87.94621, 41.83699], [-87.94613, 41.83699], [-87.94602, 41.83695], [-87.94592, 41.83691], [-87.94587, 41.8369], [-87.94578, 41.83686], [-87.94572, 41.83684], [-87.94565, 41.83682], [-87.94563, 41.83681], [-87.94553, 41.83676], [-87.94549, 41.8367], [-87.94552, 41.83651], [-87.94552, 41.83647], [-87.9455, 41.83642], [-87.94548, 41.8364], [-87.9453, 41.83635], [-87.94528, 41.83634], [-87.94526, 41.83632], [-87.94524, 41.83626], [-87.94518, 41.8362], [-87.94517, 41.83617], [-87.94517, 41.83615], [-87.94519, 41.83612], [-87.94521, 41.83607], [-87.94516, 41.8361], [-87.94508, 41.83616], [-87.945, 41.83625], [-87.94499, 41.83627], [-87.94499, 41.83632], [-87.94498, 41.83635], [-87.94497, 41.83637], [-87.94494, 41.83639], [-87.94492, 41.83641], [-87.94488, 41.83643], [-87.94478, 41.83645], [-87.94473, 41.83645], [-87.94466, 41.83645], [-87.94453, 41.83641], [-87.9445, 41.83641], [-87.94442, 41.83642], [-87.94434, 41.83647], [-87.94424, 41.8365], [-87.94416, 41.83653], [-87.94412, 41.83653], [-87.9441, 41.83652], [-87.94407, 41.8365], [-87.94396, 41.83641], [-87.9438, 41.83631], [-87.94367, 41.83622], [-87.94363, 41.8362], [-87.94357, 41.83615], [-87.9435, 41.8361], [-87.94346, 41.83608], [-87.94338, 41.83606], [-87.94326, 41.83606], [-87.94317, 41.83608], [-87.94303, 41.83613], [-87.94293, 41.83618], [-87.94289, 41.8362], [-87.94285, 41.8362], [-87.94282, 41.83619], [-87.94276, 41.83616], [-87.94269, 41.83612], [-87.94265, 41.8361], [-87.94246, 41.83603], [-87.94241, 41.83597], [-87.94238, 41.83593], [-87.94235, 41.83589], [-87.94232, 41.83582], [-87.94232, 41.83577], [-87.94235, 41.8357], [-87.94234, 41.83567], [-87.94236, 41.83563], [-87.94238, 41.8356], [-87.94242, 41.83554], [-87.94246, 41.83534], [-87.94247, 41.83532], [-87.94252, 41.83526], [-87.94255, 41.83524], [-87.94255, 41.83521], [-87.9425, 41.83508], [-87.94251, 41.83505], [-87.94251, 41.83503], [-87.94248, 41.83497], [-87.94238, 41.83483], [-87.94234, 41.83479], [-87.94229, 41.83472], [-87.94227, 41.83468], [-87.94223, 41.83454], [-87.94221, 41.83443], [-87.94209, 41.83398], [-87.94208, 41.83376], [-87.94208, 41.83371], [-87.94211, 41.83359], [-87.94231, 41.83334], [-87.94243, 41.83307], [-87.94248, 41.83286], [-87.94249, 41.8328], [-87.94249, 41.8327], [-87.94247, 41.83263], [-87.94242, 41.83257], [-87.94239, 41.83253], [-87.94237, 41.8325], [-87.94235, 41.83247], [-87.94221, 41.83228], [-87.94214, 41.83222], [-87.94194, 41.83205], [-87.94184, 41.83197], [-87.94176, 41.8319], [-87.94172, 41.83186], [-87.94142, 41.8315], [-87.94141, 41.83147], [-87.94124, 41.83131], [-87.94114, 41.8312], [-87.94098, 41.83103], [-87.94082, 41.8309], [-87.94079, 41.83088], [-87.94076, 41.83083], [-87.94075, 41.8308], [-87.94071, 41.83075], [-87.94056, 41.83062], [-87.94038, 41.83031], [-87.94038, 41.83027], [-87.94042, 41.83023], [-87.94036, 41.83019], [-87.94034, 41.83018], [-87.94028, 41.83012], [-87.94024, 41.83008], [-87.9402, 41.83004], [-87.94014, 41.83], [-87.94009, 41.82997], [-87.9398, 41.82983], [-87.93967, 41.82977], [-87.93956, 41.8297], [-87.9395, 41.82962], [-87.9395, 41.8296], [-87.93952, 41.82957], [-87.93962, 41.82951], [-87.93974, 41.82949], [-87.93988, 41.82949], [-87.93994, 41.8295], [-87.94002, 41.82954], [-87.94013, 41.82962], [-87.94021, 41.82967], [-87.94032, 41.82971], [-87.94038, 41.82972], [-87.9405, 41.82973], [-87.94055, 41.82974], [-87.94058, 41.82975], [-87.9406, 41.82977], [-87.9406, 41.82981], [-87.94058, 41.82987], [-87.94055, 41.82993], [-87.94046, 41.83009], [-87.94047, 41.83011], [-87.94049, 41.83013], [-87.94054, 41.83013], [-87.94059, 41.83009], [-87.94064, 41.82997], [-87.94068, 41.82983], [-87.9407, 41.82978], [-87.94079, 41.82972], [-87.94098, 41.82959], [-87.94114, 41.82951], [-87.94123, 41.82943], [-87.94126, 41.82937], [-87.94129, 41.82931], [-87.94125, 41.82895], [-87.9412, 41.82868], [-87.94118, 41.8285], [-87.94116, 41.82842], [-87.94111, 41.82826], [-87.94105, 41.82812], [-87.94099, 41.82802], [-87.94088, 41.82789], [-87.94079, 41.82779], [-87.94065, 41.82766], [-87.94039, 41.82738], [-87.94053, 41.82733], [-87.94057, 41.8273], [-87.94066, 41.82724], [-87.94073, 41.82726], [-87.9408, 41.8273], [-87.94087, 41.82733], [-87.94107, 41.82727], [-87.94113, 41.82724], [-87.94116, 41.82721], [-87.9412, 41.8272], [-87.94124, 41.82718], [-87.9413, 41.82717], [-87.94144, 41.82717], [-87.94157, 41.82717], [-87.94165, 41.82718], [-87.94167, 41.82719], [-87.94168, 41.82724], [-87.94169, 41.82728], [-87.94171, 41.8273], [-87.94176, 41.82731], [-87.94179, 41.82731], [-87.94181, 41.82731], [-87.94183, 41.82728], [-87.94187, 41.8272], [-87.94191, 41.82717], [-87.94204, 41.82713], [-87.94207, 41.82714], [-87.9421, 41.82715], [-87.94213, 41.82719], [-87.94211, 41.82729], [-87.94211, 41.82731], [-87.94226, 41.82739], [-87.9423, 41.82742], [-87.94233, 41.82746], [-87.94235, 41.82748], [-87.94237, 41.82749], [-87.94241, 41.82749], [-87.94243, 41.82749], [-87.94252, 41.82744], [-87.94254, 41.82742], [-87.94256, 41.8274], [-87.94256, 41.82738], [-87.94255, 41.82737], [-87.94239, 41.8273], [-87.94238, 41.82727], [-87.94246, 41.82718], [-87.94251, 41.82714], [-87.94258, 41.82709], [-87.94261, 41.82709], [-87.94263, 41.8271], [-87.94268, 41.82714], [-87.94274, 41.82715], [-87.94278, 41.82715], [-87.94286, 41.82715], [-87.9429, 41.82716], [-87.94294, 41.82716], [-87.94298, 41.82717], [-87.94309, 41.82709], [-87.94313, 41.82707], [-87.94317, 41.82706], [-87.94323, 41.82706], [-87.94326, 41.82706], [-87.94329, 41.82707], [-87.9433, 41.82709], [-87.94339, 41.8271], [-87.94343, 41.8271], [-87.94351, 41.82708], [-87.94352, 41.82707], [-87.94353, 41.82705], [-87.94355, 41.82702], [-87.94354, 41.82699], [-87.94351, 41.82694], [-87.9435, 41.8269], [-87.94353, 41.82689], [-87.94355, 41.8269], [-87.94361, 41.82696], [-87.94364, 41.82698], [-87.94368, 41.827], [-87.94372, 41.827], [-87.94376, 41.827], [-87.94381, 41.82699], [-87.94384, 41.82696], [-87.94389, 41.82686], [-87.94395, 41.82683], [-87.94398, 41.82684], [-87.94405, 41.82692], [-87.94408, 41.82695], [-87.94414, 41.82694], [-87.94417, 41.82691], [-87.94418, 41.82689], [-87.94428, 41.82682], [-87.94431, 41.82679], [-87.94433, 41.82675], [-87.94434, 41.82672], [-87.94434, 41.82657], [-87.94431, 41.82654], [-87.94431, 41.8265], [-87.94431, 41.82647], [-87.94431, 41.82643], [-87.9443, 41.8264], [-87.9443, 41.82637], [-87.94431, 41.82636], [-87.94442, 41.82631], [-87.94451, 41.82628], [-87.94452, 41.82626], [-87.94453, 41.82624], [-87.94451, 41.82621], [-87.9445, 41.82619], [-87.94432, 41.82614], [-87.9443, 41.82613], [-87.94428, 41.82612], [-87.9443, 41.82604], [-87.94432, 41.82598], [-87.94433, 41.82596], [-87.94436, 41.82596], [-87.94442, 41.82595], [-87.94446, 41.82595], [-87.9445, 41.82593], [-87.94453, 41.82591], [-87.94454, 41.82589], [-87.94454, 41.82586], [-87.94453, 41.82585], [-87.94451, 41.82583], [-87.94448, 41.82582], [-87.94446, 41.8258], [-87.94436, 41.82562], [-87.94435, 41.82559], [-87.94436, 41.82554], [-87.94437, 41.82552], [-87.94443, 41.82545], [-87.9445, 41.82536], [-87.94461, 41.82538], [-87.94471, 41.8254], [-87.94517, 41.82532], [-87.9453, 41.82533], [-87.94534, 41.82533], [-87.94538, 41.82533], [-87.9454, 41.82532], [-87.94542, 41.82531], [-87.94546, 41.82523], [-87.94546, 41.8252], [-87.94547, 41.82515], [-87.94559, 41.82506], [-87.94568, 41.82502], [-87.94573, 41.82496], [-87.9458, 41.82489], [-87.94587, 41.82486], [-87.94591, 41.82488], [-87.94597, 41.82498], [-87.94603, 41.82502], [-87.9461, 41.82501], [-87.94627, 41.82497], [-87.94631, 41.8249], [-87.94635, 41.82484], [-87.94637, 41.82479], [-87.94636, 41.82475], [-87.94631, 41.82472], [-87.94623, 41.8247], [-87.94614, 41.82468], [-87.94609, 41.82466], [-87.94607, 41.82463], [-87.94612, 41.82459], [-87.94618, 41.82457], [-87.94626, 41.82457], [-87.94632, 41.82456], [-87.94638, 41.82453], [-87.94644, 41.82449], [-87.94648, 41.82444], [-87.94652, 41.82437], [-87.94656, 41.82422], [-87.94659, 41.82414], [-87.94661, 41.82412], [-87.94666, 41.82411], [-87.94669, 41.82412], [-87.94671, 41.82412], [-87.94676, 41.82418], [-87.94679, 41.82419], [-87.94684, 41.82419], [-87.9469, 41.82418], [-87.94694, 41.82417], [-87.94698, 41.82417], [-87.94704, 41.82415], [-87.94708, 41.82412], [-87.9472, 41.82393], [-87.94725, 41.82389], [-87.94732, 41.82385], [-87.94734, 41.82378], [-87.9473, 41.82375], [-87.94727, 41.82367], [-87.94729, 41.82357], [-87.94743, 41.82342], [-87.94751, 41.82337], [-87.94759, 41.82335], [-87.94764, 41.82334], [-87.94769, 41.82336], [-87.94775, 41.82345], [-87.94779, 41.82348], [-87.94786, 41.82349], [-87.94792, 41.82349], [-87.94797, 41.82346], [-87.948, 41.82337], [-87.94792, 41.82321], [-87.9479, 41.82315], [-87.94788, 41.82305], [-87.94786, 41.82279], [-87.94783, 41.82273], [-87.94782, 41.82261], [-87.94786, 41.82254], [-87.94791, 41.82252], [-87.94797, 41.82243], [-87.94795, 41.82234], [-87.94796, 41.82224], [-87.94809, 41.82212], [-87.9481, 41.82215], [-87.94815, 41.8221], [-87.94814, 41.82206], [-87.94814, 41.82197], [-87.9482, 41.82192], [-87.94826, 41.82191], [-87.94832, 41.82194], [-87.94837, 41.822], [-87.94839, 41.82207], [-87.94843, 41.82209], [-87.94852, 41.8221], [-87.9486, 41.82207], [-87.94866, 41.82198], [-87.94872, 41.82196], [-87.94877, 41.82196], [-87.94881, 41.82197], [-87.94883, 41.82197], [-87.94886, 41.82195], [-87.94888, 41.82192], [-87.94887, 41.82188], [-87.94885, 41.82182], [-87.94889, 41.82178], [-87.94895, 41.82178], [-87.94899, 41.82177], [-87.94906, 41.82174], [-87.94911, 41.82166], [-87.94908, 41.82154], [-87.94903, 41.82146], [-87.94899, 41.82145], [-87.94893, 41.82143], [-87.94882, 41.82141], [-87.94876, 41.82139], [-87.94875, 41.82134], [-87.94875, 41.82128], [-87.94874, 41.82123], [-87.94872, 41.8212], [-87.94863, 41.82115], [-87.94856, 41.8211], [-87.94856, 41.82097], [-87.94851, 41.8209], [-87.94849, 41.82087], [-87.9485, 41.82081], [-87.94858, 41.82062], [-87.94852, 41.82035], [-87.94834, 41.82019], [-87.94829, 41.82012], [-87.94822, 41.82002], [-87.94816, 41.81994], [-87.94809, 41.8199], [-87.94811, 41.81993], [-87.94815, 41.81997], [-87.94828, 41.82016], [-87.94832, 41.8202], [-87.94848, 41.82034], [-87.94851, 41.82042], [-87.94853, 41.82047], [-87.94853, 41.82053], [-87.94853, 41.82064], [-87.94851, 41.82069], [-87.94849, 41.82075], [-87.94847, 41.82081], [-87.94847, 41.82085], [-87.94848, 41.8209], [-87.94852, 41.82098], [-87.94852, 41.82107], [-87.94852, 41.82111], [-87.94855, 41.82115], [-87.94863, 41.82119], [-87.94868, 41.82122], [-87.9487, 41.82125], [-87.9487, 41.82129], [-87.9487, 41.82136], [-87.94872, 41.82139], [-87.94878, 41.82142], [-87.94894, 41.82145], [-87.949, 41.82149], [-87.94901, 41.82155], [-87.94903, 41.82161], [-87.94905, 41.82168], [-87.949, 41.8217], [-87.94893, 41.8217], [-87.94886, 41.82172], [-87.94881, 41.82179], [-87.94879, 41.82186], [-87.94874, 41.8219], [-87.94868, 41.82192], [-87.94856, 41.82201], [-87.94851, 41.82204], [-87.94847, 41.82205], [-87.94844, 41.82204], [-87.94834, 41.82192], [-87.94831, 41.8219], [-87.94825, 41.82189], [-87.94819, 41.8219], [-87.94814, 41.82192], [-87.9481, 41.82197], [-87.94806, 41.82206], [-87.94802, 41.82212], [-87.94793, 41.82218], [-87.94791, 41.82222], [-87.94793, 41.82238], [-87.9479, 41.82244], [-87.94782, 41.82251], [-87.94778, 41.82257], [-87.94779, 41.82264], [-87.94782, 41.82293], [-87.94785, 41.82308], [-87.94788, 41.82319], [-87.94792, 41.82332], [-87.94793, 41.82339], [-87.94792, 41.82344], [-87.94788, 41.82346], [-87.94783, 41.82345], [-87.94778, 41.82341], [-87.94775, 41.82336], [-87.94771, 41.82332], [-87.94768, 41.82331], [-87.9476, 41.8233], [-87.94752, 41.82332], [-87.94743, 41.82336], [-87.94735, 41.82342], [-87.94729, 41.82349], [-87.94724, 41.82358], [-87.94723, 41.82365], [-87.94725, 41.82372], [-87.94724, 41.8238], [-87.9472, 41.82383], [-87.94715, 41.82387], [-87.9471, 41.82401], [-87.94704, 41.82412], [-87.947, 41.82415], [-87.94691, 41.82415], [-87.94678, 41.82413], [-87.94673, 41.82411], [-87.94669, 41.82409], [-87.94662, 41.82409], [-87.94658, 41.8241], [-87.94654, 41.82413], [-87.94651, 41.8242], [-87.94647, 41.82437], [-87.94643, 41.82445], [-87.94637, 41.8245], [-87.94632, 41.82453], [-87.94626, 41.82455], [-87.94619, 41.82455], [-87.94613, 41.82457], [-87.94607, 41.82459], [-87.94604, 41.82462], [-87.94605, 41.82466], [-87.94609, 41.8247], [-87.94616, 41.82473], [-87.9463, 41.82477], [-87.94633, 41.82479], [-87.94633, 41.82481], [-87.94631, 41.82484], [-87.94615, 41.82496], [-87.94609, 41.82497], [-87.94602, 41.82495], [-87.94599, 41.8249], [-87.94594, 41.82483], [-87.94589, 41.82482], [-87.9458, 41.82484], [-87.94573, 41.82489], [-87.94568, 41.82495], [-87.94561, 41.825], [-87.94543, 41.82515], [-87.94542, 41.8252], [-87.94541, 41.82523], [-87.94539, 41.82528], [-87.94537, 41.8253], [-87.94534, 41.82531], [-87.94531, 41.82531], [-87.94526, 41.8253], [-87.94523, 41.8253], [-87.94471, 41.82538], [-87.94459, 41.82535], [-87.94452, 41.82534], [-87.94445, 41.82535], [-87.94443, 41.82537], [-87.94441, 41.8254], [-87.94438, 41.82544], [-87.94435, 41.82546], [-87.94434, 41.82549], [-87.94433, 41.82564], [-87.94434, 41.82568], [-87.94445, 41.82588], [-87.94445, 41.82589], [-87.94444, 41.82592], [-87.94436, 41.82591], [-87.94433, 41.82592], [-87.94431, 41.82594], [-87.94429, 41.82598], [-87.94425, 41.82608], [-87.94425, 41.82611], [-87.94426, 41.82614], [-87.94427, 41.82615], [-87.94445, 41.82621], [-87.94448, 41.82623], [-87.94448, 41.82625], [-87.94447, 41.82626], [-87.94431, 41.82631], [-87.94428, 41.82632], [-87.94427, 41.82634], [-87.94425, 41.82642], [-87.94432, 41.82666], [-87.94431, 41.82669], [-87.9443, 41.82672], [-87.94413, 41.82691], [-87.94411, 41.82692], [-87.94409, 41.82692], [-87.94406, 41.82689], [-87.94403, 41.82685], [-87.94401, 41.82683], [-87.94398, 41.82681], [-87.94396, 41.82681], [-87.94393, 41.82681], [-87.9439, 41.82682], [-87.94389, 41.82683], [-87.94383, 41.82694], [-87.9438, 41.82696], [-87.94377, 41.82697], [-87.94373, 41.82698], [-87.94369, 41.82698], [-87.94366, 41.82697], [-87.94362, 41.82695], [-87.9436, 41.82693], [-87.94361, 41.82691], [-87.94359, 41.82688], [-87.94357, 41.82687], [-87.94354, 41.82686], [-87.94351, 41.82686], [-87.94349, 41.82687], [-87.94348, 41.8269], [-87.94351, 41.82699], [-87.94351, 41.82702], [-87.94349, 41.82705], [-87.94347, 41.82707], [-87.94342, 41.82708], [-87.94338, 41.82708], [-87.94335, 41.82708], [-87.94331, 41.82704], [-87.94327, 41.82704], [-87.94323, 41.82703], [-87.94314, 41.82704], [-87.9431, 41.82705], [-87.94307, 41.82706], [-87.94301, 41.8271], [-87.94297, 41.82713], [-87.94293, 41.82713], [-87.9429, 41.82713], [-87.94286, 41.82713], [-87.9428, 41.82713], [-87.94263, 41.82707], [-87.94261, 41.82704], [-87.94257, 41.82704], [-87.94253, 41.82705], [-87.9425, 41.82708], [-87.94249, 41.8271], [-87.94242, 41.82715], [-87.94238, 41.82718], [-87.94234, 41.82721], [-87.94232, 41.82724], [-87.94231, 41.82726], [-87.94232, 41.82727], [-87.94247, 41.82737], [-87.94249, 41.82739], [-87.94248, 41.82741], [-87.94245, 41.82743], [-87.94239, 41.82744], [-87.94229, 41.82737], [-87.94227, 41.82735], [-87.94223, 41.82733], [-87.94217, 41.82731], [-87.94215, 41.82729], [-87.94216, 41.82726], [-87.94219, 41.8272], [-87.94218, 41.82717], [-87.94217, 41.82715], [-87.94211, 41.82711], [-87.94208, 41.8271], [-87.94205, 41.82709], [-87.942, 41.8271], [-87.94194, 41.82712], [-87.94189, 41.82714], [-87.94183, 41.82718], [-87.94181, 41.82723], [-87.9418, 41.82726], [-87.94177, 41.82728], [-87.94173, 41.82727], [-87.94172, 41.82724], [-87.94173, 41.82718], [-87.94171, 41.82715], [-87.94169, 41.82714], [-87.94167, 41.82713], [-87.94163, 41.82714], [-87.94161, 41.82715], [-87.94159, 41.82716], [-87.94156, 41.82715], [-87.94152, 41.82714], [-87.9415, 41.82713], [-87.94139, 41.82715], [-87.94133, 41.82715], [-87.94127, 41.82715], [-87.94123, 41.82715], [-87.9412, 41.82716], [-87.94117, 41.82717], [-87.94114, 41.8272], [-87.9411, 41.82722], [-87.941, 41.82726], [-87.94091, 41.8273], [-87.94085, 41.82729], [-87.94076, 41.82723], [-87.94071, 41.82714], [-87.94068, 41.8271], [-87.94066, 41.82709], [-87.94058, 41.82706], [-87.94041, 41.82702], [-87.94026, 41.82694], [-87.94018, 41.8269], [-87.93988, 41.82678], [-87.93984, 41.82675], [-87.93981, 41.82672], [-87.93972, 41.82662], [-87.93956, 41.82641], [-87.93955, 41.82638], [-87.93955, 41.82635], [-87.93956, 41.82631], [-87.93958, 41.82629], [-87.9396, 41.82627], [-87.93966, 41.82626], [-87.93973, 41.82625], [-87.93977, 41.82624], [-87.93982, 41.82622], [-87.93984, 41.8262], [-87.93985, 41.82617], [-87.93986, 41.82616], [-87.93981, 41.82608], [-87.93978, 41.82605], [-87.93975, 41.82597], [-87.93973, 41.8259], [-87.93972, 41.82584], [-87.93976, 41.82578], [-87.93979, 41.82576], [-87.93979, 41.82574], [-87.93978, 41.8257], [-87.93973, 41.82565], [-87.93969, 41.82558], [-87.93964, 41.82551], [-87.93964, 41.82549], [-87.93975, 41.82547], [-87.93978, 41.82546], [-87.9398, 41.82545], [-87.93981, 41.82538], [-87.93982, 41.82536], [-87.93985, 41.82535], [-87.9399, 41.8253], [-87.9399, 41.82527], [-87.9399, 41.82523], [-87.93987, 41.8252], [-87.93976, 41.82511], [-87.9397, 41.82509], [-87.93964, 41.82504], [-87.93959, 41.82498], [-87.93952, 41.82484], [-87.93951, 41.82479], [-87.93953, 41.82474], [-87.93954, 41.82469], [-87.93956, 41.82464], [-87.93959, 41.82458], [-87.93963, 41.82454], [-87.93964, 41.8245], [-87.93965, 41.82445], [-87.93964, 41.82439], [-87.93962, 41.82435], [-87.93959, 41.82432], [-87.93956, 41.82431], [-87.93948, 41.8243], [-87.93943, 41.82429], [-87.93932, 41.82422], [-87.93929, 41.8242], [-87.93915, 41.82416], [-87.93902, 41.82409], [-87.93897, 41.82406], [-87.93891, 41.82396], [-87.9389, 41.8239], [-87.93889, 41.82385], [-87.93889, 41.82383], [-87.93889, 41.82379], [-87.93891, 41.82374], [-87.93896, 41.82367], [-87.939, 41.82364], [-87.93905, 41.82362], [-87.9391, 41.82361], [-87.93921, 41.8236], [-87.93925, 41.82359], [-87.93931, 41.82358], [-87.93936, 41.82356], [-87.93952, 41.82341], [-87.93957, 41.82338], [-87.93963, 41.82335], [-87.93965, 41.82332], [-87.93967, 41.82329], [-87.93967, 41.82327], [-87.93965, 41.82325], [-87.93963, 41.82323], [-87.93963, 41.8232], [-87.93965, 41.82316], [-87.9397, 41.82313], [-87.9398, 41.82308], [-87.93985, 41.82305], [-87.93987, 41.82302], [-87.93987, 41.82298], [-87.93986, 41.82293], [-87.93987, 41.82288], [-87.93989, 41.82285], [-87.93995, 41.82282], [-87.94002, 41.82278], [-87.94014, 41.82271], [-87.94026, 41.82263], [-87.94031, 41.82259], [-87.9403, 41.82255], [-87.94028, 41.8225], [-87.9402, 41.8224], [-87.94019, 41.82235], [-87.94019, 41.8223], [-87.94017, 41.82208], [-87.94016, 41.82203], [-87.94011, 41.82189], [-87.94007, 41.82183], [-87.94002, 41.82169], [-87.94, 41.82163], [-87.94, 41.82156], [-87.94001, 41.82152], [-87.94009, 41.82147], [-87.94012, 41.82143], [-87.94012, 41.82138], [-87.94009, 41.8211], [-87.9401, 41.82107], [-87.94015, 41.82102], [-87.94019, 41.82099], [-87.94026, 41.82097], [-87.94032, 41.82096], [-87.94042, 41.82094], [-87.94046, 41.82092], [-87.94046, 41.8209], [-87.94045, 41.8209], [-87.94045, 41.82085], [-87.94049, 41.82083], [-87.9405, 41.82079], [-87.9405, 41.82068], [-87.94049, 41.82064], [-87.94047, 41.82061], [-87.94039, 41.82054], [-87.94037, 41.82052], [-87.94036, 41.82043], [-87.94035, 41.82041], [-87.94033, 41.82038], [-87.94032, 41.82031], [-87.94033, 41.82023], [-87.94028, 41.82014], [-87.94019, 41.82003], [-87.94005, 41.81989], [-87.94, 41.81985], [-87.93988, 41.81978], [-87.93987, 41.81976], [-87.93989, 41.81975], [-87.93992, 41.81972], [-87.93994, 41.81972], [-87.93997, 41.81971], [-87.94002, 41.81972], [-87.9403, 41.81972], [-87.94034, 41.8197], [-87.94044, 41.81966], [-87.94048, 41.81963], [-87.94077, 41.81947], [-87.94081, 41.81945], [-87.94097, 41.81942], [-87.94105, 41.81938], [-87.94108, 41.81936], [-87.94109, 41.81933], [-87.94109, 41.81931], [-87.94107, 41.81927], [-87.94118, 41.81889], [-87.94122, 41.81887], [-87.94124, 41.81884], [-87.94123, 41.81881], [-87.9412, 41.81877], [-87.94112, 41.81871], [-87.94099, 41.81864], [-87.94082, 41.81856], [-87.94077, 41.81854], [-87.94074, 41.81851], [-87.94073, 41.81848], [-87.94072, 41.81845], [-87.9407, 41.81842], [-87.94065, 41.81837], [-87.9406, 41.81834], [-87.94056, 41.81832], [-87.94048, 41.8183], [-87.9404, 41.81829], [-87.94035, 41.81828], [-87.94012, 41.81818], [-87.94009, 41.81815], [-87.94004, 41.81808], [-87.94003, 41.81805], [-87.94004, 41.81804], [-87.94005, 41.81799], [-87.94007, 41.81795], [-87.94008, 41.81794], [-87.94011, 41.81789], [-87.94012, 41.81783], [-87.94011, 41.81773], [-87.94013, 41.81759], [-87.94014, 41.81752], [-87.94017, 41.81745], [-87.94022, 41.81724], [-87.9402, 41.81714], [-87.94019, 41.81711], [-87.94019, 41.81707], [-87.94024, 41.81701], [-87.94033, 41.81695], [-87.94035, 41.81691], [-87.94035, 41.81688], [-87.94033, 41.81682], [-87.94028, 41.81679], [-87.94026, 41.81678], [-87.94023, 41.81672], [-87.94023, 41.81663], [-87.94023, 41.81656], [-87.94028, 41.81651], [-87.9403, 41.8165], [-87.94034, 41.81646], [-87.94035, 41.81644], [-87.94035, 41.81641], [-87.94034, 41.81639], [-87.94029, 41.81637], [-87.94026, 41.81637], [-87.94023, 41.81636], [-87.94021, 41.81634], [-87.9402, 41.81632], [-87.94021, 41.81614], [-87.9402, 41.81611], [-87.94016, 41.81604], [-87.94011, 41.81598], [-87.94016, 41.81582], [-87.94018, 41.81579], [-87.94021, 41.81577], [-87.94023, 41.81576], [-87.94026, 41.81575], [-87.94033, 41.81576], [-87.94037, 41.81579], [-87.94041, 41.8158], [-87.94049, 41.81573], [-87.94055, 41.81567], [-87.94057, 41.81566], [-87.9406, 41.81566], [-87.94063, 41.81568], [-87.94074, 41.81582], [-87.94078, 41.81584], [-87.9409, 41.81588], [-87.94105, 41.81589], [-87.94113, 41.81587], [-87.94117, 41.81586], [-87.94121, 41.81584], [-87.94134, 41.81574], [-87.94147, 41.81568], [-87.94158, 41.81566], [-87.94163, 41.81565], [-87.94167, 41.81564], [-87.94186, 41.81555], [-87.9419, 41.81552], [-87.94192, 41.81549], [-87.94194, 41.81546], [-87.94194, 41.81544], [-87.94192, 41.81542], [-87.9419, 41.81541], [-87.94187, 41.81539], [-87.94171, 41.81539], [-87.94162, 41.81541], [-87.9416, 41.81542], [-87.94146, 41.81543], [-87.94132, 41.81541], [-87.94123, 41.81534], [-87.94119, 41.81531], [-87.94116, 41.81529], [-87.94114, 41.81527], [-87.94112, 41.81523], [-87.94111, 41.81519], [-87.94112, 41.81505], [-87.94109, 41.81492], [-87.94101, 41.81479], [-87.94092, 41.81458], [-87.94091, 41.81449], [-87.94092, 41.81445], [-87.94095, 41.81437], [-87.94098, 41.81434], [-87.94099, 41.81431], [-87.94099, 41.81428], [-87.94098, 41.81424], [-87.94088, 41.8142], [-87.94086, 41.81419], [-87.94086, 41.81416], [-87.94092, 41.81413], [-87.94098, 41.81411], [-87.94105, 41.81409], [-87.94107, 41.81407], [-87.94109, 41.814], [-87.94113, 41.81392], [-87.94116, 41.81388], [-87.94117, 41.81385], [-87.94121, 41.81379], [-87.94124, 41.81376], [-87.94144, 41.81359], [-87.94163, 41.81348], [-87.94174, 41.81341], [-87.94175, 41.81339], [-87.94174, 41.81337], [-87.94174, 41.81334], [-87.94176, 41.81333], [-87.94179, 41.81331], [-87.94183, 41.81327], [-87.94196, 41.81298], [-87.94197, 41.81297], [-87.94201, 41.81296], [-87.94203, 41.81294], [-87.94204, 41.81292], [-87.9421, 41.81291], [-87.94205, 41.8129], [-87.94201, 41.81289], [-87.94196, 41.8129], [-87.94192, 41.81291], [-87.9419, 41.81292], [-87.94187, 41.81296], [-87.94181, 41.81306], [-87.94178, 41.81315], [-87.94173, 41.81326], [-87.94172, 41.8133], [-87.94172, 41.81332], [-87.94169, 41.81334], [-87.94166, 41.81333], [-87.94164, 41.81334], [-87.94159, 41.81339], [-87.94149, 41.81346], [-87.94139, 41.81352], [-87.94112, 41.81368], [-87.94109, 41.81372], [-87.94103, 41.81381], [-87.94097, 41.81385], [-87.94091, 41.81388], [-87.94088, 41.8139], [-87.94082, 41.81391], [-87.9405, 41.81393], [-87.94043, 41.81395], [-87.94039, 41.81395], [-87.94035, 41.81396], [-87.94031, 41.81399], [-87.94024, 41.81404], [-87.9402, 41.81408], [-87.94018, 41.81411], [-87.94018, 41.81416], [-87.94018, 41.81422], [-87.94024, 41.8143], [-87.94026, 41.81434], [-87.94026, 41.81438], [-87.94024, 41.8145], [-87.94021, 41.81464], [-87.94017, 41.81481], [-87.94019, 41.81496], [-87.94022, 41.81515], [-87.94022, 41.81523], [-87.9402, 41.81528], [-87.94014, 41.81538], [-87.94009, 41.81544], [-87.94003, 41.81548], [-87.93997, 41.81553], [-87.93995, 41.81565], [-87.93994, 41.81569], [-87.93995, 41.81575], [-87.93996, 41.816], [-87.93996, 41.81615], [-87.93997, 41.81657], [-87.93998, 41.81687], [-87.94002, 41.81699], [-87.94007, 41.81724], [-87.94005, 41.81735], [-87.94002, 41.81744], [-87.94001, 41.81749], [-87.94001, 41.81752], [-87.94001, 41.81756], [-87.94, 41.81773], [-87.94, 41.81776], [-87.94002, 41.81782], [-87.94002, 41.81784], [-87.93999, 41.81791], [-87.93999, 41.81796], [-87.93999, 41.81798], [-87.93998, 41.81803], [-87.93998, 41.81808], [-87.94001, 41.81815], [-87.94005, 41.8182], [-87.94008, 41.81822], [-87.94021, 41.81828], [-87.94027, 41.81832], [-87.94031, 41.81834], [-87.94036, 41.81836], [-87.94047, 41.81834], [-87.94051, 41.81834], [-87.94055, 41.81835], [-87.94059, 41.81838], [-87.94066, 41.81843], [-87.9407, 41.81853], [-87.94074, 41.81855], [-87.94086, 41.8186], [-87.94112, 41.81875], [-87.94119, 41.81882], [-87.9412, 41.81883], [-87.94119, 41.81885], [-87.94116, 41.81888], [-87.94103, 41.81927], [-87.94099, 41.81932], [-87.94094, 41.81937], [-87.94091, 41.81938], [-87.94089, 41.81936], [-87.94085, 41.81935], [-87.94072, 41.81937], [-87.94066, 41.81938], [-87.94059, 41.8194], [-87.94038, 41.81953], [-87.94027, 41.81958], [-87.94021, 41.81959], [-87.94015, 41.81959], [-87.94004, 41.81961], [-87.93988, 41.81968], [-87.93981, 41.81975], [-87.93979, 41.81983], [-87.93978, 41.81987], [-87.93983, 41.81997], [-87.93986, 41.82002], [-87.93993, 41.8201], [-87.94003, 41.82021], [-87.94012, 41.82028], [-87.94016, 41.8203], [-87.94021, 41.82032], [-87.94023, 41.82033], [-87.94026, 41.8204], [-87.94026, 41.82042], [-87.94024, 41.82045], [-87.9402, 41.8205], [-87.94018, 41.82057], [-87.94021, 41.82066], [-87.94025, 41.82073], [-87.9403, 41.8208], [-87.94035, 41.82082], [-87.94038, 41.82084], [-87.9404, 41.82086], [-87.9404, 41.82091], [-87.94039, 41.82092], [-87.94034, 41.82094], [-87.94016, 41.82097], [-87.94012, 41.82099], [-87.94008, 41.82102], [-87.94006, 41.82106], [-87.94008, 41.82141], [-87.94007, 41.82145], [-87.94002, 41.82149], [-87.93996, 41.82155], [-87.93996, 41.8216], [-87.94, 41.82173], [-87.94006, 41.82186], [-87.94011, 41.82195], [-87.94014, 41.82205], [-87.94016, 41.82235], [-87.94019, 41.82246], [-87.94023, 41.8225], [-87.94026, 41.82253], [-87.94028, 41.82255], [-87.94027, 41.82259], [-87.94022, 41.82263], [-87.94001, 41.82276], [-87.9399, 41.82282], [-87.93983, 41.82287], [-87.93984, 41.82297], [-87.93983, 41.82303], [-87.9398, 41.82306], [-87.93969, 41.8231], [-87.9396, 41.82316], [-87.93959, 41.82321], [-87.93961, 41.82326], [-87.93962, 41.8233], [-87.93961, 41.82333], [-87.93947, 41.82341], [-87.93938, 41.82349], [-87.93932, 41.82355], [-87.93927, 41.82357], [-87.93922, 41.82358], [-87.93915, 41.82358], [-87.9391, 41.82358], [-87.93908, 41.82358], [-87.93896, 41.82362], [-87.93891, 41.82367], [-87.93887, 41.82372], [-87.93886, 41.82377], [-87.93886, 41.82383], [-87.93886, 41.82389], [-87.93888, 41.82395], [-87.93891, 41.82401], [-87.93897, 41.82409], [-87.93907, 41.82415], [-87.93915, 41.82419], [-87.9393, 41.82425], [-87.93938, 41.82429], [-87.93946, 41.82432], [-87.93957, 41.82435], [-87.93962, 41.82439], [-87.93961, 41.82447], [-87.93957, 41.82457], [-87.93954, 41.82463], [-87.9395, 41.82472], [-87.93947, 41.82476], [-87.93946, 41.82481], [-87.93949, 41.82492], [-87.93951, 41.82496], [-87.93956, 41.82502], [-87.93966, 41.82511], [-87.93981, 41.82519], [-87.93984, 41.82522], [-87.93984, 41.82525], [-87.93985, 41.82527], [-87.93985, 41.82528], [-87.93977, 41.82536], [-87.93973, 41.82543], [-87.93965, 41.82546], [-87.93963, 41.82547], [-87.93961, 41.8255], [-87.93961, 41.82554], [-87.9397, 41.8257], [-87.93971, 41.82572], [-87.9397, 41.82576], [-87.93969, 41.82578], [-87.93967, 41.82581], [-87.93967, 41.82585], [-87.93967, 41.82592], [-87.93968, 41.82597], [-87.93969, 41.826], [-87.93975, 41.82607], [-87.93979, 41.82612], [-87.93981, 41.82615], [-87.93982, 41.82617], [-87.93981, 41.82619], [-87.93978, 41.82621], [-87.93975, 41.82622], [-87.93968, 41.82622], [-87.93964, 41.82622], [-87.93962, 41.82622], [-87.93958, 41.82623], [-87.93956, 41.82624], [-87.93953, 41.82628], [-87.93951, 41.82631], [-87.9395, 41.82636], [-87.9395, 41.8264], [-87.93951, 41.82643], [-87.93954, 41.82648], [-87.93957, 41.82652], [-87.93979, 41.82676], [-87.93984, 41.82679], [-87.93989, 41.82682], [-87.93996, 41.82684], [-87.94005, 41.82686], [-87.9401, 41.82688], [-87.94018, 41.82693], [-87.94026, 41.82698], [-87.9403, 41.82701], [-87.94034, 41.82703], [-87.94036, 41.82704], [-87.94045, 41.82706], [-87.94053, 41.82707], [-87.94059, 41.82709], [-87.94063, 41.8271], [-87.94066, 41.82712], [-87.94068, 41.82714], [-87.94069, 41.82718], [-87.94068, 41.8272], [-87.94065, 41.82722], [-87.94055, 41.82728], [-87.94049, 41.82731], [-87.94041, 41.82733], [-87.94035, 41.82735], [-87.94001, 41.82717], [-87.93988, 41.82712], [-87.93977, 41.82711], [-87.93964, 41.82711], [-87.9395, 41.82713], [-87.93919, 41.82723], [-87.93906, 41.82727], [-87.93892, 41.82729], [-87.93878, 41.8273], [-87.93866, 41.8273], [-87.93816, 41.82728], [-87.93741, 41.82722], [-87.93684, 41.82719], [-87.93635, 41.82722], [-87.93616, 41.82722], [-87.93577, 41.82722], [-87.93573, 41.82722], [-87.93568, 41.82723], [-87.93563, 41.82726], [-87.9356, 41.82728], [-87.93548, 41.82733], [-87.93541, 41.82735], [-87.93531, 41.82739], [-87.93511, 41.82749], [-87.93493, 41.82762], [-87.93487, 41.82768], [-87.93481, 41.82778], [-87.9348, 41.82781], [-87.9348, 41.82785], [-87.93484, 41.82797], [-87.93491, 41.8281], [-87.93509, 41.82826], [-87.93515, 41.82831], [-87.93522, 41.82837], [-87.93525, 41.82841], [-87.93527, 41.82847], [-87.9353, 41.82862], [-87.93534, 41.82872], [-87.9354, 41.82882], [-87.93545, 41.82889], [-87.93548, 41.82894], [-87.93551, 41.82897], [-87.93558, 41.82915], [-87.9356, 41.82942], [-87.93559, 41.82956], [-87.93557, 41.82963], [-87.93552, 41.82973], [-87.93546, 41.8298], [-87.93539, 41.82986], [-87.93517, 41.83004], [-87.93504, 41.83011], [-87.93458, 41.83033], [-87.93445, 41.83039], [-87.93434, 41.83044], [-87.93397, 41.83063], [-87.93392, 41.83065], [-87.93388, 41.83066], [-87.9336, 41.83081], [-87.93337, 41.83088], [-87.93325, 41.83089], [-87.93297, 41.83092], [-87.9329, 41.83091], [-87.93284, 41.8309], [-87.93276, 41.83088], [-87.93273, 41.83087], [-87.93268, 41.83084], [-87.9326, 41.83076], [-87.93254, 41.83066], [-87.9325, 41.83057], [-87.93246, 41.83052], [-87.93234, 41.83029], [-87.93234, 41.83027], [-87.93235, 41.83026], [-87.93238, 41.83022], [-87.93242, 41.83019], [-87.93245, 41.83018], [-87.93247, 41.8302], [-87.93249, 41.83026], [-87.93253, 41.83031], [-87.93255, 41.83032], [-87.93255, 41.8303], [-87.93254, 41.83024], [-87.93253, 41.83018], [-87.93253, 41.83015], [-87.93254, 41.83012], [-87.93257, 41.83008], [-87.93265, 41.82998], [-87.93282, 41.82993], [-87.93293, 41.82981], [-87.93306, 41.82949], [-87.93312, 41.82918], [-87.93314, 41.82917], [-87.93319, 41.82915], [-87.93324, 41.82915], [-87.93328, 41.82915], [-87.93331, 41.82915], [-87.93333, 41.82917], [-87.93336, 41.82925], [-87.93337, 41.82931], [-87.93337, 41.82936], [-87.93335, 41.82943], [-87.93334, 41.82947], [-87.93327, 41.82958], [-87.9332, 41.82968], [-87.93318, 41.82972], [-87.9332, 41.82976], [-87.93322, 41.82977], [-87.93324, 41.82977], [-87.93341, 41.82952], [-87.93344, 41.82946], [-87.93346, 41.8294], [-87.93347, 41.82928], [-87.93346, 41.8292], [-87.9334, 41.82909], [-87.93335, 41.82902], [-87.93327, 41.82894], [-87.93319, 41.82889], [-87.93312, 41.82885], [-87.93304, 41.82882], [-87.933, 41.82881], [-87.93282, 41.82878], [-87.93274, 41.82878], [-87.93256, 41.8288], [-87.93226, 41.82881], [-87.93209, 41.8288], [-87.93161, 41.8288], [-87.93151, 41.82879], [-87.93138, 41.82875], [-87.93128, 41.82871], [-87.9312, 41.82868], [-87.93106, 41.82861], [-87.93102, 41.82858], [-87.93099, 41.82856], [-87.93092, 41.8285], [-87.93088, 41.82846], [-87.93083, 41.82835], [-87.93083, 41.82828], [-87.93083, 41.82824], [-87.93085, 41.82819], [-87.93093, 41.82801], [-87.9311, 41.82775], [-87.93118, 41.82767], [-87.93126, 41.8276], [-87.93132, 41.82756], [-87.93135, 41.82755], [-87.93138, 41.82755], [-87.93138, 41.82757], [-87.93138, 41.82759], [-87.93136, 41.82761], [-87.93126, 41.82769], [-87.93124, 41.82772], [-87.93122, 41.8278], [-87.93104, 41.82821], [-87.93104, 41.82823], [-87.93104, 41.82826], [-87.9311, 41.82834], [-87.93126, 41.82843], [-87.93129, 41.8284], [-87.93129, 41.82837], [-87.93127, 41.82835], [-87.93125, 41.82834], [-87.93124, 41.82831], [-87.93126, 41.82827], [-87.93128, 41.82824], [-87.93135, 41.82816], [-87.93138, 41.82814], [-87.9314, 41.82813], [-87.93146, 41.82812], [-87.93153, 41.82811], [-87.93156, 41.8281], [-87.93161, 41.82807], [-87.93164, 41.82803], [-87.93168, 41.82795], [-87.93168, 41.82789], [-87.93166, 41.82782], [-87.93164, 41.82778], [-87.93166, 41.82773], [-87.93164, 41.8277], [-87.93163, 41.82763], [-87.93173, 41.82748], [-87.93175, 41.82743], [-87.93172, 41.82735], [-87.93172, 41.82727], [-87.93174, 41.82718], [-87.93176, 41.82711], [-87.93179, 41.82708], [-87.93182, 41.82707], [-87.93186, 41.82704], [-87.9319, 41.827], [-87.93198, 41.82689], [-87.93199, 41.82686], [-87.93198, 41.82641], [-87.93199, 41.82636], [-87.93199, 41.82631], [-87.93194, 41.82618], [-87.93186, 41.82605], [-87.93181, 41.82587], [-87.93172, 41.82553], [-87.93167, 41.82521], [-87.93166, 41.82517], [-87.93163, 41.82509], [-87.93162, 41.82489], [-87.93162, 41.82479], [-87.93163, 41.82474], [-87.93166, 41.82471], [-87.93175, 41.82467], [-87.93181, 41.82463], [-87.93184, 41.82462], [-87.93188, 41.82461], [-87.93192, 41.82462], [-87.93191, 41.82464], [-87.93189, 41.82466], [-87.93192, 41.82467], [-87.93217, 41.82458], [-87.93219, 41.82458], [-87.93224, 41.82459], [-87.93226, 41.8246], [-87.93229, 41.82463], [-87.93233, 41.82466], [-87.93235, 41.82467], [-87.93237, 41.82467], [-87.93267, 41.82465], [-87.93276, 41.82463], [-87.93279, 41.82462], [-87.933, 41.82449], [-87.93317, 41.82437], [-87.93328, 41.82426], [-87.93336, 41.82419], [-87.9334, 41.82415], [-87.93343, 41.82412], [-87.93348, 41.82402], [-87.93352, 41.82392], [-87.93356, 41.82389], [-87.93355, 41.82386], [-87.93353, 41.82384], [-87.9335, 41.8238], [-87.93346, 41.8237], [-87.93334, 41.82362], [-87.93325, 41.82356], [-87.9332, 41.82351], [-87.93311, 41.82343], [-87.93297, 41.82333], [-87.93293, 41.8233], [-87.93292, 41.82328], [-87.93283, 41.82317], [-87.93278, 41.82312], [-87.93274, 41.8231], [-87.93264, 41.823], [-87.9326, 41.82294], [-87.93259, 41.8229], [-87.93258, 41.8228], [-87.93256, 41.82265], [-87.93252, 41.82257], [-87.93248, 41.82252], [-87.93238, 41.82243], [-87.93217, 41.82231], [-87.93214, 41.82229], [-87.93208, 41.82225], [-87.9319, 41.82216], [-87.93181, 41.82208], [-87.93159, 41.82191], [-87.93116, 41.82164], [-87.93104, 41.8216], [-87.93093, 41.82157], [-87.93086, 41.82154], [-87.93077, 41.82149], [-87.93048, 41.82137], [-87.93044, 41.82137], [-87.93015, 41.82126], [-87.92993, 41.82116], [-87.92975, 41.82111], [-87.92959, 41.82106], [-87.92936, 41.821], [-87.92922, 41.82097], [-87.92912, 41.82094], [-87.92894, 41.82088], [-87.92872, 41.82079], [-87.9285, 41.82075], [-87.92837, 41.82073], [-87.9282, 41.82072], [-87.92794, 41.82071], [-87.9279, 41.82077], [-87.9279, 41.82086], [-87.92788, 41.82088], [-87.92787, 41.8209], [-87.9278, 41.82091], [-87.92775, 41.82091], [-87.92771, 41.82091], [-87.92764, 41.82089], [-87.92736, 41.82079], [-87.92729, 41.82076], [-87.92725, 41.82073], [-87.9272, 41.82071], [-87.92713, 41.82069], [-87.92705, 41.82066], [-87.92703, 41.82065], [-87.92699, 41.82065], [-87.92693, 41.82066], [-87.9269, 41.82065], [-87.92688, 41.82064], [-87.92687, 41.82061], [-87.92687, 41.82059], [-87.92688, 41.82057], [-87.92693, 41.82056], [-87.92695, 41.82055], [-87.92694, 41.82053], [-87.92686, 41.82052], [-87.92681, 41.8205], [-87.92675, 41.82047], [-87.92672, 41.82047], [-87.92649, 41.82034], [-87.92635, 41.82028], [-87.92628, 41.82026], [-87.92624, 41.82026], [-87.92622, 41.82025], [-87.92621, 41.82021], [-87.92623, 41.82018], [-87.92613, 41.82013], [-87.92608, 41.82017], [-87.92606, 41.82018], [-87.92603, 41.82018], [-87.92591, 41.82013], [-87.9258, 41.82006], [-87.92577, 41.82004], [-87.92575, 41.82], [-87.92571, 41.81989], [-87.92569, 41.81987], [-87.92558, 41.81975], [-87.92557, 41.81974], [-87.92531, 41.81949], [-87.92527, 41.81947], [-87.9252, 41.81948], [-87.92513, 41.81949], [-87.92511, 41.81951], [-87.9251, 41.81953], [-87.92508, 41.81955], [-87.92506, 41.81958], [-87.92501, 41.81961], [-87.92496, 41.81963], [-87.92492, 41.81963], [-87.92457, 41.81963], [-87.92431, 41.81965], [-87.92426, 41.81966], [-87.9242, 41.81968], [-87.92411, 41.81969], [-87.92401, 41.81971], [-87.92393, 41.81972], [-87.92352, 41.81971], [-87.9234, 41.81972], [-87.92334, 41.81973], [-87.92328, 41.81976], [-87.92314, 41.8198], [-87.92305, 41.81982], [-87.92288, 41.81988], [-87.92269, 41.82], [-87.92261, 41.82006], [-87.9225, 41.82013], [-87.92243, 41.82015], [-87.92234, 41.8202], [-87.92221, 41.82026], [-87.92215, 41.82027], [-87.92192, 41.82029], [-87.92177, 41.82033], [-87.92173, 41.82035], [-87.92166, 41.82043], [-87.92164, 41.82046], [-87.92164, 41.8205], [-87.92164, 41.82069], [-87.92164, 41.82073], [-87.9216, 41.82087], [-87.9216, 41.82092], [-87.9216, 41.82096], [-87.92167, 41.82122], [-87.92168, 41.82131], [-87.92167, 41.82133], [-87.92153, 41.82151], [-87.92152, 41.82153], [-87.92155, 41.82166], [-87.92156, 41.82168], [-87.92155, 41.82172], [-87.92147, 41.82189], [-87.92144, 41.82207], [-87.92138, 41.8222], [-87.92133, 41.82231], [-87.9213, 41.82232], [-87.92124, 41.82235], [-87.92115, 41.82243], [-87.92111, 41.82249], [-87.92107, 41.82253], [-87.92102, 41.82257], [-87.92084, 41.82272], [-87.92046, 41.823], [-87.92028, 41.82311], [-87.92023, 41.82313], [-87.92021, 41.82315], [-87.92015, 41.82316], [-87.9201, 41.82317], [-87.92001, 41.82316], [-87.91995, 41.82314], [-87.91992, 41.82312], [-87.91977, 41.82301], [-87.91968, 41.82293], [-87.91964, 41.8229], [-87.91952, 41.82286], [-87.91929, 41.8228], [-87.91923, 41.82279], [-87.91889, 41.82277], [-87.91871, 41.82277], [-87.91847, 41.82278], [-87.91848, 41.82295], [-87.91859, 41.82295], [-87.91892, 41.82294], [-87.919, 41.82294], [-87.91917, 41.82294], [-87.91923, 41.82294], [-87.91926, 41.82295], [-87.9193, 41.82296], [-87.91944, 41.82305], [-87.91955, 41.82312], [-87.9196, 41.82322], [-87.91974, 41.82341], [-87.91976, 41.82345], [-87.91978, 41.82347], [-87.91986, 41.82352], [-87.91992, 41.82355], [-87.91995, 41.82357], [-87.92007, 41.82362], [-87.92017, 41.82364], [-87.92024, 41.82365], [-87.92037, 41.82368], [-87.92043, 41.82372], [-87.92049, 41.82375], [-87.92066, 41.82383], [-87.92071, 41.82385], [-87.92076, 41.82385], [-87.92086, 41.82386], [-87.92096, 41.82385], [-87.921, 41.82384], [-87.92106, 41.82379], [-87.9211, 41.82374], [-87.92111, 41.8237], [-87.92114, 41.82358], [-87.92115, 41.82356], [-87.92117, 41.82355], [-87.9212, 41.82354], [-87.92143, 41.82354], [-87.9215, 41.82352], [-87.92157, 41.82348], [-87.92159, 41.82346], [-87.92157, 41.82344], [-87.92156, 41.82342], [-87.92152, 41.8234], [-87.9215, 41.82339], [-87.92145, 41.82341], [-87.92137, 41.82344], [-87.92132, 41.82345], [-87.92126, 41.82343], [-87.92122, 41.82342], [-87.9212, 41.8234], [-87.92118, 41.82333], [-87.92117, 41.82327], [-87.92119, 41.82323], [-87.9213, 41.82319], [-87.92132, 41.82316], [-87.9213, 41.82313], [-87.92131, 41.82311], [-87.92151, 41.82278], [-87.92156, 41.82263], [-87.92161, 41.82246], [-87.9217, 41.82225], [-87.9218, 41.82203], [-87.92184, 41.8219], [-87.92189, 41.82164], [-87.92191, 41.8216], [-87.92192, 41.82155], [-87.92192, 41.82149], [-87.92185, 41.82099], [-87.92183, 41.82091], [-87.92183, 41.82087], [-87.92183, 41.82083], [-87.92186, 41.82076], [-87.92187, 41.8207], [-87.92187, 41.82066], [-87.92192, 41.82059], [-87.92206, 41.82051], [-87.92212, 41.82049], [-87.92236, 41.82044], [-87.9225, 41.82039], [-87.9226, 41.82035], [-87.92272, 41.82026], [-87.92274, 41.8202], [-87.92279, 41.82018], [-87.92298, 41.82008], [-87.9231, 41.82004], [-87.92316, 41.82001], [-87.92321, 41.81999], [-87.92331, 41.81996], [-87.92336, 41.81995], [-87.92353, 41.81994], [-87.92371, 41.81991], [-87.92388, 41.81988], [-87.92391, 41.81987], [-87.924, 41.81985], [-87.92444, 41.81979], [-87.9247, 41.81977], [-87.9248, 41.81978], [-87.92484, 41.81977], [-87.92491, 41.81976], [-87.92498, 41.81974], [-87.92507, 41.81973], [-87.92521, 41.81972], [-87.92525, 41.81972], [-87.92531, 41.81974], [-87.92535, 41.81976], [-87.92553, 41.82002], [-87.92562, 41.82018], [-87.92565, 41.82021], [-87.92567, 41.82024], [-87.92573, 41.82028], [-87.9258, 41.82032], [-87.92596, 41.8204], [-87.926, 41.82042], [-87.92622, 41.82049], [-87.92633, 41.82051], [-87.92669, 41.82067], [-87.92687, 41.82078], [-87.92696, 41.82083], [-87.92699, 41.82085], [-87.9271, 41.82093], [-87.92715, 41.82097], [-87.92742, 41.82114], [-87.92747, 41.82118], [-87.92749, 41.82121], [-87.9276, 41.82128], [-87.92768, 41.82132], [-87.92772, 41.82133], [-87.92774, 41.82133], [-87.92778, 41.82132], [-87.92786, 41.82129], [-87.92791, 41.82127], [-87.92794, 41.82128], [-87.92797, 41.82129], [-87.92799, 41.82132], [-87.92802, 41.8214], [-87.92807, 41.82145], [-87.92812, 41.82147], [-87.92825, 41.82152], [-87.92828, 41.82152], [-87.92853, 41.82153], [-87.9287, 41.82153], [-87.92916, 41.82152], [-87.9293, 41.8215], [-87.92937, 41.82151], [-87.92941, 41.82152], [-87.92948, 41.82152], [-87.92952, 41.82152], [-87.92959, 41.82153], [-87.9297, 41.82156], [-87.92975, 41.82156], [-87.92979, 41.82155], [-87.92982, 41.82155], [-87.92989, 41.82156], [-87.93003, 41.82161], [-87.93018, 41.82164], [-87.93026, 41.82167], [-87.93047, 41.82177], [-87.9305, 41.82178], [-87.93054, 41.82178], [-87.9306, 41.82178], [-87.93062, 41.82178], [-87.93065, 41.82181], [-87.93068, 41.82184], [-87.93074, 41.82196], [-87.93085, 41.82217], [-87.93089, 41.82221], [-87.93097, 41.8223], [-87.931, 41.82233], [-87.93119, 41.82241], [-87.93142, 41.82248], [-87.93146, 41.82251], [-87.93155, 41.82265], [-87.93162, 41.82272], [-87.93172, 41.82279], [-87.93177, 41.82282], [-87.93188, 41.82277], [-87.9319, 41.82277], [-87.93194, 41.82277], [-87.93198, 41.82278], [-87.93205, 41.82282], [-87.93217, 41.82295], [-87.9322, 41.82301], [-87.93219, 41.82312], [-87.93214, 41.82322], [-87.93204, 41.82338], [-87.93201, 41.82343], [-87.93194, 41.82355], [-87.93188, 41.8236], [-87.93181, 41.82366], [-87.93171, 41.82376], [-87.93168, 41.82381], [-87.93153, 41.82412], [-87.93143, 41.82431], [-87.93135, 41.82442], [-87.93126, 41.82453], [-87.93122, 41.82457], [-87.9312, 41.82462], [-87.93119, 41.82474], [-87.9312, 41.8248], [-87.93121, 41.82485], [-87.93125, 41.82509], [-87.93128, 41.82517], [-87.93133, 41.82531], [-87.93135, 41.82538], [-87.93137, 41.82553], [-87.93135, 41.82562], [-87.93125, 41.82592], [-87.93123, 41.82601], [-87.93123, 41.82608], [-87.93123, 41.82614], [-87.93124, 41.8262], [-87.9313, 41.82637], [-87.9314, 41.82649], [-87.93147, 41.82657], [-87.93148, 41.82668], [-87.93148, 41.82673], [-87.93146, 41.82677], [-87.93144, 41.82679], [-87.93098, 41.82707], [-87.93087, 41.82715], [-87.93077, 41.82734], [-87.93075, 41.82754], [-87.93074, 41.8276], [-87.93069, 41.8277], [-87.93065, 41.82779], [-87.93056, 41.82793], [-87.93055, 41.82796], [-87.93055, 41.8281], [-87.93054, 41.82812], [-87.93051, 41.82815], [-87.93042, 41.8282], [-87.93039, 41.8283], [-87.93032, 41.82841], [-87.93029, 41.82843], [-87.93021, 41.82849], [-87.9301, 41.82853], [-87.93004, 41.82856], [-87.92994, 41.82861], [-87.92992, 41.82863], [-87.92979, 41.82885], [-87.92979, 41.82893], [-87.92981, 41.82896], [-87.92984, 41.82899], [-87.92994, 41.82904], [-87.92998, 41.82906], [-87.93002, 41.82906], [-87.93006, 41.82906], [-87.93017, 41.82904], [-87.9302, 41.82904], [-87.93023, 41.82905], [-87.93026, 41.82906], [-87.93028, 41.82912], [-87.93027, 41.82917], [-87.93028, 41.82922], [-87.93029, 41.82926], [-87.9303, 41.82934], [-87.93029, 41.82942], [-87.9303, 41.82952], [-87.93028, 41.82961], [-87.93024, 41.8297], [-87.93024, 41.82973], [-87.93024, 41.82977], [-87.93025, 41.82979], [-87.93027, 41.82982], [-87.93032, 41.82985], [-87.93029, 41.82978], [-87.93029, 41.82966], [-87.93033, 41.82956], [-87.93034, 41.82947], [-87.93034, 41.82944], [-87.93034, 41.82939], [-87.93035, 41.82936], [-87.93037, 41.82935], [-87.93039, 41.82935], [-87.93045, 41.82935], [-87.93052, 41.82936], [-87.93057, 41.82939], [-87.93059, 41.82941], [-87.9307, 41.82976], [-87.93073, 41.82989], [-87.93076, 41.82997], [-87.93084, 41.83015], [-87.931, 41.83037], [-87.93103, 41.83039], [-87.93105, 41.8304], [-87.93115, 41.83042], [-87.93119, 41.83042], [-87.93129, 41.83041], [-87.93135, 41.83039], [-87.93151, 41.83034], [-87.93158, 41.83033], [-87.93166, 41.83032], [-87.93181, 41.83031], [-87.93192, 41.83031], [-87.93199, 41.83032], [-87.93213, 41.83034], [-87.93215, 41.83035], [-87.93217, 41.83036], [-87.93222, 41.83043], [-87.93227, 41.83052], [-87.93244, 41.8308], [-87.9325, 41.83088], [-87.93254, 41.83093], [-87.93263, 41.83101], [-87.93266, 41.83103], [-87.93276, 41.83105], [-87.93295, 41.83109], [-87.93311, 41.8311], [-87.93328, 41.8311], [-87.93338, 41.83109], [-87.9335, 41.83106], [-87.93362, 41.831], [-87.93365, 41.83097], [-87.93386, 41.83093], [-87.93393, 41.83091], [-87.93399, 41.83088], [-87.93403, 41.83086], [-87.93411, 41.83082], [-87.9343, 41.83069], [-87.93454, 41.83055], [-87.9347, 41.83046], [-87.93487, 41.83038], [-87.93521, 41.83019], [-87.93534, 41.83012], [-87.93555, 41.82996], [-87.93563, 41.82987], [-87.93575, 41.8297], [-87.93577, 41.82963], [-87.93579, 41.82952], [-87.93578, 41.82915], [-87.93576, 41.82896], [-87.93573, 41.82892], [-87.93568, 41.82892], [-87.93566, 41.82887], [-87.93562, 41.82876], [-87.93558, 41.82866], [-87.93554, 41.82858], [-87.93551, 41.82853], [-87.93526, 41.82824], [-87.93516, 41.82814], [-87.93504, 41.82802], [-87.93501, 41.82797], [-87.935, 41.82793], [-87.93499, 41.82787], [-87.93498, 41.82784], [-87.93499, 41.82782], [-87.93507, 41.82771], [-87.93518, 41.82762], [-87.93533, 41.82755], [-87.93536, 41.82753], [-87.93548, 41.82747], [-87.93554, 41.82745], [-87.93566, 41.82741], [-87.93573, 41.82739], [-87.9358, 41.82738], [-87.93592, 41.82737], [-87.936, 41.82736], [-87.93622, 41.82738], [-87.93655, 41.82737], [-87.93699, 41.82739], [-87.93722, 41.82742], [-87.93733, 41.82743], [-87.93744, 41.82744], [-87.93756, 41.82745], [-87.93766, 41.82746], [-87.93809, 41.82747], [-87.93833, 41.82749], [-87.93862, 41.82749], [-87.93873, 41.82748], [-87.9388, 41.82747], [-87.93886, 41.82746], [-87.93906, 41.82742], [-87.93925, 41.82736], [-87.93944, 41.82728], [-87.93963, 41.82723], [-87.93972, 41.82722], [-87.93979, 41.82722], [-87.93987, 41.82723], [-87.93998, 41.82728], [-87.94009, 41.82733], [-87.94023, 41.82746], [-87.94033, 41.82755], [-87.94059, 41.82782], [-87.94063, 41.82787], [-87.94081, 41.8281], [-87.94099, 41.82848], [-87.94102, 41.82865], [-87.94103, 41.82873], [-87.94106, 41.82887], [-87.9411, 41.82909], [-87.9411, 41.82921], [-87.94106, 41.82929], [-87.94107, 41.82934], [-87.94106, 41.82937], [-87.94103, 41.82939], [-87.94084, 41.8295], [-87.94069, 41.82956], [-87.9406, 41.82959], [-87.94055, 41.82959], [-87.94036, 41.8296], [-87.9403, 41.82959], [-87.94027, 41.82957], [-87.94003, 41.82943], [-87.93998, 41.8294], [-87.93994, 41.82939], [-87.93988, 41.82937], [-87.93979, 41.82937], [-87.93975, 41.82936], [-87.93968, 41.82937], [-87.93959, 41.8294], [-87.93945, 41.82945], [-87.93941, 41.82948], [-87.93938, 41.82952], [-87.93936, 41.82955], [-87.9393, 41.82973], [-87.9393, 41.82978], [-87.93931, 41.82979], [-87.93948, 41.8299], [-87.93951, 41.82993], [-87.93952, 41.82995], [-87.93954, 41.82996], [-87.93964, 41.82996], [-87.93969, 41.82995], [-87.93973, 41.82995], [-87.93978, 41.82996], [-87.93983, 41.82998], [-87.93992, 41.83004], [-87.93995, 41.83008], [-87.93997, 41.83012], [-87.94002, 41.8303], [-87.94011, 41.83056], [-87.94024, 41.83086], [-87.94025, 41.83089], [-87.94029, 41.83094], [-87.94034, 41.83098], [-87.94059, 41.83114], [-87.94064, 41.83118], [-87.94073, 41.83127], [-87.94078, 41.83134], [-87.94096, 41.83151], [-87.94097, 41.83154], [-87.94105, 41.83166], [-87.94107, 41.83167], [-87.94114, 41.83171], [-87.94123, 41.83177], [-87.94139, 41.83191], [-87.94141, 41.83194], [-87.94147, 41.83197], [-87.94152, 41.83202], [-87.94166, 41.83215], [-87.94179, 41.83224], [-87.94182, 41.83227], [-87.94189, 41.8324], [-87.94193, 41.83246], [-87.94202, 41.83254], [-87.94212, 41.83263], [-87.94216, 41.8327], [-87.94218, 41.83275], [-87.94219, 41.83281], [-87.94219, 41.83287], [-87.94219, 41.83294], [-87.94217, 41.83302], [-87.94206, 41.83328], [-87.94202, 41.83335], [-87.94188, 41.83347], [-87.94186, 41.8335], [-87.94184, 41.83359], [-87.94184, 41.83363], [-87.94182, 41.83415], [-87.94183, 41.83424], [-87.94184, 41.83433], [-87.94191, 41.83447], [-87.94193, 41.83455], [-87.94218, 41.83514], [-87.94219, 41.83519], [-87.94219, 41.83522], [-87.94214, 41.83546], [-87.94212, 41.83551], [-87.94207, 41.83563], [-87.94201, 41.83574], [-87.94197, 41.83584], [-87.94191, 41.83596], [-87.94182, 41.83605], [-87.94159, 41.83643], [-87.94149, 41.83658], [-87.94143, 41.83665], [-87.9414, 41.83668], [-87.94135, 41.83673], [-87.94128, 41.83689], [-87.94124, 41.83696], [-87.94118, 41.8371], [-87.94116, 41.83716], [-87.94109, 41.83748], [-87.94109, 41.83753], [-87.94103, 41.83778], [-87.94103, 41.83782], [-87.94104, 41.83791], [-87.94113, 41.83806], [-87.94113, 41.83809], [-87.94114, 41.83826], [-87.94109, 41.83845], [-87.94108, 41.83849], [-87.94105, 41.83853], [-87.94097, 41.83862], [-87.94078, 41.83892], [-87.9407, 41.83903], [-87.94054, 41.83938], [-87.94053, 41.83949], [-87.94053, 41.83958], [-87.94054, 41.8397], [-87.94055, 41.83974], [-87.94058, 41.83982], [-87.94069, 41.84], [-87.9407, 41.8401], [-87.9407, 41.84015], [-87.94069, 41.84019], [-87.94064, 41.84022], [-87.9405, 41.84027], [-87.94027, 41.84035], [-87.94006, 41.84038], [-87.93992, 41.84043], [-87.93987, 41.84045], [-87.93965, 41.84061], [-87.93959, 41.84065], [-87.93952, 41.84068], [-87.93945, 41.84071], [-87.93929, 41.84074], [-87.93923, 41.84075], [-87.93915, 41.84075], [-87.93911, 41.84075], [-87.93904, 41.84073], [-87.93899, 41.84071], [-87.9387, 41.84059], [-87.93865, 41.84057], [-87.93858, 41.84056], [-87.93849, 41.84055], [-87.93819, 41.84054], [-87.93806, 41.84054], [-87.93781, 41.84055], [-87.93772, 41.84059], [-87.93769, 41.8406], [-87.93765, 41.84064], [-87.93764, 41.84066], [-87.93762, 41.84071], [-87.93759, 41.84081], [-87.93758, 41.8409], [-87.93758, 41.84093], [-87.93764, 41.84103], [-87.93775, 41.8413], [-87.93775, 41.84143], [-87.93775, 41.84164], [-87.93772, 41.84174], [-87.93772, 41.84183], [-87.93764, 41.84203], [-87.93762, 41.84208], [-87.93752, 41.84218], [-87.93742, 41.84224], [-87.93739, 41.84225], [-87.93736, 41.84226], [-87.93724, 41.84231], [-87.93721, 41.84232], [-87.93719, 41.84231], [-87.93713, 41.84227], [-87.93711, 41.84226], [-87.93708, 41.84226], [-87.93698, 41.84214], [-87.937, 41.84207], [-87.93703, 41.84198], [-87.93701, 41.84188], [-87.93694, 41.84177], [-87.93685, 41.84165], [-87.93669, 41.84152], [-87.9365, 41.84142], [-87.93643, 41.84142], [-87.9364, 41.84144], [-87.93626, 41.84143], [-87.93624, 41.84141], [-87.93611, 41.84137], [-87.93607, 41.84134], [-87.93604, 41.84129], [-87.936, 41.84121], [-87.936, 41.84118], [-87.93598, 41.84112], [-87.9359, 41.84108], [-87.93584, 41.84108], [-87.93585, 41.84106], [-87.93591, 41.84102], [-87.93594, 41.841], [-87.93595, 41.84095], [-87.93594, 41.84088], [-87.93589, 41.84082], [-87.93582, 41.84071], [-87.93579, 41.84067], [-87.93574, 41.84064], [-87.93563, 41.84059], [-87.93559, 41.84058], [-87.93555, 41.84058], [-87.93497, 41.8406], [-87.93476, 41.84058], [-87.93455, 41.84059], [-87.93442, 41.84061], [-87.93437, 41.84062], [-87.93402, 41.84075], [-87.93394, 41.84079], [-87.93386, 41.84084], [-87.9337, 41.84097], [-87.93368, 41.84101], [-87.93356, 41.84119], [-87.93354, 41.84121], [-87.93346, 41.84129], [-87.93334, 41.84138], [-87.93316, 41.84146], [-87.93304, 41.8415], [-87.93288, 41.84153], [-87.9327, 41.84155], [-87.93262, 41.84158], [-87.93252, 41.84164], [-87.93248, 41.84165], [-87.93245, 41.84167], [-87.93242, 41.84169], [-87.9324, 41.84173], [-87.93238, 41.84177], [-87.93238, 41.84181], [-87.93219, 41.84184], [-87.93213, 41.84181], [-87.93206, 41.84179], [-87.93201, 41.84178], [-87.93192, 41.84177], [-87.93187, 41.84177], [-87.9318, 41.84178], [-87.93175, 41.8418], [-87.93169, 41.84183], [-87.93157, 41.8419], [-87.93152, 41.84194], [-87.93144, 41.84199], [-87.93124, 41.84211], [-87.9312, 41.84212], [-87.93106, 41.84215], [-87.93102, 41.84216], [-87.93079, 41.84233], [-87.93076, 41.84236], [-87.93064, 41.84245], [-87.9306, 41.84248], [-87.93059, 41.8425], [-87.93044, 41.8426], [-87.93041, 41.84261], [-87.93039, 41.84261], [-87.93035, 41.84264], [-87.93027, 41.8427], [-87.93023, 41.84274], [-87.9302, 41.84277], [-87.93018, 41.84279], [-87.93016, 41.84285], [-87.93015, 41.84291], [-87.93015, 41.84295], [-87.93014, 41.84302], [-87.93011, 41.84308], [-87.93009, 41.8431], [-87.93008, 41.84312], [-87.93012, 41.84317], [-87.93018, 41.84314], [-87.93027, 41.84306], [-87.93028, 41.84304], [-87.93029, 41.84289], [-87.93029, 41.84287], [-87.93033, 41.84281], [-87.93036, 41.84277], [-87.93039, 41.84274], [-87.93042, 41.84272], [-87.93043, 41.8427], [-87.93044, 41.84268], [-87.93061, 41.84257], [-87.93063, 41.84257], [-87.93065, 41.84256], [-87.93108, 41.84223], [-87.93116, 41.84221], [-87.93123, 41.8422], [-87.93136, 41.84216], [-87.93176, 41.84191], [-87.93189, 41.84187], [-87.93192, 41.84187], [-87.93199, 41.84187], [-87.93201, 41.84189], [-87.93208, 41.84191], [-87.93239, 41.84193], [-87.9324, 41.84196], [-87.93248, 41.84204], [-87.93259, 41.8421], [-87.93279, 41.84217], [-87.93283, 41.84218], [-87.93286, 41.84218], [-87.93292, 41.84213], [-87.93297, 41.8421], [-87.93338, 41.84208], [-87.9336, 41.84211], [-87.93369, 41.8422], [-87.93373, 41.8423], [-87.93377, 41.84237], [-87.93379, 41.84243], [-87.93379, 41.84246], [-87.93374, 41.84263], [-87.9337, 41.84278], [-87.93366, 41.84282], [-87.93362, 41.84287], [-87.9335, 41.84305], [-87.93342, 41.84312], [-87.93338, 41.84315], [-87.93332, 41.84318], [-87.9333, 41.84322], [-87.93327, 41.84328], [-87.93327, 41.84334], [-87.93327, 41.8434], [-87.93328, 41.84344], [-87.93335, 41.84357], [-87.9335, 41.84375], [-87.93352, 41.84379], [-87.93359, 41.84387], [-87.93386, 41.84403], [-87.93403, 41.8441], [-87.93416, 41.84415], [-87.93426, 41.84418], [-87.9343, 41.84419], [-87.93442, 41.84421], [-87.93446, 41.84422], [-87.93452, 41.84421], [-87.93456, 41.84421], [-87.93463, 41.84418], [-87.93476, 41.84412], [-87.93478, 41.8441], [-87.93481, 41.84405], [-87.93481, 41.84402], [-87.9348, 41.84396], [-87.9347, 41.84387], [-87.93445, 41.84386], [-87.93441, 41.84385], [-87.93439, 41.84384], [-87.93438, 41.84382], [-87.93437, 41.8438], [-87.93445, 41.84357], [-87.93447, 41.8435], [-87.93446, 41.84348], [-87.93442, 41.84345], [-87.93433, 41.84344], [-87.93432, 41.84347], [-87.93432, 41.8435], [-87.93429, 41.84356], [-87.93421, 41.8437], [-87.9342, 41.8438], [-87.93421, 41.84384], [-87.93426, 41.84391], [-87.93429, 41.84394], [-87.93437, 41.84399], [-87.93455, 41.84401], [-87.93462, 41.84404], [-87.93464, 41.84406], [-87.93463, 41.84407], [-87.93452, 41.84412], [-87.93447, 41.84416], [-87.93445, 41.84416], [-87.9344, 41.8441], [-87.93432, 41.84407], [-87.93426, 41.84405], [-87.93423, 41.84404], [-87.93415, 41.84402], [-87.93409, 41.844], [-87.93395, 41.84396], [-87.93382, 41.84388], [-87.9338, 41.84385], [-87.93379, 41.84382], [-87.93378, 41.84378], [-87.93377, 41.84376], [-87.93363, 41.84366], [-87.93355, 41.84359], [-87.9335, 41.84354], [-87.93344, 41.84344], [-87.93343, 41.8434], [-87.93343, 41.84336], [-87.93344, 41.84331], [-87.93345, 41.84328], [-87.93349, 41.84324], [-87.93351, 41.84323], [-87.93354, 41.84322], [-87.93356, 41.84322], [-87.9336, 41.84324], [-87.93362, 41.84324], [-87.93365, 41.84322], [-87.93367, 41.84319], [-87.93369, 41.84316], [-87.93372, 41.84312], [-87.93374, 41.8431], [-87.93377, 41.84305], [-87.93382, 41.84294], [-87.93386, 41.84293], [-87.93389, 41.84289], [-87.93391, 41.84283], [-87.93392, 41.84279], [-87.93393, 41.84275], [-87.93392, 41.84267], [-87.93393, 41.84264], [-87.93395, 41.84259], [-87.93393, 41.84249], [-87.9339, 41.84239], [-87.93386, 41.84216], [-87.93383, 41.84212], [-87.93377, 41.8421], [-87.93369, 41.84208], [-87.93364, 41.84204], [-87.93363, 41.84203], [-87.93352, 41.84196], [-87.93343, 41.84194], [-87.9333, 41.84193], [-87.93303, 41.84193], [-87.93288, 41.84193], [-87.93272, 41.84189], [-87.93266, 41.84187], [-87.93264, 41.84187], [-87.93262, 41.84186], [-87.93261, 41.84184], [-87.9326, 41.84178], [-87.93264, 41.84172], [-87.93266, 41.84171], [-87.93267, 41.84169], [-87.9327, 41.84167], [-87.93274, 41.84166], [-87.93289, 41.84166], [-87.93295, 41.84165], [-87.93302, 41.84163], [-87.93311, 41.84161], [-87.93324, 41.84158], [-87.93335, 41.84155], [-87.93342, 41.84154], [-87.9335, 41.84151], [-87.93358, 41.84148], [-87.93363, 41.84143], [-87.93368, 41.84136], [-87.93374, 41.84129], [-87.93384, 41.8412], [-87.93393, 41.84107], [-87.93394, 41.84104], [-87.93396, 41.84101], [-87.93398, 41.84098], [-87.93401, 41.84094], [-87.93405, 41.84089], [-87.93409, 41.84087], [-87.9341, 41.84085], [-87.93423, 41.84079], [-87.9343, 41.84076], [-87.93441, 41.84073], [-87.93475, 41.8407], [-87.93484, 41.8407], [-87.93493, 41.84071], [-87.93527, 41.8407], [-87.93544, 41.8407], [-87.9355, 41.8407], [-87.93555, 41.84071], [-87.93562, 41.84074], [-87.93565, 41.84076], [-87.93568, 41.84079], [-87.93571, 41.84085], [-87.93571, 41.84091], [-87.93571, 41.84099], [-87.93569, 41.841], [-87.93556, 41.84102], [-87.93549, 41.84104], [-87.93549, 41.84106], [-87.93553, 41.84113], [-87.93568, 41.84126], [-87.93578, 41.84135], [-87.93583, 41.84141], [-87.93588, 41.84145], [-87.9359, 41.84146], [-87.93594, 41.84149], [-87.93595, 41.84151], [-87.93601, 41.84156], [-87.93609, 41.84157], [-87.93611, 41.84158], [-87.93626, 41.84158], [-87.93636, 41.84158], [-87.93647, 41.8416], [-87.93663, 41.84168], [-87.93672, 41.84175], [-87.93675, 41.84179], [-87.93675, 41.84203], [-87.93683, 41.84221], [-87.93693, 41.84232], [-87.93693, 41.84234], [-87.93696, 41.84236], [-87.93708, 41.84238], [-87.93709, 41.84241], [-87.93708, 41.84244], [-87.93696, 41.84255], [-87.93691, 41.84258], [-87.93686, 41.84261], [-87.93672, 41.84271], [-87.93668, 41.84275], [-87.9366, 41.84289], [-87.93657, 41.84299], [-87.93657, 41.84303], [-87.93655, 41.84309], [-87.93655, 41.84318], [-87.93652, 41.84331], [-87.93646, 41.84349], [-87.93636, 41.84365], [-87.93634, 41.8437], [-87.93632, 41.84383], [-87.93633, 41.84389], [-87.93635, 41.84394], [-87.93642, 41.84426], [-87.93644, 41.84434], [-87.93647, 41.84451], [-87.93655, 41.8451], [-87.93655, 41.84516], [-87.93655, 41.84523], [-87.93651, 41.84538], [-87.93649, 41.8454], [-87.93646, 41.84554], [-87.93644, 41.84567], [-87.93642, 41.84582], [-87.93642, 41.84589], [-87.93637, 41.84616], [-87.93633, 41.84654], [-87.93632, 41.84661], [-87.9363, 41.84667], [-87.93628, 41.84673], [-87.93623, 41.84693], [-87.93621, 41.84698], [-87.9362, 41.84702], [-87.93621, 41.84709], [-87.93621, 41.84724], [-87.93621, 41.84725], [-87.93621, 41.84726], [-87.93624, 41.84729], [-87.93632, 41.84734], [-87.93634, 41.84736], [-87.93642, 41.8475], [-87.93643, 41.84755], [-87.93643, 41.8476], [-87.93643, 41.84764], [-87.93642, 41.84766], [-87.93639, 41.84779], [-87.93637, 41.84785], [-87.93632, 41.84816], [-87.93631, 41.8482], [-87.93628, 41.84824], [-87.93616, 41.84839], [-87.93608, 41.84845], [-87.93604, 41.84846], [-87.93595, 41.84847], [-87.93568, 41.84858], [-87.93555, 41.84864], [-87.93547, 41.8487], [-87.93512, 41.84897], [-87.93502, 41.84904], [-87.93484, 41.84915], [-87.93478, 41.84917], [-87.93473, 41.84919], [-87.93466, 41.84921], [-87.93458, 41.84925], [-87.93451, 41.84929], [-87.93446, 41.84932], [-87.93433, 41.8494], [-87.9343, 41.84943], [-87.93415, 41.84967], [-87.93397, 41.84997], [-87.93377, 41.85034], [-87.93371, 41.85042], [-87.93362, 41.85051], [-87.93345, 41.85079], [-87.9334, 41.85088], [-87.93337, 41.85092], [-87.93326, 41.85116], [-87.93326, 41.85118], [-87.93326, 41.85127], [-87.93334, 41.85142], [-87.93342, 41.85149], [-87.93348, 41.85153], [-87.93381, 41.85183], [-87.934, 41.85197], [-87.934, 41.85199], [-87.93405, 41.85203], [-87.93409, 41.85206], [-87.93413, 41.85211], [-87.93422, 41.85219], [-87.93427, 41.85221], [-87.93431, 41.85225], [-87.93441, 41.85233], [-87.93444, 41.85236], [-87.9346, 41.85249], [-87.93464, 41.85254], [-87.93468, 41.85257], [-87.93469, 41.85259], [-87.93473, 41.85263], [-87.93474, 41.85264], [-87.93481, 41.85269], [-87.93486, 41.85273], [-87.93492, 41.85276], [-87.935, 41.85286], [-87.93511, 41.85296], [-87.93517, 41.85301], [-87.93519, 41.85302], [-87.93526, 41.85308], [-87.93527, 41.8531], [-87.93533, 41.85314], [-87.93535, 41.85315], [-87.93544, 41.85322], [-87.93568, 41.85338], [-87.93577, 41.85342], [-87.93581, 41.85343], [-87.9359, 41.85344], [-87.93604, 41.85345], [-87.9361, 41.85346], [-87.9363, 41.85352], [-87.93653, 41.85356], [-87.93675, 41.85364], [-87.937, 41.85375], [-87.93714, 41.85394], [-87.93725, 41.8541], [-87.93729, 41.85414], [-87.93743, 41.85423], [-87.93751, 41.85426], [-87.93758, 41.85429], [-87.93764, 41.85431], [-87.93769, 41.85431], [-87.93787, 41.85432], [-87.93802, 41.85436], [-87.93813, 41.85438], [-87.93839, 41.85439], [-87.93873, 41.85447], [-87.9388, 41.85448], [-87.93884, 41.85449], [-87.93899, 41.85453], [-87.93911, 41.85453], [-87.93945, 41.85454], [-87.94, 41.85454], [-87.94004, 41.85456], [-87.94005, 41.85459], [-87.94009, 41.85454], [-87.9402, 41.85454], [-87.94041, 41.85452], [-87.94065, 41.85451], [-87.94077, 41.85452], [-87.9409, 41.85453], [-87.94106, 41.85452], [-87.94127, 41.85453], [-87.9413, 41.85454], [-87.94157, 41.85452], [-87.94178, 41.85449], [-87.9419, 41.85447], [-87.94195, 41.85446], [-87.94204, 41.85442], [-87.94213, 41.85437], [-87.94219, 41.85433], [-87.94229, 41.85426], [-87.94233, 41.85422], [-87.94237, 41.85416], [-87.94245, 41.85407], [-87.94254, 41.85396], [-87.94274, 41.85373], [-87.94294, 41.85352], [-87.94304, 41.85341], [-87.94349, 41.85285], [-87.94351, 41.85284], [-87.94353, 41.85281], [-87.94357, 41.85276], [-87.94366, 41.85261], [-87.94373, 41.8525], [-87.94386, 41.8523], [-87.94391, 41.85224], [-87.94394, 41.85219], [-87.94405, 41.85205], [-87.94406, 41.85204], [-87.94426, 41.85182], [-87.94436, 41.85173], [-87.9444, 41.85171], [-87.94445, 41.8517], [-87.94453, 41.85168], [-87.94458, 41.85168], [-87.94472, 41.85168], [-87.94479, 41.85169], [-87.94485, 41.8517], [-87.945, 41.85175], [-87.94508, 41.85178], [-87.94516, 41.85183], [-87.9452, 41.85186], [-87.94523, 41.8519], [-87.94528, 41.85194], [-87.94532, 41.85196], [-87.94542, 41.85205], [-87.94552, 41.85215], [-87.94561, 41.85224], [-87.94575, 41.85253], [-87.94592, 41.85293], [-87.94594, 41.85301], [-87.94597, 41.85303], [-87.946, 41.85306], [-87.94607, 41.85321], [-87.94607, 41.85323], [-87.94607, 41.85325], [-87.94621, 41.8535], [-87.94628, 41.85359], [-87.94638, 41.8537], [-87.94642, 41.85375], [-87.9465, 41.85383], [-87.94659, 41.85391], [-87.94667, 41.85397], [-87.9467, 41.854], [-87.94699, 41.85416], [-87.94718, 41.85425], [-87.94728, 41.8543], [-87.94732, 41.85433], [-87.94735, 41.85436], [-87.94752, 41.85448], [-87.94772, 41.85461], [-87.94787, 41.8547], [-87.9479, 41.85472], [-87.94799, 41.85477], [-87.94808, 41.85481], [-87.94825, 41.85488], [-87.94838, 41.85496], [-87.94874, 41.85521], [-87.94887, 41.85532], [-87.94893, 41.85536], [-87.94898, 41.85542], [-87.94907, 41.85553], [-87.94918, 41.85577], [-87.94925, 41.85595], [-87.94927, 41.85609], [-87.94931, 41.85635], [-87.94936, 41.85655], [-87.94942, 41.85671], [-87.94945, 41.85682], [-87.9495, 41.85698], [-87.94955, 41.85715], [-87.94958, 41.85723], [-87.94971, 41.85749], [-87.94972, 41.85754], [-87.94975, 41.85767], [-87.94977, 41.85773], [-87.94977, 41.85777], [-87.94973, 41.85807], [-87.94965, 41.85832], [-87.94963, 41.85836], [-87.94959, 41.85857], [-87.94953, 41.85875], [-87.94951, 41.85883], [-87.94947, 41.85892], [-87.94939, 41.85913], [-87.94935, 41.85919], [-87.94892, 41.85996], [-87.94887, 41.86005], [-87.9488, 41.86017], [-87.94871, 41.86031], [-87.9486, 41.86043], [-87.94851, 41.86053], [-87.94848, 41.86056], [-87.94843, 41.86061], [-87.94841, 41.86063], [-87.94838, 41.86065], [-87.94832, 41.86069], [-87.9482, 41.86077], [-87.94811, 41.8609], [-87.94807, 41.86097], [-87.94802, 41.86103], [-87.94795, 41.86114], [-87.94792, 41.86119], [-87.94793, 41.86123], [-87.94796, 41.86126], [-87.94798, 41.8613], [-87.948, 41.86134], [-87.948, 41.86153], [-87.94803, 41.86175], [-87.94805, 41.86199], [-87.94806, 41.86207], [-87.94807, 41.86231], [-87.94807, 41.86232], [-87.94807, 41.86241], [-87.94806, 41.86263], [-87.94805, 41.86266], [-87.94802, 41.86271], [-87.94798, 41.86275], [-87.94793, 41.8628], [-87.94786, 41.86286], [-87.94776, 41.86293], [-87.94766, 41.86302], [-87.94755, 41.86318], [-87.94754, 41.86322], [-87.94752, 41.86328], [-87.9475, 41.86338], [-87.94751, 41.86345], [-87.94752, 41.8635], [-87.94755, 41.86359], [-87.94758, 41.86365], [-87.94761, 41.86371], [-87.94769, 41.86382], [-87.94775, 41.86388], [-87.94784, 41.86395], [-87.94801, 41.86405], [-87.94806, 41.86407], [-87.94819, 41.86412], [-87.94861, 41.86424], [-87.94893, 41.86432], [-87.9492, 41.86434], [-87.94924, 41.86434], [-87.94939, 41.86436], [-87.94981, 41.86442], [-87.94994, 41.86445], [-87.95006, 41.86448], [-87.95036, 41.86453], [-87.95043, 41.86456], [-87.95046, 41.86457], [-87.95053, 41.86462], [-87.95056, 41.86465], [-87.95058, 41.86466], [-87.9506, 41.86467], [-87.95062, 41.86469], [-87.95061, 41.8647], [-87.95061, 41.86473], [-87.95066, 41.86477], [-87.95074, 41.86483], [-87.95077, 41.86485], [-87.95085, 41.86491], [-87.95088, 41.86493], [-87.95095, 41.86498], [-87.95096, 41.865], [-87.95096, 41.86506], [-87.95098, 41.86507], [-87.95102, 41.86509], [-87.95109, 41.8651], [-87.95112, 41.86511], [-87.95122, 41.86517], [-87.95134, 41.86524], [-87.95166, 41.86551], [-87.9519, 41.86572], [-87.9523, 41.86608], [-87.95233, 41.86612], [-87.9524, 41.86622], [-87.9525, 41.86634], [-87.95264, 41.86647], [-87.95273, 41.86657], [-87.95289, 41.86679], [-87.95294, 41.86688], [-87.95318, 41.86735], [-87.95324, 41.8675], [-87.9534, 41.86793], [-87.95342, 41.86796], [-87.95355, 41.86821], [-87.95363, 41.8684], [-87.95364, 41.86843], [-87.95373, 41.86862], [-87.95412, 41.8693], [-87.9542, 41.86942], [-87.95424, 41.86946], [-87.95429, 41.86953], [-87.95431, 41.86957], [-87.95432, 41.86961], [-87.95432, 41.86965], [-87.95431, 41.86971], [-87.95431, 41.86983], [-87.95431, 41.87001], [-87.95431, 41.87023], [-87.95432, 41.87041], [-87.95434, 41.87087], [-87.95441, 41.87159], [-87.95443, 41.87169], [-87.95443, 41.87184], [-87.95444, 41.87192], [-87.95447, 41.872], [-87.95447, 41.87202], [-87.95448, 41.87209], [-87.95449, 41.87217], [-87.95449, 41.87228], [-87.95449, 41.87244], [-87.95451, 41.8726], [-87.95453, 41.87268], [-87.95464, 41.87302], [-87.95475, 41.87324], [-87.95482, 41.87336], [-87.95499, 41.87356], [-87.95507, 41.87365], [-87.95522, 41.87379], [-87.95523, 41.87381], [-87.95522, 41.87383], [-87.95517, 41.87386], [-87.95511, 41.87389], [-87.95508, 41.87392], [-87.95509, 41.87394], [-87.95512, 41.87395], [-87.95514, 41.87395], [-87.95518, 41.87393], [-87.95521, 41.87392], [-87.95526, 41.87391], [-87.9553, 41.87391], [-87.95534, 41.87391], [-87.95537, 41.87392], [-87.95541, 41.87394], [-87.95548, 41.87402], [-87.95551, 41.87405], [-87.95558, 41.8741], [-87.95562, 41.87413], [-87.95574, 41.87418], [-87.95582, 41.87419], [-87.95593, 41.87422], [-87.95599, 41.87425], [-87.95617, 41.87434], [-87.95622, 41.87438], [-87.95627, 41.87442], [-87.95634, 41.87449], [-87.9564, 41.87455], [-87.95648, 41.87463], [-87.95663, 41.87485], [-87.95664, 41.87489], [-87.95667, 41.87495], [-87.95668, 41.87496], [-87.95674, 41.87503], [-87.95684, 41.87503], [-87.95691, 41.87508], [-87.95699, 41.87518], [-87.95767, 41.87544], [-87.95772, 41.87546], [-87.95795, 41.87562], [-87.95804, 41.87568], [-87.95798, 41.87581], [-87.95797, 41.87612], [-87.95795, 41.87619], [-87.95793, 41.87624], [-87.95789, 41.87629], [-87.95784, 41.87635], [-87.95777, 41.87643], [-87.9577, 41.87647], [-87.95768, 41.87649], [-87.95747, 41.87662], [-87.95733, 41.87669], [-87.95722, 41.87674], [-87.95713, 41.87679], [-87.95705, 41.87684], [-87.95691, 41.87698], [-87.95685, 41.87703], [-87.95666, 41.87729], [-87.95663, 41.87734], [-87.95658, 41.87745], [-87.95656, 41.87752], [-87.95653, 41.87764], [-87.95653, 41.87767], [-87.95657, 41.87783], [-87.95662, 41.87801], [-87.95678, 41.87825], [-87.95684, 41.87831], [-87.95688, 41.87835], [-87.95706, 41.87845], [-87.9575, 41.87863], [-87.95766, 41.87866], [-87.95772, 41.87868], [-87.95782, 41.87872], [-87.95793, 41.87879], [-87.95804, 41.87885], [-87.95817, 41.87894], [-87.95819, 41.87896], [-87.95821, 41.87898], [-87.95823, 41.87903], [-87.95823, 41.87906], [-87.95817, 41.87918], [-87.95813, 41.87925], [-87.95813, 41.87927], [-87.95814, 41.87931], [-87.95815, 41.87932], [-87.95818, 41.87961], [-87.95819, 41.87968], [-87.95822, 41.88003], [-87.95821, 41.88015], [-87.9582, 41.88025], [-87.95815, 41.88051], [-87.95815, 41.88057], [-87.95816, 41.88064], [-87.95818, 41.88072], [-87.95836, 41.88128], [-87.95851, 41.88158], [-87.95859, 41.88171], [-87.95866, 41.88183], [-87.95869, 41.88189], [-87.95876, 41.882], [-87.9589, 41.88221], [-87.95905, 41.88242], [-87.95926, 41.88275], [-87.9593, 41.8828], [-87.95949, 41.88291], [-87.95954, 41.88294], [-87.95965, 41.883], [-87.95979, 41.88312], [-87.95983, 41.88315], [-87.95989, 41.88319], [-87.96008, 41.88333], [-87.96018, 41.88344], [-87.9602, 41.88346], [-87.96025, 41.88346], [-87.96029, 41.88346], [-87.96034, 41.88346], [-87.96037, 41.88346], [-87.96025, 41.88333], [-87.96018, 41.88326], [-87.96012, 41.88319], [-87.96006, 41.88313], [-87.96, 41.88309], [-87.95991, 41.88303], [-87.95979, 41.88291], [-87.9597, 41.88282], [-87.95953, 41.88274], [-87.95942, 41.88268], [-87.95931, 41.88261], [-87.95929, 41.88258], [-87.95928, 41.88256], [-87.95927, 41.88251], [-87.95919, 41.88229], [-87.95925, 41.88228], [-87.95927, 41.88224], [-87.95926, 41.88221], [-87.95922, 41.8822], [-87.95918, 41.8822], [-87.95909, 41.88218], [-87.95904, 41.88213], [-87.95892, 41.88201], [-87.95886, 41.88189], [-87.95883, 41.88183], [-87.95872, 41.88163], [-87.95869, 41.88155], [-87.95868, 41.88153], [-87.95868, 41.88151], [-87.95866, 41.88146], [-87.95861, 41.88135], [-87.95858, 41.8813], [-87.95856, 41.88125], [-87.95845, 41.88091], [-87.9584, 41.88075], [-87.95836, 41.88058], [-87.95834, 41.88048], [-87.95834, 41.88041], [-87.95835, 41.88037], [-87.95836, 41.88025], [-87.95837, 41.88015], [-87.95838, 41.87995], [-87.95847, 41.87972], [-87.9584, 41.87946], [-87.95845, 41.87927], [-87.95836, 41.87903], [-87.95829, 41.87878], [-87.95824, 41.87872], [-87.95815, 41.87867], [-87.95747, 41.87846], [-87.95715, 41.87833], [-87.95687, 41.87814], [-87.95669, 41.87775], [-87.95669, 41.8777], [-87.95669, 41.87761], [-87.9567, 41.87753], [-87.95673, 41.87742], [-87.95675, 41.87736], [-87.95685, 41.87724], [-87.95689, 41.87717], [-87.95697, 41.87706], [-87.95727, 41.87683], [-87.95752, 41.87673], [-87.9577, 41.87664], [-87.95786, 41.87651], [-87.95806, 41.87627], [-87.95809, 41.87619], [-87.95811, 41.87602], [-87.95812, 41.8759], [-87.95812, 41.87588], [-87.95812, 41.87576], [-87.95811, 41.87572], [-87.9581, 41.8757], [-87.95809, 41.87567], [-87.95808, 41.87565], [-87.95806, 41.87563], [-87.95804, 41.87559], [-87.95798, 41.87551], [-87.95793, 41.87547], [-87.95782, 41.87541], [-87.95771, 41.87538], [-87.95751, 41.87528], [-87.95729, 41.87519], [-87.95719, 41.87516], [-87.95714, 41.87515], [-87.95697, 41.87509], [-87.95693, 41.87506], [-87.9569, 41.87502], [-87.95685, 41.87497], [-87.95683, 41.87495], [-87.95679, 41.87491], [-87.9567, 41.87478], [-87.95669, 41.87471], [-87.95664, 41.87462], [-87.95642, 41.87437], [-87.95638, 41.87433], [-87.95614, 41.87418], [-87.95604, 41.87413], [-87.9558, 41.87404], [-87.95572, 41.874], [-87.95565, 41.87396], [-87.95561, 41.87393], [-87.95548, 41.8738], [-87.9554, 41.87371], [-87.95527, 41.87355], [-87.95522, 41.87349], [-87.95511, 41.87338], [-87.955, 41.87326], [-87.95501, 41.87325], [-87.95507, 41.87325], [-87.95509, 41.87326], [-87.95541, 41.87326], [-87.95554, 41.87326], [-87.95613, 41.87322], [-87.95633, 41.87321], [-87.95672, 41.87319], [-87.95676, 41.87319], [-87.95679, 41.8732], [-87.95683, 41.87319], [-87.95689, 41.87318], [-87.957, 41.87317], [-87.95705, 41.87317], [-87.95713, 41.87318], [-87.95751, 41.87317], [-87.95772, 41.87315], [-87.9581, 41.87315], [-87.95833, 41.87314], [-87.95846, 41.87313], [-87.95898, 41.87311], [-87.95958, 41.87308], [-87.95967, 41.87309], [-87.9597, 41.87309], [-87.9599, 41.8731], [-87.96009, 41.87311], [-87.96019, 41.87321], [-87.9605, 41.87361], [-87.96054, 41.87368], [-87.96064, 41.8738], [-87.96072, 41.87388], [-87.96086, 41.87403], [-87.96102, 41.87404], [-87.96132, 41.87406], [-87.9614, 41.87406], [-87.96151, 41.87407], [-87.9618, 41.87408], [-87.96198, 41.87409], [-87.96199, 41.87406], [-87.962, 41.87404], [-87.96208, 41.87399], [-87.96215, 41.87395], [-87.96221, 41.87393], [-87.9623, 41.87391], [-87.96248, 41.8739], [-87.96261, 41.87389], [-87.96275, 41.8739], [-87.96366, 41.87386], [-87.9637, 41.87389], [-87.96372, 41.8739], [-87.96394, 41.87385], [-87.96406, 41.87383], [-87.96423, 41.87382], [-87.96428, 41.87381], [-87.96437, 41.8738], [-87.96447, 41.8738], [-87.96454, 41.8738], [-87.96458, 41.87382], [-87.96461, 41.87383], [-87.96463, 41.87386], [-87.96472, 41.87407], [-87.96474, 41.8742], [-87.96475, 41.87422], [-87.96477, 41.87424], [-87.9648, 41.87425], [-87.96485, 41.87426], [-87.96491, 41.87426], [-87.96527, 41.87424], [-87.96531, 41.87426], [-87.96539, 41.87428], [-87.96551, 41.87432], [-87.96561, 41.87434], [-87.9657, 41.87436], [-87.96574, 41.87438], [-87.96585, 41.87444], [-87.96588, 41.87447], [-87.96593, 41.8745], [-87.96596, 41.87451], [-87.966, 41.87451], [-87.96603, 41.8745], [-87.96605, 41.87449], [-87.96609, 41.87446], [-87.9661, 41.87444], [-87.9661, 41.87442], [-87.96609, 41.87438], [-87.96607, 41.87431], [-87.96599, 41.87411], [-87.96599, 41.87408], [-87.96604, 41.87403], [-87.96614, 41.87394], [-87.96622, 41.87387], [-87.96641, 41.87368], [-87.96644, 41.87364], [-87.96646, 41.87359], [-87.96648, 41.87353], [-87.9665, 41.87346], [-87.96653, 41.87339], [-87.96655, 41.87338], [-87.96663, 41.87336], [-87.96668, 41.87335], [-87.96672, 41.87334], [-87.96723, 41.87322], [-87.96753, 41.87312], [-87.96759, 41.87309], [-87.9677, 41.87301], [-87.96776, 41.87294], [-87.96782, 41.87287], [-87.96784, 41.87283], [-87.96792, 41.87261], [-87.96795, 41.87256], [-87.96799, 41.87252], [-87.9681, 41.87245], [-87.96818, 41.87241], [-87.9684, 41.87234], [-87.96846, 41.87233], [-87.96862, 41.87231], [-87.96869, 41.87231], [-87.96877, 41.87229], [-87.96889, 41.87226], [-87.96904, 41.87222], [-87.96916, 41.87219], [-87.96932, 41.87215], [-87.96937, 41.87213], [-87.96945, 41.87209], [-87.96955, 41.87203], [-87.9699, 41.8718], [-87.96995, 41.87178], [-87.97006, 41.87169], [-87.97023, 41.87153], [-87.97033, 41.87148], [-87.97055, 41.87134], [-87.97061, 41.8713], [-87.97068, 41.87124], [-87.97074, 41.87119], [-87.97083, 41.87112], [-87.97092, 41.87106], [-87.97116, 41.87092], [-87.97128, 41.87088], [-87.97141, 41.87084], [-87.97155, 41.87081], [-87.9719, 41.87053], [-87.9724, 41.86976], [-87.97298, 41.86893], [-87.973, 41.86883], [-87.97348, 41.86878], [-87.97365, 41.86877], [-87.9739, 41.86875], [-87.97393, 41.86874], [-87.97398, 41.86872], [-87.97402, 41.86869], [-87.97408, 41.86865], [-87.9742, 41.86851], [-87.97427, 41.86847], [-87.97432, 41.86845], [-87.9745, 41.8684], [-87.97455, 41.86838], [-87.97458, 41.86835], [-87.97459, 41.86832], [-87.97463, 41.86796], [-87.97463, 41.86795], [-87.97477, 41.86781], [-87.97487, 41.86772], [-87.97492, 41.86767], [-87.97495, 41.86765], [-87.97526, 41.86746], [-87.97551, 41.86726], [-87.97557, 41.8672], [-87.97561, 41.86714], [-87.97567, 41.86709], [-87.97571, 41.86707], [-87.97575, 41.86703]], [[-87.96163, 41.83781], [-87.96163, 41.83801], [-87.96163, 41.83805], [-87.96161, 41.83811], [-87.96158, 41.83813], [-87.96144, 41.83825], [-87.96132, 41.83834], [-87.96125, 41.83838], [-87.9612, 41.8384], [-87.96103, 41.83844], [-87.96075, 41.83848], [-87.96059, 41.83848], [-87.96042, 41.83846], [-87.96028, 41.83845], [-87.96007, 41.83841], [-87.95998, 41.83839], [-87.95987, 41.83836], [-87.95976, 41.83831], [-87.9597, 41.83828], [-87.95962, 41.83825], [-87.95959, 41.83823], [-87.95955, 41.83819], [-87.95952, 41.83816], [-87.9595, 41.83812], [-87.95944, 41.83795], [-87.9594, 41.83788], [-87.95937, 41.83782], [-87.95934, 41.83769], [-87.95932, 41.83765], [-87.9593, 41.83762], [-87.95928, 41.83753], [-87.95928, 41.83749], [-87.95928, 41.83743], [-87.95928, 41.83737], [-87.95932, 41.83713], [-87.95935, 41.83704], [-87.95936, 41.83701], [-87.9594, 41.83697], [-87.95943, 41.83694], [-87.95945, 41.83691], [-87.95949, 41.83688], [-87.95952, 41.83683], [-87.95956, 41.83676], [-87.95968, 41.8367], [-87.95981, 41.83664], [-87.95983, 41.83662], [-87.95992, 41.83652], [-87.95997, 41.83649], [-87.95999, 41.83649], [-87.96007, 41.83647], [-87.96029, 41.8365], [-87.96036, 41.83652], [-87.96053, 41.83657], [-87.96067, 41.83661], [-87.96093, 41.83669], [-87.96097, 41.83671], [-87.96103, 41.83672], [-87.96108, 41.83673], [-87.96112, 41.83675], [-87.96115, 41.83677], [-87.96119, 41.83681], [-87.96122, 41.83685], [-87.96124, 41.8369], [-87.96129, 41.83695], [-87.96147, 41.83718], [-87.96149, 41.83721], [-87.9615, 41.83728], [-87.96153, 41.83734], [-87.96156, 41.83739], [-87.96162, 41.83759], [-87.96163, 41.83781]], [[-87.9481, 41.83738], [-87.94809, 41.83742], [-87.94807, 41.83743], [-87.94804, 41.83745], [-87.94799, 41.83746], [-87.94789, 41.83742], [-87.94777, 41.8374], [-87.94771, 41.83743], [-87.94765, 41.83746], [-87.94762, 41.83747], [-87.94759, 41.83747], [-87.94755, 41.83745], [-87.94754, 41.83742], [-87.94754, 41.83739], [-87.94758, 41.83732], [-87.94766, 41.8373], [-87.94769, 41.83728], [-87.94771, 41.83727], [-87.94774, 41.83729], [-87.94778, 41.83729], [-87.94787, 41.83729], [-87.94803, 41.83727], [-87.94806, 41.83728], [-87.94807, 41.83729], [-87.9481, 41.83738]], [[-87.94075, 41.81448], [-87.94075, 41.81451], [-87.94074, 41.81452], [-87.94071, 41.81454], [-87.94048, 41.81463], [-87.94045, 41.81465], [-87.94044, 41.81467], [-87.94044, 41.81469], [-87.94045, 41.81474], [-87.94046, 41.81476], [-87.94051, 41.81483], [-87.94075, 41.81509], [-87.94075, 41.81511], [-87.94074, 41.81514], [-87.94065, 41.8153], [-87.94057, 41.81543], [-87.94053, 41.81548], [-87.9405, 41.81553], [-87.94039, 41.81561], [-87.9403, 41.81568], [-87.94026, 41.81568], [-87.94024, 41.81566], [-87.94022, 41.81561], [-87.94023, 41.8156], [-87.94033, 41.81551], [-87.94043, 41.8154], [-87.94043, 41.81538], [-87.94041, 41.81533], [-87.94033, 41.81525], [-87.94031, 41.81521], [-87.94028, 41.8151], [-87.94027, 41.81501], [-87.94027, 41.81489], [-87.94032, 41.81478], [-87.94034, 41.81469], [-87.94034, 41.81464], [-87.94035, 41.81459], [-87.94037, 41.81452], [-87.94041, 41.81444], [-87.94043, 41.81442], [-87.94045, 41.81442], [-87.94069, 41.8144], [-87.94071, 41.81442], [-87.94073, 41.81445], [-87.94075, 41.81448]], [[-87.93315, 41.82421], [-87.93314, 41.82428], [-87.93304, 41.82436], [-87.93296, 41.82439], [-87.93286, 41.82444], [-87.93268, 41.82453], [-87.93262, 41.82454], [-87.93256, 41.82455], [-87.9325, 41.82456], [-87.93243, 41.82455], [-87.93236, 41.82454], [-87.93221, 41.8245], [-87.93217, 41.82449], [-87.93214, 41.8245], [-87.93209, 41.82451], [-87.93199, 41.82456], [-87.93194, 41.82457], [-87.93191, 41.82457], [-87.93188, 41.82455], [-87.93185, 41.82451], [-87.9318, 41.82445], [-87.9318, 41.82443], [-87.93189, 41.82433], [-87.93197, 41.82418], [-87.93198, 41.82415], [-87.932, 41.82412], [-87.93203, 41.82406], [-87.93204, 41.82403], [-87.93206, 41.82397], [-87.93218, 41.82377], [-87.93223, 41.82372], [-87.9323, 41.82366], [-87.9324, 41.82353], [-87.93241, 41.82351], [-87.93243, 41.8235], [-87.93248, 41.82348], [-87.93252, 41.82347], [-87.93257, 41.82347], [-87.93266, 41.82348], [-87.9328, 41.82349], [-87.93284, 41.82351], [-87.93287, 41.82352], [-87.93289, 41.82355], [-87.93291, 41.82358], [-87.93291, 41.82373], [-87.93297, 41.82397], [-87.93297, 41.82399], [-87.933, 41.82402], [-87.93305, 41.82407], [-87.93309, 41.82411], [-87.93314, 41.82418], [-87.93315, 41.82421]], [[-87.93295, 41.82906], [-87.93295, 41.8291], [-87.93291, 41.82942], [-87.93289, 41.8295], [-87.93287, 41.82957], [-87.93284, 41.82962], [-87.9328, 41.82967], [-87.93278, 41.82968], [-87.93271, 41.8297], [-87.93269, 41.82971], [-87.93263, 41.82984], [-87.93261, 41.82987], [-87.93256, 41.82991], [-87.93251, 41.82995], [-87.93242, 41.83003], [-87.93235, 41.83011], [-87.93228, 41.83019], [-87.93224, 41.83021], [-87.93216, 41.83024], [-87.93212, 41.83024], [-87.93163, 41.83023], [-87.93154, 41.83023], [-87.93146, 41.83024], [-87.93117, 41.83029], [-87.93115, 41.83028], [-87.93102, 41.83017], [-87.93099, 41.83013], [-87.931, 41.8301], [-87.93101, 41.83008], [-87.93111, 41.83003], [-87.93113, 41.83003], [-87.93119, 41.83007], [-87.93124, 41.83008], [-87.93129, 41.83007], [-87.93133, 41.83006], [-87.93135, 41.83005], [-87.93136, 41.83003], [-87.93136, 41.83002], [-87.93136, 41.82981], [-87.93132, 41.82975], [-87.93128, 41.82973], [-87.93123, 41.82973], [-87.9312, 41.82973], [-87.93117, 41.82974], [-87.93112, 41.82977], [-87.93106, 41.82983], [-87.93106, 41.82987], [-87.93108, 41.82991], [-87.9311, 41.82998], [-87.93109, 41.83], [-87.931, 41.83004], [-87.93097, 41.83001], [-87.93095, 41.82998], [-87.93094, 41.82992], [-87.93093, 41.82985], [-87.93087, 41.82956], [-87.93076, 41.82928], [-87.93075, 41.82925], [-87.93076, 41.82919], [-87.93078, 41.82915], [-87.93079, 41.82913], [-87.93078, 41.82902], [-87.93078, 41.82899], [-87.93086, 41.82885], [-87.93088, 41.82883], [-87.93091, 41.82882], [-87.93094, 41.82881], [-87.931, 41.8288], [-87.93121, 41.82883], [-87.93142, 41.82889], [-87.93181, 41.82897], [-87.93186, 41.82897], [-87.93257, 41.82891], [-87.93261, 41.8289], [-87.93275, 41.8289], [-87.93278, 41.8289], [-87.93282, 41.82892], [-87.93285, 41.82893], [-87.93293, 41.82902], [-87.93295, 41.82906]], [[-87.93295, 41.82964], [-87.93294, 41.82967], [-87.9329, 41.82974], [-87.93289, 41.82977], [-87.93288, 41.82979], [-87.93286, 41.82984], [-87.93284, 41.82986], [-87.93281, 41.82989], [-87.93278, 41.8299], [-87.93274, 41.82991], [-87.93274, 41.82989], [-87.93279, 41.82978], [-87.93282, 41.82973], [-87.93292, 41.82964], [-87.93295, 41.82964]], [[-87.93207, 41.82269], [-87.9321, 41.82274], [-87.93207, 41.82274], [-87.93203, 41.82272], [-87.93201, 41.82267], [-87.93195, 41.82264], [-87.93193, 41.82262], [-87.93191, 41.8226], [-87.93186, 41.82256], [-87.93184, 41.82255], [-87.93181, 41.82253], [-87.9318, 41.82251], [-87.93182, 41.82251], [-87.93185, 41.82252], [-87.93204, 41.82266], [-87.93207, 41.82269]], [[-87.92939, 41.82115], [-87.92939, 41.82117], [-87.92937, 41.82118], [-87.92928, 41.82119], [-87.9292, 41.82119], [-87.9291, 41.82118], [-87.929, 41.82118], [-87.92889, 41.82119], [-87.92882, 41.8212], [-87.92873, 41.82122], [-87.92857, 41.82124], [-87.92847, 41.82121], [-87.92844, 41.82119], [-87.92844, 41.82117], [-87.92844, 41.82114], [-87.92846, 41.82108], [-87.92848, 41.82106], [-87.92851, 41.82103], [-87.92857, 41.82102], [-87.92872, 41.82101], [-87.9288, 41.82103], [-87.92888, 41.82106], [-87.92891, 41.82107], [-87.92896, 41.82107], [-87.92902, 41.82108], [-87.92907, 41.82111], [-87.9291, 41.82112], [-87.92915, 41.82113], [-87.9292, 41.82113], [-87.92928, 41.82113], [-87.92935, 41.82112], [-87.92937, 41.82112], [-87.92939, 41.82115]]]}}, {"type": "Feature", "properties": {"NAME": null, "MTFCC": "H2030", "AREAWATER": "337323"}, "geometry": {"type": "Polygon", "coordinates": [[[-88.04, 41.96394], [-88.04004, 41.96381], [-88.03983, 41.96374], [-88.0398, 41.96373], [-88.03979, 41.96372], [-88.03974, 41.96368], [-88.03963, 41.96362], [-88.03959, 41.96362], [-88.03953, 41.9636], [-88.03944, 41.96356], [-88.03942, 41.96354], [-88.03941, 41.96353], [-88.03941, 41.9635], [-88.03939, 41.96348], [-88.0393, 41.96344], [-88.03925, 41.96343], [-88.03923, 41.96342], [-88.0392, 41.9634], [-88.03913, 41.96339], [-88.03908, 41.96338], [-88.03901, 41.96335], [-88.0389, 41.96329], [-88.03888, 41.96327], [-88.03887, 41.96326], [-88.03885, 41.96321], [-88.03886, 41.96319], [-88.03886, 41.96317], [-88.03889, 41.96315], [-88.03892, 41.96315], [-88.03894, 41.96315], [-88.03896, 41.96311], [-88.03903, 41.9631], [-88.03905, 41.96309], [-88.03904, 41.96307], [-88.03901, 41.96305], [-88.03898, 41.96303], [-88.03887, 41.963], [-88.03873, 41.96295], [-88.0387, 41.96294], [-88.03854, 41.96294], [-88.0385, 41.96295], [-88.03847, 41.96296], [-88.03845, 41.96297], [-88.03842, 41.96299], [-88.03839, 41.96299], [-88.03835, 41.96298], [-88.03833, 41.96297], [-88.03831, 41.96296], [-88.0383, 41.96294], [-88.03829, 41.96292], [-88.0383, 41.96289], [-88.0383, 41.96287], [-88.03829, 41.96286], [-88.03826, 41.96286], [-88.03824, 41.96287], [-88.03822, 41.9629], [-88.03821, 41.96292], [-88.03821, 41.96296], [-88.03822, 41.96299], [-88.03825, 41.96307], [-88.03826, 41.96309], [-88.03825, 41.96311], [-88.03824, 41.96313], [-88.03822, 41.96314], [-88.0382, 41.96315], [-88.03804, 41.9632], [-88.03795, 41.96323], [-88.0378, 41.96323], [-88.03772, 41.96323], [-88.03764, 41.96323], [-88.03756, 41.96323], [-88.03739, 41.9632], [-88.03734, 41.96321], [-88.03724, 41.96324], [-88.03721, 41.96324], [-88.03716, 41.96323], [-88.03714, 41.96321], [-88.03713, 41.96319], [-88.03713, 41.96317], [-88.03716, 41.96311], [-88.03716, 41.96309], [-88.03714, 41.96307], [-88.0371, 41.96306], [-88.03703, 41.96306], [-88.03698, 41.96307], [-88.03691, 41.96308], [-88.0368, 41.96309], [-88.03675, 41.9631], [-88.03668, 41.96312], [-88.03661, 41.96316], [-88.03654, 41.96318], [-88.03643, 41.96317], [-88.0364, 41.96315], [-88.03639, 41.96314], [-88.03636, 41.96308], [-88.0363, 41.96306], [-88.03627, 41.96306], [-88.03624, 41.96306], [-88.03613, 41.9631], [-88.03597, 41.96314], [-88.03591, 41.96315], [-88.03586, 41.96315], [-88.03577, 41.96315], [-88.03565, 41.96313], [-88.03544, 41.96309], [-88.03527, 41.96307], [-88.0352, 41.96307], [-88.03504, 41.96303], [-88.03488, 41.96299], [-88.03474, 41.96294], [-88.03467, 41.96289], [-88.03462, 41.96284], [-88.03458, 41.96275], [-88.03453, 41.9627], [-88.03447, 41.96266], [-88.03424, 41.96255], [-88.03421, 41.96254], [-88.03418, 41.96253], [-88.03413, 41.96254], [-88.03411, 41.96254], [-88.03401, 41.96259], [-88.03396, 41.96263], [-88.03392, 41.96266], [-88.03386, 41.96276], [-88.03382, 41.96283], [-88.03381, 41.96287], [-88.03378, 41.96301], [-88.0338, 41.96313], [-88.03378, 41.96315], [-88.03374, 41.96319], [-88.03371, 41.96321], [-88.0336, 41.96325], [-88.03355, 41.96325], [-88.03345, 41.96325], [-88.03327, 41.9633], [-88.03325, 41.96331], [-88.03269, 41.96331], [-88.0318, 41.96332], [-88.03176, 41.96332], [-88.03173, 41.96334], [-88.03162, 41.96335], [-88.03153, 41.96336], [-88.03148, 41.96337], [-88.03138, 41.9634], [-88.03131, 41.9634], [-88.03123, 41.96338], [-88.03118, 41.96337], [-88.03108, 41.96336], [-88.03098, 41.96335], [-88.0308, 41.96333], [-88.03073, 41.96333], [-88.03056, 41.96337], [-88.03043, 41.96337], [-88.03036, 41.96335], [-88.03025, 41.96333], [-88.03011, 41.96333], [-88.03, 41.96334], [-88.02987, 41.96334], [-88.02964, 41.96332], [-88.02957, 41.96332], [-88.02952, 41.96333], [-88.0294, 41.96334], [-88.02922, 41.9633], [-88.02911, 41.96329], [-88.02894, 41.96329], [-88.02889, 41.9633], [-88.0288, 41.96332], [-88.0287, 41.96333], [-88.02859, 41.96334], [-88.02834, 41.96333], [-88.02825, 41.96332], [-88.02818, 41.9633], [-88.02811, 41.96331], [-88.02803, 41.96333], [-88.02792, 41.96332], [-88.02778, 41.9633], [-88.02766, 41.96328], [-88.02755, 41.96329], [-88.02745, 41.9633], [-88.0274, 41.96332], [-88.02736, 41.96335], [-88.02735, 41.9634], [-88.02735, 41.96346], [-88.02743, 41.96363], [-88.02743, 41.96369], [-88.0274, 41.96377], [-88.02732, 41.96385], [-88.02723, 41.96388], [-88.02715, 41.9639], [-88.02703, 41.96392], [-88.02696, 41.96392], [-88.02691, 41.96391], [-88.02687, 41.96389], [-88.02667, 41.96387], [-88.02662, 41.96387], [-88.02609, 41.96383], [-88.02604, 41.96383], [-88.02596, 41.96383], [-88.02594, 41.96382], [-88.02592, 41.96382], [-88.02589, 41.96382], [-88.02586, 41.96382], [-88.02579, 41.96381], [-88.02575, 41.96381], [-88.02572, 41.96381], [-88.0257, 41.96381], [-88.02564, 41.9638], [-88.02551, 41.9638], [-88.02548, 41.9638], [-88.02545, 41.96378], [-88.02542, 41.96379], [-88.02536, 41.96379], [-88.02528, 41.96378], [-88.02518, 41.96378], [-88.02506, 41.96379], [-88.025, 41.96381], [-88.02494, 41.96385], [-88.02489, 41.96392], [-88.02481, 41.96398], [-88.02473, 41.96399], [-88.02461, 41.96394], [-88.02456, 41.96393], [-88.02435, 41.96391], [-88.02409, 41.9639], [-88.02392, 41.96391], [-88.02377, 41.96395], [-88.02368, 41.96399], [-88.0236, 41.96404], [-88.02355, 41.96408], [-88.02353, 41.96413], [-88.02355, 41.96419], [-88.02358, 41.96425], [-88.02359, 41.9643], [-88.02357, 41.96436], [-88.02349, 41.96443], [-88.02338, 41.96453], [-88.02325, 41.96461], [-88.02315, 41.96464], [-88.02302, 41.96464], [-88.02293, 41.96467], [-88.02286, 41.9647], [-88.02277, 41.96475], [-88.0227, 41.96481], [-88.02266, 41.96485], [-88.02259, 41.96498], [-88.02256, 41.96504], [-88.02255, 41.96508], [-88.02258, 41.96512], [-88.02261, 41.96514], [-88.02267, 41.96517], [-88.0228, 41.96522], [-88.02283, 41.96524], [-88.02278, 41.96527], [-88.02269, 41.96527], [-88.02262, 41.96527], [-88.02259, 41.96528], [-88.0225, 41.96529], [-88.02243, 41.96531], [-88.02235, 41.96536], [-88.02229, 41.96542], [-88.02226, 41.96544], [-88.0222, 41.96549], [-88.02215, 41.96551], [-88.02209, 41.96551], [-88.02204, 41.9655], [-88.022, 41.9655], [-88.02196, 41.96552], [-88.02193, 41.96556], [-88.02187, 41.96562], [-88.02183, 41.96567], [-88.02182, 41.96573], [-88.02181, 41.96584], [-88.02178, 41.96595], [-88.02176, 41.96599], [-88.0217, 41.96603], [-88.02165, 41.96605], [-88.02156, 41.96607], [-88.02148, 41.96609], [-88.02139, 41.9661], [-88.0213, 41.96613], [-88.02123, 41.9662], [-88.02117, 41.96624], [-88.02093, 41.9663], [-88.02082, 41.96638], [-88.02078, 41.96643], [-88.02072, 41.96646], [-88.02048, 41.96652], [-88.02041, 41.96655], [-88.02037, 41.96659], [-88.02034, 41.96665], [-88.02032, 41.96671], [-88.02033, 41.96678], [-88.02032, 41.96691], [-88.02035, 41.96704], [-88.02033, 41.96718], [-88.02032, 41.96728], [-88.02033, 41.96738], [-88.02033, 41.9674], [-88.02034, 41.96741], [-88.02034, 41.96744], [-88.02033, 41.96749], [-88.02035, 41.96758], [-88.02034, 41.96766], [-88.02036, 41.96794], [-88.02035, 41.96798], [-88.02035, 41.9681], [-88.02036, 41.96819], [-88.02038, 41.96825], [-88.02042, 41.9683], [-88.02044, 41.96837], [-88.02045, 41.96844], [-88.02044, 41.96848], [-88.0204, 41.96854], [-88.02038, 41.9686], [-88.02042, 41.96877], [-88.02042, 41.96883], [-88.02039, 41.96893], [-88.02044, 41.96902], [-88.02046, 41.96907], [-88.02047, 41.96912], [-88.02044, 41.96916], [-88.0204, 41.96918], [-88.02035, 41.9692], [-88.02028, 41.96922], [-88.02003, 41.96922], [-88.01989, 41.96928], [-88.01987, 41.96932], [-88.01983, 41.96934], [-88.01976, 41.96938], [-88.01973, 41.96939], [-88.0197, 41.9694], [-88.01954, 41.96949], [-88.01941, 41.96959], [-88.0193, 41.96965], [-88.01921, 41.96969], [-88.01911, 41.96972], [-88.01908, 41.96973], [-88.01901, 41.96974], [-88.01892, 41.96972], [-88.01884, 41.96969], [-88.01877, 41.96968], [-88.01869, 41.96967], [-88.0186, 41.9697], [-88.01824, 41.96976], [-88.01799, 41.96978], [-88.01793, 41.9698], [-88.0179, 41.96981], [-88.01769, 41.96997], [-88.01756, 41.97005], [-88.01745, 41.97012], [-88.0174, 41.97017], [-88.01728, 41.97025], [-88.01709, 41.97037], [-88.01674, 41.9706], [-88.01668, 41.97062], [-88.01663, 41.97064], [-88.01635, 41.97068], [-88.0163, 41.9707], [-88.01622, 41.97077], [-88.0161, 41.97086], [-88.01603, 41.97089], [-88.01594, 41.9709], [-88.01584, 41.97091], [-88.01579, 41.9709], [-88.01549, 41.97076], [-88.01541, 41.97071], [-88.01532, 41.97067], [-88.01525, 41.97063], [-88.01515, 41.97059], [-88.01509, 41.97057], [-88.01491, 41.97055], [-88.0148, 41.97056], [-88.01468, 41.97059], [-88.01462, 41.97061], [-88.01456, 41.97063], [-88.0145, 41.97066], [-88.01441, 41.97069], [-88.01435, 41.97072], [-88.01415, 41.97083], [-88.01407, 41.97086], [-88.01398, 41.97089], [-88.01379, 41.97094], [-88.01349, 41.97103], [-88.01326, 41.97106], [-88.01313, 41.97109], [-88.01306, 41.9711], [-88.01295, 41.97112], [-88.01289, 41.97114], [-88.01275, 41.97118], [-88.01264, 41.9712], [-88.01246, 41.97123], [-88.01243, 41.97125], [-88.01241, 41.97131], [-88.01239, 41.97134], [-88.01238, 41.97136], [-88.01238, 41.97138], [-88.01235, 41.97139], [-88.01232, 41.97143], [-88.01231, 41.97146], [-88.01228, 41.97149], [-88.0122, 41.97157], [-88.01217, 41.97159], [-88.01213, 41.97161], [-88.01198, 41.97166], [-88.0119, 41.97168], [-88.01176, 41.97172], [-88.0117, 41.97176], [-88.01166, 41.97179], [-88.01165, 41.97182], [-88.01164, 41.97189], [-88.01162, 41.97193], [-88.01161, 41.97195], [-88.01154, 41.97206], [-88.01151, 41.9721], [-88.01148, 41.97214], [-88.01143, 41.97217], [-88.01139, 41.97219], [-88.01129, 41.97223], [-88.01126, 41.97226], [-88.01123, 41.97229], [-88.01118, 41.97232], [-88.01117, 41.97234], [-88.01112, 41.97238], [-88.01094, 41.97248], [-88.0109, 41.97252], [-88.01079, 41.97259], [-88.01077, 41.97265], [-88.01067, 41.97272], [-88.01062, 41.97275], [-88.01057, 41.97277], [-88.01055, 41.97277], [-88.01051, 41.97277], [-88.01047, 41.97275], [-88.01044, 41.97273], [-88.0104, 41.97268], [-88.01035, 41.97266], [-88.01032, 41.97265], [-88.01027, 41.97264], [-88.01018, 41.97262], [-88.01014, 41.97261], [-88.01007, 41.97261], [-88.01003, 41.97263], [-88.00998, 41.97265], [-88.00993, 41.97266], [-88.00983, 41.97267], [-88.00969, 41.97266], [-88.00964, 41.97266], [-88.00952, 41.97269], [-88.00946, 41.97271], [-88.00935, 41.97277], [-88.00929, 41.9728], [-88.00918, 41.9729], [-88.00911, 41.97293], [-88.00904, 41.97294], [-88.00899, 41.97295], [-88.00892, 41.97295], [-88.00887, 41.97293], [-88.00881, 41.9729], [-88.00878, 41.97287], [-88.00874, 41.97279], [-88.00861, 41.97269], [-88.00857, 41.97265], [-88.00851, 41.97255], [-88.00849, 41.97254], [-88.00851, 41.97252], [-88.0085, 41.9725], [-88.00846, 41.97243], [-88.00842, 41.97238], [-88.00833, 41.9723], [-88.00826, 41.97225], [-88.00815, 41.9722], [-88.00813, 41.97219], [-88.00812, 41.97217], [-88.00802, 41.97205], [-88.00799, 41.97199], [-88.00797, 41.97194], [-88.00786, 41.97179], [-88.00781, 41.97171], [-88.00779, 41.97164], [-88.00776, 41.97158], [-88.00773, 41.97155], [-88.00767, 41.97147], [-88.00764, 41.97141], [-88.00762, 41.97133], [-88.0076, 41.9711], [-88.00758, 41.97108], [-88.00752, 41.97105], [-88.00719, 41.97102], [-88.00715, 41.97101], [-88.00711, 41.97099], [-88.00698, 41.9709], [-88.00691, 41.97088], [-88.00685, 41.97087], [-88.00667, 41.97085], [-88.00662, 41.97085], [-88.00646, 41.97087], [-88.00615, 41.97094], [-88.00606, 41.97095], [-88.00598, 41.97094], [-88.0058, 41.97093], [-88.00575, 41.97094], [-88.00559, 41.97098], [-88.0055, 41.97099], [-88.00533, 41.97098], [-88.00528, 41.97096], [-88.00525, 41.97092], [-88.00523, 41.97087], [-88.00522, 41.97084], [-88.00521, 41.97081], [-88.00517, 41.97079], [-88.00508, 41.97072], [-88.00508, 41.9707], [-88.0051, 41.97068], [-88.00509, 41.97066], [-88.00501, 41.97055], [-88.00501, 41.97053], [-88.00499, 41.9705], [-88.00495, 41.97048], [-88.00484, 41.97046], [-88.00456, 41.97044], [-88.00445, 41.97044], [-88.00438, 41.97048], [-88.00432, 41.97048], [-88.00429, 41.97048], [-88.0042, 41.97048], [-88.00412, 41.97045], [-88.00404, 41.97045], [-88.0039, 41.97043], [-88.00377, 41.9704], [-88.00368, 41.97037], [-88.00361, 41.97034], [-88.00353, 41.97032], [-88.00343, 41.97032], [-88.00334, 41.97032], [-88.00318, 41.97036], [-88.00306, 41.97037], [-88.00292, 41.97037], [-88.0026, 41.97031], [-88.00207, 41.97023], [-88.00197, 41.97021], [-88.00191, 41.9702], [-88.00175, 41.9702], [-88.00167, 41.97019], [-88.00158, 41.97018], [-88.00149, 41.97015], [-88.00134, 41.97014], [-88.00109, 41.97011], [-88.00088, 41.9701], [-88.00082, 41.97011], [-88.00073, 41.9701], [-88.00052, 41.97002], [-88.0004, 41.97], [-88.00024, 41.97001], [-87.99973, 41.97], [-87.99964, 41.96998], [-87.99946, 41.96991], [-87.99935, 41.96988], [-87.99925, 41.96987], [-87.99919, 41.96988], [-87.99915, 41.96988], [-87.9991, 41.96987], [-87.99902, 41.96988], [-87.999, 41.96989], [-87.99896, 41.9699], [-87.99895, 41.96992], [-87.99893, 41.96997], [-87.99891, 41.97011], [-87.99891, 41.97015], [-87.99895, 41.97025], [-87.99883, 41.97048], [-87.99879, 41.97057], [-87.99867, 41.97072], [-87.99862, 41.97079], [-87.99859, 41.97084], [-87.99858, 41.97087], [-87.99859, 41.97092], [-87.99858, 41.97096], [-87.9986, 41.97111], [-87.99859, 41.97128], [-87.99857, 41.9714], [-87.99855, 41.97145], [-87.99851, 41.9715], [-87.99846, 41.97159], [-87.99837, 41.97179], [-87.99837, 41.97182], [-87.99835, 41.97184], [-87.99833, 41.97184], [-87.99816, 41.97182], [-87.99814, 41.97182], [-87.99812, 41.97182], [-87.99811, 41.97183], [-87.99806, 41.97188], [-87.99796, 41.97191], [-87.99781, 41.97193], [-87.99771, 41.97193], [-87.99765, 41.97193], [-87.99742, 41.9719], [-87.99721, 41.97189], [-87.99711, 41.97189], [-87.99668, 41.97191], [-87.99647, 41.97193], [-87.99629, 41.97191], [-87.99602, 41.97193], [-87.99594, 41.97193], [-87.99583, 41.97192], [-87.99566, 41.9719], [-87.99555, 41.9719], [-87.99535, 41.97188], [-87.99523, 41.97186], [-87.99512, 41.97184], [-87.99496, 41.97184], [-87.99479, 41.97182], [-87.99445, 41.97182], [-87.99423, 41.97181], [-87.99413, 41.9718], [-87.99386, 41.97181], [-87.99361, 41.97184], [-87.99352, 41.97184], [-87.99345, 41.97183], [-87.9933, 41.9718], [-87.99299, 41.9718], [-87.99272, 41.97179], [-87.99264, 41.97178], [-87.99256, 41.97176], [-87.9925, 41.97173], [-87.99244, 41.97169], [-87.99228, 41.97157], [-87.9922, 41.97151], [-87.99211, 41.97146], [-87.99185, 41.97133], [-87.99167, 41.97126], [-87.99159, 41.97124], [-87.99145, 41.97118], [-87.99139, 41.97116], [-87.9911, 41.97109], [-87.99103, 41.97108], [-87.99076, 41.97106], [-87.99055, 41.97106], [-87.99033, 41.97107], [-87.99002, 41.97108], [-87.98993, 41.97108], [-87.98985, 41.97107], [-87.9898, 41.97106], [-87.98973, 41.97103], [-87.98964, 41.97099], [-87.98947, 41.97091], [-87.98929, 41.97089], [-87.98926, 41.97088], [-87.98921, 41.97086], [-87.98891, 41.9707], [-87.98887, 41.97067], [-87.9888, 41.97061], [-87.98874, 41.97055], [-87.98868, 41.97046], [-87.98866, 41.97044], [-87.9885, 41.97034], [-87.98828, 41.97022], [-87.9882, 41.97017], [-87.98813, 41.97015], [-87.98803, 41.97011], [-87.98794, 41.97008], [-87.98776, 41.96999], [-87.98741, 41.96981], [-87.98731, 41.96976], [-87.98722, 41.96971], [-87.98713, 41.96967], [-87.98707, 41.96963], [-87.98697, 41.96955], [-87.98687, 41.96944], [-87.98668, 41.96929], [-87.98644, 41.96914], [-87.98632, 41.96904], [-87.98624, 41.969], [-87.986, 41.96883], [-87.98594, 41.96879], [-87.98585, 41.96875], [-87.98581, 41.96873], [-87.98576, 41.96868], [-87.9857, 41.9686], [-87.98572, 41.96857], [-87.98571, 41.96855], [-87.98563, 41.96848], [-87.98562, 41.96845], [-87.98562, 41.96843], [-87.98561, 41.96841], [-87.98558, 41.96837], [-87.98554, 41.96827], [-87.9855, 41.96815], [-87.98543, 41.968], [-87.98542, 41.96796], [-87.9854, 41.96781], [-87.98541, 41.96775], [-87.98542, 41.96767], [-87.98544, 41.96748], [-87.98545, 41.96746], [-87.98549, 41.96746], [-87.98554, 41.96747], [-87.98567, 41.96753], [-87.98569, 41.96753], [-87.98571, 41.96751], [-87.98567, 41.9675], [-87.98557, 41.96747], [-87.9855, 41.96744], [-87.98548, 41.96741], [-87.98547, 41.96734], [-87.98548, 41.96733], [-87.98551, 41.96727], [-87.98553, 41.9672], [-87.98565, 41.96693], [-87.98574, 41.96684], [-87.98582, 41.96679], [-87.98585, 41.96676], [-87.98588, 41.96667], [-87.98593, 41.96663], [-87.98594, 41.96662], [-87.98596, 41.96646], [-87.98595, 41.96631], [-87.98594, 41.96627], [-87.9859, 41.96625], [-87.98586, 41.96623], [-87.98576, 41.9662], [-87.98565, 41.96615], [-87.98562, 41.96613], [-87.9856, 41.96611], [-87.9856, 41.96608], [-87.9856, 41.96604], [-87.9856, 41.966], [-87.9856, 41.96598], [-87.98567, 41.96592], [-87.98571, 41.96593], [-87.98583, 41.96597], [-87.98587, 41.96597], [-87.98584, 41.96595], [-87.98568, 41.96589], [-87.98563, 41.96586], [-87.98559, 41.96583], [-87.9855, 41.96564], [-87.98537, 41.96544], [-87.98532, 41.96537], [-87.98523, 41.96522], [-87.98512, 41.965], [-87.98511, 41.96498], [-87.98505, 41.96486], [-87.98495, 41.96471], [-87.98492, 41.96468], [-87.98485, 41.96463], [-87.98472, 41.96451], [-87.98472, 41.96448], [-87.98472, 41.96447], [-87.98468, 41.96445], [-87.98462, 41.96441], [-87.98454, 41.96428], [-87.98444, 41.96413], [-87.98439, 41.96413], [-87.98436, 41.96412], [-87.98433, 41.96409], [-87.98432, 41.96407], [-87.98431, 41.96401], [-87.98427, 41.96393], [-87.98424, 41.96374], [-87.98425, 41.96359], [-87.98426, 41.96356], [-87.98432, 41.96344], [-87.98439, 41.9632], [-87.98444, 41.9631], [-87.98452, 41.96287], [-87.98453, 41.96283], [-87.98458, 41.96276], [-87.98463, 41.96272], [-87.98463, 41.96269], [-87.98462, 41.96267], [-87.98459, 41.96262], [-87.98455, 41.96255], [-87.98452, 41.96242], [-87.98444, 41.96227], [-87.98422, 41.96203], [-87.98409, 41.96192], [-87.984, 41.96185], [-87.98382, 41.96164], [-87.98354, 41.96136], [-87.9834, 41.96123], [-87.98326, 41.96109], [-87.9831, 41.96088], [-87.98307, 41.96083], [-87.98305, 41.96078], [-87.98305, 41.96073], [-87.98303, 41.96058], [-87.98303, 41.96051], [-87.98301, 41.96041], [-87.98302, 41.96037], [-87.98312, 41.96026], [-87.98314, 41.96025], [-87.98324, 41.96021], [-87.98326, 41.96019], [-87.98328, 41.96015], [-87.98332, 41.95996], [-87.98334, 41.9599], [-87.98337, 41.95987], [-87.98344, 41.9598], [-87.98346, 41.95977], [-87.98348, 41.9597], [-87.98351, 41.95965], [-87.98356, 41.95959], [-87.98361, 41.95951], [-87.98367, 41.95945], [-87.98368, 41.95943], [-87.9837, 41.95937], [-87.98371, 41.95929], [-87.98375, 41.95922], [-87.98376, 41.95917], [-87.98376, 41.95909], [-87.98374, 41.95904], [-87.9837, 41.95897], [-87.98368, 41.95887], [-87.98367, 41.95878], [-87.98363, 41.95873], [-87.98359, 41.95862], [-87.98353, 41.95852], [-87.98351, 41.95848], [-87.98339, 41.95832], [-87.98335, 41.95825], [-87.9833, 41.95811], [-87.98328, 41.95798], [-87.98328, 41.95795], [-87.98332, 41.95787], [-87.98335, 41.95771], [-87.98338, 41.95766], [-87.98339, 41.95764], [-87.98342, 41.95763], [-87.9835, 41.9576], [-87.98359, 41.95753], [-87.98363, 41.95749], [-87.98364, 41.95747], [-87.98367, 41.95736], [-87.98368, 41.95727], [-87.98369, 41.95725], [-87.98371, 41.95724], [-87.98377, 41.95722], [-87.98382, 41.95723], [-87.98386, 41.95724], [-87.98404, 41.95726], [-87.98412, 41.95725], [-87.98419, 41.95722], [-87.98434, 41.95711], [-87.98438, 41.95708], [-87.9844, 41.95707], [-87.98447, 41.95707], [-87.98458, 41.95706], [-87.98461, 41.95706], [-87.98466, 41.95708], [-87.98475, 41.95707], [-87.98477, 41.95708], [-87.98481, 41.9571], [-87.98485, 41.95707], [-87.98489, 41.95706], [-87.985, 41.95708], [-87.9851, 41.95708], [-87.98522, 41.95704], [-87.98559, 41.95695], [-87.98565, 41.9569], [-87.98573, 41.95688], [-87.98579, 41.95684], [-87.98583, 41.95681], [-87.98604, 41.95667], [-87.98608, 41.95665], [-87.98619, 41.95663], [-87.98628, 41.95658], [-87.98636, 41.95652], [-87.98645, 41.95647], [-87.9865, 41.95644], [-87.98659, 41.95636], [-87.98673, 41.95628], [-87.98681, 41.95623], [-87.98685, 41.95621], [-87.9869, 41.95619], [-87.98701, 41.95617], [-87.98723, 41.95616], [-87.98734, 41.95616], [-87.98743, 41.95617], [-87.9876, 41.95623], [-87.98768, 41.95626], [-87.98771, 41.95628], [-87.98773, 41.95629], [-87.98777, 41.95629], [-87.98794, 41.95628], [-87.98804, 41.95628], [-87.98807, 41.95628], [-87.98816, 41.95624], [-87.98819, 41.95622], [-87.98833, 41.95605], [-87.98839, 41.95594], [-87.98844, 41.95586], [-87.9885, 41.95573], [-87.98852, 41.95569], [-87.98854, 41.95567], [-87.98856, 41.95563], [-87.98858, 41.95558], [-87.98859, 41.95538], [-87.98859, 41.95536], [-87.9886, 41.95532], [-87.98864, 41.95527], [-87.98864, 41.95526], [-87.98885, 41.95528], [-87.98909, 41.95526], [-87.98909, 41.95522], [-87.98902, 41.95522], [-87.9888, 41.95523], [-87.98864, 41.95522], [-87.98861, 41.95522], [-87.98855, 41.95519], [-87.98855, 41.95511], [-87.98851, 41.95504], [-87.9885, 41.955], [-87.9885, 41.95492], [-87.98849, 41.9549], [-87.98848, 41.95488], [-87.9884, 41.95476], [-87.98837, 41.95472], [-87.9883, 41.95469], [-87.98826, 41.95464], [-87.98823, 41.95462], [-87.98819, 41.95458], [-87.98818, 41.95453], [-87.9881, 41.95449], [-87.98805, 41.95448], [-87.98785, 41.95441], [-87.98781, 41.9544], [-87.98768, 41.95439], [-87.9874, 41.95438], [-87.98719, 41.95439], [-87.98708, 41.9544], [-87.98672, 41.95439], [-87.98654, 41.95438], [-87.98641, 41.95435], [-87.98624, 41.95433], [-87.98615, 41.95432], [-87.98608, 41.95429], [-87.98604, 41.95427], [-87.98602, 41.95425], [-87.98597, 41.95413], [-87.98594, 41.95402], [-87.98594, 41.95396], [-87.98595, 41.95391], [-87.98596, 41.95387], [-87.98603, 41.95373], [-87.98605, 41.95368], [-87.98607, 41.95355], [-87.98612, 41.95332], [-87.98613, 41.9533], [-87.98616, 41.95319], [-87.98619, 41.95314], [-87.98623, 41.95309], [-87.98626, 41.95303], [-87.98628, 41.95301], [-87.98639, 41.95293], [-87.98647, 41.95286], [-87.98651, 41.95279], [-87.98657, 41.95273], [-87.98662, 41.95269], [-87.98665, 41.95269], [-87.98667, 41.95269], [-87.98669, 41.95267], [-87.98671, 41.95265], [-87.98674, 41.95257], [-87.98679, 41.9525], [-87.98685, 41.95235], [-87.98688, 41.95222], [-87.98687, 41.95216], [-87.98685, 41.95211], [-87.98679, 41.95203], [-87.98676, 41.95197], [-87.98674, 41.95193], [-87.98667, 41.95185], [-87.98663, 41.95179], [-87.98661, 41.95177], [-87.9865, 41.95167], [-87.98644, 41.95164], [-87.98628, 41.95158], [-87.98608, 41.95138], [-87.98593, 41.95114], [-87.98592, 41.95112], [-87.98588, 41.95106], [-87.98585, 41.95103], [-87.98582, 41.95098], [-87.98579, 41.95091], [-87.98579, 41.95089], [-87.98583, 41.95085], [-87.98584, 41.95078], [-87.98584, 41.95075], [-87.98581, 41.95069], [-87.98571, 41.95054], [-87.98568, 41.95051], [-87.98557, 41.95042], [-87.98553, 41.9504], [-87.98549, 41.95039], [-87.98546, 41.95038], [-87.98541, 41.95032], [-87.98537, 41.95024], [-87.98531, 41.95012], [-87.98526, 41.95005], [-87.98508, 41.94981], [-87.98499, 41.9497], [-87.98498, 41.94968], [-87.98491, 41.94961], [-87.98482, 41.94954], [-87.98467, 41.94943], [-87.98464, 41.94942], [-87.98443, 41.94938], [-87.98431, 41.94936], [-87.98422, 41.94933], [-87.98404, 41.9493], [-87.984, 41.9493], [-87.98397, 41.94931], [-87.98393, 41.94931], [-87.9839, 41.94929], [-87.98387, 41.94927], [-87.9838, 41.94922], [-87.98376, 41.9492], [-87.98317, 41.949], [-87.98303, 41.94894], [-87.98295, 41.9489], [-87.98288, 41.94886], [-87.98277, 41.94874], [-87.98275, 41.94871], [-87.98274, 41.94867], [-87.98272, 41.94853], [-87.9827, 41.9484], [-87.9827, 41.94819], [-87.98269, 41.94812], [-87.98266, 41.94797], [-87.98261, 41.94787], [-87.98254, 41.94775], [-87.9824, 41.94751], [-87.98238, 41.9474], [-87.98238, 41.94735], [-87.98239, 41.94728], [-87.98241, 41.94724], [-87.98242, 41.94721], [-87.98245, 41.94719], [-87.98264, 41.9471], [-87.98293, 41.947], [-87.98297, 41.94697], [-87.98303, 41.94694], [-87.98316, 41.9468], [-87.98318, 41.94678], [-87.98318, 41.94674], [-87.98318, 41.9467], [-87.98317, 41.94666], [-87.98308, 41.94649], [-87.98304, 41.94642], [-87.98283, 41.94619], [-87.98278, 41.94615], [-87.98273, 41.94611], [-87.98255, 41.94603], [-87.98246, 41.94599], [-87.9824, 41.94596], [-87.98237, 41.94594], [-87.98233, 41.94592], [-87.98202, 41.94584], [-87.98175, 41.94577], [-87.9817, 41.94575], [-87.98164, 41.94571], [-87.98159, 41.94567], [-87.98155, 41.94563], [-87.98152, 41.94559], [-87.98147, 41.94546], [-87.98146, 41.9454], [-87.98146, 41.94534], [-87.98147, 41.94528], [-87.98148, 41.94522], [-87.98151, 41.94517], [-87.98157, 41.94508], [-87.98166, 41.94499], [-87.98178, 41.9449], [-87.98184, 41.94486], [-87.982, 41.9448], [-87.9821, 41.94477], [-87.9823, 41.94471], [-87.98237, 41.94468], [-87.9824, 41.94462], [-87.98242, 41.94448], [-87.98241, 41.94443], [-87.9824, 41.9444], [-87.98238, 41.94437], [-87.98236, 41.94434], [-87.98227, 41.94429], [-87.98202, 41.94418], [-87.98196, 41.94417], [-87.98189, 41.94415], [-87.98165, 41.94412], [-87.98159, 41.94411], [-87.98151, 41.9441], [-87.98115, 41.94408], [-87.98106, 41.94403], [-87.98102, 41.944], [-87.98099, 41.94397], [-87.98098, 41.94394], [-87.98099, 41.94385], [-87.98101, 41.9438], [-87.98103, 41.94376], [-87.98107, 41.9437], [-87.98111, 41.94366], [-87.98121, 41.94358], [-87.98144, 41.94337], [-87.98165, 41.9432], [-87.98177, 41.94309], [-87.98194, 41.94283], [-87.98198, 41.94275], [-87.98201, 41.94258], [-87.98203, 41.94237], [-87.98202, 41.94226], [-87.98201, 41.94217], [-87.98199, 41.9421], [-87.98196, 41.94193], [-87.98177, 41.94149], [-87.98175, 41.94143], [-87.98177, 41.94138], [-87.98178, 41.94136], [-87.9818, 41.94135], [-87.98189, 41.94134], [-87.98217, 41.94133], [-87.9823, 41.94129], [-87.98236, 41.94127], [-87.98239, 41.94125], [-87.98241, 41.94123], [-87.98244, 41.94121], [-87.98249, 41.9412], [-87.98255, 41.94119], [-87.98258, 41.94119], [-87.98263, 41.94119], [-87.98269, 41.94121], [-87.98279, 41.94123], [-87.98287, 41.94125], [-87.98295, 41.94126], [-87.98305, 41.94129], [-87.98324, 41.94135], [-87.98335, 41.94137], [-87.9835, 41.94138], [-87.9836, 41.9414], [-87.98372, 41.94146], [-87.98376, 41.94147], [-87.98423, 41.94156], [-87.98444, 41.94158], [-87.98455, 41.94157], [-87.98473, 41.94154], [-87.98476, 41.94153], [-87.98489, 41.94142], [-87.985, 41.94132], [-87.98506, 41.94112], [-87.98503, 41.94098], [-87.98497, 41.94086], [-87.98498, 41.94081], [-87.98499, 41.94079], [-87.98503, 41.94077], [-87.98506, 41.94076], [-87.98509, 41.94076], [-87.98511, 41.94077], [-87.98517, 41.94082], [-87.98522, 41.94087], [-87.98549, 41.94105], [-87.98588, 41.94127], [-87.98608, 41.94136], [-87.98611, 41.94134], [-87.9861, 41.94131], [-87.98608, 41.9413], [-87.98568, 41.94108], [-87.98537, 41.94086], [-87.98534, 41.94083], [-87.98533, 41.94082], [-87.98504, 41.94059], [-87.98502, 41.94056], [-87.98499, 41.94044], [-87.98499, 41.94035], [-87.9851, 41.94015], [-87.98517, 41.94001], [-87.98521, 41.93994], [-87.98527, 41.93983], [-87.98536, 41.93976], [-87.98542, 41.93971], [-87.98546, 41.9397], [-87.98549, 41.9397], [-87.9855, 41.9397], [-87.98555, 41.9397], [-87.98559, 41.93972], [-87.98563, 41.93975], [-87.9857, 41.9398], [-87.9858, 41.93987], [-87.98591, 41.93994], [-87.98599, 41.94], [-87.9868, 41.94057], [-87.98689, 41.94063], [-87.98702, 41.94072], [-87.98721, 41.94086], [-87.98725, 41.94088], [-87.98731, 41.9409], [-87.98735, 41.9409], [-87.9874, 41.94089], [-87.98745, 41.94087], [-87.98754, 41.94084], [-87.98765, 41.94081], [-87.9877, 41.94083], [-87.98774, 41.94087], [-87.98781, 41.94092], [-87.98786, 41.94095], [-87.98791, 41.94097], [-87.98793, 41.94098], [-87.98798, 41.94099], [-87.98806, 41.94101], [-87.98817, 41.94101], [-87.9883, 41.94102], [-87.98833, 41.94101], [-87.98836, 41.94099], [-87.98837, 41.94096], [-87.98838, 41.94069], [-87.98837, 41.94055], [-87.98836, 41.94049], [-87.98835, 41.94046], [-87.98834, 41.9404], [-87.98834, 41.94037], [-87.98836, 41.94034], [-87.9884, 41.94033], [-87.98845, 41.94033], [-87.98861, 41.94033], [-87.9887, 41.94033], [-87.98879, 41.94033], [-87.98886, 41.94033], [-87.989, 41.9403], [-87.98929, 41.94027], [-87.98992, 41.94022], [-87.99011, 41.94022], [-87.99019, 41.9402], [-87.99051, 41.94009], [-87.9906, 41.94007], [-87.99104, 41.94], [-87.99157, 41.9399], [-87.9918, 41.93986], [-87.99199, 41.93985], [-87.99217, 41.93986], [-87.99233, 41.93985], [-87.99248, 41.93985], [-87.99277, 41.93987], [-87.99298, 41.93986], [-87.993, 41.93986], [-87.99309, 41.93987], [-87.99349, 41.93988], [-87.99369, 41.93991], [-87.99375, 41.9399], [-87.99383, 41.93986], [-87.99414, 41.93972], [-87.99421, 41.93966], [-87.9944, 41.93955], [-87.99454, 41.93949], [-87.9947, 41.93938], [-87.99475, 41.9393], [-87.99476, 41.93923], [-87.99477, 41.93824], [-87.99478, 41.9382], [-87.9948, 41.93816], [-87.99484, 41.93813], [-87.99488, 41.93811], [-87.99501, 41.9381], [-87.9953, 41.93811], [-87.99535, 41.93811], [-87.99542, 41.93811], [-87.99608, 41.9381], [-87.99668, 41.93811], [-87.99679, 41.9381], [-87.99684, 41.93809], [-87.99687, 41.93806], [-87.99689, 41.93803], [-87.99691, 41.93755], [-87.99689, 41.93728], [-87.99691, 41.9372], [-87.99695, 41.93715], [-87.99704, 41.93711], [-87.99711, 41.93711], [-87.99736, 41.93695], [-87.99738, 41.93693], [-87.99742, 41.93691], [-87.9975, 41.93688], [-87.99757, 41.93685], [-87.9977, 41.93681], [-87.99775, 41.93677], [-87.99798, 41.93664], [-87.9982, 41.93654], [-87.99828, 41.93653], [-87.99844, 41.93652], [-87.99849, 41.93651], [-87.99852, 41.93648], [-87.99857, 41.93643], [-87.99862, 41.93639], [-87.99863, 41.93638], [-87.99869, 41.93637], [-87.99875, 41.93636], [-87.99885, 41.93636], [-87.99902, 41.93633], [-87.99907, 41.93633], [-87.99915, 41.93631], [-87.99925, 41.93628], [-87.99935, 41.93624], [-87.99941, 41.93621], [-87.99965, 41.93613], [-87.99988, 41.93602], [-87.99997, 41.93599], [-88.00018, 41.93593], [-88.00021, 41.93592], [-88.00031, 41.93589], [-88.00039, 41.93586], [-88.00052, 41.93582], [-88.00066, 41.93578], [-88.00082, 41.93572], [-88.00089, 41.93566], [-88.0009, 41.93562], [-88.00091, 41.93545], [-88.00091, 41.93517], [-88.0009, 41.93484], [-88.00094, 41.93454], [-88.00099, 41.93443], [-88.00102, 41.93441], [-88.00106, 41.93438], [-88.00109, 41.93437], [-88.00119, 41.93434], [-88.00123, 41.93433], [-88.00141, 41.93432], [-88.00155, 41.93432], [-88.00167, 41.93431], [-88.00193, 41.93428], [-88.0021, 41.93424], [-88.00218, 41.93421], [-88.00223, 41.93418], [-88.00227, 41.93416], [-88.00232, 41.93415], [-88.00249, 41.93408], [-88.00258, 41.93402], [-88.00263, 41.93399], [-88.00268, 41.93397], [-88.00276, 41.93395], [-88.00282, 41.93393], [-88.00276, 41.93393], [-88.00268, 41.93395], [-88.00261, 41.93398], [-88.00246, 41.93407], [-88.00218, 41.93418], [-88.00199, 41.93425], [-88.00194, 41.93426], [-88.00182, 41.93428], [-88.00171, 41.93428], [-88.00164, 41.93429], [-88.00136, 41.9343], [-88.00114, 41.93432], [-88.00102, 41.93436], [-88.00093, 41.93442], [-88.0009, 41.93446], [-88.00089, 41.93448], [-88.00087, 41.93453], [-88.00086, 41.9346], [-88.00085, 41.93483], [-88.00086, 41.93508], [-88.00086, 41.93513], [-88.00087, 41.93552], [-88.00086, 41.93555], [-88.00084, 41.93561], [-88.00082, 41.93563], [-88.0008, 41.93566], [-88.00064, 41.93575], [-88.00057, 41.93578], [-88.00049, 41.9358], [-88.00045, 41.93581], [-88.00021, 41.93589], [-88.00017, 41.93591], [-88.00012, 41.93592], [-88.00006, 41.93594], [-87.99998, 41.93596], [-87.99947, 41.93615], [-87.99935, 41.9362], [-87.99907, 41.9363], [-87.99887, 41.93634], [-87.99863, 41.93635], [-87.9986, 41.93636], [-87.99858, 41.93638], [-87.99854, 41.93642], [-87.99849, 41.93647], [-87.99847, 41.93649], [-87.99844, 41.9365], [-87.99832, 41.9365], [-87.99823, 41.93651], [-87.99814, 41.93655], [-87.99808, 41.93657], [-87.99804, 41.93659], [-87.9978, 41.93671], [-87.99764, 41.93678], [-87.99757, 41.93681], [-87.9975, 41.93684], [-87.99742, 41.93688], [-87.99739, 41.9369], [-87.99735, 41.93693], [-87.99712, 41.93707], [-87.99702, 41.9371], [-87.99693, 41.93714], [-87.99687, 41.93717], [-87.99686, 41.93719], [-87.99685, 41.93796], [-87.99684, 41.93801], [-87.99682, 41.93805], [-87.99679, 41.93806], [-87.99674, 41.93807], [-87.99562, 41.93807], [-87.9954, 41.93807], [-87.99535, 41.93807], [-87.99531, 41.93806], [-87.9952, 41.93805], [-87.99506, 41.93805], [-87.99492, 41.93806], [-87.99485, 41.93808], [-87.99478, 41.93812], [-87.99475, 41.93816], [-87.99474, 41.93821], [-87.99473, 41.939], [-87.99472, 41.93929], [-87.99469, 41.93934], [-87.99461, 41.93941], [-87.99456, 41.93945], [-87.9945, 41.93946], [-87.99442, 41.93949], [-87.99434, 41.93954], [-87.99407, 41.93971], [-87.99378, 41.93984], [-87.99373, 41.93986], [-87.99364, 41.93986], [-87.99342, 41.93984], [-87.99309, 41.93982], [-87.993, 41.93982], [-87.99298, 41.93982], [-87.99289, 41.93983], [-87.9923, 41.93982], [-87.99217, 41.93984], [-87.99184, 41.93983], [-87.99165, 41.93986], [-87.99109, 41.93997], [-87.9906, 41.94004], [-87.9903, 41.94013], [-87.99007, 41.9402], [-87.99, 41.9402], [-87.98981, 41.9402], [-87.98966, 41.9402], [-87.98912, 41.94024], [-87.98888, 41.94029], [-87.98883, 41.94029], [-87.98879, 41.94029], [-87.9887, 41.94029], [-87.98861, 41.94028], [-87.98851, 41.94028], [-87.98838, 41.94028], [-87.98833, 41.94029], [-87.98829, 41.94031], [-87.98825, 41.94034], [-87.98813, 41.94046], [-87.98809, 41.9405], [-87.98802, 41.94053], [-87.98791, 41.94059], [-87.98778, 41.94065], [-87.98753, 41.94072], [-87.98743, 41.94075], [-87.98738, 41.94075], [-87.9873, 41.94075], [-87.98727, 41.94074], [-87.98716, 41.9407], [-87.98709, 41.94066], [-87.98658, 41.94028], [-87.98618, 41.93997], [-87.98615, 41.93993], [-87.98608, 41.93987], [-87.986, 41.93981], [-87.98585, 41.93968], [-87.98554, 41.93948], [-87.9855, 41.93944], [-87.9855, 41.93942], [-87.98551, 41.93939], [-87.98553, 41.93937], [-87.98555, 41.93936], [-87.98557, 41.93936], [-87.98563, 41.93935], [-87.98565, 41.93929], [-87.98577, 41.93902], [-87.98582, 41.93888], [-87.98583, 41.93882], [-87.98583, 41.93877], [-87.98584, 41.93855], [-87.98583, 41.93854], [-87.98583, 41.9385], [-87.98581, 41.93845], [-87.9858, 41.93842], [-87.98579, 41.93838], [-87.98578, 41.93836], [-87.98575, 41.93828], [-87.98571, 41.93819], [-87.98564, 41.93809], [-87.98551, 41.93789], [-87.9854, 41.93774], [-87.98535, 41.93768], [-87.98509, 41.93747], [-87.98504, 41.93744], [-87.98497, 41.9374], [-87.98491, 41.93738], [-87.98488, 41.93737], [-87.98485, 41.93736], [-87.98481, 41.93733], [-87.98478, 41.9373], [-87.98472, 41.93726], [-87.98467, 41.93722], [-87.98412, 41.93664], [-87.98382, 41.93636], [-87.98365, 41.93624], [-87.9836, 41.93621], [-87.98341, 41.93607], [-87.98331, 41.93601], [-87.98298, 41.93578], [-87.98286, 41.93565], [-87.98277, 41.9355], [-87.9827, 41.9353], [-87.98266, 41.93518], [-87.98264, 41.9351], [-87.9826, 41.93494], [-87.98249, 41.93452], [-87.98247, 41.93448], [-87.98241, 41.93439], [-87.98239, 41.93434], [-87.98227, 41.9342], [-87.98224, 41.93417], [-87.98222, 41.93415], [-87.98219, 41.93415], [-87.98217, 41.93413], [-87.98216, 41.93407], [-87.98211, 41.93401], [-87.98207, 41.93397], [-87.98198, 41.93391], [-87.9819, 41.93388], [-87.98179, 41.93382], [-87.98143, 41.9336], [-87.98115, 41.93336], [-87.9811, 41.9333], [-87.98103, 41.93318], [-87.98103, 41.93302], [-87.98104, 41.93295], [-87.98108, 41.9328], [-87.9811, 41.93276], [-87.98115, 41.93269], [-87.98124, 41.93259], [-87.98132, 41.9325], [-87.9814, 41.93241], [-87.98148, 41.93236], [-87.98157, 41.93229], [-87.98182, 41.93215], [-87.98191, 41.93205], [-87.98196, 41.93199], [-87.98201, 41.93193], [-87.98213, 41.93172], [-87.98219, 41.93157], [-87.98219, 41.93153], [-87.98218, 41.93133], [-87.98217, 41.93123], [-87.98215, 41.9312], [-87.98213, 41.93117], [-87.98199, 41.93104], [-87.98195, 41.93101], [-87.98178, 41.93096], [-87.98134, 41.93089], [-87.98126, 41.93087], [-87.98121, 41.93086], [-87.98116, 41.93082], [-87.98111, 41.93079], [-87.98105, 41.93073], [-87.98097, 41.93067], [-87.98092, 41.93062], [-87.98087, 41.93056], [-87.98085, 41.93054], [-87.98082, 41.93051], [-87.98076, 41.93045], [-87.98072, 41.93039], [-87.98061, 41.93025], [-87.98058, 41.93022], [-87.98039, 41.93004], [-87.98034, 41.93001], [-87.98028, 41.92999], [-87.98021, 41.92997], [-87.9801, 41.92994], [-87.97984, 41.92989], [-87.97964, 41.92985], [-87.97957, 41.92985], [-87.9793, 41.92987], [-87.97902, 41.92994], [-87.97894, 41.92995], [-87.97883, 41.92997], [-87.97865, 41.92998], [-87.97852, 41.92994], [-87.9785, 41.92993], [-87.97849, 41.92992], [-87.97847, 41.92987], [-87.97844, 41.92981], [-87.97832, 41.92965], [-87.97831, 41.92964], [-87.97832, 41.92962], [-87.97831, 41.9296], [-87.97834, 41.92946], [-87.97831, 41.92945], [-87.97827, 41.92932], [-87.97824, 41.92921], [-87.97822, 41.92915], [-87.9782, 41.92909], [-87.97819, 41.92905], [-87.97814, 41.92885], [-87.97811, 41.92881], [-87.97811, 41.92879], [-87.97814, 41.92877], [-87.97813, 41.92872], [-87.97813, 41.92868], [-87.97815, 41.92864], [-87.97825, 41.92851], [-87.97828, 41.92847], [-87.97833, 41.9284], [-87.97841, 41.9283], [-87.97843, 41.92825], [-87.97856, 41.92807], [-87.97867, 41.92784], [-87.97871, 41.92774], [-87.97872, 41.9277], [-87.97872, 41.92765], [-87.97868, 41.9275], [-87.97862, 41.92727], [-87.97861, 41.92718], [-87.97865, 41.92706], [-87.97877, 41.92689], [-87.97881, 41.92683], [-87.97884, 41.92677], [-87.97889, 41.92661], [-87.9789, 41.92644], [-87.97891, 41.9264], [-87.97889, 41.92636], [-87.97885, 41.92635], [-87.97881, 41.92632], [-87.97878, 41.92628], [-87.97865, 41.92618], [-87.97858, 41.92614], [-87.97845, 41.92602], [-87.97842, 41.92599], [-87.9784, 41.92598], [-87.97837, 41.92594], [-87.97832, 41.92587], [-87.97828, 41.92583], [-87.97804, 41.92567], [-87.97795, 41.92563], [-87.97769, 41.92557], [-87.97757, 41.92558], [-87.97738, 41.92561], [-87.9772, 41.92565], [-87.97707, 41.92566], [-87.97699, 41.92565], [-87.97683, 41.92561], [-87.97674, 41.92557], [-87.9767, 41.92554], [-87.97659, 41.92542], [-87.97653, 41.92536], [-87.97637, 41.92527], [-87.97628, 41.9252], [-87.97622, 41.92516], [-87.97613, 41.92511], [-87.97593, 41.92499], [-87.97587, 41.92495], [-87.97579, 41.9249], [-87.97573, 41.92487], [-87.97569, 41.92484], [-87.97561, 41.92473], [-87.97556, 41.92467], [-87.97547, 41.92454], [-87.97531, 41.9243], [-87.97525, 41.92422], [-87.97517, 41.92409], [-87.97507, 41.92391], [-87.97493, 41.92374], [-87.9749, 41.9237], [-87.97483, 41.92363], [-87.97477, 41.92356], [-87.97472, 41.92351], [-87.97468, 41.92345], [-87.97458, 41.92339], [-87.9745, 41.92335], [-87.97444, 41.92333], [-87.97439, 41.92331], [-87.97436, 41.92328], [-87.97422, 41.92315], [-87.97419, 41.92312], [-87.97417, 41.92308], [-87.97416, 41.92304], [-87.97416, 41.923], [-87.97418, 41.92288], [-87.97421, 41.92281], [-87.97425, 41.92275], [-87.97434, 41.92266], [-87.97435, 41.92263], [-87.97435, 41.92258], [-87.97435, 41.92254], [-87.97431, 41.92243], [-87.97429, 41.92236], [-87.97427, 41.92232], [-87.97427, 41.92229], [-87.97429, 41.92228], [-87.97431, 41.92227], [-87.97434, 41.92227], [-87.97432, 41.92223], [-87.97425, 41.92226], [-87.97423, 41.92227], [-87.9742, 41.92223], [-87.97419, 41.92219], [-87.97414, 41.92211], [-87.97406, 41.92204], [-87.97402, 41.92202], [-87.97398, 41.92202], [-87.97395, 41.922], [-87.97392, 41.92199], [-87.97382, 41.92196], [-87.97373, 41.92194], [-87.97364, 41.92194], [-87.97361, 41.92194], [-87.97356, 41.92193], [-87.97339, 41.92186], [-87.97333, 41.92185], [-87.97325, 41.92181], [-87.97322, 41.92179], [-87.97311, 41.92173], [-87.97309, 41.92171], [-87.97304, 41.92166], [-87.97299, 41.92158], [-87.97298, 41.92155], [-87.97297, 41.92148], [-87.97299, 41.92141], [-87.97304, 41.92128], [-87.97308, 41.92122], [-87.9731, 41.92119], [-87.97329, 41.92098], [-87.97332, 41.92091], [-87.97334, 41.92089], [-87.97335, 41.92084], [-87.97333, 41.92068], [-87.97328, 41.9205], [-87.97322, 41.92037], [-87.9732, 41.92028], [-87.97319, 41.92024], [-87.97316, 41.92014], [-87.9731, 41.91998], [-87.97305, 41.91988], [-87.97287, 41.91953], [-87.97285, 41.91949], [-87.97278, 41.91934], [-87.97274, 41.91925], [-87.97261, 41.91902], [-87.97255, 41.91894], [-87.97254, 41.91891], [-87.97254, 41.91884], [-87.97255, 41.91877], [-87.97258, 41.91872], [-87.97279, 41.91858], [-87.97287, 41.9185], [-87.97291, 41.91843], [-87.97293, 41.91835], [-87.97293, 41.91828], [-87.97291, 41.91811], [-87.97292, 41.91801], [-87.9729, 41.91793], [-87.97285, 41.91781], [-87.97273, 41.91756], [-87.97267, 41.91745], [-87.9726, 41.91736], [-87.97251, 41.91729], [-87.97248, 41.91727], [-87.97239, 41.91722], [-87.9722, 41.91713], [-87.97201, 41.91701], [-87.97192, 41.91694], [-87.9719, 41.91688], [-87.97193, 41.91678], [-87.97195, 41.91668], [-87.97204, 41.9166], [-87.97215, 41.91654], [-87.97223, 41.91648], [-87.97227, 41.91642], [-87.97228, 41.9164], [-87.97229, 41.91636], [-87.97229, 41.91628], [-87.97225, 41.9162], [-87.9722, 41.91611], [-87.97194, 41.91585], [-87.97106, 41.91539], [-87.97096, 41.91535], [-87.97084, 41.91532], [-87.97068, 41.91529], [-87.97053, 41.91528], [-87.97036, 41.91528], [-87.97023, 41.91526], [-87.97005, 41.91525], [-87.96989, 41.91521], [-87.96979, 41.91517], [-87.96968, 41.91511], [-87.96954, 41.91502], [-87.96944, 41.91495], [-87.96938, 41.91491], [-87.96928, 41.91482], [-87.96927, 41.9148], [-87.96918, 41.9147], [-87.96905, 41.91459], [-87.96899, 41.91453], [-87.96892, 41.91446], [-87.9688, 41.91431], [-87.96869, 41.9142], [-87.96855, 41.91408], [-87.96847, 41.91398], [-87.96843, 41.91389], [-87.96835, 41.91368], [-87.96833, 41.91358], [-87.96833, 41.91348], [-87.96834, 41.91331], [-87.96835, 41.9133], [-87.96837, 41.91331], [-87.9684, 41.91335], [-87.96846, 41.91341], [-87.9685, 41.91348], [-87.96853, 41.91349], [-87.96854, 41.91347], [-87.96852, 41.91341], [-87.96849, 41.91333], [-87.96846, 41.91321], [-87.96848, 41.91313], [-87.96848, 41.91306], [-87.96846, 41.91301], [-87.96843, 41.913], [-87.96842, 41.91298], [-87.96842, 41.91297], [-87.96842, 41.91292], [-87.96845, 41.91285], [-87.9685, 41.91277], [-87.96855, 41.9127], [-87.96856, 41.91268], [-87.9686, 41.91263], [-87.96872, 41.9125], [-87.96882, 41.91245], [-87.9689, 41.91241], [-87.96891, 41.91241], [-87.96896, 41.91239], [-87.96902, 41.91239], [-87.96902, 41.91242], [-87.96892, 41.91248], [-87.96878, 41.91256], [-87.96872, 41.91263], [-87.96872, 41.91266], [-87.96875, 41.91266], [-87.9688, 41.91263], [-87.9689, 41.91256], [-87.96892, 41.91255], [-87.96902, 41.91249], [-87.96916, 41.91244], [-87.96928, 41.9124], [-87.96952, 41.91234], [-87.96954, 41.91239], [-87.96946, 41.91244], [-87.96936, 41.91253], [-87.9694, 41.91253], [-87.96964, 41.91244], [-87.96977, 41.91235], [-87.96987, 41.91228], [-87.96993, 41.9122], [-87.96996, 41.91217], [-87.96999, 41.91218], [-87.97002, 41.91219], [-87.97008, 41.91224], [-87.97011, 41.91225], [-87.97009, 41.91222], [-87.97005, 41.91217], [-87.97002, 41.91213], [-87.97006, 41.91208], [-87.97011, 41.91202], [-87.97013, 41.912], [-87.97015, 41.91195], [-87.97018, 41.91188], [-87.9702, 41.91179], [-87.97022, 41.91172], [-87.97023, 41.91165], [-87.97026, 41.91155], [-87.97034, 41.91137], [-87.97036, 41.91125], [-87.97036, 41.91118], [-87.97038, 41.91109], [-87.97043, 41.91102], [-87.97054, 41.91092], [-87.97059, 41.91089], [-87.97062, 41.91085], [-87.97064, 41.91079], [-87.97062, 41.91071], [-87.97061, 41.91065], [-87.97056, 41.91051], [-87.97055, 41.91043], [-87.97051, 41.91035], [-87.97043, 41.91021], [-87.97035, 41.91011], [-87.97025, 41.91], [-87.9701, 41.90989], [-87.96999, 41.90982], [-87.96976, 41.9097], [-87.96966, 41.90966], [-87.96956, 41.90964], [-87.96931, 41.90955], [-87.9691, 41.90952], [-87.96882, 41.90946], [-87.9686, 41.9094], [-87.96842, 41.90938], [-87.96774, 41.90932], [-87.96762, 41.9093], [-87.96741, 41.90923], [-87.96732, 41.90916], [-87.96725, 41.90908], [-87.96709, 41.90893], [-87.96706, 41.9088], [-87.96703, 41.90854], [-87.96693, 41.90801], [-87.96686, 41.90755], [-87.96692, 41.90717], [-87.96702, 41.90708], [-87.96712, 41.90704], [-87.96727, 41.90702], [-87.96742, 41.90703], [-87.96755, 41.90706], [-87.96761, 41.90705], [-87.96766, 41.90703], [-87.96783, 41.90698], [-87.96788, 41.90696], [-87.96803, 41.90697], [-87.96803, 41.90695], [-87.96807, 41.90691], [-87.9681, 41.90689], [-87.96814, 41.90685], [-87.96816, 41.90678], [-87.96817, 41.90676], [-87.96818, 41.90671], [-87.96819, 41.90664], [-87.96827, 41.90654], [-87.96833, 41.90647], [-87.96836, 41.90638], [-87.96836, 41.90629], [-87.96835, 41.90618], [-87.96834, 41.90614], [-87.96832, 41.90609], [-87.96832, 41.90598], [-87.96831, 41.90592], [-87.96829, 41.9058], [-87.96828, 41.90574], [-87.96826, 41.90566], [-87.96825, 41.90561], [-87.96824, 41.90555], [-87.96817, 41.90548], [-87.96814, 41.90544], [-87.96804, 41.90529], [-87.96795, 41.90512], [-87.96773, 41.90486], [-87.96759, 41.90471], [-87.96751, 41.90458], [-87.96746, 41.90448], [-87.96745, 41.90445], [-87.96734, 41.90434], [-87.9672, 41.90418], [-87.96708, 41.90406], [-87.96696, 41.90396], [-87.96686, 41.90382], [-87.96681, 41.90376], [-87.96672, 41.90358], [-87.96664, 41.90344], [-87.96648, 41.90328], [-87.96643, 41.90325], [-87.96638, 41.9032], [-87.96632, 41.9031], [-87.96629, 41.90299], [-87.96628, 41.90286], [-87.96627, 41.90262], [-87.96625, 41.90239], [-87.96619, 41.90195], [-87.96618, 41.90171], [-87.96612, 41.90133], [-87.96609, 41.90109], [-87.96606, 41.90089], [-87.96602, 41.90072], [-87.96598, 41.90054], [-87.96594, 41.90044], [-87.9659, 41.90026], [-87.96586, 41.90001], [-87.96581, 41.89985], [-87.96563, 41.89949], [-87.96559, 41.89935], [-87.96555, 41.89919], [-87.96546, 41.8987], [-87.9654, 41.89858], [-87.96539, 41.89854], [-87.96541, 41.89846], [-87.96541, 41.89832], [-87.9654, 41.89815], [-87.96539, 41.89801], [-87.9654, 41.89793], [-87.9654, 41.89789], [-87.96543, 41.89786], [-87.96543, 41.89781], [-87.96543, 41.89778], [-87.96546, 41.89777], [-87.96543, 41.89776], [-87.96544, 41.89773], [-87.96544, 41.89772], [-87.96544, 41.8977], [-87.96544, 41.89768], [-87.96545, 41.89753], [-87.96544, 41.8975], [-87.96542, 41.89744], [-87.96537, 41.89737], [-87.96535, 41.89731], [-87.96535, 41.89726], [-87.96535, 41.89718], [-87.96528, 41.89699], [-87.96525, 41.89695], [-87.96519, 41.89691], [-87.96512, 41.89686], [-87.96505, 41.89685], [-87.96496, 41.89683], [-87.96468, 41.8967], [-87.96458, 41.89664], [-87.96455, 41.8966], [-87.96453, 41.89656], [-87.96452, 41.89651], [-87.96452, 41.89647], [-87.96454, 41.89643], [-87.96459, 41.89638], [-87.96467, 41.89634], [-87.96473, 41.89633], [-87.9648, 41.89633], [-87.96488, 41.89632], [-87.96505, 41.89629], [-87.96516, 41.89626], [-87.96521, 41.89624], [-87.96526, 41.8962], [-87.96532, 41.89613], [-87.96533, 41.8961], [-87.96532, 41.89605], [-87.9653, 41.89596], [-87.96527, 41.8959], [-87.96524, 41.89585], [-87.96518, 41.89579], [-87.96509, 41.89573], [-87.96505, 41.89572], [-87.96493, 41.89569], [-87.96481, 41.89567], [-87.9647, 41.89569], [-87.96466, 41.89569], [-87.96456, 41.89563], [-87.9645, 41.89562], [-87.96425, 41.89557], [-87.96416, 41.89555], [-87.96406, 41.8955], [-87.96398, 41.89545], [-87.96386, 41.89534], [-87.96377, 41.89527], [-87.96372, 41.89523], [-87.9637, 41.89519], [-87.9637, 41.89512], [-87.9637, 41.89508], [-87.96371, 41.89503], [-87.96377, 41.89497], [-87.96381, 41.89494], [-87.96401, 41.89482], [-87.96409, 41.89477], [-87.96413, 41.89474], [-87.96415, 41.89465], [-87.96416, 41.89459], [-87.96418, 41.89452], [-87.96422, 41.89435], [-87.96424, 41.89411], [-87.96425, 41.89386], [-87.96422, 41.89378], [-87.96418, 41.89368], [-87.96416, 41.89364], [-87.96406, 41.8935], [-87.96398, 41.89341], [-87.96395, 41.89336], [-87.96393, 41.89331], [-87.96382, 41.8931], [-87.96375, 41.89291], [-87.96371, 41.89277], [-87.96369, 41.89269], [-87.96367, 41.89263], [-87.96359, 41.89233], [-87.96357, 41.89221], [-87.96356, 41.89189], [-87.9634, 41.89138], [-87.96341, 41.89131], [-87.96342, 41.89128], [-87.96345, 41.89126], [-87.9635, 41.89122], [-87.96364, 41.89119], [-87.96388, 41.89116], [-87.96393, 41.89115], [-87.96399, 41.89113], [-87.96416, 41.89102], [-87.96424, 41.89093], [-87.9643, 41.89086], [-87.96432, 41.89079], [-87.96432, 41.89075], [-87.96432, 41.89067], [-87.9643, 41.89062], [-87.96424, 41.89051], [-87.96416, 41.89039], [-87.96407, 41.89032], [-87.96408, 41.89021], [-87.96408, 41.89011], [-87.96409, 41.89008], [-87.96408, 41.89002], [-87.96407, 41.89], [-87.96399, 41.88976], [-87.96397, 41.88973], [-87.96394, 41.88971], [-87.96392, 41.88969], [-87.9639, 41.88967], [-87.96388, 41.88966], [-87.96377, 41.88957], [-87.96371, 41.88954], [-87.96343, 41.88944], [-87.96317, 41.88937], [-87.96306, 41.88935], [-87.9629, 41.88931], [-87.96276, 41.88929], [-87.96246, 41.88923], [-87.96222, 41.88913], [-87.96208, 41.8891], [-87.962, 41.88907], [-87.96183, 41.88902], [-87.96176, 41.88903], [-87.96127, 41.88868], [-87.96101, 41.88794], [-87.96084, 41.88734], [-87.96052, 41.88706], [-87.96047, 41.88702], [-87.96033, 41.88692], [-87.9602, 41.88683], [-87.95989, 41.88664], [-87.95982, 41.88651], [-87.95981, 41.8864], [-87.95976, 41.88632], [-87.95975, 41.8863], [-87.95973, 41.88621], [-87.95955, 41.88614], [-87.95944, 41.88612], [-87.95938, 41.88612], [-87.95939, 41.88615], [-87.95942, 41.88619], [-87.95948, 41.88623], [-87.95949, 41.88625], [-87.9595, 41.88628], [-87.95952, 41.88646], [-87.95953, 41.88649], [-87.95954, 41.88651], [-87.95957, 41.88653], [-87.9596, 41.88653], [-87.95965, 41.88654], [-87.95967, 41.88655], [-87.95973, 41.88651], [-87.95977, 41.88657], [-87.95978, 41.88659], [-87.95982, 41.88669], [-87.95985, 41.88671], [-87.96027, 41.88694], [-87.96034, 41.88701], [-87.96037, 41.88705], [-87.96038, 41.8872], [-87.96043, 41.88726], [-87.96052, 41.88738], [-87.96059, 41.88749], [-87.96063, 41.88757], [-87.96068, 41.88764], [-87.96072, 41.88771], [-87.96086, 41.88803], [-87.9609, 41.8881], [-87.96114, 41.88861], [-87.96117, 41.88868], [-87.96119, 41.88875], [-87.96121, 41.88883], [-87.96124, 41.88888], [-87.9613, 41.88896], [-87.96146, 41.88912], [-87.96153, 41.88917], [-87.96162, 41.88925], [-87.9618, 41.88931], [-87.96188, 41.88933], [-87.96204, 41.88934], [-87.9622, 41.88933], [-87.96233, 41.88936], [-87.96324, 41.88956], [-87.96367, 41.88964], [-87.96391, 41.88989], [-87.96393, 41.88996], [-87.96393, 41.89], [-87.96391, 41.89003], [-87.96389, 41.89005], [-87.96384, 41.89012], [-87.96385, 41.89022], [-87.96386, 41.89033], [-87.964, 41.89038], [-87.96403, 41.8904], [-87.96406, 41.89043], [-87.96409, 41.89047], [-87.96419, 41.89072], [-87.9642, 41.89076], [-87.96419, 41.89082], [-87.96417, 41.89086], [-87.96414, 41.89091], [-87.96412, 41.89092], [-87.9641, 41.89094], [-87.96407, 41.89097], [-87.96402, 41.89099], [-87.96399, 41.891], [-87.96388, 41.89104], [-87.96376, 41.89108], [-87.96358, 41.89113], [-87.96349, 41.89115], [-87.96341, 41.89118], [-87.96333, 41.89124], [-87.96324, 41.89137], [-87.96323, 41.89141], [-87.96323, 41.89153], [-87.96324, 41.89158], [-87.96327, 41.89165], [-87.96331, 41.89171], [-87.96339, 41.89186], [-87.96342, 41.89199], [-87.96343, 41.89203], [-87.96351, 41.89251], [-87.96358, 41.8928], [-87.9636, 41.89289], [-87.96369, 41.89313], [-87.96373, 41.89321], [-87.96376, 41.89327], [-87.96378, 41.89332], [-87.96381, 41.89336], [-87.96383, 41.8934], [-87.96387, 41.89346], [-87.96394, 41.89357], [-87.96399, 41.89364], [-87.96403, 41.89368], [-87.96406, 41.89372], [-87.96409, 41.89378], [-87.96411, 41.89383], [-87.96414, 41.89397], [-87.96415, 41.89404], [-87.96414, 41.89411], [-87.96413, 41.89425], [-87.96409, 41.89446], [-87.96406, 41.89462], [-87.96404, 41.89466], [-87.964, 41.89471], [-87.96397, 41.89474], [-87.96394, 41.89477], [-87.96387, 41.8948], [-87.96376, 41.89484], [-87.96367, 41.89488], [-87.96364, 41.8949], [-87.9636, 41.89494], [-87.96356, 41.89498], [-87.96354, 41.89502], [-87.96353, 41.89505], [-87.96354, 41.89511], [-87.96356, 41.89514], [-87.96357, 41.89522], [-87.9636, 41.89531], [-87.96364, 41.8954], [-87.96372, 41.8955], [-87.96373, 41.89552], [-87.96374, 41.89555], [-87.96376, 41.89557], [-87.96385, 41.89562], [-87.96397, 41.89565], [-87.96404, 41.89566], [-87.96409, 41.89565], [-87.96412, 41.89571], [-87.9642, 41.89583], [-87.96426, 41.89588], [-87.9643, 41.89589], [-87.96434, 41.89591], [-87.96437, 41.89593], [-87.96441, 41.89596], [-87.96443, 41.89606], [-87.96447, 41.89615], [-87.9645, 41.89627], [-87.9644, 41.89636], [-87.96438, 41.8964], [-87.96436, 41.89648], [-87.96437, 41.89656], [-87.96442, 41.89666], [-87.96445, 41.89675], [-87.96447, 41.89678], [-87.96451, 41.89681], [-87.96462, 41.89685], [-87.96472, 41.89687], [-87.96496, 41.89693], [-87.96503, 41.89697], [-87.96509, 41.89703], [-87.96511, 41.89708], [-87.96515, 41.89721], [-87.96516, 41.89724], [-87.96518, 41.89738], [-87.96521, 41.89746], [-87.96525, 41.89753], [-87.96526, 41.89756], [-87.96521, 41.89762], [-87.9652, 41.89764], [-87.96517, 41.89769], [-87.96517, 41.89771], [-87.96516, 41.89775], [-87.96516, 41.89776], [-87.96516, 41.89781], [-87.96515, 41.89787], [-87.96515, 41.89789], [-87.96511, 41.89842], [-87.96515, 41.89872], [-87.96522, 41.89911], [-87.96533, 41.89945], [-87.96536, 41.8995], [-87.96549, 41.89975], [-87.96558, 41.89997], [-87.96568, 41.9002], [-87.96576, 41.90047], [-87.96588, 41.90104], [-87.96592, 41.90126], [-87.96594, 41.90148], [-87.96598, 41.90172], [-87.96599, 41.90174], [-87.96599, 41.90189], [-87.96602, 41.90214], [-87.96604, 41.90229], [-87.96607, 41.90265], [-87.96608, 41.90279], [-87.96608, 41.90289], [-87.96609, 41.90298], [-87.96609, 41.90306], [-87.96607, 41.90314], [-87.96609, 41.9032], [-87.96616, 41.90329], [-87.96619, 41.90331], [-87.96639, 41.90353], [-87.96661, 41.90382], [-87.96671, 41.90396], [-87.96689, 41.90417], [-87.96705, 41.90431], [-87.96722, 41.90452], [-87.96737, 41.90466], [-87.96751, 41.90482], [-87.96766, 41.90503], [-87.96782, 41.90525], [-87.96792, 41.90542], [-87.96792, 41.90555], [-87.96794, 41.90561], [-87.96796, 41.90567], [-87.96798, 41.90575], [-87.96799, 41.9058], [-87.96802, 41.90587], [-87.96814, 41.906], [-87.96817, 41.90614], [-87.96817, 41.90636], [-87.96815, 41.90648], [-87.96813, 41.90656], [-87.96805, 41.90665], [-87.96794, 41.90672], [-87.9678, 41.90673], [-87.96762, 41.90675], [-87.96746, 41.90677], [-87.96722, 41.90683], [-87.96702, 41.90691], [-87.96688, 41.90702], [-87.96676, 41.90716], [-87.9667, 41.90729], [-87.96668, 41.90746], [-87.96668, 41.90767], [-87.96667, 41.90769], [-87.96655, 41.90774], [-87.96658, 41.90776], [-87.96669, 41.90777], [-87.96669, 41.9078], [-87.96675, 41.90826], [-87.96683, 41.90868], [-87.96691, 41.90892], [-87.96697, 41.90905], [-87.96701, 41.9091], [-87.96706, 41.90918], [-87.96713, 41.90927], [-87.96718, 41.90935], [-87.96721, 41.90936], [-87.96727, 41.90939], [-87.96733, 41.90945], [-87.96751, 41.90952], [-87.96765, 41.90952], [-87.96783, 41.90953], [-87.96797, 41.90959], [-87.96808, 41.90969], [-87.96822, 41.90976], [-87.96829, 41.90978], [-87.96829, 41.90982], [-87.96827, 41.90991], [-87.96825, 41.90995], [-87.96825, 41.90999], [-87.9683, 41.91], [-87.96833, 41.90998], [-87.96838, 41.90979], [-87.96869, 41.90978], [-87.96874, 41.90981], [-87.96873, 41.90985], [-87.96881, 41.90992], [-87.96907, 41.90999], [-87.9692, 41.91], [-87.96913, 41.90994], [-87.96895, 41.90989], [-87.96886, 41.90983], [-87.96892, 41.90981], [-87.96908, 41.90985], [-87.96924, 41.90985], [-87.9693, 41.90983], [-87.96942, 41.9098], [-87.96948, 41.90977], [-87.96956, 41.90978], [-87.96973, 41.90984], [-87.96998, 41.90998], [-87.97012, 41.91008], [-87.97026, 41.91024], [-87.97036, 41.91036], [-87.97038, 41.91047], [-87.9703, 41.91081], [-87.97014, 41.91106], [-87.97009, 41.91114], [-87.97007, 41.91127], [-87.97007, 41.9113], [-87.97008, 41.91133], [-87.97013, 41.91137], [-87.97007, 41.91155], [-87.97002, 41.91163], [-87.97002, 41.91168], [-87.96999, 41.91177], [-87.96999, 41.91184], [-87.9699, 41.91196], [-87.96986, 41.91199], [-87.96982, 41.91202], [-87.96978, 41.91204], [-87.96968, 41.91207], [-87.96953, 41.91212], [-87.96928, 41.91216], [-87.9692, 41.91218], [-87.96917, 41.91218], [-87.96905, 41.91222], [-87.96891, 41.91226], [-87.96878, 41.91232], [-87.96864, 41.9124], [-87.96854, 41.91249], [-87.96844, 41.91257], [-87.96837, 41.91264], [-87.96832, 41.91271], [-87.96824, 41.91282], [-87.96818, 41.91298], [-87.96817, 41.91307], [-87.96816, 41.91329], [-87.96816, 41.91337], [-87.96814, 41.91355], [-87.96815, 41.91366], [-87.96821, 41.9139], [-87.96821, 41.91393], [-87.9682, 41.91397], [-87.96824, 41.91403], [-87.96826, 41.91403], [-87.96829, 41.91405], [-87.96832, 41.91411], [-87.96841, 41.91425], [-87.96852, 41.91438], [-87.96861, 41.91446], [-87.96868, 41.91452], [-87.96878, 41.91462], [-87.96894, 41.91475], [-87.969, 41.91479], [-87.96905, 41.91483], [-87.96912, 41.91492], [-87.96926, 41.91507], [-87.96928, 41.91509], [-87.96934, 41.91513], [-87.96945, 41.91519], [-87.96947, 41.91521], [-87.96953, 41.91525], [-87.96973, 41.91534], [-87.96981, 41.91537], [-87.96996, 41.91541], [-87.97007, 41.91542], [-87.97009, 41.91547], [-87.9701, 41.9157], [-87.97011, 41.91573], [-87.97013, 41.91574], [-87.97015, 41.91573], [-87.97016, 41.9157], [-87.97017, 41.9156], [-87.97015, 41.91543], [-87.97023, 41.91543], [-87.97052, 41.91544], [-87.97063, 41.91546], [-87.97083, 41.9155], [-87.97099, 41.91555], [-87.97117, 41.91561], [-87.97133, 41.91569], [-87.97147, 41.91578], [-87.97162, 41.91588], [-87.97177, 41.91599], [-87.97191, 41.91608], [-87.97198, 41.91616], [-87.97201, 41.91621], [-87.97202, 41.91628], [-87.97199, 41.91636], [-87.97197, 41.91639], [-87.97194, 41.91643], [-87.97183, 41.91653], [-87.97177, 41.91663], [-87.97172, 41.91675], [-87.9717, 41.91688], [-87.97173, 41.91697], [-87.97176, 41.91702], [-87.97182, 41.91709], [-87.97185, 41.91712], [-87.9719, 41.91715], [-87.97197, 41.91719], [-87.97205, 41.91724], [-87.97215, 41.9173], [-87.97231, 41.91738], [-87.97243, 41.91748], [-87.97253, 41.91759], [-87.97259, 41.91766], [-87.97263, 41.91776], [-87.97267, 41.91789], [-87.97275, 41.91826], [-87.97275, 41.91835], [-87.97271, 41.91843], [-87.97269, 41.91845], [-87.97261, 41.91853], [-87.97251, 41.91861], [-87.9724, 41.91869], [-87.97226, 41.91877], [-87.97216, 41.91883], [-87.97213, 41.91883], [-87.97207, 41.91881], [-87.972, 41.9188], [-87.97194, 41.9188], [-87.97191, 41.91882], [-87.97183, 41.91887], [-87.97175, 41.91891], [-87.97174, 41.91895], [-87.97176, 41.91897], [-87.97179, 41.91899], [-87.97182, 41.919], [-87.97191, 41.91901], [-87.97196, 41.91902], [-87.97203, 41.91903], [-87.97208, 41.91902], [-87.97213, 41.919], [-87.97217, 41.91899], [-87.97221, 41.91901], [-87.97234, 41.91934], [-87.97236, 41.91938], [-87.97241, 41.9195], [-87.97246, 41.91962], [-87.97256, 41.91982], [-87.97265, 41.91997], [-87.97272, 41.92009], [-87.97274, 41.92012], [-87.97276, 41.92016], [-87.97277, 41.92018], [-87.97279, 41.92026], [-87.97279, 41.92031], [-87.9728, 41.92037], [-87.97284, 41.92041], [-87.97284, 41.92043], [-87.97284, 41.92045], [-87.97283, 41.92047], [-87.97281, 41.9205], [-87.97278, 41.92052], [-87.97269, 41.92055], [-87.97259, 41.92055], [-87.97259, 41.92057], [-87.97265, 41.92057], [-87.97271, 41.92056], [-87.97279, 41.92054], [-87.97288, 41.92052], [-87.97291, 41.92053], [-87.97293, 41.92054], [-87.97301, 41.9206], [-87.97313, 41.92075], [-87.97317, 41.92083], [-87.97317, 41.92087], [-87.97316, 41.92091], [-87.97314, 41.92096], [-87.97308, 41.92104], [-87.97303, 41.92108], [-87.97298, 41.92112], [-87.97294, 41.92115], [-87.97291, 41.92119], [-87.97283, 41.92138], [-87.97282, 41.92144], [-87.97281, 41.92151], [-87.97281, 41.92156], [-87.97282, 41.9216], [-87.97284, 41.92164], [-87.97289, 41.92172], [-87.97295, 41.92177], [-87.97309, 41.92188], [-87.97321, 41.92197], [-87.97326, 41.922], [-87.97334, 41.92201], [-87.97341, 41.92202], [-87.97348, 41.92202], [-87.97361, 41.92203], [-87.97373, 41.92204], [-87.97378, 41.92206], [-87.97384, 41.92208], [-87.97386, 41.92209], [-87.97389, 41.92211], [-87.97394, 41.92214], [-87.97398, 41.92219], [-87.97402, 41.92225], [-87.97409, 41.92239], [-87.97412, 41.92245], [-87.97413, 41.9225], [-87.97413, 41.92255], [-87.97412, 41.92262], [-87.9741, 41.92265], [-87.97402, 41.92276], [-87.97398, 41.92284], [-87.97397, 41.92294], [-87.97397, 41.92305], [-87.97399, 41.92309], [-87.97403, 41.92315], [-87.97404, 41.9232], [-87.97404, 41.92324], [-87.97405, 41.92326], [-87.97413, 41.92333], [-87.97425, 41.92341], [-87.97441, 41.92354], [-87.97446, 41.92359], [-87.97451, 41.92367], [-87.97462, 41.92379], [-87.97468, 41.92383], [-87.97476, 41.92388], [-87.97481, 41.92394], [-87.97494, 41.92414], [-87.97499, 41.92419], [-87.97511, 41.92433], [-87.97523, 41.9245], [-87.97537, 41.92467], [-87.97538, 41.92472], [-87.97538, 41.92474], [-87.97537, 41.92477], [-87.97532, 41.92482], [-87.9752, 41.9249], [-87.97517, 41.92493], [-87.97513, 41.92496], [-87.97509, 41.925], [-87.97504, 41.92506], [-87.975, 41.92508], [-87.97494, 41.92509], [-87.97492, 41.92511], [-87.97492, 41.92513], [-87.97494, 41.92515], [-87.97495, 41.92517], [-87.97494, 41.92532], [-87.97493, 41.9254], [-87.97493, 41.92543], [-87.97497, 41.92523], [-87.97501, 41.92517], [-87.97507, 41.9251], [-87.97515, 41.92504], [-87.97519, 41.92501], [-87.97522, 41.92496], [-87.97524, 41.92494], [-87.97528, 41.92493], [-87.97531, 41.92492], [-87.97534, 41.92488], [-87.97546, 41.92478], [-87.97548, 41.92477], [-87.9755, 41.92477], [-87.97552, 41.92478], [-87.97554, 41.92484], [-87.97557, 41.92487], [-87.97563, 41.92494], [-87.97599, 41.92523], [-87.97617, 41.92534], [-87.97636, 41.92545], [-87.97643, 41.9255], [-87.97654, 41.9256], [-87.97662, 41.92565], [-87.9768, 41.92575], [-87.97689, 41.92578], [-87.97695, 41.92578], [-87.97717, 41.92577], [-87.97723, 41.92576], [-87.97751, 41.9257], [-87.97758, 41.92571], [-87.97761, 41.92571], [-87.97784, 41.92578], [-87.97795, 41.9258], [-87.97801, 41.92582], [-87.97814, 41.92589], [-87.97822, 41.92594], [-87.97834, 41.92605], [-87.97839, 41.9261], [-87.97842, 41.92614], [-87.97842, 41.92616], [-87.97864, 41.92637], [-87.97865, 41.92638], [-87.97869, 41.92643], [-87.97872, 41.92649], [-87.97873, 41.92652], [-87.97874, 41.92655], [-87.97873, 41.92662], [-87.97871, 41.92667], [-87.97863, 41.92681], [-87.97859, 41.92688], [-87.97845, 41.92714], [-87.97844, 41.92718], [-87.97844, 41.92726], [-87.97854, 41.92754], [-87.97855, 41.92767], [-87.97855, 41.92773], [-87.97853, 41.92778], [-87.9785, 41.92783], [-87.97843, 41.92794], [-87.97843, 41.92797], [-87.97842, 41.92799], [-87.97838, 41.92802], [-87.9783, 41.92813], [-87.97823, 41.92821], [-87.9782, 41.92825], [-87.97819, 41.92827], [-87.9781, 41.92842], [-87.97791, 41.92865], [-87.97789, 41.92868], [-87.97783, 41.92874], [-87.9778, 41.92878], [-87.97779, 41.92882], [-87.9778, 41.92894], [-87.97781, 41.92898], [-87.97782, 41.92907], [-87.97783, 41.92914], [-87.97785, 41.92928], [-87.97792, 41.92946], [-87.97795, 41.92955], [-87.97801, 41.9297], [-87.97807, 41.92985], [-87.97812, 41.92994], [-87.97813, 41.92995], [-87.97819, 41.93007], [-87.97826, 41.93015], [-87.97829, 41.93017], [-87.97832, 41.93016], [-87.97843, 41.93005], [-87.97845, 41.93004], [-87.97849, 41.93005], [-87.97852, 41.93006], [-87.97858, 41.9301], [-87.97862, 41.9301], [-87.97877, 41.93013], [-87.97889, 41.93011], [-87.97892, 41.9301], [-87.97894, 41.93008], [-87.97904, 41.93003], [-87.9791, 41.92998], [-87.97924, 41.92994], [-87.97929, 41.92993], [-87.97938, 41.92992], [-87.97947, 41.92992], [-87.97965, 41.92992], [-87.97972, 41.92993], [-87.98007, 41.93], [-87.98018, 41.93003], [-87.98025, 41.93006], [-87.98029, 41.93008], [-87.98035, 41.93013], [-87.98052, 41.93035], [-87.98067, 41.93052], [-87.98071, 41.93056], [-87.98075, 41.9306], [-87.9808, 41.93064], [-87.98096, 41.93078], [-87.98103, 41.93083], [-87.98118, 41.93093], [-87.98122, 41.93095], [-87.98127, 41.93096], [-87.98153, 41.93099], [-87.98171, 41.93101], [-87.98176, 41.93103], [-87.98187, 41.93106], [-87.9819, 41.93108], [-87.98196, 41.93111], [-87.98198, 41.93114], [-87.982, 41.93117], [-87.98202, 41.93124], [-87.98204, 41.93133], [-87.98204, 41.93156], [-87.98203, 41.93165], [-87.98202, 41.93169], [-87.98195, 41.93181], [-87.98182, 41.93194], [-87.98171, 41.93202], [-87.98162, 41.93209], [-87.98145, 41.9322], [-87.98136, 41.93227], [-87.98116, 41.93248], [-87.98105, 41.93265], [-87.98094, 41.93282], [-87.98088, 41.93293], [-87.98086, 41.93297], [-87.98086, 41.93308], [-87.98089, 41.93318], [-87.98093, 41.93324], [-87.98094, 41.93328], [-87.98088, 41.93329], [-87.98082, 41.9333], [-87.98075, 41.93332], [-87.98078, 41.93333], [-87.98091, 41.93332], [-87.981, 41.93333], [-87.98102, 41.93334], [-87.98116, 41.93351], [-87.98128, 41.93363], [-87.98135, 41.93369], [-87.98141, 41.93372], [-87.98183, 41.93394], [-87.98189, 41.93398], [-87.98201, 41.93409], [-87.98205, 41.93414], [-87.98222, 41.93433], [-87.98223, 41.93436], [-87.9823, 41.93445], [-87.98235, 41.93453], [-87.98237, 41.93459], [-87.9824, 41.9347], [-87.98242, 41.93494], [-87.98242, 41.93506], [-87.98243, 41.9351], [-87.98244, 41.93513], [-87.98257, 41.93546], [-87.98267, 41.93566], [-87.98278, 41.93579], [-87.98327, 41.93613], [-87.98335, 41.93619], [-87.98339, 41.93623], [-87.9835, 41.93633], [-87.98354, 41.93635], [-87.98355, 41.93638], [-87.98357, 41.93639], [-87.98362, 41.93642], [-87.98368, 41.93646], [-87.98374, 41.93651], [-87.98387, 41.93663], [-87.984, 41.93675], [-87.98408, 41.93684], [-87.98416, 41.93694], [-87.98422, 41.937], [-87.98428, 41.93707], [-87.98441, 41.93722], [-87.98451, 41.93732], [-87.98462, 41.93738], [-87.98476, 41.93745], [-87.98494, 41.93757], [-87.98512, 41.93769], [-87.98532, 41.93782], [-87.98544, 41.93799], [-87.98554, 41.93819], [-87.98555, 41.93822], [-87.98557, 41.93825], [-87.98558, 41.9383], [-87.98558, 41.93833], [-87.98559, 41.93834], [-87.98562, 41.93858], [-87.9857, 41.93863], [-87.98567, 41.93891], [-87.98561, 41.93901], [-87.98555, 41.93912], [-87.98548, 41.93923], [-87.98539, 41.93935], [-87.98534, 41.93931], [-87.98531, 41.93935], [-87.98524, 41.93943], [-87.9852, 41.93946], [-87.98516, 41.93954], [-87.98501, 41.93976], [-87.98496, 41.93984], [-87.98489, 41.93997], [-87.98476, 41.94022], [-87.98469, 41.94028], [-87.98468, 41.94033], [-87.98469, 41.94058], [-87.98471, 41.94065], [-87.98473, 41.94069], [-87.9848, 41.9408], [-87.98482, 41.94096], [-87.98487, 41.94105], [-87.98488, 41.9411], [-87.98488, 41.94116], [-87.98488, 41.94123], [-87.98487, 41.94125], [-87.98483, 41.94129], [-87.98478, 41.94133], [-87.98465, 41.94144], [-87.98463, 41.94145], [-87.98456, 41.94146], [-87.98451, 41.94147], [-87.98435, 41.94145], [-87.98416, 41.94141], [-87.98393, 41.94133], [-87.98374, 41.94125], [-87.98369, 41.94124], [-87.98357, 41.94125], [-87.98346, 41.9412], [-87.9834, 41.94118], [-87.98328, 41.94115], [-87.98289, 41.94103], [-87.9827, 41.94095], [-87.98254, 41.94087], [-87.98252, 41.94083], [-87.98251, 41.9408], [-87.98242, 41.94074], [-87.98228, 41.94066], [-87.98225, 41.94065], [-87.98217, 41.94064], [-87.98212, 41.94064], [-87.982, 41.94065], [-87.98195, 41.94066], [-87.98188, 41.94068], [-87.98178, 41.94071], [-87.98173, 41.94074], [-87.98163, 41.94081], [-87.9816, 41.94085], [-87.98157, 41.9409], [-87.98155, 41.94094], [-87.98153, 41.94103], [-87.98155, 41.94108], [-87.98154, 41.94113], [-87.98151, 41.94118], [-87.98149, 41.94124], [-87.98148, 41.94129], [-87.98149, 41.94134], [-87.98153, 41.94155], [-87.98154, 41.94165], [-87.98156, 41.94177], [-87.98162, 41.94185], [-87.98166, 41.9419], [-87.9817, 41.94195], [-87.98176, 41.9421], [-87.9818, 41.94233], [-87.9818, 41.94268], [-87.98177, 41.94275], [-87.98163, 41.94293], [-87.98158, 41.94297], [-87.98152, 41.94301], [-87.98118, 41.9433], [-87.98112, 41.94334], [-87.98103, 41.94342], [-87.981, 41.94346], [-87.98095, 41.94349], [-87.98086, 41.94359], [-87.98083, 41.94367], [-87.98081, 41.94373], [-87.98077, 41.94396], [-87.98078, 41.94399], [-87.98082, 41.94405], [-87.98086, 41.94409], [-87.98089, 41.94411], [-87.98105, 41.94417], [-87.98116, 41.94424], [-87.98126, 41.94425], [-87.9817, 41.94427], [-87.98176, 41.94428], [-87.98197, 41.94432], [-87.98214, 41.94437], [-87.98218, 41.9444], [-87.98219, 41.94443], [-87.98219, 41.94449], [-87.98216, 41.94453], [-87.98214, 41.94455], [-87.982, 41.94463], [-87.98167, 41.94479], [-87.98161, 41.94483], [-87.98156, 41.94487], [-87.98148, 41.94495], [-87.98135, 41.94511], [-87.98132, 41.94516], [-87.9813, 41.9452], [-87.98128, 41.94528], [-87.98127, 41.94533], [-87.98127, 41.94538], [-87.9813, 41.9455], [-87.98134, 41.94557], [-87.98135, 41.94561], [-87.98136, 41.94563], [-87.9814, 41.94572], [-87.98143, 41.94578], [-87.98146, 41.94581], [-87.98148, 41.94583], [-87.98154, 41.94587], [-87.98161, 41.94589], [-87.98173, 41.94593], [-87.98229, 41.94606], [-87.98252, 41.94615], [-87.98276, 41.94632], [-87.98281, 41.94637], [-87.98284, 41.94641], [-87.98288, 41.94649], [-87.9829, 41.94657], [-87.98292, 41.94663], [-87.98292, 41.94667], [-87.98291, 41.9467], [-87.98289, 41.94674], [-87.98287, 41.94676], [-87.98275, 41.94683], [-87.98264, 41.94688], [-87.98243, 41.94699], [-87.98237, 41.94703], [-87.98232, 41.94709], [-87.98225, 41.94718], [-87.98222, 41.94724], [-87.9822, 41.94729], [-87.98219, 41.94732], [-87.9822, 41.94745], [-87.98236, 41.94776], [-87.98239, 41.94784], [-87.98242, 41.94794], [-87.98244, 41.94806], [-87.98246, 41.94815], [-87.98248, 41.94824], [-87.98253, 41.94841], [-87.98252, 41.94853], [-87.98254, 41.9486], [-87.98258, 41.94869], [-87.98264, 41.94881], [-87.98266, 41.94885], [-87.98269, 41.9489], [-87.98272, 41.94894], [-87.98275, 41.94897], [-87.98285, 41.94904], [-87.9829, 41.94907], [-87.98343, 41.94923], [-87.98353, 41.94927], [-87.98362, 41.94929], [-87.98369, 41.9493], [-87.9837, 41.94931], [-87.98385, 41.94936], [-87.98396, 41.9494], [-87.98404, 41.94943], [-87.9841, 41.94945], [-87.98416, 41.94949], [-87.98419, 41.94951], [-87.98426, 41.94954], [-87.98431, 41.94956], [-87.98452, 41.94959], [-87.98457, 41.9496], [-87.9846, 41.94961], [-87.98463, 41.94963], [-87.98467, 41.94968], [-87.98469, 41.94972], [-87.98471, 41.94975], [-87.98474, 41.94977], [-87.98476, 41.94978], [-87.98484, 41.94978], [-87.9849, 41.94983], [-87.98492, 41.94985], [-87.98493, 41.95], [-87.98499, 41.95013], [-87.98503, 41.95023], [-87.98507, 41.95029], [-87.98513, 41.95032], [-87.98524, 41.95041], [-87.98524, 41.95048], [-87.98523, 41.95053], [-87.98523, 41.95056], [-87.98527, 41.95058], [-87.98538, 41.95069], [-87.9854, 41.95073], [-87.98544, 41.95076], [-87.98558, 41.95093], [-87.9856, 41.95098], [-87.98561, 41.95102], [-87.98559, 41.95108], [-87.9856, 41.9511], [-87.98569, 41.95129], [-87.98573, 41.95136], [-87.9858, 41.95144], [-87.98586, 41.95151], [-87.98591, 41.95156], [-87.98611, 41.95163], [-87.98628, 41.95177], [-87.9864, 41.95181], [-87.98646, 41.95181], [-87.98653, 41.95188], [-87.98655, 41.95197], [-87.98665, 41.95209], [-87.98666, 41.95215], [-87.98666, 41.95221], [-87.98662, 41.95229], [-87.9866, 41.95232], [-87.98657, 41.95235], [-87.98647, 41.95245], [-87.98642, 41.95252], [-87.9863, 41.95265], [-87.98625, 41.95272], [-87.9862, 41.95277], [-87.98616, 41.9528], [-87.98616, 41.95282], [-87.98613, 41.95285], [-87.98607, 41.95296], [-87.98605, 41.95298], [-87.98599, 41.95311], [-87.98592, 41.95322], [-87.98591, 41.95325], [-87.98589, 41.95337], [-87.98586, 41.95346], [-87.98585, 41.95354], [-87.98581, 41.95365], [-87.98579, 41.9537], [-87.98578, 41.95386], [-87.9858, 41.95402], [-87.9858, 41.95412], [-87.98581, 41.95416], [-87.98584, 41.95422], [-87.9859, 41.95433], [-87.98597, 41.95441], [-87.98602, 41.95444], [-87.9861, 41.95448], [-87.98619, 41.95452], [-87.98625, 41.95454], [-87.98639, 41.95458], [-87.98647, 41.9546], [-87.98654, 41.9546], [-87.98667, 41.95459], [-87.98677, 41.95455], [-87.98694, 41.95456], [-87.98704, 41.95454], [-87.9872, 41.95454], [-87.98731, 41.95454], [-87.98756, 41.95452], [-87.98764, 41.95453], [-87.98774, 41.95455], [-87.98781, 41.95458], [-87.98793, 41.95463], [-87.98802, 41.95469], [-87.98808, 41.95474], [-87.9881, 41.95476], [-87.98816, 41.9548], [-87.98827, 41.95492], [-87.98831, 41.95501], [-87.98834, 41.95509], [-87.98836, 41.95517], [-87.98839, 41.95527], [-87.98839, 41.95532], [-87.98839, 41.9554], [-87.98838, 41.95543], [-87.98833, 41.95555], [-87.98823, 41.95582], [-87.98823, 41.95584], [-87.98826, 41.95586], [-87.98827, 41.95588], [-87.98827, 41.95589], [-87.98821, 41.95601], [-87.9882, 41.95605], [-87.98816, 41.95607], [-87.98812, 41.9561], [-87.98807, 41.95612], [-87.98802, 41.95613], [-87.98798, 41.95613], [-87.9879, 41.95614], [-87.98781, 41.95613], [-87.98759, 41.95611], [-87.98752, 41.95609], [-87.98737, 41.95604], [-87.98732, 41.95602], [-87.98714, 41.95601], [-87.98697, 41.95601], [-87.98685, 41.95603], [-87.98673, 41.95606], [-87.9866, 41.9561], [-87.98658, 41.95611], [-87.98641, 41.95623], [-87.98633, 41.95627], [-87.98628, 41.95631], [-87.9862, 41.95642], [-87.98617, 41.95645], [-87.98613, 41.95647], [-87.9859, 41.95659], [-87.98582, 41.95663], [-87.98563, 41.95674], [-87.9855, 41.95682], [-87.98539, 41.95687], [-87.98511, 41.95694], [-87.985, 41.95695], [-87.9849, 41.95694], [-87.98473, 41.95691], [-87.98459, 41.95689], [-87.98451, 41.95689], [-87.98439, 41.95691], [-87.98418, 41.95698], [-87.98415, 41.95698], [-87.98412, 41.957], [-87.98405, 41.95707], [-87.98402, 41.9571], [-87.98399, 41.95712], [-87.98396, 41.95713], [-87.98392, 41.95713], [-87.98382, 41.95709], [-87.98375, 41.95707], [-87.98371, 41.95707], [-87.98367, 41.95711], [-87.98358, 41.95716], [-87.9835, 41.95722], [-87.98348, 41.95725], [-87.98343, 41.95732], [-87.98339, 41.95739], [-87.9833, 41.9575], [-87.98325, 41.95757], [-87.9832, 41.95764], [-87.98318, 41.95766], [-87.98313, 41.95779], [-87.98312, 41.95785], [-87.98312, 41.95801], [-87.9831, 41.95809], [-87.9831, 41.95827], [-87.98312, 41.95832], [-87.98317, 41.95841], [-87.98323, 41.95846], [-87.98335, 41.95859], [-87.98341, 41.95869], [-87.98346, 41.95876], [-87.98346, 41.95881], [-87.98351, 41.95898], [-87.98352, 41.95906], [-87.98351, 41.9591], [-87.98349, 41.95918], [-87.98352, 41.95922], [-87.98352, 41.95924], [-87.98351, 41.95929], [-87.98349, 41.95934], [-87.98348, 41.9594], [-87.98348, 41.95941], [-87.98344, 41.95941], [-87.98342, 41.95944], [-87.98344, 41.95946], [-87.98345, 41.95948], [-87.98343, 41.9595], [-87.9834, 41.95954], [-87.98337, 41.95954], [-87.98335, 41.95953], [-87.98331, 41.95957], [-87.98328, 41.9596], [-87.98324, 41.95967], [-87.98321, 41.95976], [-87.98316, 41.95986], [-87.98312, 41.95993], [-87.9831, 41.96001], [-87.98307, 41.96008], [-87.98298, 41.96023], [-87.98291, 41.96032], [-87.98289, 41.96035], [-87.98286, 41.96041], [-87.98284, 41.96048], [-87.98286, 41.96054], [-87.98286, 41.96069], [-87.98291, 41.96083], [-87.98293, 41.96092], [-87.98295, 41.96097], [-87.98298, 41.96103], [-87.98303, 41.96114], [-87.98311, 41.96125], [-87.98315, 41.96129], [-87.98324, 41.96133], [-87.98331, 41.9614], [-87.98353, 41.96169], [-87.98364, 41.9618], [-87.98372, 41.96186], [-87.98378, 41.96188], [-87.98381, 41.96192], [-87.98383, 41.96194], [-87.98391, 41.96201], [-87.98401, 41.96206], [-87.98413, 41.96213], [-87.98416, 41.96217], [-87.98427, 41.96226], [-87.98433, 41.96233], [-87.9844, 41.96244], [-87.98442, 41.96249], [-87.98443, 41.96253], [-87.98443, 41.96259], [-87.98441, 41.96267], [-87.98441, 41.96272], [-87.98439, 41.96275], [-87.98436, 41.96283], [-87.98431, 41.96296], [-87.98429, 41.963], [-87.98426, 41.96307], [-87.98423, 41.96311], [-87.9842, 41.96318], [-87.98419, 41.96323], [-87.98419, 41.96325], [-87.98421, 41.96326], [-87.98421, 41.96329], [-87.98418, 41.9633], [-87.98416, 41.96333], [-87.98415, 41.96335], [-87.98411, 41.96345], [-87.9841, 41.96354], [-87.98418, 41.96355], [-87.9841, 41.96357], [-87.98407, 41.96358], [-87.98406, 41.96359], [-87.98405, 41.96364], [-87.98406, 41.96367], [-87.98411, 41.96376], [-87.98408, 41.96388], [-87.98411, 41.9639], [-87.98409, 41.96398], [-87.98407, 41.96405], [-87.98407, 41.96407], [-87.98417, 41.9642], [-87.98427, 41.96436], [-87.9843, 41.96438], [-87.98435, 41.96439], [-87.98433, 41.96442], [-87.9844, 41.96451], [-87.98475, 41.96501], [-87.98483, 41.96512], [-87.98486, 41.96514], [-87.98489, 41.96517], [-87.98493, 41.96525], [-87.985, 41.96533], [-87.98506, 41.96542], [-87.98516, 41.96557], [-87.98522, 41.96564], [-87.98536, 41.96576], [-87.98537, 41.96577], [-87.98537, 41.96583], [-87.98539, 41.96589], [-87.98541, 41.96592], [-87.98541, 41.96594], [-87.98539, 41.96597], [-87.98537, 41.96599], [-87.98535, 41.96601], [-87.98529, 41.96602], [-87.98531, 41.96604], [-87.98536, 41.96606], [-87.98539, 41.96607], [-87.98541, 41.96612], [-87.98551, 41.96621], [-87.98559, 41.96626], [-87.98569, 41.9663], [-87.9857, 41.96627], [-87.98572, 41.96626], [-87.98576, 41.96628], [-87.98581, 41.96632], [-87.98582, 41.96633], [-87.98582, 41.96639], [-87.9858, 41.96646], [-87.98577, 41.96652], [-87.9857, 41.96663], [-87.98566, 41.9667], [-87.98562, 41.9668], [-87.98557, 41.96685], [-87.98553, 41.96689], [-87.98545, 41.96694], [-87.98543, 41.96696], [-87.9854, 41.96702], [-87.98537, 41.96709], [-87.98531, 41.96724], [-87.98526, 41.96739], [-87.98525, 41.9676], [-87.98523, 41.9677], [-87.98525, 41.96797], [-87.98526, 41.968], [-87.98533, 41.96816], [-87.98534, 41.96825], [-87.98543, 41.96843], [-87.98546, 41.96853], [-87.98549, 41.96856], [-87.98555, 41.96866], [-87.98561, 41.96873], [-87.98566, 41.96879], [-87.98572, 41.96884], [-87.98578, 41.96889], [-87.98587, 41.96893], [-87.98594, 41.96896], [-87.98598, 41.96899], [-87.98604, 41.96904], [-87.98605, 41.96907], [-87.98606, 41.96908], [-87.9861, 41.96909], [-87.98612, 41.9691], [-87.98618, 41.96918], [-87.98626, 41.96924], [-87.98637, 41.9693], [-87.98667, 41.96951], [-87.98676, 41.96955], [-87.98684, 41.96961], [-87.98688, 41.96964], [-87.98692, 41.9697], [-87.98701, 41.9698], [-87.98705, 41.96984], [-87.9871, 41.96988], [-87.98719, 41.96992], [-87.98729, 41.96997], [-87.98752, 41.97006], [-87.98765, 41.97013], [-87.98772, 41.97016], [-87.98786, 41.97021], [-87.98792, 41.97023], [-87.98806, 41.97031], [-87.98815, 41.97034], [-87.98821, 41.97037], [-87.98829, 41.97043], [-87.98842, 41.97049], [-87.9885, 41.97053], [-87.98855, 41.97056], [-87.98856, 41.97058], [-87.98859, 41.97066], [-87.98866, 41.97072], [-87.98873, 41.97078], [-87.98877, 41.9708], [-87.98919, 41.97102], [-87.98935, 41.97107], [-87.98952, 41.97112], [-87.98969, 41.97114], [-87.98999, 41.97121], [-87.99026, 41.97125], [-87.99044, 41.97126], [-87.99047, 41.97126], [-87.99049, 41.97128], [-87.99052, 41.97129], [-87.99053, 41.97124], [-87.99056, 41.97123], [-87.99063, 41.97122], [-87.99074, 41.97122], [-87.99083, 41.97121], [-87.99099, 41.97119], [-87.99102, 41.97119], [-87.99115, 41.9712], [-87.99122, 41.97122], [-87.99135, 41.97128], [-87.9916, 41.97139], [-87.99178, 41.97148], [-87.99192, 41.97156], [-87.99196, 41.97159], [-87.99198, 41.97163], [-87.992, 41.97166], [-87.99201, 41.97169], [-87.99202, 41.97175], [-87.99201, 41.97183], [-87.99201, 41.9719], [-87.992, 41.97194], [-87.99196, 41.97202], [-87.99189, 41.97211], [-87.99186, 41.97218], [-87.99184, 41.97222], [-87.99185, 41.97228], [-87.99182, 41.97233], [-87.99181, 41.97241], [-87.99178, 41.97254], [-87.99179, 41.97263], [-87.99182, 41.97271], [-87.99186, 41.97278], [-87.99194, 41.97285], [-87.99205, 41.97291], [-87.99207, 41.97292], [-87.99209, 41.97295], [-87.9921, 41.97299], [-87.99209, 41.97302], [-87.99208, 41.97305], [-87.99209, 41.97306], [-87.9921, 41.97305], [-87.99213, 41.97299], [-87.99214, 41.97296], [-87.99218, 41.97293], [-87.99221, 41.97293], [-87.99226, 41.97294], [-87.99228, 41.97295], [-87.99236, 41.973], [-87.99238, 41.97303], [-87.9924, 41.97306], [-87.99241, 41.97312], [-87.99231, 41.97338], [-87.99232, 41.97339], [-87.99236, 41.97343], [-87.99237, 41.97344], [-87.99238, 41.97348], [-87.99238, 41.97351], [-87.99237, 41.97353], [-87.99233, 41.97358], [-87.99227, 41.97362], [-87.99216, 41.97364], [-87.99203, 41.97369], [-87.992, 41.97368], [-87.99196, 41.97368], [-87.99179, 41.97373], [-87.99175, 41.97374], [-87.99168, 41.97372], [-87.99163, 41.9738], [-87.99161, 41.97382], [-87.99156, 41.97384], [-87.99143, 41.97393], [-87.9914, 41.97394], [-87.9913, 41.97395], [-87.99128, 41.97396], [-87.99126, 41.97398], [-87.99125, 41.974], [-87.99123, 41.97409], [-87.99123, 41.97415], [-87.99125, 41.9742], [-87.99144, 41.97443], [-87.99147, 41.97449], [-87.99149, 41.97456], [-87.99152, 41.97461], [-87.99156, 41.97464], [-87.99157, 41.97467], [-87.99159, 41.97469], [-87.99162, 41.97464], [-87.99167, 41.97461], [-87.99169, 41.97461], [-87.99174, 41.97463], [-87.99178, 41.97466], [-87.99179, 41.97467], [-87.99182, 41.97473], [-87.99189, 41.97484], [-87.99201, 41.97498], [-87.99202, 41.975], [-87.99202, 41.97502], [-87.99206, 41.97506], [-87.99208, 41.97517], [-87.99207, 41.97525], [-87.99209, 41.97528], [-87.99212, 41.97527], [-87.99213, 41.97525], [-87.99211, 41.97523], [-87.99211, 41.97519], [-87.99215, 41.97519], [-87.99217, 41.97523], [-87.99221, 41.97536], [-87.99219, 41.97553], [-87.99216, 41.97558], [-87.99214, 41.9756], [-87.9921, 41.97564], [-87.99208, 41.97565], [-87.99205, 41.97565], [-87.99202, 41.97564], [-87.992, 41.97565], [-87.99193, 41.97573], [-87.99186, 41.9758], [-87.99176, 41.97587], [-87.99167, 41.97591], [-87.99162, 41.97594], [-87.99152, 41.97607], [-87.99143, 41.97614], [-87.99139, 41.97621], [-87.9914, 41.97623], [-87.9914, 41.9763], [-87.99142, 41.97637], [-87.99144, 41.97639], [-87.9915, 41.97636], [-87.99152, 41.97638], [-87.99154, 41.97647], [-87.99154, 41.9765], [-87.9915, 41.97653], [-87.99147, 41.97659], [-87.99142, 41.97666], [-87.99137, 41.97669], [-87.99133, 41.97672], [-87.99126, 41.97674], [-87.99123, 41.97676], [-87.9912, 41.97675], [-87.99111, 41.97673], [-87.99109, 41.97673], [-87.99098, 41.97678], [-87.9909, 41.97687], [-87.99081, 41.97693], [-87.99077, 41.97697], [-87.99072, 41.97708], [-87.99069, 41.9772], [-87.99069, 41.97726], [-87.99069, 41.9773], [-87.99067, 41.97731], [-87.99053, 41.97732], [-87.99051, 41.97734], [-87.99053, 41.97736], [-87.99069, 41.97736], [-87.99072, 41.97737], [-87.99076, 41.97745], [-87.99087, 41.97761], [-87.99086, 41.97771], [-87.99085, 41.97778], [-87.99078, 41.97792], [-87.99075, 41.97792], [-87.99072, 41.97793], [-87.99072, 41.97795], [-87.99074, 41.97796], [-87.99077, 41.97796], [-87.99079, 41.97797], [-87.99077, 41.97799], [-87.99069, 41.97802], [-87.99062, 41.97809], [-87.99052, 41.97816], [-87.99044, 41.97823], [-87.9903, 41.97838], [-87.99029, 41.97848], [-87.9903, 41.97852], [-87.99032, 41.97854], [-87.99033, 41.97856], [-87.99035, 41.97858], [-87.99038, 41.97859], [-87.99041, 41.9786], [-87.99042, 41.97861], [-87.99043, 41.97863], [-87.99041, 41.97868], [-87.99039, 41.97879], [-87.99041, 41.97886], [-87.99038, 41.97889], [-87.9904, 41.97892], [-87.99038, 41.97897], [-87.99033, 41.97909], [-87.99028, 41.97914], [-87.99023, 41.97923], [-87.9902, 41.9793], [-87.99019, 41.97937], [-87.99017, 41.97941], [-87.99018, 41.97944], [-87.99019, 41.97948], [-87.99029, 41.9795], [-87.99031, 41.97951], [-87.99036, 41.97954], [-87.99038, 41.97957], [-87.99038, 41.97959], [-87.99036, 41.97962], [-87.99034, 41.97962], [-87.99029, 41.97962], [-87.99027, 41.97965], [-87.99027, 41.97966], [-87.99027, 41.97969], [-87.99033, 41.97975], [-87.99037, 41.97978], [-87.99038, 41.97982], [-87.99041, 41.97984], [-87.99042, 41.97982], [-87.99042, 41.97979], [-87.99043, 41.97977], [-87.99044, 41.97975], [-87.99046, 41.97975], [-87.99051, 41.97975], [-87.9905, 41.97969], [-87.99046, 41.97961], [-87.99043, 41.97958], [-87.99047, 41.97957], [-87.99051, 41.97958], [-87.99053, 41.97955], [-87.99055, 41.97952], [-87.99058, 41.97954], [-87.99062, 41.97962], [-87.99064, 41.9797], [-87.99066, 41.97978], [-87.99065, 41.9799], [-87.99063, 41.98001], [-87.99063, 41.98009], [-87.99064, 41.98024], [-87.99065, 41.98027], [-87.99074, 41.98042], [-87.9908, 41.98056], [-87.99082, 41.98064], [-87.99083, 41.98077], [-87.99082, 41.98083], [-87.99078, 41.98091], [-87.99073, 41.98107], [-87.9907, 41.98124], [-87.99072, 41.98127], [-87.99069, 41.98131], [-87.99067, 41.98139], [-87.9906, 41.9815], [-87.99058, 41.98154], [-87.99051, 41.98159], [-87.99051, 41.98161], [-87.99049, 41.98165], [-87.99045, 41.9817], [-87.99044, 41.98176], [-87.99039, 41.98182], [-87.99038, 41.98184], [-87.99048, 41.982], [-87.99054, 41.98208], [-87.99062, 41.98216], [-87.99061, 41.9822], [-87.99069, 41.98225], [-87.99072, 41.98225], [-87.99076, 41.98224], [-87.99077, 41.98222], [-87.99077, 41.98221], [-87.99076, 41.98219], [-87.99081, 41.98221], [-87.9909, 41.98228], [-87.99095, 41.98234], [-87.99097, 41.98238], [-87.99098, 41.98247], [-87.99096, 41.98254], [-87.99092, 41.98258], [-87.99084, 41.98266], [-87.99082, 41.98269], [-87.99079, 41.98277], [-87.99078, 41.98283], [-87.99076, 41.98295], [-87.99076, 41.98303], [-87.99082, 41.98318], [-87.99083, 41.98334], [-87.99082, 41.98346], [-87.99081, 41.98352], [-87.99078, 41.98356], [-87.99077, 41.98358], [-87.99074, 41.98359], [-87.99073, 41.98363], [-87.99072, 41.98365], [-87.99067, 41.98368], [-87.99063, 41.98374], [-87.99056, 41.98382], [-87.99055, 41.98384], [-87.99052, 41.98392], [-87.99047, 41.98402], [-87.99046, 41.98406], [-87.99042, 41.98414], [-87.99036, 41.98429], [-87.99032, 41.98449], [-87.99021, 41.98475], [-87.99019, 41.9848], [-87.99011, 41.985], [-87.99008, 41.98513], [-87.99004, 41.98526], [-87.98997, 41.98538], [-87.9899, 41.98547], [-87.98978, 41.98572], [-87.98974, 41.98577], [-87.98953, 41.98594], [-87.98952, 41.98597], [-87.98951, 41.98613], [-87.98953, 41.98627], [-87.98957, 41.9864], [-87.98965, 41.98653], [-87.98971, 41.98659], [-87.98983, 41.98668], [-87.98993, 41.98675], [-87.99001, 41.9868], [-87.99011, 41.98685], [-87.99013, 41.98687], [-87.99017, 41.98691], [-87.99032, 41.98705], [-87.99037, 41.98713], [-87.99042, 41.98721], [-87.99053, 41.98727], [-87.99064, 41.98731], [-87.99076, 41.98732], [-87.99087, 41.98733], [-87.99099, 41.98731], [-87.99109, 41.98727], [-87.99119, 41.98721], [-87.9912, 41.98722], [-87.99123, 41.98723], [-87.99123, 41.98721], [-87.9913, 41.98719], [-87.99138, 41.98714], [-87.99146, 41.98702], [-87.99152, 41.98698], [-87.99161, 41.98695], [-87.99169, 41.98696], [-87.9918, 41.98698], [-87.9919, 41.98703], [-87.99199, 41.98711], [-87.99204, 41.98713], [-87.99202, 41.98717], [-87.99203, 41.98721], [-87.99197, 41.9873], [-87.99192, 41.98733], [-87.99191, 41.98743], [-87.99194, 41.98752], [-87.992, 41.98762], [-87.99213, 41.98779], [-87.99215, 41.98785], [-87.99212, 41.98786], [-87.99209, 41.98785], [-87.99197, 41.98774], [-87.9919, 41.98767], [-87.99181, 41.98758], [-87.99171, 41.98749], [-87.99162, 41.98746], [-87.99139, 41.98741], [-87.99132, 41.98739], [-87.99127, 41.98732], [-87.99123, 41.98723], [-87.99125, 41.98733], [-87.99123, 41.98735], [-87.99122, 41.9874], [-87.99107, 41.98749], [-87.99102, 41.98753], [-87.991, 41.98756], [-87.99101, 41.98759], [-87.99104, 41.9876], [-87.9911, 41.98759], [-87.99118, 41.98757], [-87.99126, 41.98754], [-87.99138, 41.98753], [-87.9915, 41.98754], [-87.9916, 41.98758], [-87.9917, 41.98763], [-87.99179, 41.98769], [-87.9919, 41.98783], [-87.99201, 41.98792], [-87.99205, 41.98794], [-87.9921, 41.98796], [-87.99215, 41.98796], [-87.99219, 41.98796], [-87.99221, 41.98799], [-87.99222, 41.98807], [-87.99224, 41.98826], [-87.99227, 41.98836], [-87.99233, 41.9886], [-87.99236, 41.9887], [-87.9924, 41.98874], [-87.99244, 41.98875], [-87.99247, 41.98871], [-87.9924, 41.98847], [-87.9924, 41.9884], [-87.99241, 41.98832], [-87.99245, 41.98826], [-87.9925, 41.98821], [-87.99272, 41.98819], [-87.99273, 41.98818], [-87.99273, 41.98815], [-87.9927, 41.98814], [-87.99261, 41.98815], [-87.99248, 41.98817], [-87.9924, 41.98818], [-87.99236, 41.98817], [-87.99234, 41.98813], [-87.99235, 41.98795], [-87.99232, 41.98786], [-87.99226, 41.98778], [-87.99218, 41.9877], [-87.99211, 41.98762], [-87.99207, 41.98754], [-87.99204, 41.98744], [-87.99203, 41.98736], [-87.99202, 41.98732], [-87.99201, 41.98731], [-87.99206, 41.98721], [-87.9921, 41.98721], [-87.99212, 41.98717], [-87.99217, 41.98717], [-87.99226, 41.98721], [-87.99232, 41.98722], [-87.99244, 41.98722], [-87.99255, 41.98723], [-87.99264, 41.98729], [-87.99273, 41.98743], [-87.99282, 41.98758], [-87.99289, 41.9877], [-87.99293, 41.98783], [-87.99295, 41.98797], [-87.99295, 41.98815], [-87.99294, 41.98827], [-87.99296, 41.98845], [-87.99298, 41.98855], [-87.99303, 41.98863], [-87.99308, 41.9887], [-87.99314, 41.98883], [-87.99318, 41.98897], [-87.99319, 41.98908], [-87.99315, 41.98921], [-87.99306, 41.98942], [-87.99304, 41.98943], [-87.99302, 41.98945], [-87.99299, 41.98949], [-87.99287, 41.98953], [-87.99269, 41.98961], [-87.99264, 41.98963], [-87.99259, 41.98962], [-87.99255, 41.9896], [-87.99251, 41.98953], [-87.99251, 41.98945], [-87.99251, 41.98917], [-87.99249, 41.98912], [-87.99246, 41.98911], [-87.99243, 41.9892], [-87.99241, 41.98927], [-87.99241, 41.98935], [-87.99244, 41.98954], [-87.99244, 41.98963], [-87.99242, 41.98972], [-87.99241, 41.9898], [-87.99242, 41.98983], [-87.99246, 41.9899], [-87.99254, 41.99001], [-87.99262, 41.99011], [-87.99275, 41.99036], [-87.99278, 41.99047], [-87.99278, 41.9905], [-87.99279, 41.99068], [-87.9928, 41.99079], [-87.99278, 41.99098], [-87.99282, 41.99096], [-87.99286, 41.99092], [-87.9929, 41.99082], [-87.99292, 41.99075], [-87.99293, 41.99064], [-87.99294, 41.99061], [-87.99298, 41.99056], [-87.99328, 41.99031], [-87.99324, 41.9903], [-87.99319, 41.99032], [-87.99315, 41.99032], [-87.99309, 41.99031], [-87.99297, 41.9903], [-87.99289, 41.99028], [-87.99282, 41.99021], [-87.99276, 41.99011], [-87.9927, 41.99002], [-87.99258, 41.98988], [-87.99257, 41.98984], [-87.99256, 41.98981], [-87.99259, 41.98976], [-87.99263, 41.98972], [-87.99269, 41.98969], [-87.9928, 41.98965], [-87.99286, 41.98962], [-87.99288, 41.98959], [-87.99288, 41.98956], [-87.993, 41.98951], [-87.99305, 41.98948], [-87.99306, 41.98948], [-87.99307, 41.98952], [-87.99309, 41.98959], [-87.99316, 41.98967], [-87.99323, 41.98973], [-87.99329, 41.98976], [-87.99333, 41.98976], [-87.99335, 41.98975], [-87.9934, 41.98975], [-87.99344, 41.98976], [-87.9935, 41.98977], [-87.99362, 41.98979], [-87.99378, 41.98982], [-87.99385, 41.98988], [-87.99397, 41.99001], [-87.99409, 41.9902], [-87.99418, 41.99038], [-87.99424, 41.99053], [-87.99449, 41.991], [-87.99465, 41.99138], [-87.99481, 41.99166], [-87.99497, 41.99196], [-87.99506, 41.99227], [-87.99512, 41.99236], [-87.99514, 41.99244], [-87.99514, 41.99249], [-87.99512, 41.99251], [-87.9951, 41.99253], [-87.99512, 41.99266], [-87.99515, 41.9927], [-87.99513, 41.99271], [-87.99519, 41.99272], [-87.99542, 41.99271], [-87.99542, 41.9927], [-87.99542, 41.99266], [-87.99539, 41.99257], [-87.99656, 41.99256], [-87.99756, 41.99255], [-87.998, 41.99255], [-87.99806, 41.99255], [-87.99815, 41.99254], [-87.99818, 41.99254], [-87.99874, 41.99253], [-87.99885, 41.99254], [-87.99891, 41.99255], [-87.99948, 41.99253], [-87.9996, 41.99253], [-87.99971, 41.99252], [-88.00009, 41.99252], [-88.00013, 41.99252], [-88.00013, 41.99249], [-88.00009, 41.99249], [-87.99979, 41.9925], [-87.99959, 41.99249], [-87.99948, 41.99249], [-87.99942, 41.99249], [-87.99934, 41.9925], [-87.99922, 41.9925], [-87.99886, 41.99251], [-87.99874, 41.99251], [-87.99818, 41.99251], [-87.99815, 41.99251], [-87.99807, 41.99252], [-87.998, 41.99252], [-87.99708, 41.9925], [-87.99625, 41.9925], [-87.99586, 41.99251], [-87.99545, 41.99253], [-87.99536, 41.99251], [-87.9953, 41.99249], [-87.99526, 41.99236], [-87.99522, 41.99223], [-87.99519, 41.99212], [-87.99518, 41.9921], [-87.99521, 41.99209], [-87.99534, 41.99208], [-87.99544, 41.99214], [-87.99553, 41.99223], [-87.99561, 41.99222], [-87.99564, 41.99213], [-87.99561, 41.99203], [-87.99548, 41.99195], [-87.99537, 41.99195], [-87.99529, 41.99198], [-87.99527, 41.99203], [-87.99525, 41.99205], [-87.99522, 41.99207], [-87.99519, 41.99207], [-87.99517, 41.99207], [-87.99514, 41.99202], [-87.99505, 41.99185], [-87.99499, 41.99171], [-87.99488, 41.99149], [-87.99488, 41.99143], [-87.99484, 41.99138], [-87.99481, 41.99136], [-87.9947, 41.99116], [-87.99466, 41.99108], [-87.99459, 41.99088], [-87.99442, 41.99054], [-87.99427, 41.99026], [-87.99418, 41.99008], [-87.99415, 41.99001], [-87.99405, 41.98989], [-87.99391, 41.98981], [-87.99381, 41.98976], [-87.99371, 41.98972], [-87.99363, 41.98971], [-87.99354, 41.9897], [-87.99346, 41.98964], [-87.99343, 41.98963], [-87.99335, 41.9896], [-87.99325, 41.98957], [-87.99321, 41.98955], [-87.99316, 41.98948], [-87.99319, 41.9894], [-87.99333, 41.98919], [-87.99335, 41.98907], [-87.99335, 41.98896], [-87.9933, 41.98883], [-87.9932, 41.98858], [-87.99312, 41.98848], [-87.9931, 41.98842], [-87.99309, 41.98832], [-87.99312, 41.98816], [-87.99313, 41.98813], [-87.99313, 41.98795], [-87.99309, 41.98785], [-87.99305, 41.98775], [-87.99299, 41.98759], [-87.99295, 41.98751], [-87.99291, 41.98743], [-87.99285, 41.98733], [-87.99277, 41.98725], [-87.99268, 41.98718], [-87.99257, 41.98714], [-87.99249, 41.98712], [-87.99242, 41.98713], [-87.99233, 41.98711], [-87.9922, 41.98707], [-87.9921, 41.98701], [-87.99198, 41.98692], [-87.9919, 41.98687], [-87.99183, 41.98685], [-87.99168, 41.98684], [-87.99154, 41.98687], [-87.99128, 41.98701], [-87.99111, 41.98712], [-87.99085, 41.98722], [-87.99076, 41.98724], [-87.99069, 41.98722], [-87.9906, 41.98718], [-87.9905, 41.98711], [-87.99048, 41.98705], [-87.99046, 41.98698], [-87.99034, 41.98687], [-87.99025, 41.98679], [-87.99017, 41.98673], [-87.99008, 41.98669], [-87.99003, 41.98664], [-87.98987, 41.98654], [-87.98979, 41.98643], [-87.98971, 41.9863], [-87.98967, 41.9862], [-87.98967, 41.98608], [-87.98969, 41.98596], [-87.98974, 41.98589], [-87.98978, 41.98586], [-87.98981, 41.98587], [-87.98983, 41.98591], [-87.98991, 41.98592], [-87.98997, 41.98591], [-87.98996, 41.98589], [-87.98992, 41.98588], [-87.98988, 41.98585], [-87.98995, 41.98575], [-87.98998, 41.98563], [-87.99004, 41.98552], [-87.99011, 41.98542], [-87.9902, 41.98531], [-87.99026, 41.98518], [-87.9903, 41.98502], [-87.99032, 41.98489], [-87.99035, 41.9848], [-87.99043, 41.98463], [-87.99045, 41.98456], [-87.99046, 41.98448], [-87.9905, 41.98441], [-87.99053, 41.98433], [-87.99056, 41.9842], [-87.99062, 41.98411], [-87.99066, 41.98407], [-87.99072, 41.98404], [-87.99073, 41.98401], [-87.9908, 41.98391], [-87.99085, 41.98383], [-87.99087, 41.98377], [-87.99092, 41.98365], [-87.99097, 41.98358], [-87.99099, 41.98353], [-87.99101, 41.9835], [-87.99099, 41.98346], [-87.99099, 41.98344], [-87.99098, 41.98332], [-87.99097, 41.98318], [-87.99098, 41.98312], [-87.99097, 41.98305], [-87.99095, 41.98292], [-87.99094, 41.98284], [-87.99095, 41.98276], [-87.99097, 41.98274], [-87.99105, 41.98267], [-87.9911, 41.98259], [-87.99112, 41.98254], [-87.99113, 41.98247], [-87.99111, 41.98241], [-87.99107, 41.98231], [-87.99103, 41.98226], [-87.99093, 41.98217], [-87.99088, 41.98213], [-87.99082, 41.98208], [-87.99081, 41.98205], [-87.99076, 41.98205], [-87.99069, 41.98202], [-87.99066, 41.98199], [-87.99062, 41.98195], [-87.99058, 41.98191], [-87.99056, 41.98187], [-87.99057, 41.9818], [-87.99058, 41.98176], [-87.99059, 41.98175], [-87.99063, 41.98174], [-87.99069, 41.9817], [-87.99074, 41.98165], [-87.99075, 41.98162], [-87.99078, 41.98155], [-87.9908, 41.98152], [-87.99082, 41.98147], [-87.99085, 41.98134], [-87.99087, 41.98128], [-87.99086, 41.98123], [-87.99087, 41.98116], [-87.99091, 41.98103], [-87.99096, 41.98096], [-87.99097, 41.98092], [-87.99097, 41.98091], [-87.99097, 41.98086], [-87.99099, 41.98078], [-87.99099, 41.98077], [-87.99097, 41.98071], [-87.99097, 41.98056], [-87.99096, 41.98052], [-87.9909, 41.98042], [-87.9909, 41.98037], [-87.99089, 41.98036], [-87.99086, 41.98032], [-87.99079, 41.98021], [-87.99078, 41.9801], [-87.99078, 41.98004], [-87.99079, 41.98], [-87.99084, 41.97982], [-87.99088, 41.97981], [-87.99091, 41.97981], [-87.99097, 41.97984], [-87.99101, 41.97985], [-87.99102, 41.97988], [-87.99104, 41.97986], [-87.99107, 41.97985], [-87.99111, 41.97983], [-87.99116, 41.97977], [-87.99114, 41.97973], [-87.99112, 41.97965], [-87.99109, 41.97959], [-87.99109, 41.97954], [-87.99108, 41.97946], [-87.99107, 41.97938], [-87.99107, 41.97934], [-87.99109, 41.97926], [-87.99118, 41.97897], [-87.9912, 41.97894], [-87.99121, 41.97891], [-87.99122, 41.97881], [-87.99124, 41.97867], [-87.99128, 41.97859], [-87.99133, 41.97852], [-87.99137, 41.97849], [-87.9914, 41.97847], [-87.9915, 41.97846], [-87.99156, 41.97846], [-87.9916, 41.97847], [-87.9916, 41.9785], [-87.99162, 41.97852], [-87.99164, 41.9785], [-87.99164, 41.97847], [-87.99166, 41.97845], [-87.9917, 41.97843], [-87.99175, 41.97841], [-87.9918, 41.97835], [-87.99186, 41.97832], [-87.99194, 41.97825], [-87.99197, 41.9782], [-87.99197, 41.97818], [-87.99197, 41.97813], [-87.99195, 41.97808], [-87.99194, 41.97806], [-87.99186, 41.97801], [-87.99185, 41.97799], [-87.99185, 41.97797], [-87.99187, 41.97795], [-87.99191, 41.97795], [-87.99196, 41.97792], [-87.99198, 41.97788], [-87.99203, 41.97781], [-87.99206, 41.97773], [-87.99207, 41.97765], [-87.99207, 41.97761], [-87.99206, 41.97757], [-87.992, 41.97732], [-87.99198, 41.97728], [-87.99197, 41.97725], [-87.99193, 41.97723], [-87.99179, 41.97718], [-87.99173, 41.97716], [-87.99171, 41.97714], [-87.99167, 41.97717], [-87.99159, 41.97719], [-87.99155, 41.97721], [-87.99153, 41.97722], [-87.9915, 41.97722], [-87.99144, 41.97721], [-87.99141, 41.97719], [-87.99136, 41.97715], [-87.99129, 41.97704], [-87.99127, 41.97698], [-87.99127, 41.97695], [-87.99127, 41.97689], [-87.99129, 41.97686], [-87.99131, 41.97685], [-87.99133, 41.97683], [-87.9914, 41.97683], [-87.99151, 41.97675], [-87.99154, 41.97672], [-87.99158, 41.97667], [-87.99162, 41.97663], [-87.99166, 41.97656], [-87.99166, 41.97654], [-87.99165, 41.9765], [-87.99167, 41.97648], [-87.99167, 41.97645], [-87.99165, 41.97638], [-87.99163, 41.97635], [-87.99159, 41.97623], [-87.99157, 41.97621], [-87.99161, 41.97619], [-87.99162, 41.97616], [-87.99163, 41.97614], [-87.9917, 41.97605], [-87.9918, 41.97596], [-87.99183, 41.97594], [-87.99199, 41.97586], [-87.99201, 41.97583], [-87.99208, 41.97582], [-87.99213, 41.97577], [-87.99215, 41.97574], [-87.9922, 41.9757], [-87.99227, 41.97562], [-87.9923, 41.97554], [-87.99233, 41.9754], [-87.99233, 41.97536], [-87.9923, 41.97526], [-87.99226, 41.97519], [-87.99216, 41.97504], [-87.9921, 41.97492], [-87.99207, 41.97487], [-87.99198, 41.97478], [-87.99197, 41.97476], [-87.99192, 41.97468], [-87.99189, 41.97465], [-87.99181, 41.97459], [-87.99165, 41.9745], [-87.99161, 41.97446], [-87.9916, 41.97443], [-87.99155, 41.9744], [-87.99152, 41.97434], [-87.99146, 41.97428], [-87.99141, 41.97421], [-87.99136, 41.97414], [-87.99135, 41.97411], [-87.99135, 41.97406], [-87.99136, 41.97404], [-87.99137, 41.97403], [-87.99139, 41.97402], [-87.99154, 41.97397], [-87.99173, 41.9739], [-87.99178, 41.9739], [-87.99183, 41.97388], [-87.99186, 41.97382], [-87.99195, 41.97379], [-87.99202, 41.97378], [-87.99204, 41.97378], [-87.99207, 41.97379], [-87.99214, 41.97377], [-87.99219, 41.97377], [-87.99229, 41.97374], [-87.99238, 41.97366], [-87.99247, 41.97353], [-87.99248, 41.97349], [-87.99247, 41.97339], [-87.99247, 41.97336], [-87.99248, 41.97332], [-87.99251, 41.97325], [-87.99256, 41.97313], [-87.99255, 41.97311], [-87.99251, 41.97303], [-87.99246, 41.97296], [-87.99241, 41.97292], [-87.99235, 41.97289], [-87.99226, 41.97285], [-87.99216, 41.97281], [-87.99211, 41.97279], [-87.99203, 41.97273], [-87.99191, 41.97262], [-87.99189, 41.97258], [-87.99188, 41.97256], [-87.99191, 41.9725], [-87.99192, 41.97248], [-87.99194, 41.97231], [-87.99197, 41.97224], [-87.992, 41.97216], [-87.99201, 41.97215], [-87.99205, 41.97211], [-87.99214, 41.97194], [-87.99218, 41.97188], [-87.99218, 41.97179], [-87.99214, 41.97166], [-87.99214, 41.97164], [-87.99221, 41.97165], [-87.99223, 41.97167], [-87.99229, 41.97175], [-87.99234, 41.97181], [-87.99236, 41.97183], [-87.99248, 41.97187], [-87.99257, 41.97191], [-87.99264, 41.97193], [-87.99271, 41.97193], [-87.99286, 41.97193], [-87.9933, 41.97192], [-87.99342, 41.97192], [-87.99352, 41.97196], [-87.99359, 41.97197], [-87.99412, 41.97194], [-87.99478, 41.97193], [-87.99485, 41.97193], [-87.99491, 41.97195], [-87.99495, 41.97197], [-87.99497, 41.97198], [-87.99499, 41.97203], [-87.99497, 41.97224], [-87.99499, 41.97263], [-87.99499, 41.97271], [-87.99499, 41.97295], [-87.995, 41.97303], [-87.995, 41.97312], [-87.99501, 41.97322], [-87.99501, 41.97336], [-87.99501, 41.97344], [-87.99502, 41.97348], [-87.99504, 41.97344], [-87.99505, 41.97336], [-87.99504, 41.97328], [-87.99506, 41.97301], [-87.99508, 41.97269], [-87.99509, 41.97256], [-87.99512, 41.97232], [-87.99511, 41.97214], [-87.99509, 41.97208], [-87.99509, 41.97205], [-87.9951, 41.97202], [-87.99513, 41.97198], [-87.99515, 41.97197], [-87.99517, 41.97196], [-87.99529, 41.97198], [-87.9954, 41.97199], [-87.99572, 41.972], [-87.99611, 41.97203], [-87.99621, 41.97202], [-87.99656, 41.97199], [-87.99667, 41.97198], [-87.99677, 41.97198], [-87.99683, 41.97199], [-87.99691, 41.97199], [-87.99717, 41.97198], [-87.99723, 41.97198], [-87.99751, 41.972], [-87.99771, 41.97204], [-87.99778, 41.97205], [-87.99786, 41.97205], [-87.99805, 41.97202], [-87.99812, 41.97199], [-87.99814, 41.97198], [-87.9982, 41.97193], [-87.99829, 41.97193], [-87.99832, 41.97194], [-87.99835, 41.97189], [-87.99839, 41.97191], [-87.99848, 41.97193], [-87.99853, 41.97196], [-87.99855, 41.97198], [-87.99856, 41.972], [-87.99861, 41.97212], [-87.99864, 41.97227], [-87.99865, 41.9723], [-87.99869, 41.97237], [-87.99871, 41.97239], [-87.99878, 41.97241], [-87.9988, 41.97243], [-87.99882, 41.97243], [-87.99885, 41.97242], [-87.99891, 41.97239], [-87.99889, 41.97236], [-87.99884, 41.97231], [-87.99881, 41.97227], [-87.9988, 41.97221], [-87.99881, 41.97216], [-87.99882, 41.9721], [-87.99881, 41.97197], [-87.99881, 41.97196], [-87.9988, 41.97189], [-87.99879, 41.97178], [-87.9988, 41.97176], [-87.99881, 41.97174], [-87.99885, 41.97171], [-87.9989, 41.9717], [-87.99896, 41.97169], [-87.99902, 41.97167], [-87.99918, 41.9716], [-87.99924, 41.97155], [-87.9993, 41.97153], [-87.99936, 41.97152], [-87.99941, 41.9715], [-87.99946, 41.97147], [-87.99947, 41.97143], [-87.99946, 41.97138], [-87.99944, 41.97133], [-87.9994, 41.97131], [-87.99933, 41.9713], [-87.99926, 41.97131], [-87.99918, 41.97133], [-87.99912, 41.97135], [-87.99904, 41.97135], [-87.99897, 41.97135], [-87.99892, 41.97132], [-87.99886, 41.97128], [-87.9988, 41.97124], [-87.99878, 41.97118], [-87.99876, 41.97112], [-87.99876, 41.97105], [-87.99871, 41.97094], [-87.99872, 41.97088], [-87.99874, 41.97083], [-87.99882, 41.97075], [-87.99887, 41.97074], [-87.99896, 41.97061], [-87.99903, 41.97044], [-87.99904, 41.97039], [-87.99903, 41.97034], [-87.99903, 41.97028], [-87.99905, 41.97025], [-87.99902, 41.97013], [-87.99899, 41.97007], [-87.99899, 41.97003], [-87.999, 41.96999], [-87.99902, 41.96996], [-87.99907, 41.96994], [-87.99915, 41.96993], [-87.99925, 41.96993], [-87.99935, 41.96994], [-87.99944, 41.96996], [-87.99953, 41.96999], [-87.99958, 41.97002], [-87.99964, 41.97005], [-87.99971, 41.97006], [-87.99976, 41.97006], [-88.00005, 41.97006], [-88.00026, 41.97006], [-88.00038, 41.97004], [-88.00047, 41.97004], [-88.00052, 41.97006], [-88.00064, 41.97012], [-88.00073, 41.97015], [-88.00085, 41.97016], [-88.00114, 41.97018], [-88.0014, 41.9702], [-88.00151, 41.97022], [-88.00164, 41.97024], [-88.00172, 41.97025], [-88.00182, 41.97025], [-88.00191, 41.97026], [-88.00205, 41.97028], [-88.00212, 41.97029], [-88.00238, 41.97032], [-88.0026, 41.97036], [-88.00267, 41.97037], [-88.00287, 41.97041], [-88.00306, 41.97043], [-88.00317, 41.97042], [-88.00326, 41.97041], [-88.00332, 41.97038], [-88.00342, 41.97037], [-88.00355, 41.97037], [-88.00361, 41.97039], [-88.00371, 41.9704], [-88.00384, 41.97045], [-88.00391, 41.97046], [-88.00398, 41.97047], [-88.00404, 41.9705], [-88.00409, 41.97051], [-88.00417, 41.97051], [-88.00429, 41.97054], [-88.00434, 41.97053], [-88.0044, 41.97052], [-88.00447, 41.9705], [-88.00464, 41.97049], [-88.00473, 41.9705], [-88.00481, 41.97051], [-88.00489, 41.97054], [-88.00493, 41.97057], [-88.00497, 41.97057], [-88.00503, 41.97064], [-88.00502, 41.97066], [-88.005, 41.97069], [-88.00503, 41.97071], [-88.00504, 41.97072], [-88.00504, 41.97074], [-88.00502, 41.97075], [-88.00497, 41.97078], [-88.00493, 41.97082], [-88.00493, 41.97086], [-88.00493, 41.97095], [-88.00497, 41.97103], [-88.00502, 41.97107], [-88.00505, 41.97108], [-88.00509, 41.97108], [-88.00523, 41.97109], [-88.00531, 41.9711], [-88.00539, 41.97111], [-88.00552, 41.9711], [-88.00558, 41.97109], [-88.00566, 41.97106], [-88.00577, 41.97103], [-88.00586, 41.97103], [-88.00606, 41.97105], [-88.00611, 41.97104], [-88.00616, 41.97103], [-88.00627, 41.97099], [-88.00662, 41.97092], [-88.00669, 41.97092], [-88.00673, 41.97093], [-88.00679, 41.97095], [-88.00685, 41.97098], [-88.00695, 41.97104], [-88.00701, 41.97106], [-88.00709, 41.97109], [-88.00728, 41.97114], [-88.00735, 41.97115], [-88.00738, 41.97115], [-88.00739, 41.97113], [-88.00742, 41.97112], [-88.00746, 41.97113], [-88.0075, 41.97115], [-88.00751, 41.97118], [-88.00749, 41.97135], [-88.00752, 41.97148], [-88.00753, 41.97153], [-88.00756, 41.97157], [-88.00766, 41.97163], [-88.00769, 41.97169], [-88.00775, 41.97179], [-88.00778, 41.97188], [-88.00787, 41.9721], [-88.00792, 41.97216], [-88.00805, 41.97223], [-88.00807, 41.97223], [-88.00809, 41.97225], [-88.00815, 41.97229], [-88.0082, 41.97233], [-88.00823, 41.97236], [-88.00836, 41.97252], [-88.00841, 41.9726], [-88.00846, 41.97269], [-88.0085, 41.97274], [-88.00854, 41.97279], [-88.0086, 41.97283], [-88.00869, 41.97287], [-88.00879, 41.97295], [-88.00889, 41.97299], [-88.00895, 41.973], [-88.009, 41.97301], [-88.00906, 41.97301], [-88.00909, 41.973], [-88.00914, 41.97298], [-88.00919, 41.97294], [-88.00924, 41.97291], [-88.00934, 41.97284], [-88.00941, 41.9728], [-88.00952, 41.97276], [-88.00958, 41.97274], [-88.00964, 41.97273], [-88.00984, 41.97274], [-88.0099, 41.97273], [-88.01002, 41.97269], [-88.01013, 41.97269], [-88.01021, 41.9727], [-88.01039, 41.97275], [-88.01047, 41.97279], [-88.01048, 41.97281], [-88.01051, 41.97283], [-88.01055, 41.97283], [-88.01059, 41.97282], [-88.01064, 41.9728], [-88.0107, 41.97277], [-88.01075, 41.97275], [-88.01079, 41.97273], [-88.01083, 41.97267], [-88.01091, 41.97258], [-88.01105, 41.97249], [-88.01108, 41.97246], [-88.01121, 41.97239], [-88.01126, 41.97234], [-88.01132, 41.9723], [-88.01139, 41.97227], [-88.01146, 41.97224], [-88.01153, 41.97218], [-88.01159, 41.97212], [-88.01171, 41.97195], [-88.01171, 41.97193], [-88.01171, 41.97187], [-88.01175, 41.97181], [-88.0118, 41.97178], [-88.01205, 41.97169], [-88.01222, 41.97162], [-88.01229, 41.97157], [-88.01234, 41.97153], [-88.01239, 41.97148], [-88.01245, 41.97138], [-88.01248, 41.97136], [-88.01251, 41.97133], [-88.01258, 41.97127], [-88.01265, 41.97127], [-88.01273, 41.97127], [-88.01285, 41.97122], [-88.01298, 41.97119], [-88.01306, 41.97117], [-88.01322, 41.97113], [-88.01334, 41.9711], [-88.01365, 41.97104], [-88.01381, 41.971], [-88.01388, 41.97099], [-88.01398, 41.97096], [-88.0141, 41.97092], [-88.01413, 41.97091], [-88.01419, 41.97088], [-88.01422, 41.97087], [-88.01426, 41.97085], [-88.01438, 41.97077], [-88.0145, 41.97072], [-88.01456, 41.9707], [-88.01461, 41.97069], [-88.01471, 41.97065], [-88.01475, 41.97064], [-88.01486, 41.97062], [-88.01493, 41.97063], [-88.01498, 41.97064], [-88.01504, 41.97065], [-88.01511, 41.97067], [-88.01528, 41.97072], [-88.0154, 41.97076], [-88.01546, 41.97079], [-88.01568, 41.97089], [-88.01573, 41.97092], [-88.0158, 41.97096], [-88.01586, 41.97097], [-88.0159, 41.97097], [-88.01594, 41.97096], [-88.01606, 41.97092], [-88.01613, 41.97089], [-88.01621, 41.97085], [-88.01632, 41.97076], [-88.01642, 41.97071], [-88.01668, 41.97066], [-88.01672, 41.97065], [-88.01682, 41.9706], [-88.01693, 41.97053], [-88.01704, 41.97047], [-88.0171, 41.97043], [-88.01722, 41.97035], [-88.01734, 41.97027], [-88.01741, 41.97022], [-88.01762, 41.9701], [-88.01775, 41.97001], [-88.01783, 41.96994], [-88.01792, 41.96987], [-88.01797, 41.96984], [-88.01799, 41.96983], [-88.01805, 41.96982], [-88.01813, 41.96982], [-88.01821, 41.9698], [-88.01828, 41.9698], [-88.01836, 41.96979], [-88.01859, 41.96974], [-88.01868, 41.96973], [-88.01875, 41.96972], [-88.01878, 41.96973], [-88.01894, 41.96976], [-88.01904, 41.96978], [-88.01909, 41.96978], [-88.01912, 41.96977], [-88.01915, 41.96977], [-88.01935, 41.9697], [-88.01946, 41.96966], [-88.01948, 41.96963], [-88.0195, 41.96958], [-88.01953, 41.96955], [-88.01975, 41.96942], [-88.01978, 41.96941], [-88.01981, 41.9694], [-88.01985, 41.96938], [-88.01998, 41.96929], [-88.02009, 41.96926], [-88.02015, 41.96926], [-88.02021, 41.96925], [-88.02033, 41.96925], [-88.02037, 41.96924], [-88.02045, 41.9692], [-88.0205, 41.96917], [-88.02053, 41.96914], [-88.02053, 41.9691], [-88.02053, 41.96907], [-88.02052, 41.96903], [-88.0205, 41.96899], [-88.02048, 41.96895], [-88.02047, 41.9689], [-88.02051, 41.9688], [-88.02051, 41.96874], [-88.02049, 41.96871], [-88.02047, 41.96867], [-88.02046, 41.96862], [-88.02046, 41.96858], [-88.02049, 41.96854], [-88.02053, 41.96851], [-88.02054, 41.96847], [-88.02052, 41.96842], [-88.02048, 41.96833], [-88.02046, 41.96829], [-88.02043, 41.96823], [-88.02041, 41.96808], [-88.02041, 41.9679], [-88.0204, 41.96778], [-88.0204, 41.9677], [-88.02039, 41.96744], [-88.02039, 41.9674], [-88.02038, 41.96724], [-88.02039, 41.96703], [-88.02037, 41.96695], [-88.02037, 41.96692], [-88.02035, 41.96689], [-88.02035, 41.96682], [-88.02036, 41.96678], [-88.0204, 41.96674], [-88.0204, 41.96664], [-88.02045, 41.96659], [-88.0205, 41.96657], [-88.02056, 41.96656], [-88.02073, 41.96651], [-88.02078, 41.96649], [-88.02081, 41.96647], [-88.02086, 41.96644], [-88.0209, 41.9664], [-88.02092, 41.96637], [-88.02097, 41.96634], [-88.02115, 41.96629], [-88.02121, 41.96628], [-88.02125, 41.96626], [-88.0213, 41.96621], [-88.02136, 41.96618], [-88.02143, 41.96617], [-88.02156, 41.96613], [-88.0217, 41.96609], [-88.02176, 41.96606], [-88.02181, 41.96602], [-88.02184, 41.966], [-88.02188, 41.96594], [-88.0219, 41.96587], [-88.02192, 41.96584], [-88.02191, 41.96581], [-88.02188, 41.96575], [-88.0219, 41.96568], [-88.02192, 41.96566], [-88.02194, 41.96565], [-88.02199, 41.96561], [-88.02201, 41.96559], [-88.0221, 41.96556], [-88.02221, 41.96555], [-88.02226, 41.96553], [-88.02238, 41.96544], [-88.02241, 41.96539], [-88.02246, 41.96536], [-88.02263, 41.96534], [-88.02285, 41.96532], [-88.02288, 41.9653], [-88.02289, 41.96528], [-88.02289, 41.96524], [-88.02289, 41.96521], [-88.02288, 41.96519], [-88.02283, 41.96517], [-88.02279, 41.96516], [-88.0227, 41.96514], [-88.02268, 41.96513], [-88.02264, 41.9651], [-88.02264, 41.96506], [-88.02267, 41.96497], [-88.02273, 41.96487], [-88.02284, 41.96477], [-88.02292, 41.96474], [-88.02305, 41.96471], [-88.02313, 41.96471], [-88.02325, 41.96467], [-88.02329, 41.96465], [-88.02343, 41.96458], [-88.02353, 41.96449], [-88.02358, 41.96446], [-88.02364, 41.96441], [-88.02366, 41.96437], [-88.02365, 41.96429], [-88.02366, 41.96425], [-88.02363, 41.96421], [-88.0236, 41.96412], [-88.02361, 41.96409], [-88.02372, 41.96403], [-88.02383, 41.96399], [-88.02398, 41.96398], [-88.02411, 41.96399], [-88.02438, 41.964], [-88.02442, 41.964], [-88.02451, 41.964], [-88.02458, 41.96401], [-88.02476, 41.96405], [-88.02482, 41.96404], [-88.02486, 41.96403], [-88.02494, 41.964], [-88.02496, 41.96395], [-88.02499, 41.96389], [-88.02507, 41.96385], [-88.02514, 41.96385], [-88.02529, 41.96386], [-88.02539, 41.96387], [-88.0255, 41.9639], [-88.02564, 41.96391], [-88.02572, 41.96392], [-88.02574, 41.96392], [-88.02577, 41.96392], [-88.02584, 41.96392], [-88.02609, 41.96394], [-88.02619, 41.96394], [-88.02641, 41.96396], [-88.02661, 41.96397], [-88.02665, 41.96397], [-88.02688, 41.96398], [-88.02691, 41.96399], [-88.02692, 41.96401], [-88.02693, 41.96405], [-88.02696, 41.96404], [-88.02697, 41.96401], [-88.02701, 41.96397], [-88.02707, 41.96396], [-88.02714, 41.96396], [-88.02722, 41.96395], [-88.02731, 41.96392], [-88.02737, 41.96389], [-88.02743, 41.96386], [-88.02748, 41.96382], [-88.02751, 41.96377], [-88.02754, 41.96372], [-88.02753, 41.96369], [-88.02743, 41.96356], [-88.02741, 41.96348], [-88.02741, 41.96341], [-88.02744, 41.96338], [-88.02751, 41.96335], [-88.02759, 41.96333], [-88.02765, 41.96333], [-88.02773, 41.96334], [-88.02795, 41.96338], [-88.02802, 41.96338], [-88.0281, 41.96336], [-88.0282, 41.96335], [-88.02834, 41.96338], [-88.02848, 41.96337], [-88.02856, 41.96337], [-88.02863, 41.96338], [-88.02872, 41.96338], [-88.02886, 41.96334], [-88.02894, 41.96333], [-88.02902, 41.96333], [-88.02921, 41.96336], [-88.02928, 41.96336], [-88.02947, 41.96339], [-88.02951, 41.96339], [-88.02957, 41.96338], [-88.02964, 41.96337], [-88.02981, 41.96339], [-88.02989, 41.96339], [-88.02998, 41.96338], [-88.03007, 41.96337], [-88.03018, 41.96337], [-88.03028, 41.96338], [-88.03059, 41.96342], [-88.03068, 41.9634], [-88.03075, 41.96338], [-88.03084, 41.96338], [-88.03106, 41.96344], [-88.03123, 41.96343], [-88.03133, 41.96345], [-88.03141, 41.96345], [-88.03148, 41.96343], [-88.03153, 41.96342], [-88.03162, 41.9634], [-88.03171, 41.96338], [-88.03176, 41.96337], [-88.03187, 41.96336], [-88.03217, 41.96337], [-88.03249, 41.96336], [-88.03313, 41.96335], [-88.03329, 41.96335], [-88.03339, 41.96333], [-88.03347, 41.96331], [-88.03392, 41.9633], [-88.03392, 41.96327], [-88.03389, 41.96322], [-88.03389, 41.96319], [-88.03388, 41.96315], [-88.03387, 41.96307], [-88.03386, 41.96303], [-88.03387, 41.96292], [-88.03387, 41.96287], [-88.03391, 41.96276], [-88.03398, 41.96268], [-88.03406, 41.96263], [-88.0341, 41.96261], [-88.03416, 41.9626], [-88.03419, 41.9626], [-88.03428, 41.96263], [-88.03431, 41.96265], [-88.03449, 41.96277], [-88.03462, 41.96292], [-88.03465, 41.96294], [-88.0347, 41.96297], [-88.03479, 41.96301], [-88.03489, 41.96304], [-88.03537, 41.96317], [-88.0355, 41.96319], [-88.03569, 41.96321], [-88.03597, 41.96321], [-88.03603, 41.96322], [-88.03614, 41.96321], [-88.0362, 41.96319], [-88.03629, 41.96319], [-88.03635, 41.96322], [-88.03639, 41.96325], [-88.03645, 41.96328], [-88.03649, 41.96328], [-88.03651, 41.96327], [-88.03655, 41.96325], [-88.03663, 41.96321], [-88.03673, 41.96318], [-88.03684, 41.96316], [-88.03687, 41.96316], [-88.03692, 41.96317], [-88.03696, 41.9632], [-88.03704, 41.96327], [-88.03707, 41.96328], [-88.03712, 41.9633], [-88.03736, 41.9633], [-88.03747, 41.96328], [-88.03761, 41.9633], [-88.03784, 41.9633], [-88.0381, 41.96327], [-88.03829, 41.96321], [-88.03838, 41.96317], [-88.03841, 41.96317], [-88.03846, 41.96316], [-88.03849, 41.96318], [-88.03852, 41.96322], [-88.03853, 41.96323], [-88.03856, 41.96325], [-88.03859, 41.96326], [-88.03867, 41.96326], [-88.03875, 41.96327], [-88.03883, 41.96331], [-88.03891, 41.96337], [-88.03913, 41.96346], [-88.03916, 41.96348], [-88.03922, 41.96353], [-88.03925, 41.96355], [-88.03928, 41.96357], [-88.03942, 41.96363], [-88.03949, 41.96367], [-88.03956, 41.96373], [-88.03963, 41.96379], [-88.03966, 41.96381], [-88.03968, 41.96381], [-88.03975, 41.96383], [-88.03982, 41.96383], [-88.03998, 41.96391], [-88.04, 41.96394]], [[-87.98591, 41.9512], [-87.98588, 41.9512], [-87.98587, 41.95119], [-87.98583, 41.95111], [-87.9858, 41.95107], [-87.98584, 41.95107], [-87.9859, 41.95115], [-87.98591, 41.9512]], [[-87.99105, 41.97971], [-87.99105, 41.97977], [-87.99104, 41.97981], [-87.99084, 41.97976], [-87.99083, 41.97973], [-87.99084, 41.97971], [-87.99086, 41.9797], [-87.9909, 41.9797], [-87.99096, 41.9797], [-87.991, 41.97967], [-87.99103, 41.97968], [-87.99105, 41.97971]], [[-87.99186, 41.97814], [-87.99185, 41.97818], [-87.99182, 41.97817], [-87.9918, 41.97817], [-87.99179, 41.97819], [-87.99176, 41.97824], [-87.99175, 41.97826], [-87.99171, 41.97826], [-87.99169, 41.97825], [-87.99159, 41.97824], [-87.99158, 41.97824], [-87.99156, 41.97823], [-87.99157, 41.9782], [-87.9916, 41.97818], [-87.99163, 41.97815], [-87.99168, 41.97814], [-87.99174, 41.97815], [-87.99183, 41.97813], [-87.99186, 41.97814]], [[-87.96915, 41.9097], [-87.96908, 41.90973], [-87.96898, 41.90972], [-87.96883, 41.90971], [-87.96875, 41.90968], [-87.96872, 41.90967], [-87.96872, 41.90961], [-87.96876, 41.90962], [-87.96881, 41.90962], [-87.96897, 41.90964], [-87.96906, 41.90967], [-87.96915, 41.9097]], [[-88.03877, 41.96318], [-88.03876, 41.9632], [-88.03874, 41.96322], [-88.0387, 41.96323], [-88.03867, 41.96323], [-88.03864, 41.96323], [-88.03859, 41.96319], [-88.03855, 41.96316], [-88.03854, 41.96314], [-88.03854, 41.96313], [-88.03857, 41.9631], [-88.03862, 41.96307], [-88.03869, 41.96306], [-88.03873, 41.96306], [-88.03875, 41.96307], [-88.03877, 41.9631], [-88.03877, 41.96312], [-88.03877, 41.96313], [-88.03877, 41.96315], [-88.03877, 41.96318]], [[-87.96865, 41.9097], [-87.96845, 41.90973], [-87.9683, 41.90972], [-87.96823, 41.90965], [-87.96831, 41.90964], [-87.9684, 41.90964], [-87.96845, 41.90965], [-87.96849, 41.90966], [-87.96852, 41.90968], [-87.96854, 41.90966], [-87.96847, 41.90963], [-87.96837, 41.90962], [-87.96828, 41.90962], [-87.96816, 41.90962], [-87.9681, 41.90959], [-87.96808, 41.90953], [-87.9681, 41.90951], [-87.9683, 41.9095], [-87.96844, 41.90952], [-87.96853, 41.90954], [-87.96864, 41.90959], [-87.96865, 41.9097]], [[-87.99156, 41.97837], [-87.99151, 41.97839], [-87.99144, 41.9784], [-87.99143, 41.97838], [-87.99137, 41.97838], [-87.99135, 41.97839], [-87.99132, 41.9784], [-87.99126, 41.97846], [-87.99125, 41.97848], [-87.99121, 41.97854], [-87.99117, 41.9786], [-87.99113, 41.97863], [-87.99108, 41.97866], [-87.99095, 41.97866], [-87.99092, 41.97866], [-87.99091, 41.97863], [-87.99096, 41.97856], [-87.99104, 41.9785], [-87.99108, 41.97849], [-87.9911, 41.97848], [-87.99112, 41.97847], [-87.9911, 41.97846], [-87.99109, 41.97844], [-87.99109, 41.97842], [-87.99112, 41.97838], [-87.99116, 41.97832], [-87.99124, 41.97828], [-87.99128, 41.97829], [-87.99134, 41.97829], [-87.9914, 41.9783], [-87.99144, 41.97833], [-87.99146, 41.97834], [-87.9915, 41.97834], [-87.99153, 41.97834], [-87.99155, 41.97835], [-87.99156, 41.97837]], [[-87.9907, 41.97821], [-87.99068, 41.97823], [-87.99063, 41.97833], [-87.99063, 41.97848], [-87.99062, 41.97852], [-87.99058, 41.97857], [-87.99056, 41.97858], [-87.99049, 41.97856], [-87.99041, 41.97855], [-87.99037, 41.97853], [-87.99034, 41.97851], [-87.99033, 41.97848], [-87.99033, 41.97838], [-87.9904, 41.97831], [-87.99042, 41.97828], [-87.99047, 41.97822], [-87.99061, 41.97815], [-87.99063, 41.97818], [-87.99065, 41.97819], [-87.9907, 41.97819], [-87.9907, 41.97821]], [[-87.99106, 41.9787], [-87.99104, 41.97872], [-87.99099, 41.97874], [-87.99091, 41.97875], [-87.99083, 41.9788], [-87.9908, 41.97883], [-87.9908, 41.97885], [-87.99082, 41.97894], [-87.99081, 41.97897], [-87.9908, 41.97899], [-87.99075, 41.97904], [-87.99073, 41.97905], [-87.99067, 41.97907], [-87.99061, 41.97906], [-87.99059, 41.97906], [-87.99057, 41.97904], [-87.99054, 41.97895], [-87.99055, 41.97891], [-87.99053, 41.9788], [-87.99055, 41.97875], [-87.99059, 41.97869], [-87.99066, 41.97863], [-87.99068, 41.97861], [-87.99071, 41.97861], [-87.99074, 41.97861], [-87.9908, 41.97862], [-87.99083, 41.97864], [-87.99085, 41.97868], [-87.99091, 41.9787], [-87.99103, 41.97869], [-87.99106, 41.9787]], [[-87.98243, 41.94105], [-87.9824, 41.94112], [-87.98236, 41.94114], [-87.98227, 41.94117], [-87.98222, 41.94119], [-87.98208, 41.9412], [-87.98187, 41.94117], [-87.98178, 41.94116], [-87.98176, 41.94116], [-87.98175, 41.94116], [-87.98171, 41.94114], [-87.98167, 41.94108], [-87.98171, 41.94096], [-87.98176, 41.94088], [-87.98189, 41.94078], [-87.98194, 41.94077], [-87.98201, 41.94075], [-87.98212, 41.94074], [-87.98218, 41.94075], [-87.98224, 41.94077], [-87.98228, 41.94079], [-87.98234, 41.94083], [-87.98237, 41.94085], [-87.98242, 41.94098], [-87.98243, 41.94105]], [[-87.96523, 41.89606], [-87.96522, 41.89609], [-87.9652, 41.89611], [-87.96515, 41.89614], [-87.96512, 41.89616], [-87.96488, 41.8962], [-87.96484, 41.89619], [-87.96467, 41.89624], [-87.96458, 41.89626], [-87.96457, 41.89624], [-87.96455, 41.8962], [-87.9645, 41.89608], [-87.9645, 41.89603], [-87.96448, 41.89599], [-87.96443, 41.89593], [-87.96439, 41.89588], [-87.9643, 41.89585], [-87.96426, 41.89583], [-87.96422, 41.89577], [-87.96418, 41.89568], [-87.96417, 41.89565], [-87.96421, 41.89565], [-87.96434, 41.89567], [-87.96437, 41.89568], [-87.96439, 41.8957], [-87.96445, 41.8957], [-87.9645, 41.89571], [-87.96461, 41.89577], [-87.96467, 41.89578], [-87.96479, 41.89576], [-87.96484, 41.89577], [-87.96496, 41.89578], [-87.96501, 41.8958], [-87.96506, 41.89583], [-87.96509, 41.89587], [-87.96511, 41.89595], [-87.96514, 41.89598], [-87.96521, 41.89602], [-87.96523, 41.89606]], [[-87.99112, 41.97877], [-87.99109, 41.979], [-87.99108, 41.97904], [-87.99104, 41.97913], [-87.991, 41.97932], [-87.99099, 41.97942], [-87.99097, 41.97945], [-87.991, 41.97948], [-87.99102, 41.97954], [-87.99103, 41.97961], [-87.99102, 41.97963], [-87.99097, 41.97966], [-87.99092, 41.97965], [-87.99083, 41.97969], [-87.99081, 41.97969], [-87.99078, 41.97966], [-87.99075, 41.97959], [-87.99071, 41.97955], [-87.99065, 41.97949], [-87.99059, 41.97946], [-87.99057, 41.97945], [-87.9905, 41.97942], [-87.99044, 41.97938], [-87.99038, 41.97931], [-87.99036, 41.97926], [-87.99037, 41.97919], [-87.99037, 41.97916], [-87.99045, 41.9791], [-87.99047, 41.97909], [-87.99049, 41.97909], [-87.99052, 41.9791], [-87.99054, 41.97911], [-87.9906, 41.97909], [-87.99066, 41.97909], [-87.99078, 41.97905], [-87.99082, 41.97902], [-87.99083, 41.979], [-87.99084, 41.97896], [-87.99083, 41.97889], [-87.99084, 41.97884], [-87.99086, 41.97882], [-87.99089, 41.97879], [-87.99092, 41.97879], [-87.9909, 41.97881], [-87.99091, 41.97884], [-87.99094, 41.9788], [-87.99096, 41.97879], [-87.99101, 41.97878], [-87.99109, 41.97875], [-87.99112, 41.97875], [-87.99112, 41.97877]], [[-87.99196, 41.97764], [-87.99194, 41.97774], [-87.9919, 41.9778], [-87.99188, 41.97782], [-87.99186, 41.97784], [-87.99176, 41.97788], [-87.9917, 41.97793], [-87.99167, 41.97797], [-87.99164, 41.97799], [-87.99163, 41.97808], [-87.99156, 41.97814], [-87.99149, 41.97821], [-87.99144, 41.97823], [-87.99133, 41.97819], [-87.99127, 41.97819], [-87.9911, 41.97821], [-87.99108, 41.97819], [-87.99105, 41.97817], [-87.99105, 41.97815], [-87.99105, 41.97813], [-87.99105, 41.97811], [-87.99102, 41.97809], [-87.99096, 41.97811], [-87.991, 41.97819], [-87.99101, 41.9782], [-87.99102, 41.97824], [-87.99104, 41.97828], [-87.99103, 41.97833], [-87.99101, 41.97836], [-87.99098, 41.97839], [-87.99091, 41.97845], [-87.99089, 41.97847], [-87.99086, 41.9785], [-87.99085, 41.97854], [-87.99083, 41.97856], [-87.9908, 41.97857], [-87.99077, 41.97857], [-87.99069, 41.97855], [-87.99067, 41.97856], [-87.99064, 41.97856], [-87.99064, 41.97854], [-87.99066, 41.97852], [-87.99066, 41.9785], [-87.99067, 41.97846], [-87.99068, 41.97841], [-87.99067, 41.97833], [-87.9907, 41.97825], [-87.99073, 41.97822], [-87.99073, 41.97819], [-87.99073, 41.97817], [-87.9907, 41.97817], [-87.99067, 41.97816], [-87.99065, 41.97813], [-87.99067, 41.9781], [-87.99073, 41.97808], [-87.99081, 41.97799], [-87.99085, 41.97798], [-87.99086, 41.97796], [-87.99083, 41.97796], [-87.99084, 41.97793], [-87.99084, 41.97787], [-87.9909, 41.97775], [-87.99091, 41.97767], [-87.99091, 41.97763], [-87.99089, 41.97756], [-87.99082, 41.97744], [-87.99078, 41.97741], [-87.99076, 41.97738], [-87.99075, 41.97734], [-87.99075, 41.97726], [-87.99075, 41.97718], [-87.99076, 41.97713], [-87.99078, 41.97708], [-87.9909, 41.97692], [-87.99098, 41.97686], [-87.99101, 41.97685], [-87.9911, 41.97678], [-87.99113, 41.97677], [-87.99116, 41.97677], [-87.99114, 41.9768], [-87.99119, 41.97681], [-87.99119, 41.97686], [-87.99117, 41.97692], [-87.99114, 41.97695], [-87.99115, 41.97703], [-87.99121, 41.97709], [-87.99123, 41.97714], [-87.99128, 41.97721], [-87.99131, 41.97723], [-87.99132, 41.97727], [-87.99136, 41.97726], [-87.99142, 41.9773], [-87.99147, 41.97731], [-87.99153, 41.9773], [-87.99156, 41.9773], [-87.99163, 41.97733], [-87.99167, 41.9773], [-87.9917, 41.97732], [-87.99169, 41.97734], [-87.99171, 41.97736], [-87.99171, 41.9774], [-87.99173, 41.97755], [-87.99175, 41.97757], [-87.99172, 41.97764], [-87.99167, 41.9777], [-87.99163, 41.97774], [-87.99161, 41.97775], [-87.9915, 41.97775], [-87.99148, 41.97777], [-87.99153, 41.97777], [-87.99161, 41.97777], [-87.99163, 41.97777], [-87.99176, 41.97769], [-87.99179, 41.97768], [-87.99181, 41.97765], [-87.99182, 41.9776], [-87.99181, 41.97757], [-87.99179, 41.97752], [-87.9918, 41.97748], [-87.99178, 41.97744], [-87.9918, 41.97741], [-87.99181, 41.97732], [-87.99178, 41.9773], [-87.99177, 41.97729], [-87.99176, 41.97727], [-87.99177, 41.97725], [-87.9918, 41.97725], [-87.99188, 41.9773], [-87.99189, 41.97732], [-87.99191, 41.97741], [-87.99192, 41.97749], [-87.99195, 41.97757], [-87.99196, 41.97764]]]}}, {"type": "Feature", "properties": {"NAME": "Saganashkee Sl", "MTFCC": "H2030", "AREAWATER": "1454385"}, "geometry": {"type": "Polygon", "coordinates": [[[-87.90716, 41.69518], [-87.90717, 41.69515], [-87.90716, 41.69505], [-87.90713, 41.695], [-87.90675, 41.69435], [-87.90668, 41.69422], [-87.90664, 41.69415], [-87.90661, 41.69409], [-87.90659, 41.69406], [-87.90648, 41.69385], [-87.90644, 41.69376], [-87.90641, 41.69373], [-87.9064, 41.69372], [-87.90633, 41.6936], [-87.90632, 41.69359], [-87.90626, 41.69352], [-87.90621, 41.69345], [-87.90616, 41.69337], [-87.90611, 41.69326], [-87.90609, 41.69324], [-87.90608, 41.69319], [-87.90606, 41.69317], [-87.90604, 41.69315], [-87.90597, 41.69311], [-87.90551, 41.69305], [-87.90546, 41.69303], [-87.90486, 41.69296], [-87.90467, 41.69294], [-87.90438, 41.69289], [-87.90389, 41.69284], [-87.90384, 41.69282], [-87.90346, 41.69277], [-87.90341, 41.69277], [-87.90209, 41.6926], [-87.9, 41.69232], [-87.89993, 41.69231], [-87.89892, 41.6922], [-87.89754, 41.69204], [-87.89732, 41.69202], [-87.89707, 41.69198], [-87.89668, 41.69194], [-87.89589, 41.69185], [-87.89563, 41.69182], [-87.89557, 41.69182], [-87.89544, 41.69181], [-87.89527, 41.69178], [-87.89496, 41.69174], [-87.89492, 41.69174], [-87.89476, 41.69173], [-87.8944, 41.69168], [-87.89414, 41.69165], [-87.8941, 41.69163], [-87.8938, 41.6916], [-87.89367, 41.69158], [-87.89336, 41.69154], [-87.89288, 41.69149], [-87.8926, 41.69146], [-87.89233, 41.69142], [-87.89198, 41.69137], [-87.89192, 41.69137], [-87.89186, 41.69135], [-87.89169, 41.69133], [-87.89159, 41.69131], [-87.89128, 41.69127], [-87.89124, 41.69126], [-87.89061, 41.69118], [-87.89052, 41.69115], [-87.89021, 41.69111], [-87.88995, 41.69107], [-87.88967, 41.69103], [-87.88962, 41.69103], [-87.8895, 41.691], [-87.88913, 41.69096], [-87.88903, 41.69093], [-87.8886, 41.69088], [-87.88856, 41.69087], [-87.88853, 41.69085], [-87.88834, 41.69083], [-87.88825, 41.69081], [-87.8879, 41.69077], [-87.88765, 41.69073], [-87.88761, 41.69072], [-87.88758, 41.69071], [-87.88744, 41.69069], [-87.88678, 41.6906], [-87.88666, 41.69059], [-87.88653, 41.69055], [-87.88634, 41.69054], [-87.88611, 41.69051], [-87.88607, 41.6905], [-87.88604, 41.69048], [-87.88551, 41.69042], [-87.88533, 41.69039], [-87.8852, 41.69036], [-87.88488, 41.69032], [-87.88456, 41.69028], [-87.88441, 41.69024], [-87.88411, 41.69021], [-87.884, 41.69019], [-87.88358, 41.69013], [-87.88329, 41.69011], [-87.88325, 41.69009], [-87.88316, 41.69008], [-87.8831, 41.69006], [-87.88296, 41.69005], [-87.88291, 41.69004], [-87.8826, 41.68999], [-87.88247, 41.68996], [-87.88241, 41.68996], [-87.88224, 41.68992], [-87.88199, 41.68989], [-87.88196, 41.68988], [-87.88189, 41.68987], [-87.88171, 41.68985], [-87.88163, 41.68983], [-87.88157, 41.68983], [-87.88121, 41.68977], [-87.88117, 41.68977], [-87.88113, 41.68976], [-87.88104, 41.68975], [-87.88077, 41.68972], [-87.88066, 41.68969], [-87.88041, 41.68967], [-87.88037, 41.68965], [-87.8802, 41.68963], [-87.88017, 41.68963], [-87.88004, 41.6896], [-87.88002, 41.6896], [-87.87984, 41.68957], [-87.8798, 41.68957], [-87.87972, 41.68955], [-87.87965, 41.68955], [-87.87944, 41.68952], [-87.87941, 41.6895], [-87.8791, 41.68947], [-87.87902, 41.68945], [-87.87875, 41.68941], [-87.87869, 41.68939], [-87.87846, 41.68937], [-87.8784, 41.68935], [-87.87803, 41.68931], [-87.87799, 41.6893], [-87.87796, 41.68929], [-87.87777, 41.68926], [-87.87768, 41.68924], [-87.87742, 41.6892], [-87.87732, 41.68918], [-87.87718, 41.68917], [-87.87705, 41.68915], [-87.87702, 41.68915], [-87.87689, 41.68912], [-87.87683, 41.68911], [-87.8768, 41.6891], [-87.87657, 41.68908], [-87.87647, 41.68905], [-87.87632, 41.68903], [-87.87621, 41.68901], [-87.87618, 41.68901], [-87.87605, 41.68898], [-87.87598, 41.68898], [-87.87592, 41.68896], [-87.87566, 41.68897], [-87.87551, 41.68908], [-87.87553, 41.68911], [-87.87555, 41.68926], [-87.87548, 41.68952], [-87.87548, 41.68971], [-87.87546, 41.6898], [-87.8754, 41.68989], [-87.87546, 41.69207], [-87.87549, 41.6922], [-87.87565, 41.6923], [-87.87574, 41.69235], [-87.87581, 41.69238], [-87.87583, 41.69239], [-87.87594, 41.69239], [-87.87614, 41.69238], [-87.87629, 41.69239], [-87.87633, 41.69242], [-87.87642, 41.69237], [-87.87645, 41.69233], [-87.87644, 41.69218], [-87.87645, 41.69215], [-87.87651, 41.69211], [-87.87668, 41.69214], [-87.87692, 41.69219], [-87.87787, 41.69231], [-87.8779, 41.69232], [-87.87805, 41.69243], [-87.87822, 41.69263], [-87.87831, 41.69275], [-87.87832, 41.69277], [-87.87843, 41.69286], [-87.87889, 41.69316], [-87.87896, 41.6932], [-87.87932, 41.69347], [-87.87935, 41.6935], [-87.87939, 41.69354], [-87.87946, 41.69368], [-87.87954, 41.69391], [-87.87957, 41.69393], [-87.87957, 41.69396], [-87.87988, 41.69418], [-87.87998, 41.69424], [-87.88003, 41.69425], [-87.8805, 41.69457], [-87.8806, 41.69463], [-87.88065, 41.69465], [-87.88074, 41.6947], [-87.8808, 41.69471], [-87.88089, 41.69475], [-87.88092, 41.69476], [-87.88102, 41.69481], [-87.88104, 41.69481], [-87.88113, 41.69486], [-87.88116, 41.69486], [-87.88126, 41.69491], [-87.88133, 41.69492], [-87.88142, 41.69491], [-87.88144, 41.69491], [-87.88149, 41.69486], [-87.8815, 41.69483], [-87.88146, 41.69478], [-87.88143, 41.69473], [-87.88143, 41.69468], [-87.88145, 41.69459], [-87.88149, 41.69456], [-87.88151, 41.69452], [-87.88144, 41.69446], [-87.88139, 41.69446], [-87.88133, 41.69446], [-87.88122, 41.69444], [-87.88114, 41.6944], [-87.88111, 41.69438], [-87.88111, 41.69434], [-87.88116, 41.69431], [-87.8812, 41.6943], [-87.88136, 41.69432], [-87.88149, 41.69434], [-87.88156, 41.69435], [-87.88168, 41.69444], [-87.88171, 41.69447], [-87.88176, 41.69451], [-87.88181, 41.69463], [-87.88183, 41.69468], [-87.88186, 41.69471], [-87.88189, 41.69476], [-87.88189, 41.69478], [-87.88201, 41.69491], [-87.88206, 41.695], [-87.8821, 41.69522], [-87.88214, 41.69526], [-87.88216, 41.69535], [-87.88243, 41.69557], [-87.88248, 41.69563], [-87.88275, 41.69583], [-87.88283, 41.69586], [-87.88292, 41.69591], [-87.88303, 41.69595], [-87.88322, 41.69609], [-87.8833, 41.69618], [-87.88333, 41.69626], [-87.88335, 41.69631], [-87.88351, 41.69643], [-87.88363, 41.69649], [-87.88368, 41.69651], [-87.88383, 41.69655], [-87.8846, 41.69653], [-87.88469, 41.69654], [-87.88488, 41.69658], [-87.88493, 41.69661], [-87.88499, 41.69662], [-87.88511, 41.69668], [-87.88514, 41.69669], [-87.8852, 41.69672], [-87.88525, 41.69674], [-87.88541, 41.69678], [-87.88557, 41.6968], [-87.88591, 41.69705], [-87.88596, 41.69708], [-87.88602, 41.69711], [-87.88626, 41.69717], [-87.88706, 41.69718], [-87.88753, 41.69723], [-87.88768, 41.69725], [-87.88804, 41.69727], [-87.88832, 41.69726], [-87.88842, 41.69724], [-87.88865, 41.69718], [-87.88868, 41.69715], [-87.88873, 41.69714], [-87.88878, 41.69711], [-87.88885, 41.69709], [-87.88893, 41.69707], [-87.88896, 41.69705], [-87.88914, 41.697], [-87.8894, 41.69693], [-87.88943, 41.69693], [-87.88947, 41.69691], [-87.88985, 41.69689], [-87.89005, 41.69689], [-87.8904, 41.69693], [-87.89061, 41.69696], [-87.89073, 41.69699], [-87.89078, 41.69702], [-87.89088, 41.69704], [-87.89099, 41.69709], [-87.8912, 41.69722], [-87.89146, 41.69741], [-87.89162, 41.69743], [-87.89188, 41.69744], [-87.89325, 41.69751], [-87.89388, 41.69754], [-87.89469, 41.6976], [-87.89514, 41.69761], [-87.89558, 41.6976], [-87.89569, 41.69757], [-87.89581, 41.69754], [-87.8961, 41.69757], [-87.89629, 41.69761], [-87.89659, 41.69763], [-87.89669, 41.69763], [-87.89698, 41.69759], [-87.89706, 41.69757], [-87.89716, 41.69756], [-87.89724, 41.69754], [-87.89737, 41.69752], [-87.89791, 41.69744], [-87.89797, 41.69742], [-87.89823, 41.69739], [-87.89841, 41.69734], [-87.89877, 41.69724], [-87.8988, 41.69722], [-87.89883, 41.69721], [-87.89886, 41.69721], [-87.89899, 41.69715], [-87.89904, 41.69713], [-87.89958, 41.69674], [-87.89965, 41.69671], [-87.8997, 41.69667], [-87.89975, 41.69666], [-87.90009, 41.69649], [-87.90013, 41.69648], [-87.90023, 41.69643], [-87.90027, 41.69642], [-87.90037, 41.69637], [-87.90051, 41.69634], [-87.90061, 41.69633], [-87.90073, 41.69634], [-87.90082, 41.69637], [-87.90086, 41.69637], [-87.90101, 41.69649], [-87.9011, 41.69657], [-87.90113, 41.69662], [-87.90114, 41.69665], [-87.90118, 41.69668], [-87.90132, 41.69678], [-87.90142, 41.69683], [-87.90152, 41.69689], [-87.90155, 41.69689], [-87.90163, 41.69695], [-87.90182, 41.69704], [-87.90187, 41.69705], [-87.90193, 41.69709], [-87.9021, 41.6971], [-87.90216, 41.6971], [-87.90274, 41.69705], [-87.90286, 41.69703], [-87.90298, 41.697], [-87.90307, 41.69698], [-87.90317, 41.69694], [-87.90321, 41.69692], [-87.90332, 41.69689], [-87.90336, 41.69686], [-87.90341, 41.69685], [-87.90344, 41.69684], [-87.90368, 41.69682], [-87.90408, 41.69683], [-87.90425, 41.69682], [-87.90442, 41.69677], [-87.90452, 41.69672], [-87.90498, 41.69638], [-87.90505, 41.69634], [-87.9051, 41.69631], [-87.9052, 41.69627], [-87.90537, 41.69618], [-87.90542, 41.69617], [-87.90573, 41.69603], [-87.90592, 41.6959], [-87.90598, 41.69587], [-87.90602, 41.69585], [-87.90605, 41.69584], [-87.90607, 41.69582], [-87.90612, 41.69582], [-87.90635, 41.69571], [-87.90663, 41.69552], [-87.90693, 41.69533], [-87.90697, 41.69531], [-87.90706, 41.69526], [-87.90716, 41.69518]]]}}, {"type": "Feature", "properties": {"NAME": "Calumet Riv", "MTFCC": "H3010", "AREAWATER": "2833395"}, "geometry": {"type": "Polygon", "coordinates": [[[-87.60117, 41.68299], [-87.60114, 41.68214], [-87.60107, 41.68187], [-87.60084, 41.68168], [-87.60075, 41.68153], [-87.60053, 41.68126], [-87.60056, 41.68098], [-87.60051, 41.68089], [-87.60026, 41.6807], [-87.60022, 41.68063], [-87.60017, 41.68039], [-87.60016, 41.68004], [-87.60019, 41.67996], [-87.60037, 41.67975], [-87.6004, 41.67962], [-87.60021, 41.67938], [-87.60018, 41.67921], [-87.60012, 41.67906], [-87.60009, 41.67864], [-87.60005, 41.67846], [-87.59959, 41.67832], [-87.59955, 41.67829], [-87.59951, 41.67829], [-87.59922, 41.67817], [-87.59914, 41.67817], [-87.59899, 41.67807], [-87.5991, 41.67788], [-87.59904, 41.67782], [-87.59897, 41.67768], [-87.59883, 41.67762], [-87.59875, 41.67756], [-87.59868, 41.67709], [-87.59853, 41.6768], [-87.59845, 41.67673], [-87.59831, 41.67648], [-87.59819, 41.6764], [-87.59806, 41.67618], [-87.59798, 41.67602], [-87.59791, 41.67595], [-87.59776, 41.67592], [-87.59754, 41.67597], [-87.59734, 41.67597], [-87.59662, 41.67581], [-87.5963, 41.67568], [-87.59625, 41.67568], [-87.59602, 41.67557], [-87.59587, 41.67547], [-87.59573, 41.67534], [-87.5957, 41.67531], [-87.5955, 41.67518], [-87.59533, 41.67512], [-87.59517, 41.6751], [-87.59484, 41.67514], [-87.59474, 41.67509], [-87.59473, 41.67507], [-87.59464, 41.67502], [-87.59444, 41.67499], [-87.59412, 41.67502], [-87.59368, 41.67502], [-87.59318, 41.67485], [-87.59313, 41.6748], [-87.59308, 41.67479], [-87.59307, 41.67476], [-87.59299, 41.67473], [-87.59297, 41.6747], [-87.59271, 41.67457], [-87.59251, 41.67455], [-87.59202, 41.67457], [-87.59189, 41.67453], [-87.59182, 41.67451], [-87.59181, 41.67448], [-87.59173, 41.67446], [-87.5915, 41.67435], [-87.59141, 41.67433], [-87.59118, 41.67422], [-87.59086, 41.67414], [-87.59076, 41.67406], [-87.59062, 41.67386], [-87.59022, 41.6737], [-87.59003, 41.6736], [-87.58988, 41.67336], [-87.58979, 41.67327], [-87.58944, 41.6732], [-87.58933, 41.67315], [-87.58911, 41.67314], [-87.58856, 41.67303], [-87.58848, 41.67303], [-87.58807, 41.67309], [-87.5879, 41.67315], [-87.58774, 41.67327], [-87.58722, 41.67373], [-87.58652, 41.67428], [-87.58649, 41.67434], [-87.58638, 41.67442], [-87.58637, 41.67451], [-87.58637, 41.67461], [-87.58649, 41.67477], [-87.58649, 41.67489], [-87.5864, 41.67518], [-87.5864, 41.6754], [-87.58644, 41.67566], [-87.58644, 41.67582], [-87.58649, 41.67599], [-87.58654, 41.67614], [-87.58657, 41.67646], [-87.58655, 41.67664], [-87.58657, 41.67681], [-87.58654, 41.67728], [-87.58657, 41.67743], [-87.58654, 41.67776], [-87.5866, 41.6781], [-87.58657, 41.67823], [-87.58648, 41.67827], [-87.58641, 41.67816], [-87.5863, 41.6775], [-87.5863, 41.67712], [-87.58626, 41.67686], [-87.58626, 41.67657], [-87.58613, 41.67595], [-87.58613, 41.67566], [-87.58606, 41.67532], [-87.58605, 41.6749], [-87.58596, 41.67465], [-87.58596, 41.67459], [-87.58599, 41.67451], [-87.58613, 41.67437], [-87.58621, 41.67432], [-87.58799, 41.67283], [-87.58832, 41.6726], [-87.58834, 41.67258], [-87.58839, 41.67257], [-87.58841, 41.67252], [-87.58845, 41.6725], [-87.58852, 41.67244], [-87.58859, 41.67232], [-87.58857, 41.67203], [-87.5886, 41.67194], [-87.58858, 41.67186], [-87.5885, 41.67169], [-87.58845, 41.67146], [-87.58852, 41.67129], [-87.58848, 41.67113], [-87.58852, 41.67108], [-87.58867, 41.67108], [-87.58881, 41.67116], [-87.58884, 41.67121], [-87.58881, 41.67135], [-87.58883, 41.67143], [-87.58897, 41.67147], [-87.589, 41.67149], [-87.58949, 41.67165], [-87.59, 41.67184], [-87.5902, 41.67189], [-87.59394, 41.67309], [-87.59401, 41.67309], [-87.59403, 41.67307], [-87.59439, 41.67254], [-87.59464, 41.67216], [-87.59465, 41.67207], [-87.5946, 41.67198], [-87.59436, 41.6718], [-87.59421, 41.6716], [-87.59408, 41.67154], [-87.59368, 41.67151], [-87.59303, 41.67127], [-87.59266, 41.67126], [-87.59251, 41.67122], [-87.5923, 41.67114], [-87.59211, 41.67102], [-87.59196, 41.67098], [-87.59169, 41.67086], [-87.59121, 41.67074], [-87.59101, 41.67074], [-87.59069, 41.67065], [-87.59033, 41.67041], [-87.59023, 41.67037], [-87.58992, 41.67029], [-87.58982, 41.67024], [-87.58953, 41.67015], [-87.5892, 41.67008], [-87.58907, 41.67002], [-87.58894, 41.67001], [-87.58876, 41.67006], [-87.58868, 41.67012], [-87.58865, 41.67017], [-87.58865, 41.67025], [-87.58867, 41.67028], [-87.58885, 41.67042], [-87.58905, 41.67048], [-87.5891, 41.67052], [-87.58913, 41.67058], [-87.58907, 41.67065], [-87.58898, 41.67067], [-87.58887, 41.67065], [-87.58869, 41.6706], [-87.58853, 41.67058], [-87.58831, 41.67048], [-87.58826, 41.67043], [-87.58821, 41.67042], [-87.5882, 41.6704], [-87.5882, 41.67024], [-87.58821, 41.67018], [-87.58837, 41.6701], [-87.58842, 41.67006], [-87.58849, 41.66967], [-87.58848, 41.66962], [-87.58839, 41.66956], [-87.58831, 41.66961], [-87.58823, 41.66975], [-87.58814, 41.6698], [-87.5881, 41.66979], [-87.58809, 41.66976], [-87.58808, 41.66913], [-87.58812, 41.66883], [-87.58808, 41.66867], [-87.58808, 41.66866], [-87.58799, 41.66857], [-87.58795, 41.66837], [-87.58801, 41.66785], [-87.58817, 41.66788], [-87.59167, 41.66832], [-87.59176, 41.66832], [-87.59178, 41.66827], [-87.59184, 41.66791], [-87.59182, 41.66769], [-87.59175, 41.66763], [-87.59165, 41.66759], [-87.59152, 41.66757], [-87.59132, 41.66761], [-87.59121, 41.6676], [-87.588, 41.66652], [-87.58827, 41.66604], [-87.5846, 41.66484], [-87.58314, 41.66436], [-87.58226, 41.66407], [-87.5796, 41.66318], [-87.5788, 41.66293], [-87.57875, 41.66292], [-87.57856, 41.66286], [-87.57724, 41.66261], [-87.57708, 41.66257], [-87.57686, 41.66253], [-87.57659, 41.66245], [-87.57644, 41.66241], [-87.57581, 41.66222], [-87.57405, 41.6617], [-87.57392, 41.66165], [-87.5733, 41.66144], [-87.57327, 41.66098], [-87.5732, 41.65985], [-87.57309, 41.65967], [-87.57308, 41.65965], [-87.57304, 41.65942], [-87.57301, 41.65932], [-87.573, 41.6592], [-87.573, 41.65914], [-87.57304, 41.65903], [-87.57309, 41.65897], [-87.57315, 41.65891], [-87.57323, 41.65857], [-87.57316, 41.65851], [-87.57312, 41.65841], [-87.57311, 41.65827], [-87.5731, 41.65815], [-87.57319, 41.65804], [-87.57323, 41.65797], [-87.57329, 41.65783], [-87.57323, 41.65752], [-87.57315, 41.65729], [-87.57255, 41.65647], [-87.57251, 41.65641], [-87.57228, 41.65622], [-87.57219, 41.65611], [-87.57205, 41.65599], [-87.57183, 41.6558], [-87.57167, 41.65571], [-87.57166, 41.65568], [-87.57143, 41.65551], [-87.57135, 41.65541], [-87.57104, 41.65522], [-87.5708, 41.65515], [-87.57075, 41.6551], [-87.57068, 41.65509], [-87.57055, 41.65496], [-87.57035, 41.65483], [-87.57033, 41.65477], [-87.57025, 41.65471], [-87.56854, 41.65292], [-87.56853, 41.65291], [-87.56817, 41.65308], [-87.56796, 41.65286], [-87.56794, 41.65285], [-87.5679, 41.65281], [-87.56782, 41.65274], [-87.56719, 41.65211], [-87.56718, 41.6521], [-87.56623, 41.65115], [-87.56555, 41.65047], [-87.56588, 41.65023], [-87.56403, 41.64835], [-87.56389, 41.64821], [-87.56372, 41.64795], [-87.56363, 41.64762], [-87.56372, 41.64747], [-87.56369, 41.64738], [-87.56363, 41.64731], [-87.56353, 41.64726], [-87.56352, 41.64725], [-87.5634, 41.64714], [-87.56318, 41.64677], [-87.56317, 41.64674], [-87.56314, 41.64672], [-87.56291, 41.64631], [-87.56279, 41.6462], [-87.56251, 41.64606], [-87.56248, 41.64598], [-87.56245, 41.64596], [-87.56238, 41.64562], [-87.5624, 41.64533], [-87.5624, 41.6453], [-87.56243, 41.64509], [-87.56238, 41.64475], [-87.56201, 41.64474], [-87.56089, 41.64472], [-87.56052, 41.64472], [-87.56063, 41.64501], [-87.56059, 41.6453], [-87.56062, 41.64551], [-87.56062, 41.64575], [-87.56071, 41.6462], [-87.56093, 41.64689], [-87.56107, 41.6472], [-87.56119, 41.64735], [-87.56122, 41.64742], [-87.56127, 41.64745], [-87.56132, 41.64754], [-87.56142, 41.64763], [-87.56153, 41.6477], [-87.5619, 41.64795], [-87.56217, 41.64821], [-87.56221, 41.64825], [-87.56228, 41.64829], [-87.56242, 41.64845], [-87.56265, 41.64872], [-87.56266, 41.64876], [-87.56271, 41.64878], [-87.56271, 41.64881], [-87.56308, 41.64925], [-87.56318, 41.64938], [-87.56332, 41.6495], [-87.56338, 41.64956], [-87.56358, 41.64965], [-87.56368, 41.64973], [-87.56372, 41.64984], [-87.56373, 41.64986], [-87.564, 41.65023], [-87.56456, 41.65081], [-87.56489, 41.65111], [-87.5653, 41.65151], [-87.56553, 41.65172], [-87.56604, 41.6522], [-87.56604, 41.65223], [-87.56609, 41.65227], [-87.56622, 41.65233], [-87.56636, 41.65238], [-87.56647, 41.65247], [-87.56648, 41.65249], [-87.56649, 41.65251], [-87.56657, 41.65277], [-87.56663, 41.65288], [-87.56669, 41.65295], [-87.56745, 41.65367], [-87.56943, 41.65555], [-87.57008, 41.65618], [-87.57082, 41.65693], [-87.57188, 41.658], [-87.57188, 41.65806], [-87.57186, 41.65838], [-87.57186, 41.65854], [-87.57183, 41.65857], [-87.57161, 41.65858], [-87.57156, 41.65862], [-87.57155, 41.65869], [-87.57157, 41.65877], [-87.57177, 41.65884], [-87.57183, 41.65888], [-87.57185, 41.65892], [-87.57187, 41.65896], [-87.57195, 41.65901], [-87.57194, 41.6592], [-87.57193, 41.65936], [-87.57185, 41.65951], [-87.57094, 41.66045], [-87.57087, 41.66053], [-87.57083, 41.66054], [-87.57082, 41.66058], [-87.57077, 41.66061], [-87.57074, 41.66068], [-87.57066, 41.6607], [-87.57061, 41.66078], [-87.57055, 41.66086], [-87.5704, 41.66098], [-87.5704, 41.66101], [-87.57036, 41.66102], [-87.57029, 41.66112], [-87.5702, 41.66117], [-87.57017, 41.66121], [-87.57006, 41.66128], [-87.56997, 41.66137], [-87.56979, 41.6615], [-87.56973, 41.66158], [-87.56958, 41.66171], [-87.569, 41.66206], [-87.5685, 41.66223], [-87.56828, 41.66232], [-87.56806, 41.66237], [-87.56781, 41.66246], [-87.56713, 41.66269], [-87.56687, 41.66279], [-87.56682, 41.66283], [-87.56672, 41.66295], [-87.56666, 41.66306], [-87.56665, 41.66341], [-87.5666, 41.66383], [-87.56661, 41.66392], [-87.56659, 41.66397], [-87.56593, 41.66441], [-87.56451, 41.66538], [-87.56443, 41.66564], [-87.56429, 41.66565], [-87.56429, 41.66573], [-87.56428, 41.66596], [-87.56428, 41.66604], [-87.56428, 41.66612], [-87.56429, 41.66618], [-87.56429, 41.66635], [-87.56429, 41.66643], [-87.56456, 41.66639], [-87.5646, 41.66641], [-87.56462, 41.66649], [-87.56462, 41.66658], [-87.56457, 41.66663], [-87.56456, 41.66668], [-87.56458, 41.66674], [-87.56464, 41.66677], [-87.56485, 41.66682], [-87.56514, 41.66685], [-87.56545, 41.66685], [-87.56567, 41.66679], [-87.56587, 41.66669], [-87.5659, 41.66663], [-87.56599, 41.66658], [-87.56605, 41.66651], [-87.5663, 41.66633], [-87.56636, 41.66626], [-87.56667, 41.66603], [-87.567, 41.66594], [-87.56708, 41.66587], [-87.56708, 41.66584], [-87.56723, 41.66568], [-87.56739, 41.66543], [-87.56761, 41.66482], [-87.56783, 41.66456], [-87.56822, 41.66425], [-87.56855, 41.66404], [-87.56907, 41.66382], [-87.56913, 41.66378], [-87.56917, 41.66377], [-87.56941, 41.66366], [-87.56968, 41.66357], [-87.57069, 41.66344], [-87.571, 41.66343], [-87.57143, 41.66347], [-87.57224, 41.66349], [-87.5729, 41.66351], [-87.57324, 41.66348], [-87.57411, 41.6636], [-87.57452, 41.66363], [-87.57479, 41.66361], [-87.57511, 41.66366], [-87.5753, 41.66365], [-87.57546, 41.66364], [-87.57578, 41.6635], [-87.57584, 41.66351], [-87.5808, 41.6651], [-87.58072, 41.6653], [-87.58204, 41.66573], [-87.58231, 41.66576], [-87.58343, 41.66688], [-87.58353, 41.66703], [-87.58358, 41.66719], [-87.58359, 41.66728], [-87.58356, 41.6674], [-87.5835, 41.66751], [-87.58349, 41.66759], [-87.58355, 41.66771], [-87.58373, 41.66789], [-87.58382, 41.6683], [-87.58371, 41.66842], [-87.58446, 41.67187], [-87.58462, 41.6726], [-87.58461, 41.67271], [-87.58455, 41.67278], [-87.58456, 41.67287], [-87.58466, 41.673], [-87.58484, 41.67313], [-87.58487, 41.67318], [-87.58486, 41.67327], [-87.58476, 41.67335], [-87.5845, 41.6735], [-87.58415, 41.67359], [-87.57979, 41.67488], [-87.57966, 41.67498], [-87.57964, 41.67509], [-87.58004, 41.67602], [-87.58015, 41.67605], [-87.58289, 41.6753], [-87.58305, 41.6753], [-87.58353, 41.67539], [-87.58395, 41.67534], [-87.58475, 41.67518], [-87.58534, 41.675], [-87.58544, 41.67495], [-87.58556, 41.67494], [-87.58559, 41.67499], [-87.58559, 41.67507], [-87.58553, 41.67565], [-87.58559, 41.67603], [-87.58571, 41.67627], [-87.58571, 41.67636], [-87.58562, 41.67646], [-87.58556, 41.67649], [-87.58516, 41.67664], [-87.5843, 41.67685], [-87.5834, 41.67701], [-87.58226, 41.6773], [-87.58137, 41.67749], [-87.58026, 41.6778], [-87.57888, 41.67825], [-87.57853, 41.67835], [-87.57822, 41.67846], [-87.57815, 41.67852], [-87.57813, 41.67869], [-87.57815, 41.679], [-87.57807, 41.67915], [-87.57791, 41.67931], [-87.57772, 41.67946], [-87.57763, 41.6796], [-87.57765, 41.67963], [-87.5777, 41.67963], [-87.57793, 41.67962], [-87.57805, 41.67959], [-87.58045, 41.67886], [-87.58163, 41.67854], [-87.58201, 41.67847], [-87.58343, 41.67815], [-87.58548, 41.67774], [-87.58559, 41.67773], [-87.58564, 41.67777], [-87.58569, 41.6779], [-87.58569, 41.67808], [-87.5858, 41.67831], [-87.58586, 41.67841], [-87.58588, 41.67849], [-87.58584, 41.67857], [-87.5857, 41.67863], [-87.58294, 41.67958], [-87.58254, 41.67969], [-87.58164, 41.67991], [-87.57813, 41.68081], [-87.57805, 41.68087], [-87.57805, 41.68096], [-87.57827, 41.68171], [-87.57836, 41.68176], [-87.57843, 41.68178], [-87.57854, 41.68176], [-87.58535, 41.67999], [-87.58544, 41.67995], [-87.58553, 41.67981], [-87.58562, 41.67978], [-87.58569, 41.67984], [-87.58578, 41.6802], [-87.5857, 41.68098], [-87.58564, 41.68106], [-87.58554, 41.68112], [-87.58331, 41.68173], [-87.58187, 41.68215], [-87.58182, 41.68219], [-87.58186, 41.68221], [-87.58192, 41.68221], [-87.58282, 41.68216], [-87.58723, 41.68205], [-87.58738, 41.68204], [-87.58744, 41.68206], [-87.58749, 41.68211], [-87.5875, 41.68214], [-87.58737, 41.6822], [-87.5872, 41.68222], [-87.58427, 41.6823], [-87.58189, 41.68235], [-87.58149, 41.68237], [-87.58142, 41.6824], [-87.57794, 41.68324], [-87.57787, 41.6833], [-87.57784, 41.68335], [-87.57781, 41.68372], [-87.57787, 41.68382], [-87.57776, 41.68396], [-87.57776, 41.68406], [-87.57781, 41.6842], [-87.57779, 41.68426], [-87.57777, 41.68438], [-87.57779, 41.68441], [-87.57782, 41.68443], [-87.57796, 41.68442], [-87.58004, 41.68383], [-87.58103, 41.68357], [-87.58157, 41.68344], [-87.58223, 41.68329], [-87.58327, 41.68305], [-87.58434, 41.68279], [-87.58548, 41.68249], [-87.58555, 41.6825], [-87.58561, 41.68252], [-87.58568, 41.68273], [-87.58569, 41.68288], [-87.58551, 41.68345], [-87.58534, 41.68355], [-87.58359, 41.68399], [-87.57967, 41.68506], [-87.57835, 41.68543], [-87.57826, 41.68546], [-87.57821, 41.68551], [-87.57816, 41.68552], [-87.57806, 41.68561], [-87.57796, 41.68583], [-87.57795, 41.68612], [-87.57808, 41.68678], [-87.57813, 41.68689], [-87.57831, 41.68706], [-87.57847, 41.68712], [-87.57884, 41.68714], [-87.57903, 41.68719], [-87.57928, 41.68718], [-87.57955, 41.68722], [-87.57967, 41.68724], [-87.58006, 41.68735], [-87.58024, 41.68735], [-87.58056, 41.68732], [-87.58081, 41.68732], [-87.58261, 41.68741], [-87.58527, 41.6876], [-87.5861, 41.68757], [-87.58653, 41.68758], [-87.58667, 41.68759], [-87.58696, 41.68764], [-87.58881, 41.68757], [-87.58977, 41.68757], [-87.59031, 41.68758], [-87.59053, 41.68761], [-87.59134, 41.6876], [-87.59186, 41.68762], [-87.59235, 41.68758], [-87.59298, 41.6876], [-87.59436, 41.6876], [-87.59447, 41.68755], [-87.59553, 41.68597], [-87.59553, 41.68594], [-87.5955, 41.68588], [-87.59529, 41.68577], [-87.59502, 41.68568], [-87.5946, 41.68554], [-87.59395, 41.68532], [-87.59388, 41.68532], [-87.59216, 41.68477], [-87.59117, 41.68445], [-87.59061, 41.6842], [-87.58999, 41.68398], [-87.58993, 41.68395], [-87.58987, 41.68387], [-87.58983, 41.68373], [-87.58983, 41.6831], [-87.58983, 41.68233], [-87.58984, 41.68232], [-87.5898, 41.68223], [-87.58975, 41.6822], [-87.58964, 41.68217], [-87.588, 41.68216], [-87.58797, 41.68215], [-87.58794, 41.68207], [-87.58795, 41.68201], [-87.58801, 41.68198], [-87.58811, 41.68196], [-87.58847, 41.68201], [-87.58981, 41.68196], [-87.58988, 41.6819], [-87.58991, 41.68184], [-87.58993, 41.68138], [-87.59005, 41.68131], [-87.59019, 41.68131], [-87.59032, 41.68139], [-87.5904, 41.6814], [-87.59042, 41.68143], [-87.59199, 41.68184], [-87.59224, 41.6819], [-87.59268, 41.68194], [-87.59313, 41.68196], [-87.59427, 41.68195], [-87.59435, 41.68196], [-87.59455, 41.6819], [-87.59482, 41.68186], [-87.59564, 41.68192], [-87.5963, 41.68193], [-87.59658, 41.68196], [-87.59687, 41.68195], [-87.59722, 41.68185], [-87.59748, 41.68187], [-87.59779, 41.68194], [-87.59788, 41.68193], [-87.59796, 41.68184], [-87.59815, 41.68136], [-87.59817, 41.68125], [-87.5981, 41.68117], [-87.59792, 41.68108], [-87.59757, 41.68098], [-87.59731, 41.68088], [-87.597, 41.68083], [-87.59681, 41.68077], [-87.59678, 41.68074], [-87.59655, 41.68067], [-87.59613, 41.68049], [-87.5958, 41.68039], [-87.59553, 41.68026], [-87.59534, 41.68018], [-87.59501, 41.68], [-87.59489, 41.67985], [-87.59487, 41.67977], [-87.59489, 41.67971], [-87.59492, 41.67969], [-87.59503, 41.67967], [-87.59522, 41.67969], [-87.5955, 41.67977], [-87.59552, 41.6798], [-87.59575, 41.67992], [-87.59594, 41.67999], [-87.59599, 41.68004], [-87.59642, 41.68026], [-87.59655, 41.68028], [-87.59678, 41.68037], [-87.59719, 41.68046], [-87.59758, 41.68059], [-87.59762, 41.68059], [-87.59786, 41.68068], [-87.59848, 41.68084], [-87.59852, 41.68084], [-87.59865, 41.68086], [-87.59876, 41.6809], [-87.59881, 41.681], [-87.59884, 41.68121], [-87.5989, 41.68133], [-87.59892, 41.68156], [-87.59891, 41.68162], [-87.59894, 41.68176], [-87.59909, 41.68181], [-87.59928, 41.68184], [-87.59935, 41.68187], [-87.59938, 41.68193], [-87.59952, 41.68195], [-87.59971, 41.68195], [-87.59996, 41.6819], [-87.6, 41.68189], [-87.60002, 41.68186], [-87.60009, 41.68183], [-87.60024, 41.68182], [-87.60031, 41.68176], [-87.60037, 41.68166], [-87.60051, 41.68161], [-87.60065, 41.68165], [-87.60075, 41.68174], [-87.60087, 41.68192], [-87.60095, 41.68219], [-87.60101, 41.68263], [-87.60098, 41.68357], [-87.60095, 41.68375], [-87.60085, 41.6841], [-87.60071, 41.68437], [-87.60068, 41.68454], [-87.60063, 41.68464], [-87.60041, 41.68489], [-87.60035, 41.68502], [-87.60027, 41.68539], [-87.60022, 41.68559], [-87.59831, 41.68914], [-87.59655, 41.6924], [-87.5959, 41.69361], [-87.59561, 41.69422], [-87.59557, 41.69431], [-87.59563, 41.69443], [-87.59566, 41.69445], [-87.59578, 41.6945], [-87.59594, 41.69453], [-87.59616, 41.69451], [-87.59619, 41.69449], [-87.59618, 41.69443], [-87.59615, 41.69441], [-87.59591, 41.69431], [-87.59587, 41.69426], [-87.59584, 41.69415], [-87.59589, 41.69403], [-87.59665, 41.69261], [-87.59666, 41.69256], [-87.59682, 41.69226], [-87.59847, 41.6892], [-87.60048, 41.68549], [-87.60048, 41.68547], [-87.60062, 41.68505], [-87.60079, 41.68465], [-87.60082, 41.68452], [-87.60099, 41.68412], [-87.60109, 41.68378], [-87.60113, 41.68341], [-87.60117, 41.68299]]]}}]}