object_id,feat_id,bike_id,street_name,facility_name,from_ref,to_ref,trail_system,status,class,network_type,facility_type,surface,jurisdiction,township,agreement,width_ft,length_ft,centroid_longitude,centroid_latitude
1,9000001,1,Dunham Rd,Dunham Rd Bikeway,71st St,Lemont Rd,,Existing,Local,Bike Route,Bike Lane,Paved,Village of Downers Grove,Downers Grove North, ,,1346.29,-88.012912,41.755669
2,9000002,2,71st St,71st St Bikeway,Powell St,Dunham Rd,,Existing,Regional,Bike Route,Bike Lane,Paved,Village of Downers Grove,Downers Grove North, ,,869.06,-88.014628,41.758324
3,9000003,3,Dunham Rd,Dunham Rd Bikeway,Bolson Dr,71st St,,Existing,Regional,Bike Route,Bike Lane,Paved,Village of Downers Grove,Downers Grove North, ,,3066.02,-88.017323,41.759471
4,8000004,4,Offstreet,Community Park Trail,East Branch DuPage River Trail, ,Loop Trail,Existing,Local,Path,Path,Paved,Lisle Park District,Lisle, ,,5916.31,-88.082163,41.794908
5,8000005,5,Offstreet,Community Park Trail,Burlington Ave,Robin Lane,East Branch DuPage River Trail,Existing,Regional,Path,Path,Paved,Lisle Park District,Lisle, ,,4096.97,-88.081000,41.792689
6,8000006,6,Offstreet,Community Park Trail,East Branch DuPage River Trail, ,Loop Trail,Existing,Local,Path,Path,Paved,Lisle Park District,Lisle, ,,6191.21,-88.078783,41.790949
7,8000007,7,Offstreet,Community Park Trail,East Branch DuPage River Trail, ,Loop Trail,Existing,Local,Path,Path,Paved,Lisle Park District,Lisle, ,,2457.84,-88.086506,41.790116
8,8000008,8,Offstreet,Community Park Trail, , ,Loop Trail,Existing,Local,Path,Path,Paved,Lisle Park District,Lisle, ,,513.84,-88.083785,41.791691
9,5000009,9,22nd St,22nd St,Lambert Rd,Park Blvd,Loop Trail,Existing,Local,Path,Sidepath,Paved,Village of Glen Ellyn,Milton, ,,4241.51,-88.067986,41.843952
10,5000010,10,Lambert Rd,Lambert Rd,IL 38,22nd St,,Existing,Local,Bike Route,Bike Lane,Paved,Village of Glen Ellyn,Milton, ,,5603.66,-88.076716,41.853355
11,2000011,11,Plum Grove Rd,Plum Grove Rd Bikeway,Cook County Line,Lawrence Av,North Central DuPage Regional Trail,Existing,Regional,Bike Route,Bike Lane,Paved,Village of Roselle,Bloomingdale, ,,2656.76,-88.061368,41.986094
12,2000012,12,Lawrence Av,Lawrence Av Bikeway,Rose Dr E,Plum Grove Rd,North Central DuPage Regional Trail,Existing,Regional,Bike Route,Bike Lane,Paved,Village of Roselle,Bloomingdale, ,,1270.24,-88.065043,41.984056
13,2000013,13,Rose Dr E,Roselle Metra Crossing,Lawrence Av,IL 19,North Central DuPage Regional Trail,Existing,Regional,Bike Route,Bike Lane,Paved,Village of Roselle,Bloomingdale, ,,1893.20,-88.067465,41.981844
14,2000014,14,Maple Av,Maple Av Bikeway,IL 19,Parkside Park,North Central DuPage Regional Trail,Existing,Regional,Bike Route,Bike Route,Paved,Village of Roselle,Bloomingdale, ,,270.23,-88.070239,41.981300
15,2000015,15,Offstreet,Parkside Park Trail,Maple Av,Pine St,North Central DuPage Regional Trail,Existing,Regional,Path,Path,Paved,Roselle Park District,Bloomingdale, ,,937.09,-88.071487,41.980256
16,2000016,16,Pine Av,Pine Av Bikeway,Parkside Park,Prospect St,North Central DuPage Regional Trail,Existing,Regional,Bike Route,Bike Route,Paved,Village of Roselle,Bloomingdale, ,,1387.65,-88.074039,41.980020
17,2000017,17,Prospect St,Prospect St Bikeway,Pine Av,Bryn Mawr Av,North Central DuPage Regional Trail,Existing,Regional,Bike Route,Bike Route,Paved,Village of Roselle,Bloomingdale, ,,1503.50,-88.077725,41.977929
18,2000018,18,Bryn Mawr Av,Bryn Mawr Av Bikeway,Prospect St,Rush St,North Central DuPage Regional Trail,Existing,Regional,Bike Route,Bike Route,Paved,Village of Roselle,Bloomingdale, ,,968.13,-88.076082,41.975884
19,2000019,19,Walnut Av,Walnut Av Bikeway,Spring St,Spring Valley Dr,North Central DuPage Regional Trail,Existing,Regional,Bike Route,Bike Route,Paved,Village of Roselle,Bloomingdale, ,,4547.58,-88.070531,41.968285
20,2990020,20,Offstreet,Meacham Grove Trail,Walnut Av, ,North Central DuPage Regional Trail,Existing,Regional,Path,Path,Limestone,Forest Preserve District of DuPage County,Bloomingdale, ,,3155.32,-88.077088,41.963297
21,2000021,21,Rosedale Av,Rosedale Av Trail,US 20,Bloomingdale Twp Ent,North Central DuPage Regional Trail,Existing,Regional,Path,Sidepath,Paved,Bloomingdale Township,Bloomingdale, ,,619.52,-88.089383,41.960167
22,2000022,22,US 20,US 20 Trail,Rosedale Av,US 20,North Central DuPage Regional Trail,Existing,Regional,Path,Sidepath,Paved,Bloomingdale Township,Bloomingdale, ,,349.18,-88.089821,41.959855
23,2000023,23,Devon Av,Devon Av,Lakeside Dr,Plum Grove Rd,,Existing,Local,Bike Route,Bike Lane,Paved,Village of Roselle,Bloomingdale, ,,3966.82,-88.068292,41.990523
24,2000024,24,Turner Park,Turner Park,Devon Av,Prospect St,,Existing,Local,Path,Sidepath,Paved,Roselle Park District,Bloomingdale, ,,4337.03,-88.078246,41.989954
25,2000025,25,Hattendorf Av,East Hattendorf,Prospect St,Park St,,Existing,Local,Bike Route,Bike Route,Paved,Village of Roselle,Bloomingdale, ,,392.28,-88.076232,41.984787
26,2000026,26,Offstreet,Manary Park Trails,Lawrence Av,Thorndale Av,,Existing,Local,Path,Path,Paved,Bloomingdale Township,Bloomingdale, ,,1022.26,-88.061402,41.982891
27,2000027,27,Thorndale Av,Thorndale Av Bikeway,Manary Park Trail,Medinah Park District Ent,,Existing,Local,Bike Route,Bike Route,Paved,Bloomingdale Township,Bloomingdale, ,,1426.98,-88.058329,41.981488
28,2000028,28,Offstreet,Thorndale Park Trail,Thorndale Av,Medinah Metra Station,Loop Trail,Existing,Local,Path,Path,Paved,Medinah Park District,Bloomingdale, ,,1004.97,-88.054378,41.980901
29,2000029,29,Offstreet,Kemmerling Park Trail,Prospect St,Roselle Rd,Loop Trail,Existing,Local,Path,Path,Paved,Roselle Park District,Bloomingdale, ,,781.20,-88.079058,41.975889
30,2000030,30,Bryn Mawr Av,Bryn Mawr Av Bikeway,West End Rd,Roselle Rd,,Existing,Local,Bike Route,Bike Lane,Paved,Bloomingdale Township,Bloomingdale, ,,2953.91,-88.083414,41.976012
31,2000031,31,Offstreet,Claus Rec Center Trail,Bryn Mawr Av,Lake Park HS West,Loop Trail,Existing,Local,Path,Path,Paved,Roselle Park District,Bloomingdale, ,,7617.87,-88.092424,41.973659
32,2000032,32,Offstreet,Roselle Park District Trail,Claus Rec Center,Brookrose Park Path,Loop Trail,Existing,Local,Path,Path,Paved,Roselle Park District,Bloomingdale, ,,1274.02,-88.098059,41.977447
33,2000033,33,Offstreet,Brookrose Park Trail,Lark Park HS West,Newcastle Dr,,Existing,Local,Path,Path,Paved,Roselle Park District,Bloomingdale, ,,706.38,-88.095224,41.981391
34,2000034,34,Newcastle Dr,Newcastle Dr Bikeway,Rosewood Dr,Brookrose Park Path,,Existing,Local,Bike Route,Bike Lane,Paved,Village of Roselle,Bloomingdale, ,,560.87,-88.096519,41.982523
35,2000035,35,Rosewood Dr,Rosewood Dr,Central Rd,Newcastle Dr,,Existing,Local,Bike Route,Bike Route,Paved,Village of Roselle,Bloomingdale, ,,137.64,-88.097549,41.982691
36,2000036,36,Central Rd,Central Rd Trail,Rodenburg Rd,Rosewood Dr,,Existing,Local,Path,Sidepath,Paved,Village of Roselle,Bloomingdale, ,,3450.51,-88.103232,41.982772
37,2000037,37,Rodenburg Rd,Rodenburg Rd Trail,Travis Pkwy,Flamingo Dr,,Existing,Local,Path,Sidepath,Paved,Village of Roselle,Bloomingdale, ,,802.40,-88.110211,41.984709
38,2000038,38,Travis Pkwy,Travis Pkwy Trail,Ashbury Ln E,Rodenburg Rd,,Existing,Local,Path,Sidepath,Paved,Village of Roselle,Bloomingdale, ,,545.96,-88.111677,41.985975
39,2000039,39,Ashbury Ln,Ashbury Ln Trail,Odium Park Trail,Travis Pkwy,,Existing,Local,Path,Sidepath,Paved,Village of Roselle,Bloomingdale, ,,1486.36,-88.112362,41.987774
40,2000040,40,Offstreet,Goose Lake Park Trail,Menshing Rd,Bryn Mawr Av,,Existing,Local,Path,Path,Paved,Roselle Park District,Bloomingdale, ,,3223.03,-88.107842,41.976178
41,2000041,41,Bryn Mawr Av,Bryn Mawr Av Bikeway,Stafford Dr,Menshing Rd,,Existing,Local,Bike Route,Bike Route,Paved,Village of Roselle,Bloomingdale, ,,2864.26,-88.102697,41.973792
42,2000042,42,Mensching Rd,Mensching Rd Trail,Broden Dr,Rosedale Av,,Existing,Local,Path,Sidepath,Paved,Village of Roselle,Bloomingdale, ,,6882.62,-88.095655,41.973163
43,2000043,43,Rosedale Av,Rosedale Av Trail,Mensching Rd,Bloomingdale Twp Ent,,Existing,Local,Path,Sidepath,Paved,Bloomingdale Township,Bloomingdale, ,,2174.54,-88.089398,41.965833
45,2000045,45,Winterwood Dr,Winterwood Dr Bikeway,Harvest Pl,Summerfield Dr,,Existing,Local,Bike Route,Bike Route,Paved,Village of Roselle,Bloomingdale, ,,716.99,-88.092163,41.967938
46,2000046,46,Offstreet,Four Seasons Park Trail,Winterwood Dr, ,Loop Trail,Existing,Local,Path,Path,Paved,Bloomingdale Park District,Bloomingdale, ,,4738.80,-88.095870,41.966359
47,2000047,47,Turner Av,Turner Av Bikeway,Spring St,Lake Park HS East,,Existing,Local,Bike Route,Bike Route,Paved,Village of Roselle,Bloomingdale, ,,4614.52,-88.063645,41.973748
48,2000048,48,Spring St,Spring St Bikeway,Rush St,Walnut St,North Central DuPage Regional Trail,Existing,Regional,Bike Route,Bike Route,Paved,Village of Roselle,Bloomingdale, ,,1046.89,-88.073721,41.974080
49,6000049,49,Finley Road,Finley Road Bike Path,IL 38,22nd St,,Existing,Local,Path,Sidepath,Paved,Village of Lombard,York, ,,5761.30,-88.026525,41.850590
50,6000050,50,22nd St,22nd St Trail,Finley Rd,Meyers Rd,I-88 Central DuPage Bikeway,Existing,Regional,Path,Sidepath,Paved,Village of Lombard,York, ,,9273.31,-88.011656,41.845398
51,1000051,51,Smith Rd,Smith Rd Trail,Pheasant Trl,Powis Rd,DuPage Technology Corridor Trail,Existing,Regional,Path,Sidepath,Paved,City of West Chicago,Wayne, ,,2477.51,-88.246737,41.930802
52,1000052,52,Offstreet,Cornerstone Lakes Park Trail,Smith Rd,Braemore Dr,DuPage Technology Corridor Trail,Existing,Regional,Path,Path,Paved,City of West Chicago,Wayne, ,,4836.62,-88.246428,41.935284
54,4000054,54,Kautz Rd,Kautz Rd Trail,Roquette America Ent,IL 38,DuPage Technology Corridor Trail,Existing,Regional,Path,Sidepath,Paved,City of West Chicago,Winfield, ,,1609.54,-88.262600,41.887626
55,4000055,55,Technology Blvd,Technology Blvd Trail,Innovation Dr,Innovation Dr,DuPage Technology Corridor Trail,Existing,Regional,Path,Sidepath,Paved,City of West Chicago,Winfield, ,,1779.88,-88.257103,41.875809
56,4000056,56,Joliet St,Joliet St,Roosevelt Dr,Wycliffe Rd,,Existing,Local,Path,Sidepath,Paved,City of West Chicago,Winfield, ,,625.94,-88.204523,41.864270
57,4000057,57,Wilson St,Wilson St,Joliet St,W of IL 59,,Existing,Local,Path,Sidepath,Paved,City of West Chicago,Winfield, ,,2008.52,-88.200034,41.856539
58,1000058,58,Prince Crossing Rd,Prince Crossing Rd,Great Western Trail,Washington St,,Existing,Local,Path,Sidepath,Paved,City of West Chicago,Wayne, ,,7000.21,-88.184813,41.895035
59,4000059,59,National St,National St,Arbor Av,Ingalton Av,,Existing,Local,Bike Route,Bike Route,Paved,City of West Chicago,Winfield, ,0,1329.87,-88.202544,41.892905
60,1000060,60,Offstreet,Hampton Hills Trail,Hampton Course Dr,Hawthorne Ln,,Existing,Local,Path,Path,Paved,West Chicago Park District,Wayne, ,,3121.18,-88.189186,41.894605
61,4000061,61,McCormick Ln,McCormick Ln Path,Willams Rd,Prince Crossing Rd,,Existing,Local,Path,Sidepath,Paved,City of West Chicago,Winfield, ,,1311.36,-88.186987,41.896438
62,1000062,62,Prince Crossing Rd,Elgin Branch,Elgin Branch,Great Western Trail,Illinois Prairie Path,Existing,Regional,Path,Sidepath,Paved,City of West Chicago,Wayne, ,,563.70,-88.184749,41.904144
63,1000063,63,Offstreet,Kwasman Park Trail, , ,Loop Trail,Existing,Local,Path,Path,Paved,West Chicago Park District,Wayne, ,,833.37,-88.190943,41.904605
64,6001650,1650,York Rd,York Rd Trail,Golf Dr,22nd St,Salt Creek Greenway Trail,Existing,Regional,Path,Sidepath,Paved,Village of Oak Brook,York, ,,2633.04,-87.929441,41.842679
65,6000065,65,Canterberry Ln,Canterberry Ln Bikeway,York Rd,I-294,Salt Creek Greenway Trail,Existing,Regional,Bike Route,Bike Route,Paved,Village of Oak Brook,York, ,,2479.43,-87.922656,41.829387
66,6000066,66,Midwest Rd,Midwest Rd Trail,Baybrook Ln,31st St,,Existing,Local,Path,Sidepath,Paved,Village of Oak Brook,York, ,,4190.77,-87.972191,41.837533
67,1990067,67,Offstreet,Hawk Hollow Trail,Struckman Blvd,W of County Farm Rd,North Central DuPage Regional Trail,Existing,Regional,Path,Path,Paved,Forest Preserve District of DuPage County,Wayne, ,,9563.56,-88.167276,41.962415
68,2000068,68,Offstreet,Mitchell Lakes Park Trail,Elk Trl,Armstrong Park,Loop Trail,Existing,Local,Path,Path,Paved,Carol Stream Park District,Bloomingdale, ,,8151.89,-88.128020,41.921536
69,1000070,70,Lies Rd,Lies Rd Trail,Fair Oaks Rd,Gary Av,,Existing,Local,Path,Sidepath,Paved,Village of Carol Stream,Wayne, ,,14515.41,-88.150782,41.930223
70,1990071,71,Offstreet,West Branch DuPage River Trail,Lies Rd, ,West Branch DuPage River Trail,Existing,Regional,Path,Path,Paved,Forest Preserve District of DuPage County,Wayne, ,,5613.86,-88.176143,41.934907
71,2000072,72,Offstreet,Gary Av Trail,Lies Rd, ,,Existing,Local,Path,Path,Paved,Village of Carol Stream,Bloomingdale, ,,1459.68,-88.121099,41.932499
72,2000073,73,Offstreet,Ross Ferraro Town Center Trail,Lies Rd,Fountain View Dr,,Existing,Local,Path,Path,Paved,Village of Carol Stream,Bloomingdale, ,,926.51,-88.120537,41.930267
73,5000074,74,Offstreet,Community Park Trail,Thornhill Drive,Gundersen Dr,Loop Trail,Existing,Local,Path,Path,Paved,Carol Stream Park District,Milton, ,,3646.89,-88.094284,41.892559
74,1000075,75,Offstreet,Great Western Trail,E of I-355,County Farm Rd,Great Western Trail,Existing,Regional,Path,Path,Limestone,DuPage County DOT,Wayne, ,,30721.35,-88.100895,41.898019
75,2000076,76,Lies Rd,Lies Rd Trail,Bowie Dr,Fountain View Dr,,Existing,Local,Path,Sidepath,Paved,Village of Carol Stream,Bloomingdale, ,,683.40,-88.125442,41.930830
76,2000077,77,Offstreet,Veterans Park Trail,Lies Rd,Elk Trl,Loop Trail,Existing,Local,Path,Path,Paved,Carol Stream Park District,Bloomingdale, ,,3830.80,-88.124502,41.928189
77,1000078,78,Offstreet,Elgin Branch,Prince Crossing Rd,County Farm Rd,Illinois Prairie Path,Existing,Regional,Path,Path,Limestone,DuPage County DOT,Wayne, ,,10675.56,-88.168975,41.896745
78,1990079,79,County Farm Rd,Timber Ridge Trail,Great Western Trail,N of Geneva Rd,West Branch DuPage River Trail,Existing,Regional,Path,Sidepath,Limestone,Forest Preserve District of DuPage County,Wayne,DT-0056-87,,5225.28,-88.151246,41.897060
79,1000080,80,Offstreet,Bierman Park Trail,Woodhill Dr,Woodlake Rd,Loop Trail,Existing,Local,Path,Path,Paved,Carol Stream Park District,Wayne, ,,7791.38,-88.158407,41.936236
80,1001656,1656,Offstreet,Red Hawk Park Trail, , ,Loop Trail,Existing,Local,Path,Path,Paved,Carol Stream Park District,Wayne, ,,883.83,-88.144593,41.905303
81,5000082,82,Offstreet,Day Lily Park Trail,Gary Av, ,Loop Trail,Existing,Local,Path,Path,Paved,Carol Stream Park District,Milton, ,,1572.48,-88.120024,41.897662
82,1990083,83,Offstreet,Deep Quarry Trail,West Branch DuPage River Trail, ,Loop Trail,Existing,Local,Path,Path,Limestone,Forest Preserve District of DuPage County,Wayne, ,,3183.24,-88.180040,41.941349
83,1991660,1660,Offstreet,West Branch DuPage River Trail,Army Trail Rd,Schick Rd,West Branch DuPage River Trail,Existing,Regional,Path,Path,Limestone,Forest Preserve District of DuPage County,Wayne, ,,3194.42,-88.177178,41.947229
84,4000085,85,Continental Dr,Continental Dr Trail,Clifford Johnson Elementary School Ent,IL 59,,Existing,Local,Bike Route,Bike Route,Paved,City of Warrenville,Winfield, ,0,2460.55,-88.204921,41.827938
85,4000086,86,Lakeview Dr,Lakeview Dr Bikeway,Barkley Av,Continental Dr,,Existing,Local,Bike Route,Bike Route,Paved,City of Warrenville,Winfield, ,0,1934.95,-88.204921,41.824719
86,4000087,87,Meadow Av,Meadow Av Bikeway,IL 59,Timber Dr,,Existing,Local,Path,Sidepath,Paved,City of Warrenville,Winfield, ,0,929.51,-88.200339,41.826087
87,4000088,88,Warrenville Rd,Warrenville Rd Trail,Winfield Rd,Lorraine Av,,Existing,Local,Path,Sidepath,Paved,Private,Winfield, ,,3206.99,-88.162361,41.814734
88,4001664,1664,Offstreet,Aurora Branch,E of IL 59,Warrenville Rd,Illinois Prairie Path,Existing,Regional,Path,Path,Limestone,DuPage County DOT,Winfield, ,,4352.69,-88.198113,41.816987
89,4000090,90,Offstreet,Aurora Branch,St James Farm,IL 56,Illinois Prairie Path,Existing,Regional,Path,Path,Paved,DuPage County DOT,Winfield, ,,1453.69,-88.159092,41.830547
90,4990091,91,Offstreet,Blackwell Forest Preserve Trail,Mack Rd, ,,Existing,Local,Path,Path,Limestone,Forest Preserve District of DuPage County,Winfield, ,,8894.19,-88.186603,41.849489
91,4990092,92,Offstreet,Blackwell Forest Preserve Trail,Winfield Rd, ,West Branch DuPage River Trail,Existing,Regional,Path,Path,Limestone,Forest Preserve District of DuPage County,Winfield, ,,3583.33,-88.174687,41.828541
92,4000093,93,Offstreet,Aurora Branch,Winfield Rd,St James Farm Ent,Illinois Prairie Path,Existing,Regional,Path,Path,Limestone,DuPage County DOT,Winfield, ,,2116.59,-88.164911,41.830009
93,4990094,94,IL 56,IL 56 Trail,Aurora Branch,Herrick Rd,Danada - Herrick Lake Regional Trail,Existing,Regional,Path,Sidepath,Paved,Forest Preserve District of DuPage County,Winfield, ,,2461.27,-88.150453,41.830994
94,5001667,1667,Offstreet,Aurora Branch,Orchard Rd,Wiesbrook Rd,Illinois Prairie Path,Existing,Regional,Path,Path,Limestone,DuPage County DOT,Milton, ,,5622.80,-88.133744,41.842665
95,1000096,96,S Bartlett Rd,S Bartlett Rd Trail,Struckman Blvd,Devon Av,,Existing,Local,Path,Sidepath,Paved,Village of Bartlett,Wayne, ,,9464.49,-88.183783,41.971912
96,1000097,97,Schick Rd,Schick Rd Trail,Gerber Rd,County Farm Rd,,Existing,Local,Path,Sidepath,Paved,Village of Bartlett,Wayne, ,,6974.92,-88.164972,41.951747
97,1000098,98,Struckman Blvd,Struckman Blvd Trail,Bartlett Rd,Shawnee Cir,,Existing,Local,Path,Sidepath,Paved,Village of Bartlett,Wayne, ,,2410.00,-88.178580,41.958738
98,1000099,99,Struckman Blvd,Struckman Blvd Trail,IL 59,S Bartlett Rd,,Existing,Local,Path,Sidepath,Paved,Village of Bartlett,Wayne, ,,3780.36,-88.191265,41.962432
99,1000100,100,Offstreet,Apple Orchard Trail,Stearns Rd,Struckman Blvd,,Existing,Local,Path,Path,Paved,Bartlett Park District,Wayne, ,,6654.32,-88.192966,41.967474
100,1001670,1670,Newport Blvd,Newport Blvd Trail,Bartlett Trail,Stearns Rd,,Existing,Local,Path,Sidepath,Paved,Village of Bartlett,Wayne, ,,4280.33,-88.158909,41.977196
101,1000102,102,Offstreet,The Bartlett Trail,Bartlett Rd,Newport Blvd,,Existing,Local,Path,Path,Paved,Bartlett Park District,Wayne, ,,5653.28,-88.172482,41.981692
102,1000103,103,Brewster Creek Blvd,Brewster Creek Blvd Trail,Stearns Rd,Hecht Dr,,Existing,Local,Path,Sidepath,Paved,Village of Bartlett,Wayne, ,,2460.51,-88.232933,41.978318
103,1000104,104,IL 59,IL 59 Trail,Granger Rd,Gulf Stream Dr,,Existing,Local,Path,Sidepath,Paved,Village of Bartlett,Wayne, ,,1447.00,-88.205192,41.956090
104,1001671,1671,Stearns Rd,Stearns Rd Trail,S Bartlett Rd,County Farm Rd,,Existing,Regional,Path,Sidepath,Paved,Village of Bartlett,Wayne, ,,9409.52,-88.168787,41.972952
105,1000106,106,Offstreet,Elgin Branch,Army Trail Rd,Powis Rd,Illinois Prairie Path,Existing,Regional,Path,Path,Limestone,DuPage County DOT,Wayne, ,,8742.34,-88.250811,41.959525
106,1000107,107,Offstreet,Great Western Trail,Elgin Branch,Prince Crossing Rd,Great Western Trail,Existing,Regional,Path,Path,Limestone,DuPage County DOT,Wayne, ,,1606.10,-88.186305,41.905000
107,1001672,1672,Offstreet,Bartlett HS Bikeway, , ,,Existing,Local,Bike Route,Bike Route,Paved,Village of Bartlett,Wayne, ,,2253.78,-88.190957,41.949075
108,6000112,112,Offstreet,Great Western Trail,Myrtle Av,Villa Ave,Great Western Trail,Existing,Regional,Path,Path,Limestone,Village of Villa Park,York,DT-0006-08,,454.37,-87.970020,41.887274
109,6000113,113,Myrtle Av,Myrtle Av Trail,Great Western Trail,Main Stem,,Existing,Regional,Path,Sidepath,Paved,Village of Villa Park,York,DT-0054-01,,695.23,-87.970681,41.886631
110,6000114,114,Offstreet,Main Stem,Chase Ave,I-355,Illinois Prairie Path,Existing,Regional,Path,Path,Limestone,DuPage County DOT,York, ,,8747.87,-88.016158,41.881983
111,6001683,1683,Offstreet,Main Stem,Poplar Av,York Rd,Illinois Prairie Path,Existing,Regional,Path,Path,Limestone,Elmhurst Park District,York,DT-007-91,,2673.91,-87.934627,41.884031
112,5000116,116,Offstreet,Main Stem,Main St GE,Hill Ave,Illinois Prairie Path,Existing,Regional,Path,Path,Limestone,DuPage County DOT,Milton, ,,6775.94,-88.077673,41.874463
113,5000117,117,Hoffman Park,Hoffman Park Trail,Main Stem,Lowell Av,,Existing,Local,Path,Sidepath,Paved,Glen Ellyn Park District,Milton, ,,1671.48,-88.084074,41.871037
114,5001689,1689,Offstreet,Elgin Branch,Lincoln Av,Lincoln Marsh Trail,Illinois Prairie Path,Existing,Regional,Path,Path,Limestone,DuPage County DOT,Milton, ,,2700.39,-88.119984,41.871799
115,2000120,120,Fullerton Av,Fullerton Av Bikeway,Schmale Rd,Liberty Dr,,Existing,Local,Bike Route,Bike Route,Paved,Village of Glendale Heights,Bloomingdale, ,,13211.08,-88.070439,41.917876
116,2000121,121,Offstreet,Camera Park Trail,Fullerton Av,Bloomingdale Rd,Loop Trail,Existing,Local,Path,Path,Paved,Village of Glendale Heights,Bloomingdale, ,,10113.98,-88.086717,41.914473
117,5000122,122,Windsong Cir,Windsong Cir Bikeway,Shorewood Dr,Great Western Trail,,Existing,Local,Bike Route,Bike Route,Paved,Village of Glendale Heights,Milton, ,0,1165.52,-88.075904,41.896857
118,2000123,123,Sidney Av,Sidney Av Bikeway,Amy Av,Glen Ellyn Rd,,Existing,Local,Bike Route,Bike Route,Paved,Village of Glendale Heights,Bloomingdale, ,0,3321.32,-88.068630,41.906959
119,2000124,124,Burdette Av,Burdette Av,Glen Ellyn Rd,Peterson Av,,Existing,Local,Bike Route,Bike Route,Paved,Village of Glendale Heights,Bloomingdale, ,0,2564.77,-88.056198,41.906409
125,2000130,130,Offstreet,Nazos Park Trail,Leslie Ln, ,Loop Trail,Existing,Local,Path,Path,Paved,Village of Glendale Heights,Bloomingdale, ,0,2964.13,-88.054480,41.910219
126,2000131,131,Armitage Av,Armitage Av Bikeway,President St,Wayne Av,,Existing,Local,Bike Route,Bike Route,Paved,Village of Glendale Heights,Bloomingdale, ,,10109.76,-88.067500,41.910734
127,2000132,132,Wayne Av,Wayne Av Bikeway,Fox Av,Armitage Av,,Existing,Local,Bike Route,Bike Route,Paved,Village of Glendale Heights,Bloomingdale, ,,1021.09,-88.054526,41.913043
128,2000133,133,Highland Av,Highland Av Bikeway,Charles Dr,Sidney Av,,Existing,Local,Bike Route,Bike Route,Paved,Village of Glendale Heights,Bloomingdale, ,0,3297.50,-88.065084,41.913045
129,2000134,134,Charles Dr,Charles Dr Bikeway,Fullerton Av,Highland Av,,Existing,Local,Bike Route,Bike Route,Paved,Village of Glendale Heights,Bloomingdale, ,,932.45,-88.065909,41.916741
130,2000135,135,Ardmore Av,Ardmore Av Bikeway,Polo Club Dr,Fullerton Av,,Existing,Local,Bike Route,Bike Route,Paved,Village of Glendale Heights,Bloomingdale, ,,1485.33,-88.067322,41.919948
131,2000136,136,Polo Club Dr,Polo Club Dr Bikeway,Bloomingdale Rd,Ardmore Av,,Existing,Local,Bike Route,Bike Route,Paved,Village of Glendale Heights,Bloomingdale, ,,3910.34,-88.077742,41.922233
132,2000137,137,Paul Av,Paul Av Bikeway,Windy Point Dr,Lincoln Av,,Existing,Local,Bike Route,Bike Route,Paved,Village of Glendale Heights,Bloomingdale, ,,1789.88,-88.074476,41.922183
133,2000138,138,Lincoln Av,Lincoln Av Bikeway,Paul Av,Amy Av,,Existing,Local,Bike Route,Bike Route,Paved,Village of Glendale Heights,Bloomingdale, ,,310.12,-88.074292,41.920254
134,2000139,139,Amy Av,Amy Av Bikeway,Lincoln Av,Armitage Av,,Existing,Local,Bike Route,Bike Route,Paved,Village of Glendale Heights,Bloomingdale, ,,3686.87,-88.074432,41.916484
135,2000140,140,Windy Point Dr,Windy Point Dr Bikeway,Concord Dr,Paul Av,,Existing,Local,Bike Route,Bike Route,Paved,Village of Glendale Heights,Bloomingdale, ,,1022.80,-88.074444,41.925308
136,2000141,141,Concord Dr,Concord Dr Bikeway,Arlington Ln,Windy Point Dr,,Existing,Local,Bike Route,Bike Route,Paved,Village of Glendale Heights,Bloomingdale, ,,1486.78,-88.077198,41.924410
137,2000142,142,Arlington Ln,Arlington Ln Bikeway,Polo Club Dr,Concord Dr,,Existing,Local,Bike Route,Bike Route,Paved,Village of Glendale Heights,Bloomingdale, ,,254.23,-88.079574,41.923198
138,2000143,143,Offstreet,Heritage Park Trail,Windy Point Dr,Polo Club Dr,Loop Trail,Existing,Local,Path,Path,Paved,Village of Glendale Heights,Bloomingdale, ,,2741.74,-88.075209,41.923606
139,2000144,144,Brandon Ln,Brandon Ln Bikeway,Bloomingdale Rd,Gregory Av,,Existing,Local,Bike Route,Bike Route,Paved,Village of Glendale Heights,Bloomingdale, ,,2503.92,-88.075880,41.928841
140,2000145,145,Gregory Av,Gregory Av Bikeway,Brandon Ln,Glen Ellyn Rd,,Existing,Local,Bike Route,Bike Route,Paved,Village of Glendale Heights,Bloomingdale, ,,3745.67,-88.070348,41.926894
141,2000146,146,Whitman Dr,Whitman Dr Bikeway,Bloomingdale Rd,Army Trail Rd,,Existing,Local,Bike Route,Bike Route,Paved,Village of Glendale Heights,Bloomingdale, ,,2529.06,-88.075533,41.937943
142,2000147,147,College Dr,College Dr Bikeway,Whitman Dr,Whitman Dr,,Existing,Local,Bike Route,Bike Route,Paved,Village of Glendale Heights,Bloomingdale, ,,804.67,-88.073281,41.938663
143,2000148,148,London Dr,London Dr Bikeway,Greenway Dr,Whitman Dr,,Existing,Local,Bike Route,Bike Route,Paved,Village of Glendale Heights,Bloomingdale, ,,724.61,-88.076789,41.938708
144,5000149,149,President St,President St Bikeway,Hesterman Dr,Great Western Trail,,Existing,Local,Bike Route,Bike Route,Paved,Village of Glendale Heights,Milton, ,0,10714.64,-88.092213,41.907360
145,2000150,150,Roberta Ct,Roberta Ct Bikeway,President St,Burdette Av,,Existing,Local,Bike Route,Bike Route,Paved,Village of Glendale Heights,Bloomingdale, ,0,753.04,-88.091008,41.906499
146,2000151,151,Westchester Dr,Westchester Dr Bikeway,Armitage Av,Glen Hill Dr,,Existing,Local,Bike Route,Bike Route,Paved,Village of Glendale Heights,Bloomingdale, ,0,1237.23,-88.083816,41.908103
147,2000152,152,Stevenson Dr,Stevenson Dr Bikeway,President St,Bloomingdale Rd,,Existing,Local,Bike Route,Bike Route,Paved,Village of Glendale Heights,Bloomingdale, ,,2762.59,-88.087261,41.923870
148,2000153,153,Newport St,Newport St Bikeway,Stevenson Dr,Placid Av,,Existing,Local,Bike Route,Bike Route,Paved,Village of Glendale Heights,Bloomingdale, ,,528.11,-88.086620,41.922918
149,2000154,154,Placid Av,Placid Av Bikeway,Newport St,Bloomingdale Rd,,Existing,Local,Bike Route,Bike Route,Paved,Village of Glendale Heights,Bloomingdale, ,,1321.47,-88.083475,41.922728
150,2000155,155,Cardinal Dr,Cardinal Dr Bikeway,Schick Rd,N Brandon Dr,,Existing,Local,Bike Route,Bike Route,Paved,Village of Glendale Heights,Bloomingdale, ,,10583.84,-88.088783,41.942852
151,2000156,156,Offstreet,Siems Park Trail,Cardinal Dr,Cadinal Dr,Loop Trail,Existing,Local,Path,Path,Paved,Village of Glendale Heights,Bloomingdale, ,,3910.78,-88.092188,41.933691
152,2000157,157,Offstreet,Gladstone Park Trail,Gladstone Dr,Gladstone Dr,Loop Trail,Existing,Local,Path,Path,Paved,Village of Glendale Heights,Bloomingdale, ,,1615.93,-88.084055,41.933959
153,2000158,158,Mill Pond Dr,Mill Pond Dr Bikeway,Schmale Rd,Chippendale Ln,,Existing,Local,Bike Route,Bike Route,Paved,Village of Glendale Heights,Bloomingdale, ,,1156.91,-88.098456,41.930692
154,2000159,159,Chippendale Ln,Chippendale Ln Bikeway,Mill Pond Rd,Hesterman Dr,,Existing,Local,Bike Route,Bike Route,Paved,Village of Glendale Heights,Bloomingdale, ,,1686.31,-88.095896,41.927931
155,2000160,160,Hesterman Dr,Hesterman Dr Bikeway,Chippendale Ln,President St,,Existing,Local,Bike Route,Bike Route,Paved,Village of Glendale Heights,Bloomingdale, ,,1362.29,-88.093994,41.925456
156,2000161,161,Brookside Dr,Brookside Dr Bikeway,Gilberto St,Hesterman Dr,,Existing,Local,Bike Route,Bike Route,Paved,Village of Glendale Heights,Bloomingdale, ,,1057.29,-88.094386,41.924915
157,2000162,162,Gilberto St,Gilberto St Bikeway,Brookside Dr,Montana Av,,Existing,Local,Bike Route,Bike Route,Paved,Village of Glendale Heights,Bloomingdale, ,,2575.26,-88.096847,41.922282
158,2000163,163,Montana Av,Montana Av Bikeway,Gilberto St,John St,,Existing,Local,Bike Route,Bike Route,Paved,Village of Glendale Heights,Bloomingdale, ,,161.21,-88.096142,41.917860
159,2000164,164,John St,John St Bikeway,Montana Av,Fullerton Av,,Existing,Local,Bike Route,Bike Route,Paved,Village of Glendale Heights,Bloomingdale, ,,274.43,-88.095832,41.917487
160,2000165,165,Greenway Dr,Greenway Dr Bikeway,Bloomingdale Rd,Edgewater Dr,,Existing,Local,Bike Route,Bike Route,Paved,Bloomingdale Township,Bloomingdale, ,,3778.85,-88.071005,41.940850
161,7000166,166,Offstreet,Aurora Branch,Kane County Line,Batavia Spur,Illinois Prairie Path,Existing,Regional,Path,Path,Limestone,DuPage County DOT,Naperville, ,,8928.24,-88.240481,41.795260
162,4140167,167,Eola Rd,Eola Rd Trail,IL 56,I-88,DuPage Technology Corridor Trail,Existing,Regional,Path,Sidepath,Paved,DuPage County DOT,Winfield, ,,7385.75,-88.236592,41.808729
163,7000168,168,Offstreet,Batavia Spur,Aurora Branch,CNRR,Illinois Prairie Path,Existing,Regional,Path,Path,Limestone,DuPage County DOT,Naperville,DT-0056-86,,3700.90,-88.226707,41.802282
165,4000170,170,Batavia Rd,Batavia Rd Trail,Continental Dr,Fermilab,,Existing,Local,Path,Sidepath,Paved,Fermi Lab,Winfield, ,,11278.24,-88.230640,41.841990
167,2000172,172,Offstreet,Lakeview Community Trail,Lakeview Dr,Pleasant Av,East Branch DuPage River Trail,Existing,Regional,Path,Path,Paved,Village of Bloomingdale,Bloomingdale, ,,2328.18,-88.066616,41.959971
168,2000173,173,Offstreet,Lakeview Community Trail,Lakeview Dr,Lakeview Dr,East Branch DuPage River Trail,Existing,Regional,Path,Path,Paved,Village of Bloomingdale,Bloomingdale, ,,229.75,-88.064685,41.957988
169,2000174,174,Offstreet,Lakeview Community Trail, ,Lakeview Dr,East Branch DuPage River Trail,Existing,Regional,Path,Path,Paved,Village of Bloomingdale,Bloomingdale, ,,922.64,-88.062750,41.958047
170,2990175,175,Offstreet,Lakeview Community Trail,US 20, ,East Branch DuPage River Trail,Existing,Regional,Path,Path,Paved,Forest Preserve District of DuPage County,Bloomingdale, ,,171.53,-88.061750,41.957258
171,2990176,176,Offstreet,Lakeview Community Trail,US 20,Lake Street Reservoir,East Branch DuPage River Trail,Existing,Regional,Path,Path,Paved,Forest Preserve District of DuPage County,Bloomingdale, ,,170.77,-88.061467,41.957177
172,2000177,177,Medinah Rd,Spring Creek Reservoir Trail,Spring Creek Resv,Lake Street,,Existing,Local,Path,Sidepath,Paved,Private,Bloomingdale, ,,1006.32,-88.050480,41.956022
173,2000178,178,US 20,Itasca - Addison Trail,Glen Ellyn Rd,Medinah Rd,Itasca - Addison Trail,Existing,Regional,Path,Sidepath,Paved,Village of Bloomingdale,Bloomingdale, ,,2705.53,-88.056172,41.955381
174,2000179,179,Glen Ellyn Rd,Glen Ellyn Rd Trail,US 20,Carriage Way,East Branch DuPage River Trail,Existing,Regional,Path,Sidepath,Paved,Village of Bloomingdale,Bloomingdale, ,,4051.52,-88.061556,41.951017
175,2990180,180,Offstreet,Spring Creek Reservoir Trail,Spring Creek Resv,Lake Street Reservoir,Loop Trail,Existing,Local,Path,Path,Paved,Forest Preserve District of DuPage County,Bloomingdale, ,,6185.45,-88.056731,41.958374
176,2000181,181,US 20,Glen Ellyn Rd Path,Lake St Reservoir,S of US 20,East Branch DuPage River Trail,Existing,Regional,Path,Sidepath,Paved,Village of Bloomingdale,Bloomingdale, ,,476.38,-88.061441,41.956588
177,2000182,182,Offstreet,Golfview Trail,Golfview Ct,US 20,,Existing,Local,Path,Path,Paved,Village of Bloomingdale,Bloomingdale, ,,4242.99,-88.054575,41.950732
178,2000183,183,Willow Bridge Way,Willow Bridge Way Bikeway,Willow Bridge Way,Golfview Ct,,Existing,Local,Bike Route,Bike Route,Paved,Village of Bloomingdale,Bloomingdale, ,,317.96,-88.055427,41.945547
179,2000184,184,Carriage Way,Carriage Way Trail,Glen Ellyn Rd,Willow Bridge Way,,Existing,Local,Path,Sidepath,Paved,Village of Bloomingdale,Bloomingdale, ,,1329.44,-88.058120,41.945574
180,2000185,185,Willow Bridge Way,Willow Bridge Way Bikeway,Carriage Way,Golfview Ct,,Existing,Local,Bike Route,Bike Route,Paved,Village of Bloomingdale,Bloomingdale, ,,409.00,-88.056361,41.945263
181,2000186,186,Offstreet,Greenway Park Trail,Edgewater Dr,Greenway Dr,Loop Trail,Existing,Local,Path,Path,Paved,School,Bloomingdale, ,,952.38,-88.070739,41.942000
182,2000187,187,Edgewater Dr,Edgewater Dr Trail,Clearbrook Ln,Glen Ellyn Rd,,Existing,Local,Path,Sidepath,Paved,Village of Bloomingdale,Bloomingdale, ,,2214.58,-88.067337,41.942478
184,2000189,189,Clearbrook Ln,Clearbrook Ln Bikeway,Edgewater Dr,Lakeshore Ln,,Existing,Local,Bike Route,Bike Route,Paved,Village of Bloomingdale,Bloomingdale, ,,586.06,-88.068915,41.943815
185,2000190,190,Offstreet,Westlake Park Trail, , ,Loop Trail,Existing,Local,Path,Path,Paved,Bloomingdale Park District,Bloomingdale, ,,4361.40,-88.067859,41.945789
186,2000191,191,Offstreet,Westlake Park Trail, , ,Loop Trail,Existing,Local,Path,Path,Paved,Village of Bloomingdale,Bloomingdale, ,,137.94,-88.066076,41.947002
187,2000192,192,Offstreet,Westlake Park Trail, , ,Loop Trail,Existing,Local,Path,Path,Paved,Village of Bloomingdale,Bloomingdale, ,,162.86,-88.067104,41.947479
188,2000193,193,Offstreet,Westlake Park Trail, , ,Loop Trail,Existing,Local,Path,Path,Paved,Village of Bloomingdale,Bloomingdale, ,,145.23,-88.067997,41.944022
189,2000194,194,Offstreet,Westlake Park Trail, , ,Loop Trail,Existing,Local,Path,Path,Paved,Village of Bloomingdale,Bloomingdale, ,,164.99,-88.065498,41.944530
190,2000195,195,Byron Av,Byron Av Trail,Glen Ellyn Rd,Walter Drive,,Existing,Local,Path,Sidepath,Paved,Village of Bloomingdale,Bloomingdale, ,,2510.94,-88.057886,41.940817
191,2000196,196,Offstreet,Circle Park Trail,Westlake Park Trails, ,Loop Trail,Existing,Local,Path,Path,Paved,Bloomingdale Park District,Bloomingdale, ,,3626.86,-88.072218,41.949919
192,2000197,197,Offstreet,Indian Lakes Park Trail,Thrasher Ln,Bobwhite Ln,Loop Trail,Existing,Local,Path,Path,Paved,Bloomingdale Park District,Bloomingdale, ,,465.24,-88.090546,41.943586
193,2000198,198,Bobwhite Ln,Bobwhite Ln Bikeway,Raven Ln,Indian Lakes Park,,Existing,Local,Bike Route,Bike Route,Paved,Village of Bloomingdale,Bloomingdale, ,,629.70,-88.089891,41.944625
194,2000199,199,Raven Ln,Raven Ln Bikeway,Cardinal Dr,Bloomindale Rd,,Existing,Local,Bike Route,Bike Route,Paved,Village of Bloomingdale,Bloomingdale, ,,4022.03,-88.086793,41.944612
195,2000200,200,Eagle Ln,Eagle Ln Bikeway,Raven Ln,Cardinal Dr,,Existing,Local,Bike Route,Bike Route,Paved,Village of Bloomingdale,Bloomingdale, ,,1031.27,-88.086641,41.943461
196,2000201,201,Offstreet,Leslie Park Trail, , ,Loop Trail,Existing,Local,Path,Path,Paved,Bloomingdale Park District,Bloomingdale, ,,2213.86,-88.089117,41.947329
197,2000202,202,Offstreet,Leslie Park Trail, , ,Loop Trail,Existing,Local,Path,Path,Paved,Bloomingdale Park District,Bloomingdale, ,,118.33,-88.087938,41.947440
198,2000203,203,Offstreet,Stratford Park Trail,Martin Ln,Skylark Drive,Loop Trail,Existing,Local,Path,Path,Paved,Bloomingdale Park District,Bloomingdale, ,,531.42,-88.104727,41.942113
199,2000204,204,Offstreet,Stratford Park Trail,Martin Ln,Stratford Park,Loop Trail,Existing,Local,Path,Path,Paved,Bloomingdale Park District,Bloomingdale, ,,229.52,-88.104677,41.941190
200,2000205,205,Offstreet,Stratford Park Trail,Butterfield Ln,Stratford Park,Loop Trail,Existing,Local,Path,Path,Paved,Bloomingdale Park District,Bloomingdale, ,,1022.07,-88.105787,41.943189
201,2000206,206,Meadowlark Rd,Meadowlark Rd Bikeway,Stratford Park,Army Trail Rd,,Existing,Local,Bike Route,Bike Route,Paved,Village of Bloomingdale,Bloomingdale, ,,3918.39,-88.097558,41.941682
202,2000207,207,Skylark Dr,Skylark Dr Bikeway,Stratford Park,Army Trail Rd,,Existing,Local,Bike Route,Bike Route,Paved,Village of Bloomingdale,Bloomingdale, ,,1537.05,-88.101432,41.940666
203,2000208,208,Offstreet,Stratford Park Trail,Meadowlark Rd, ,Loop Trail,Existing,Local,Path,Path,Paved,Bloomingdale Park District,Bloomingdale, ,,123.06,-88.104564,41.943132
204,2000209,209,US 20,US 20 Trail,Prairie Av,Euclid Av,,Existing,Local,Path,Sidepath,Paved,Village of Bloomingdale,Bloomingdale, ,,1018.33,-88.067026,41.956830
205,2000210,210,William Way,William Way Bikeway,US 20,Scenic Dr,North Central DuPage Regional Trail,Existing,Regional,Bike Route,Bike Route,Paved,Village of Bloomingdale,Bloomingdale, ,,351.58,-88.091687,41.959789
206,2000211,211,US 20,US 20 Bridge,US 20,William Way,North Central DuPage Regional Trail,Existing,Regional,Path,Bridge,Paved,Village of Bloomingdale,Bloomingdale, ,,1184.75,-88.091119,41.960117
207,2000212,212,Scenic Drive,Scenic Drive Bikeway,William Way,Royal Lane,North Central DuPage Regional Trail,Existing,Regional,Bike Route,Bike Route,Paved,Village of Bloomingdale,Bloomingdale, ,,240.72,-88.091875,41.959102
208,2000213,213,Offstreet,Springfield Park Trail,Spring Rd,Royal Lane,North Central DuPage Regional Trail,Existing,Regional,Path,Path,Paved,Bloomingdale Park District,Bloomingdale, ,,7306.16,-88.099812,41.957952
209,2000214,214,Royal Ln,Royal Ln Bikeway,Springfield Park,Scenic Dr,North Central DuPage Regional Trail,Existing,Regional,Bike Route,Bike Route,Paved,Bloomingdale Park District,Bloomingdale, ,,1824.91,-88.093657,41.958143
210,2000215,215,Lawrence Av,Lawrence Av Bikeway,Gary Av,Wheaton Rd,North Central DuPage Regional Trail,Existing,Regional,Bike Route,Bike Route,Paved,Village of Bloomingdale,Bloomingdale, ,,3070.96,-88.111876,41.960713
211,2000216,216,Offstreet,Springfield Park Trail, , ,Loop Trail,Existing,Regional,Path,Path,Paved,Private,Bloomingdale, ,,139.86,-88.097525,41.961175
212,2000217,217,Country Club Dr,Country Club Dr Bikeway,Royal Ln,Schick Rd,,Existing,Local,Bike Route,Bike Route,Paved,Village of Bloomingdale,Bloomingdale, ,,1581.45,-88.096273,41.956469
213,2000218,218,Springfield Dr,Springfield Dr Trail,Schick Rd,Stratford Dr,,Existing,Local,Path,Sidepath,Paved,Village of Bloomingdale,Bloomingdale, ,,1109.82,-88.110946,41.951962
214,2000219,219,Schick Rd,Schick Rd Trail,Stratford Dr,Springfield Dr,,Existing,Local,Path,Sidepath,Paved,Village of Bloomingdale,Bloomingdale, ,,1268.08,-88.113633,41.953160
215,2000220,220,Offstreet, , ,Park,Loop Trail,Existing,Local,Path,Path,Paved,Private,Bloomingdale, ,,586.33,-88.111841,41.942185
216,2000221,221,Offstreet, , ,Knollwood Drive,Loop Trail,Existing,Local,Path,Path,Paved,Private,Bloomingdale, ,,1641.44,-88.113143,41.943000
217,2000222,222,Offstreet, , ,Stonington Drive,Loop Trail,Existing,Local,Path,Path,Paved,Private,Bloomingdale, ,,1225.54,-88.111965,41.941453
218,2000223,223,Offstreet, , ,Butterfield Drive,Loop Trail,Existing,Local,Path,Path,Paved,Private,Bloomingdale, ,,745.34,-88.108883,41.942378
219,2000224,224,Offstreet, , ,Butterfield Drive,Loop Trail,Existing,Local,Path,Path,Paved,Private,Bloomingdale, ,,781.09,-88.109480,41.943316
220,2000226,226,Springfield Dr,Springfield Dr Trail,Sidewalk on Springfield,Sidewalk on Springfield Drive,,Existing,Local,Path,Sidepath,Paved,Village of Bloomingdale,Bloomingdale, ,,500.46,-88.110528,41.943144
221,7990227,227,Offstreet,Springbrook Prairie Trail,Modaff Rd,Plainfield Rd,,Existing,Local,Path,Path,Limestone,Forest Preserve District of DuPage County,Naperville, ,,6781.57,-88.159350,41.735451
222,9000228,228,Dunham Rd,Dunham Rd Trail,75th St,Ides Grove Park,,Existing,Local,Path,Sidepath,Paved,Village of Woodridge,Downers Grove North, ,,2640.19,-88.017569,41.747776
223,8000229,229,Parkside Dr,Parkside Dr Trail,Meyer Rd,Parkside Crt,,Existing,Local,Path,Sidepath,Paved,Village of Woodridge,Lisle, ,,1227.10,-88.066608,41.772475
224,10001350,1350,Woodward Av,Woodward Av Trail,87th St,Internationale Pkwy,Southern DuPage County Regional Trail,Existing,Regional,Path,Sidepath,Paved,Village of Woodridge,Downers Grove South, ,,9284.63,-88.025859,41.715702
225,10000231,231,Internationale Pkwy,Internationale Pkwy Trail,Veterans Memorial Trail,Woodward Av,Veterans Memorial Trail,Existing,Regional,Path,Sidepath,Paved,Village of Woodridge,Downers Grove South, ,,4047.39,-88.024825,41.694473
226,8000232,232,75th St,75th St Trail,Gladstone Dr,Greene Rd,,Existing,Local,Path,Sidepath,Paved,Village of Woodridge,Lisle, ,,2673.61,-88.079158,41.749121
227,8000233,233,Hobson Rd,Hobson Rd Trail,Double Eagle Dr,ComEd ROW,Southern DuPage County Regional Trail,Existing,Regional,Path,Sidepath,Paved,Village of Woodridge,Lisle,EN-0013-02,,3092.57,-88.065175,41.760825
228,8000234,234,71st St,71st St Trail,Castaldo Park,Woodridge Dr,,Existing,Local,Path,Sidepath,Paved,Village of Woodridge,Lisle, ,,2580.81,-88.054109,41.756079
229,9001712,1712,83rd St,83rd St Trail,E of I-355,Woodward Av,Southern DuPage County Regional Trail,Existing,Regional,Path,Sidepath,Paved,Village of Woodridge,Downers Grove North,DT-0079-05,,1049.91,-88.031340,41.736047
230,8000236,236,Offstreet,Woodridge Trail,Parkside Ct,Costeldo Park,Southern DuPage County Regional Trail,Existing,Regional,Path,Path,Paved,Woodridge Park District,Lisle,2010 LOU,,1349.81,-88.059643,41.761373
231,8000237,237,Offstreet,Castaldo Park Trail,Roberts Dr,71st St,Loop Trail,Existing,Local,Path,Path,Paved,Woodridge Park District,Lisle, ,,1793.99,-88.058739,41.759237
232,8000238,238,Offstreet,Lake Carleton Park Trail, , ,Loop Trail,Existing,Local,Path,Path,Paved,Woodridge Park District,Lisle, ,,511.62,-88.042735,41.762033
233,8000239,239,Offstreet,Lake Carleton Park Trail, , ,Loop Trail,Existing,Local,Path,Path,Paved,Woodridge Park District,Lisle, ,,6172.91,-88.046509,41.760214
234,8000240,240,Offstreet,Lake Harriet Park Trail, , ,Loop Trail,Existing,Local,Path,Path,Paved,Woodridge Park District,Lisle, ,,5356.56,-88.050448,41.758467
235,8000241,241,Woodridge Dr,Hawthorne Hill Trail,75th St,83rd St,,Existing,Local,Path,Sidepath,Paved,Woodridge Park District,Lisle, ,,5565.45,-88.049264,41.743771
236,3000242,242,Mittel Dr,Mittel Dr Trail,Salt Creek Marsh Ent,Devon Av,Salt Creek Greenway Trail,Existing,Regional,Path,Sidepath,Paved,Village of Addison,Addison, ,,4118.84,-87.987541,41.987883
237,4000243,243,Offstreet,Geneva Spur,Kress Rd,W of CNRR,Illinois Prairie Path,Existing,Regional,Path,Path,Limestone,DuPage County DOT,Winfield, ,,7187.92,-88.225300,41.892685
238,4009083,9083,Offstreet,Geneva Spur,West Chicago Metra Station Ent,McConnell Av,Illinois Prairie Path,Existing,Regional,Path,Path,Paved,City of West Chicago,Winfield,DT-064-92,,2914.52,-88.201089,41.882167
239,4000246,246,Offstreet,Winfield Mounds Trail,West Branch DuPage River,Geneva Spur,,Existing,Regional,Path,Path,Limestone,DuPage County DOT,Winfield,DT-090-90,,427.88,-88.160378,41.882557
240,4990247,247,Offstreet,Red Oak Trail,West Branch DuPage River Trail, ,Loop Trail,Existing,Local,Path,Path,Limestone,Forest Preserve District of DuPage County,Winfield, ,,5064.47,-88.191984,41.868693
241,1000248,248,Hawthorne Ln,Hawthorne Ln Trail,Kress Rd,Arbor Av,,Existing,Local,Path,Sidepath,Paved,City of West Chicago,Wayne, ,,9608.64,-88.215381,41.899740
242,4000249,249,Offstreet,Reed-Keppler Park Trail,Geneva Spur,Reed-Keppler Park Aquatic Center,Loop Trail,Existing,Local,Path,Path,Paved,West Chicago Park District,Winfield, ,,1701.34,-88.209062,41.893651
243,4001721,1721,Batavia Rd,Batavia Rd Trail,IL 59,Rockwell St,Fermilab Bike Route,Existing,Local,Path,Sidepath,Paved,City of Warrenville,Winfield, ,,5227.09,-88.193776,41.829621
244,4000251,251,Mack Rd,Mack Rd Bikeway,Continental Dr,IL 59,,Existing,Local,Bike Route,Bike Route,Paved,City of Warrenville,Winfield, ,0,1937.69,-88.206188,41.842100
245,4000252,252,Continental Dr,Continental Dr Bikeway,Mack Rd,Batavia Rd,,Existing,Local,Bike Route,Bike Route,Paved,City of Warrenville,Winfield, ,0,2697.90,-88.210186,41.838656
246,4990253,253,Offstreet,Warrenville Grove Forest Preserve Trail,Aurora Branch,Main St,West Branch DuPage River Trail,Existing,Regional,Path,Path,Paved,Forest Preserve District of DuPage County,Winfield, ,,3379.95,-88.171752,41.824321
247,5990254,254,Offstreet,Lake Trail, , ,,Existing,Local,Path,Path,Limestone,Forest Preserve District of DuPage County,Milton, ,,5101.71,-88.143720,41.828181
248,5990255,255,Offstreet,Meadowlark Trail, , ,,Existing,Local,Path,Path,Limestone,Forest Preserve District of DuPage County,Milton, ,,5213.97,-88.138697,41.823969
249,5990256,256,Offstreet,Green Heron Trail, , ,,Existing,Local,Path,Path,Limestone,Forest Preserve District of DuPage County,Milton, ,,1134.81,-88.129979,41.815390
250,5990257,257,Offstreet,Green Heron Trail, , ,,Existing,Local,Path,Path,Limestone,Forest Preserve District of DuPage County,Milton, ,,3647.20,-88.143566,41.817467
251,8990258,258,Offstreet,Green Heron Trail, , ,,Existing,Local,Path,Path,Limestone,Forest Preserve District of DuPage County,Lisle, ,,523.50,-88.140970,41.810291
252,5990259,259,Offstreet,Green Heron Trail, , ,,Existing,Local,Path,Path,Limestone,Forest Preserve District of DuPage County,Milton, ,,3452.79,-88.136139,41.812723
253,8990260,260,Offstreet,Green Heron Trail, , ,,Existing,Local,Path,Path,Limestone,Forest Preserve District of DuPage County,Lisle, ,,1665.84,-88.143759,41.812304
254,5990261,261,Offstreet,Danada - Herrick Lake Regional Trail,Herrick Rd,Danada Forest Preserve,Danada - Herrick Lake Regional Trail,Existing,Regional,Path,Path,Limestone,Forest Preserve District of DuPage County,Milton, ,,19050.98,-88.132742,41.822498
255,5990262,262,Offstreet,Danada - Herrick Lake Regional Trail, , ,Danada - Herrick Lake Regional Trail,Existing,Local,Path,Path,Limestone,Forest Preserve District of DuPage County,Milton, ,,2842.78,-88.126384,41.818019
256,5990263,263,Offstreet,Danada - Herrick Lake Regional Trail, , ,Danada - Herrick Lake Regional Trail,Existing,Local,Path,Path,Limestone,Forest Preserve District of DuPage County,Milton, ,,2250.39,-88.110680,41.822556
257,5990264,264,Offstreet,Danada - Herrick Lake Regional Trail, , ,Danada - Herrick Lake Regional Trail,Existing,Local,Path,Path,Limestone,Forest Preserve District of DuPage County,Milton, ,,445.84,-88.112623,41.820117
258,5990265,265,Offstreet,Danada - Herrick Lake Regional Trail,Danada Forest Preserve, ,Danada - Herrick Lake Regional Trail,Existing,Regional,Path,Path,Limestone,Forest Preserve District of DuPage County,Milton, ,,449.57,-88.109203,41.818868
259,5990266,266,Offstreet,Danada - Herrick Lake Regional Trail,Danada Forest Preserve, ,Danada - Herrick Lake Regional Trail,Existing,Regional,Path,Path,Limestone,Forest Preserve District of DuPage County,Milton, ,,298.64,-88.105199,41.822276
260,5990267,267,Offstreet,Danada - Herrick Lake Regional Trail,Danada Forest Preserve, ,Danada - Herrick Lake Regional Trail,Existing,Regional,Path,Path,Limestone,Forest Preserve District of DuPage County,Milton, ,,1186.66,-88.104001,41.821688
261,5990268,268,Offstreet,Danada - Herrick Lake Regional Trail,Danada Forest Preserve, ,Danada - Herrick Lake Regional Trail,Existing,Regional,Path,Path,Limestone,Forest Preserve District of DuPage County,Milton, ,,1751.23,-88.101677,41.822888
262,5990269,269,Offstreet,Danada - Herrick Lake Regional Trail,Danada Forest Preserve, ,Danada - Herrick Lake Regional Trail,Existing,Regional,Path,Path,Limestone,Forest Preserve District of DuPage County,Milton, ,,3009.73,-88.096885,41.826288
263,5990270,270,Offstreet,Danada - Herrick Lake Regional Trail, , ,Danada - Herrick Lake Regional Trail,Existing,Local,Path,Path,Limestone,Forest Preserve District of DuPage County,Milton, ,,2646.07,-88.105742,41.825023
264,5990271,271,Offstreet,Danada - Herrick Lake Regional Trail,Danada Forest Preserve, ,Danada - Herrick Lake Regional Trail,Existing,Regional,Path,Path,Limestone,Forest Preserve District of DuPage County,Milton, ,,1310.58,-88.106716,41.819963
265,5990272,272,Offstreet,Danada - Herrick Lake Regional Trail,Danada Forest Preserve, ,Danada - Herrick Lake Regional Trail,Existing,Regional,Path,Path,Limestone,Forest Preserve District of DuPage County,Milton, ,,471.78,-88.105997,41.821671
266,4000273,273,IL 59,IL 59 Trail,Batavia Spur,Ferry Rd,,Existing,Local,Path,Sidepath,Paved,Private,Winfield, ,,1163.14,-88.203739,41.812177
267,7131797,1797,Winfield Rd,Cantera Pathway,Ferry Rd,Diehl Rd,,Existing,Local,Path,Sidepath,Paved,DuPage County DOT,Naperville, ,,3350.35,-88.167556,41.805491
268,7000276,276,US 34,US 34 Trail,75th St,Clearwood Park,Southern DuPage County Regional Trail,Existing,Regional,Path,Sidepath,Paved,IDOT,Naperville, ,,3592.60,-88.230747,41.745321
269,7330277,277,75th St,75th St Trail,Ogden Av,IL 59,Southern DuPage County Regional Trail,Existing,Regional,Path,Sidepath,Paved,DuPage County DOT,Naperville, ,,4950.45,-88.219158,41.746800
270,7990278,278,Offstreet,Springbrook Prairie Trail,Fort Hill Dr,Plainfield Rd,Southern DuPage County Regional Trail,Existing,Regional,Path,Path,Limestone,Forest Preserve District of DuPage County,Naperville, ,,7500.32,-88.184363,41.746521
271,7990279,279,Plainfield-Naperville Rd,Plainfield-Naperville Rd Trail,Springbrook Prairie Trail,75th St,Southern DuPage County Regional Trail,Existing,Regional,Path,Sidepath,Limestone,Forest Preserve District of DuPage County,Naperville, ,,971.01,-88.167592,41.745770
272,7990280,280,Offstreet,Springbrook Prairie Trail, ,Plainfield-Naperville Rd Trail,Southern DuPage County Regional Trail,Existing,Regional,Path,Path,Limestone,Forest Preserve District of DuPage County,Naperville,DT-0001-031,,1444.66,-88.169830,41.746075
273,7000281,281,Offstreet,Spring Lake Park Trail, , ,Waubonsie Creek Trail,Existing,Regional,Path,Path,Paved,Fox Valley Park District,Naperville, ,,3266.51,-88.231598,41.757823
274,7000282,282,Offstreet,Spring Lake Park Trail,Frontenac St,Raintree Ct,Waubonsie Creek Trail,Existing,Regional,Path,Path,Paved,Fox Valley Park District,Naperville, ,,3124.03,-88.225866,41.756157
275,3000283,283,Offstreet,Berens Park Trail, , ,Loop Trail,Existing,Local,Path,Path,Paved,Elmhurst Park District,Addison, ,,10179.17,-87.954752,41.914958
276,3990284,284,Offstreet,Cricket Creek Forest Preserve Trail,Fullerton,North Av,Salt Creek Greenway Trail,Existing,Regional,Path,Path,Limestone,Forest Preserve District of DuPage County,Addison, ,,9305.59,-87.969300,41.915249
277,3990285,285,Offstreet,Wood Dale Grove Trail, , ,Loop Trail,Existing,Local,Path,Path,Limestone,Forest Preserve District of DuPage County,Addison, ,,6171.32,-87.975538,41.941800
278,10990286,286,Offstreet,Waterfall Glen Main Trail,Lemont Rd,Clarendon Hills Rd,Southern DuPage County Regional Trail,Existing,Regional,Path,Path,Limestone,Forest Preserve District of DuPage County,Downers Grove South, ,,27554.86,-87.986331,41.717141
279,10000287,287,101st St,101st St Trail,Woodward Av,Lemont Rd,Southern DuPage County Regional Trail,Existing,Regional,Path,Sidepath,Paved,Downers Grove Township,Downers Grove South,DT-0029-05,,4099.68,-88.013797,41.703521
280,10000288,288,Clarendon Hills Rd,Clarendon Hills Rd Bikeway,91st St,Waterfall Glen Forest Preserve,Southern DuPage County Regional Trail,Existing,Regional,Bike Route,Bike Route,Paved,Downers Grove Township,Downers Grove South, ,,2624.45,-87.953311,41.719849
281,10000289,289,91st St,91st St Bikeway,Clarendon Hills Rd,IL 83,Southern DuPage County Regional Trail,Existing,Regional,Bike Route,Bike Lane,Paved,Downers Grove Township,Downers Grove South,DT-0032-07,,2644.96,-87.948155,41.723175
282,7330291,291,75th St,75th St Trail,Plainfield-Naperville Rd,Modaff Rd,Southern DuPage County Regional Trail,Existing,Regional,Path,Sidepath,Paved,DuPage County DOT,Naperville, ,,5447.96,-88.159097,41.747571
283,8000292,292,Offstreet,Seven Bridges Trail,Double Eagle Dr,Hobson Rd,East Branch DuPage River Trail,Existing,Regional,Path,Path,Paved,Private,Lisle, ,,4636.62,-88.072070,41.764061
284,8000293,293,Offstreet,Seven Bridges Park Trail,Greene Rd,Green Trails Dr,Loop Trail,Existing,Local,Path,Path,Paved,Woodridge Park District,Lisle, ,,791.38,-88.077779,41.764825
285,8000294,294,Offstreet,Seven Bridges Park Trail,Green Trails Dr,Greene Rd,Loop Trail,Existing,Local,Path,Path,Paved,Private,Lisle, ,,1778.08,-88.079298,41.765306
286,8021733,1733,Hobson Rd,Hobson Rd Trail,Wehrli Rd,Greene Rd,Southern DuPage County Regional Trail,Existing,Regional,Path,Sidepath,Paved,DuPage County DOT,Lisle, ,,8012.76,-88.088555,41.756986
287,8990296,296,Offstreet,Greene Valley Spur,IL 53, ,Southern DuPage County Regional Trail,Existing,Regional,Path,Path,Limestone,Forest Preserve District of DuPage County,Lisle, ,,1007.90,-88.063888,41.736406
289,8990298,298,Offstreet,East Branch DuPage River Trail, , ,East Branch DuPage River Trail,Existing,Regional,Path,Path,Limestone,Forest Preserve District of DuPage County,Lisle, ,,1934.85,-88.072777,41.745090
290,8990299,299,Offstreet,East Branch DuPage River Trail, , ,East Branch DuPage River Trail,Existing,Regional,Path,Path,Limestone,Forest Preserve District of DuPage County,Lisle, ,,1384.39,-88.072715,41.741211
291,8990300,300,Offstreet,East Branch DuPage River Trail, , ,East Branch DuPage River Trail,Existing,Regional,Path,Path,Limestone,Forest Preserve District of DuPage County,Lisle, ,,466.75,-88.071514,41.738936
292,8990301,301,Offstreet,East Branch DuPage River Trail, , ,East Branch DuPage River Trail,Existing,Regional,Path,Path,Limestone,Forest Preserve District of DuPage County,Lisle, ,,392.28,-88.070585,41.738452
293,8990302,302,Offstreet,East Branch DuPage River Trail, , ,East Branch DuPage River Trail,Existing,Regional,Path,Path,Limestone,Forest Preserve District of DuPage County,Lisle, ,,3461.81,-88.071274,41.734681
294,8990303,303,Offstreet,Greene Valley Spur, , ,Southern DuPage County Regional Trail,Existing,Regional,Path,Path,Paved,Forest Preserve District of DuPage County,Lisle, ,,670.03,-88.066118,41.736374
295,8990304,304,Offstreet,Greene Valley Spur, , ,Southern DuPage County Regional Trail,Existing,Regional,Path,Path,Paved,Forest Preserve District of DuPage County,Lisle, ,,1287.81,-88.068351,41.736615
296,8991735,1735,Offstreet,White Oak Trail,East Branch DuPage River Trail, ,,Existing,Local,Path,Path,Limestone,Forest Preserve District of DuPage County,Lisle, ,,3343.61,-88.078133,41.737272
297,8990306,306,Offstreet,White Oak Trail, , ,,Existing,Local,Path,Path,Limestone,Forest Preserve District of DuPage County,Lisle, ,,2405.88,-88.085723,41.737849
298,8990307,307,Offstreet,White Oak Trail, , ,,Existing,Local,Path,Path,Limestone,Forest Preserve District of DuPage County,Lisle, ,,1533.86,-88.085557,41.735594
299,8990308,308,Offstreet,White Oak Trail, , ,,Existing,Local,Path,Path,Limestone,Forest Preserve District of DuPage County,Lisle, ,,1852.52,-88.075666,41.740486
300,8990309,309,Offstreet,White Oak Trail, , ,,Existing,Local,Path,Path,Limestone,Forest Preserve District of DuPage County,Lisle, ,,3897.23,-88.078162,41.744715
301,8990310,310,Offstreet,Landfill Service Ent, , ,,Existing,Local,Path,Path,Limestone,Forest Preserve District of DuPage County,Lisle, ,,7704.42,-88.077890,41.731145
302,8990311,311,Offstreet,East Branch DuPage River Trail,75th St, ,East Branch DuPage River Trail,Existing,Regional,Path,Path,Limestone,Forest Preserve District of DuPage County,Lisle, ,,674.18,-88.073912,41.748495
303,8990312,312,Offstreet,Valley Trail, , ,,Existing,Local,Path,Path,Limestone,Forest Preserve District of DuPage County,Lisle, ,,5120.03,-88.069646,41.744412
304,8990313,313,Offstreet,Link Trail, , ,,Existing,Local,Path,Path,Limestone,Forest Preserve District of DuPage County,Lisle, ,,803.79,-88.073346,41.743092
305,8990314,314,Offstreet,Link Trail, , ,,Existing,Local,Path,Path,Limestone,Forest Preserve District of DuPage County,Lisle, ,,1863.92,-88.074845,41.738294
306,8990315,315,Offstreet,Scenic Overlook Path, , ,Loop Trail,Existing,Local,Path,Path,Limestone,Forest Preserve District of DuPage County,Lisle, ,,1607.80,-88.078679,41.730429
307,8990316,316,Offstreet,East Branch DuPage River Trail,75th St,Hobson Rd,East Branch DuPage River Trail,Existing,Regional,Path,Path,Limestone,Forest Preserve District of DuPage County,Lisle, ,,5116.62,-88.073172,41.754353
308,8000317,317,Basswood Dr,Basswood Dr Bikeway,Laurel Ln,Tupelo Av,,Existing,Local,Bike Route,Bike Route,Paved,City of Naperville,Lisle, ,,1883.89,-88.146322,41.751782
309,8000318,318,Offstreet,Pioneer Park Trail,Gartner Rd, ,West Branch DuPage River Trail,Existing,Regional,Path,Path,Paved,Naperville Park District,Lisle, ,,2341.34,-88.137641,41.755960
310,8000319,319,Loomis St,Loomis St Bikeway,4th Av,School St,,Existing,Local,Bike Route,Bike Route,Paved,City of Naperville,Lisle, ,,843.61,-88.142175,41.778492
311,8000320,320,4th Av,4th Av Bikeway,Ellsworth St,Loomis St,,Existing,Local,Bike Route,Bike Route,Paved,City of Naperville,Lisle, ,,771.81,-88.144178,41.779629
312,8000321,321,School St,School St Bikeway,Ellsworth St,Sleight St,,Existing,Local,Bike Route,Bike Route,Paved,City of Naperville,Lisle, ,,1187.32,-88.142847,41.777491
313,8000322,322,Sleight St,Sleight St Bikeway,School St,Loomis St,,Existing,Local,Bike Route,Bike Route,Paved,City of Naperville,Lisle, ,,5859.83,-88.140579,41.766733
314,8000323,323,Gartner Rd,Gartner Rd Bikeway,West Branch DuPage River Trail,Olesen Dr,,Existing,Local,Bike Route,Bike Route,Paved,City of Naperville,Lisle, ,,6279.69,-88.133275,41.760934
315,8000324,324,Offstreet,Veterans Park Trail,Gartner Rd,Villa Av,West Branch DuPage River Trail,Existing,Regional,Path,Path,Paved,City of Naperville,Lisle, ,,1361.97,-88.140636,41.758710
316,8990325,325,Offstreet,West Branch DuPage River Trail,Pioneer Park,Hobson Rd,West Branch DuPage River Trail,Existing,Regional,Path,Path,Paved,Forest Preserve District of DuPage County,Lisle, ,,1501.77,-88.132105,41.751771
317,8000326,326,Washington St,Washington St Trail,Hobson Rd,75th St,West Branch DuPage River Trail,Existing,Regional,Path,Sidepath,Limestone,City of Naperville,Lisle, ,,706.94,-88.130205,41.749656
318,8000327,327,Bailey Rd,Bailey Rd Bikeway,Washington St,Ranch View Dr,,Existing,Local,Bike Route,Bike Route,Paved,City of Naperville,Lisle, ,,9051.74,-88.108213,41.741921
319,8000328,328,Washington St,West Banch Riverway Trail,Bailey Rd,75th St,West Branch DuPage River Trail,Existing,Regional,Path,Sidepath,Paved,City of Naperville,Lisle, ,,3230.29,-88.128201,41.744715
320,7000329,329,Bailey Rd,Bailey Rd Bikeway,Modaff Rd,Washington St,,Existing,Local,Bike Route,Bike Route,Paved,City of Naperville,Naperville, ,,6009.39,-88.138516,41.741523
321,7000330,330,Modaff Rd,Modaff Rd Trail,75th St,Bailey Rd,,Existing,Local,Path,Sidepath,Paved,City of Naperville,Naperville, ,,2631.83,-88.147877,41.744603
322,7000331,331,Modaff Rd,Modaff Rd Bikeway,Bailey Rd,Travelaire Av,,Existing,Local,Bike Route,Bike Lane,Paved,City of Naperville,Naperville, ,,5308.45,-88.147949,41.736429
323,2000332,332,Offstreet,Turnberry Trail, , ,Loop Trail,Existing,Local,Path,Path,Paved,Roselle Park District,Bloomingdale, ,,7166.37,-88.122924,41.978169
324,2000333,333,Offstreet,Goose Lake Park Trail, , ,Loop Trail,Existing,Local,Path,Path,Paved,Roselle Park District,Bloomingdale, ,,833.55,-88.108779,41.976046
325,2000334,334,Waterbury Ln,Waterbury Ln Bikeway,Turnberry Pond Path,Rodenburg Av,,Existing,Local,Bike Route,Bike Route,Paved,Village of Roselle,Bloomingdale, ,,953.08,-88.113074,41.975330
326,2000335,335,Offstreet,Turnberry Pond Trail, , ,Loop Trail,Existing,Local,Path,Path,Paved,Private,Bloomingdale, ,,2700.59,-88.117062,41.976229
327,1290336,336,Greenbrook Blvd,Greenbrook Blvd Trail,County Farm Rd,Lake St,Stearns Rd Bike Path,Existing,Regional,Path,Sidepath,Paved,DuPage County DOT,Wayne, ,,3045.20,-88.144279,41.974428
328,2990337,337,Offstreet,Link Trail,Stearns Rd,North Central DuPage Regional Trail,North Central DuPage Regional Trail,Existing,Regional,Path,Path,Paved,Forest Preserve District of DuPage County,Bloomingdale, ,,3900.21,-88.138251,41.971496
329,2990338,338,Offstreet,North Central DuPage Regional Trail, , ,North Central DuPage Regional Trail,Existing,Regional,Path,Path,Limestone,Forest Preserve District of DuPage County,Bloomingdale, ,,2433.99,-88.137308,41.966672
330,2990339,339,Offstreet,North Central DuPage Regional Trail, , ,North Central DuPage Regional Trail,Existing,Regional,Path,Path,Limestone,Forest Preserve District of DuPage County,Bloomingdale, ,,3311.94,-88.128254,41.966024
331,2990340,340,Offstreet,North Central DuPage Regional Trail, , ,North Central DuPage Regional Trail,Existing,Regional,Path,Path,Limestone,Forest Preserve District of DuPage County,Bloomingdale, ,,1457.90,-88.126727,41.961738
332,2990341,341,Offstreet,North Central DuPage Regional Trail, , ,North Central DuPage Regional Trail,Existing,Regional,Path,Path,Limestone,Forest Preserve District of DuPage County,Bloomingdale, ,,443.25,-88.133263,41.965964
333,5000344,344,Offstreet,Atten Park Trail, , ,Loop Trail,Existing,Local,Path,Path,Paved,Wheaton Park District,Milton, ,,9123.91,-88.143685,41.842439
334,5000345,345,Offstreet,Graf Park Trail,DuPage County Complex, ,Loop Trail,Existing,Local,Path,Path,Paved,Wheaton Park District,Milton, ,,5031.13,-88.130423,41.868579
335,5001837,1837,Offstreet,Lincoln Marsh Connector,Nepil Av,Monroe Middle School Ent,,Existing,Local,Path,Bridge,Paved,City of Wheaton,Milton, ,,1627.43,-88.131682,41.870760
336,5000347,347,College Av,College Av Bikeway,Stoddard Av,Main Stem,,Existing,Local,Bike Route,Bike Route,Paved,City of Wheaton,Milton, ,,366.27,-88.088718,41.869277
337,5000348,348,Stoddard Av,Stoddard Av Bikeway,Harrison Av,College Av,,Existing,Local,Bike Route,Bike Route,Paved,City of Wheaton,Milton, ,0,1643.74,-88.089518,41.871542
338,5000349,349,Harrison Av,Harrison Av Bikeway,Webster Av,Stoddard Av,,Existing,Local,Bike Route,Bike Route,Paved,City of Wheaton,Milton, ,0,1010.77,-88.091358,41.873703
339,5000350,350,Webster Av,Webster Av Bikeway,Cadillac Dr,Harrison Av,,Existing,Local,Bike Route,Bike Route,Paved,City of Wheaton,Milton, ,0,1874.49,-88.093318,41.877935
340,5000351,351,Cadillac Dr,Cadillac Dr Bikeway,Wakeman Av,Webster Av,,Existing,Local,Bike Route,Bike Route,Paved,Wheaton Park District,Milton, ,0,1001.38,-88.095801,41.878779
341,5000352,352,Wakeman Av,Wakeman Av Bikeway,Scott St,Wakeman Av,,Existing,Local,Bike Route,Bike Route,Paved,City of Wheaton,Milton, ,0,1782.47,-88.099827,41.878909
342,5000353,353,Scott St,Scott St Bikeway,Parkway Dr,Wakeman Av,,Existing,Local,Bike Route,Bike Route,Paved,City of Wheaton,Milton, ,0,721.92,-88.103645,41.879816
343,5000354,354,Parkway Dr,Parkway Dr Bikeway,Main St,Scott St,,Existing,Local,Bike Route,Bike Route,Paved,City of Wheaton,Milton, ,0,850.48,-88.105214,41.880778
344,5000356,356,West St,West St Bikeway,Northside Park Trail,Seminary Av,,Existing,Local,Bike Route,Bike Route,Paved,City of Wheaton,Milton, ,0,3581.19,-88.111604,41.872216
345,5000357,357,Lincoln Av,Lincoln Av Bikeway,Western Av,Washington St,,Existing,Local,Bike Route,Bike Route,Paved,City of Wheaton,Milton, ,0,4621.09,-88.109999,41.870241
346,5000358,358,Washington St,Washington St Bikeway,Lincoln Av,IL Prairie Path,,Existing,Local,Bike Route,Bike Route,Paved,City of Wheaton,Milton, ,0,1825.68,-88.101061,41.868100
347,9310359,359,Plainfield Rd,Plainfield Rd Trail,Lemont Rd,Manning Rd,Southern DuPage County Regional Trail,Existing,Regional,Path,Sidepath,Paved,DuPage County DOT,Downers Grove North, ,,7265.44,-88.000392,41.738920
348,9000360,360,Manning Rd,Manning Rd Bikeway,Fairview Av,Plainfield Rd,Southern DuPage County Regional Trail,Existing,Regional,Bike Route,Bike Lane,Paved,City of Darien,Downers Grove North,DT-0006-05,,2076.29,-87.990536,41.744779
349,9330361,361,75th St,75th St Trail,Fairview Av,Clarendon Hills Rd,Southern DuPage County Regional Trail,Existing,Regional,Path,Sidepath,Paved,DuPage County DOT,Downers Grove North,DT-0006-05,,10868.69,-87.972377,41.751808
350,9000362,362,75th St,75th St Trail,IL-83,Quincy St,Southern DuPage County Regional Trail,Existing,Regional,Path,Sidepath,Paved,Village of Willowbrook,Downers Grove North,DT-0005-05,,3724.79,-87.939406,41.754207
351,9000363,363,Ridgemoor Dr,Ridgemoor Dr Bikeway,Lane Ct,Madison St,,Existing,Local,Bike Route,Bike Route,Paved,Village of Westmont,Downers Grove North, ,,1033.94,-87.937202,41.770136
352,9080364,364,Madison St,Madison St Trail,High Grove Blvd,Executive Dr,Southern DuPage County Regional Trail,Existing,Regional,Path,Sidepath,Paved,DuPage County DOT,Downers Grove North, ,,4224.81,-87.935310,41.757578
353,9990365,365,Offstreet,Maple Grove Forest Preserve Trail,Maple Av,Gilbert Av,,Existing,Local,Path,Path,Limestone,Forest Preserve District of DuPage County,Downers Grove North, ,,4876.58,-88.023794,41.790530
354,6000366,366,Washington St,Washington St Bikeway,Spring Rd,Bonnie Brae Rd,Hinsdale Bikeway,Existing,Regional,Bike Route,Bike Route,Paved,Village of Hinsdale,York, ,,2219.60,-87.930260,41.817988
355,5540367,367,Swift Rd,Swift Rd Trail,Great Western Trail,Sundrop Tr,East Branch DuPage River Trail,Existing,Regional,Path,Sidepath,Limestone,DuPage County DOT,Milton, ,,366.31,-88.045940,41.893090
356,5990368,368,Offstreet,Churchill Woods Trail,St Charles Rd, ,,Existing,Local,Path,Path,Limestone,Forest Preserve District of DuPage County,Milton, ,,1455.10,-88.040312,41.887470
357,5990369,369,Offstreet,Churchill Woods Trail,St Charles Rd, ,,Existing,Local,Path,Path,Paved,Forest Preserve District of DuPage County,Milton, ,,781.70,-88.039691,41.888851
358,5990370,370,Offstreet,Churchill Woods Trail,Swift Rd,St Charles Rd,East Branch DuPage River Trail,Existing,Regional,Path,Path,Limestone,Forest Preserve District of DuPage County,Milton, ,,3413.12,-88.043149,41.890354
359,5990371,371,Offstreet,Hidden Lakes Trail, , ,East Branch DuPage River Trail,Existing,Local,Path,Path,Paved,Forest Preserve District of DuPage County,Milton, ,,2584.67,-88.052269,41.829887
360,6000372,372,Meyers Rd,Meyers Rd Trail,31st St,35th St,,Existing,Local,Path,Sidepath,Paved,Village of Oak Brook,York, ,,2610.66,-87.991071,41.829520
361,6001740,1740,35th St,35th St Trail,Saddlebrook Dr,Cass Av,,Existing,Local,Path,Sidepath,Paved,Village of Oak Brook,York, ,,3428.02,-87.978291,41.824361
362,6000374,374,Offstreet,Saddlebrook Trail,35th St,Saddlebrook Dr,Loop Trail,Existing,Local,Path,Path,Paved,Village of Oak Brook,York, ,,3660.71,-87.985800,41.821616
364,6000376,376,Offstreet,Trinity Lakes Trail, , ,Loop Trail,Existing,Local,Path,Path,Paved,Village of Oak Brook,York, ,,3548.43,-87.968240,41.826690
365,6000377,377,Offstreet,Trinity Lakes Trail, , ,Loop Trail,Existing,Local,Path,Path,Paved,Village of Oak Brook,York, ,,382.84,-87.963760,41.828972
366,6000378,378,Offstreet,Trinity Lakes Trail, , ,Loop Trail,Existing,Local,Path,Path,Paved,Village of Oak Brook,York, ,,1050.81,-87.963940,41.830595
367,6990379,379,Offstreet,Mayslake Forest Preserve,31st St,Mayslake Forest Preserve,,Existing,Local,Path,Path,Paved,Forest Preserve District of DuPage County,York, ,,1691.74,-87.961291,41.830825
368,6000380,380,Offstreet,Central Park Trail,Jorie Blvd,IL 83,Loop Trail,Existing,Local,Path,Path,Paved,Private,York, ,,12511.26,-87.953166,41.837960
369,6000381,381,Offstreet,Brook Forest Trail,Midwest Dr,IL 83,,Existing,Local,Path,Path,Paved,Village of Oak Brook,York, ,,4453.76,-87.964201,41.843239
370,6000382,382,Offstreet,Sports Core Trail,31st St,Jorie Blvd,,Existing,Local,Path,Path,Paved,Village of Oak Brook,York, ,,1021.48,-87.947162,41.833920
371,6000383,383,Jorie Blvd,Jorie Blvd Trail,31st St,22nd St,,Existing,Local,Path,Sidepath,Paved,Village of Oak Brook,York, ,,7834.78,-87.945781,41.840413
372,6000384,384,Spring Rd,Spring Rd Trail,31st St,Fullersburg Forest Preserve Trail,,Existing,Local,Path,Sidepath,Paved,Village of Oak Brook,York, ,,4755.75,-87.940161,41.827228
376,6000388,388,Harger Rd,Harger Road Trail,Spring Rd,Salt Creek,,Existing,Local,Path,Sidepath,Paved,Village of Oak Brook,York, ,,3389.85,-87.942194,41.852055
377,6000389,389,16th St,16th St Trail,Oak Brook Mall N Ent,Harger Rd,,Existing,Local,Path,Sidepath,Paved,Village of Oak Brook,York, ,,2737.94,-87.949279,41.853684
378,6000390,390,22nd St,22nd St Trail,Spring Rd,York Rd,,Existing,Local,Path,Sidepath,Paved,Village of Oak Brook,York, ,,5133.83,-87.942764,41.846892
379,6000391,391,22nd St,22nd St Trail,York Rd,Windsor Dr,,Existing,Local,Path,Sidepath,Paved,Village of Oak Brook,York, ,,853.61,-87.928183,41.847671
380,6341742,1742,31st St,31st St Trail,Midwest Rd,E of IL 83,I-88 Central DuPage Bikeway,Existing,Regional,Path,Sidepath,Paved,DuPage County DOT,York, ,,4506.26,-87.963051,41.831776
381,6000393,393,Offstreet,Forest Glen Park Trail,Wood Glen Ln, ,Loop Trail,Existing,Local,Path,Path,Paved,Oak Brook Park District,York, ,,2705.46,-87.922663,41.858516
382,3000394,394,Center St,Center St Bikeway,Hicory Dr,Greenview Rd,,Existing,Local,Bike Route,Bike Route,Paved,Village of Itasca,Addison, ,,4522.05,-88.015748,41.973321
383,3000395,395,Grove St,Grove St Bikeway,Grove St,Walnut St,,Existing,Local,Bike Route,Bike Route,Paved,Village of Itasca,Addison, ,,1324.59,-88.015203,41.969461
384,3000396,396,Offstreet,Spring Brook Trail,Forest Av, ,Loop Trail,Existing,Local,Path,Path,Paved,Itasca Park District,Addison, ,,717.47,-88.019547,41.969574
385,3000397,397,Washington St,Washington St Bikeway,Maple Av,Prospect Av,,Existing,Local,Bike Route,Bike Route,Paved,Village of Itasca,Addison, ,,4571.54,-88.007219,41.965755
386,3000398,398,George St,George St Bikeway,Maple Av,Prospect Av,,Existing,Local,Bike Route,Bike Route,Paved,Village of Itasca,Addison, ,,4420.52,-88.008902,41.963430
387,3000400,400,Maple Av,Maple Av Bikeway,Grove St,George St,,Existing,Local,Bike Route,Bike Route,Paved,Village of Itasca,Addison, ,,2243.93,-88.014604,41.965967
388,3000401,401,Lake Park Dr,Lake Park Dr Bikeway,Lake Manor Dr,Hale St,,Existing,Local,Bike Route,Bike Route,Paved,Village of Addison,Addison, ,,3590.79,-87.999559,41.921903
389,3000402,402,Mill Rd,Mill Rd Bikeway,Montrose Av,Lake Park Dr,,Existing,Local,Bike Route,Bike Route,Paved,Village of Addison,Addison, ,,12740.79,-88.003372,41.938485
390,3000403,403,Lake Manor Dr,Lake Manor Dr Bikeway,Lake Park Dr,Mill Rd,,Existing,Local,Bike Route,Bike Route,Paved,Village of Addison,Addison, ,,1170.91,-88.005440,41.922179
391,6000404,404,Offstreet,Lombard Lagoon Trail,Grant St,La Moyne Av,Loop Trail,Existing,Local,Path,Path,Paved,Lombard Park District,York, ,,2561.10,-88.006219,41.903560
392,6000405,405,Offstreet,Terrace View Park Trail,Green Field Av, ,Loop Trail,Existing,Local,Path,Path,Paved,Lombard Park District,York, ,,4292.79,-88.022206,41.895148
393,6000406,406,Offstreet,Vista Pond Trail,Westwood Av, ,Loop Trail,Existing,Local,Path,Path,Paved,Lombard Park District,York, ,,2550.87,-88.000331,41.893988
395,6000408,408,Offstreet,Lombard Common Trail,Grant St,Emerson Av,Loop Trail,Existing,Local,Path,Path,Paved,Lombard Park District,York, ,,2252.45,-88.006351,41.887187
396,6000409,409,Offstreet,Madison Meadow Trail,Madison St,Hawthorn Av,Loop Trail,Existing,Local,Path,Path,Paved,Lombard Park District,York, ,,7939.29,-88.000661,41.872767
397,6000413,413,Offstreet,N.C.C. Pedway, , ,,Existing,Local,Path,Path,Paved,Private,York, ,,440.47,-88.012560,41.863675
398,6000414,414,Offstreet,Lombard Park Trail, , ,,Existing,Local,Path,Path,Paved,Lombard Park District,York, ,,2856.13,-88.009468,41.863576
399,6000415,415,Offstreet,N.C.C. Pedway, , ,,Existing,Local,Path,Path,Paved,Private,York, ,,582.51,-88.012383,41.862150
400,6000416,416,Offstreet,Four Seasons Park Trail,Main St,Knolls of Yorktown Pedway,Loop Trail,Existing,Local,Path,Path,Paved,Village of Lombard,York, ,,3836.82,-88.019946,41.851730
401,6000417,417,Offstreet,Knolls of Yorktown Pedway,Four Seasons Park,22nd St,,Existing,Local,Path,Path,Paved,Village of Lombard,York, ,,2161.18,-88.021509,41.848871
402,6000418,418,Offstreet,Oakbrook Terrace Trail,Eisenhower Rd,Hauser Rd,,Existing,Local,Path,Path,Paved,Village of Oakbrook Terrace,York, ,,4019.91,-87.964430,41.849149
403,6990419,419,York Woods,York Woods Trail, , ,Salt Creek Greenway Trail,Existing,Regional,Path,Sidepath,Paved,Forest Preserve District of DuPage County,York, ,,2387.64,-87.936122,41.859260
404,6990420,420,York Woods,York Woods Trail, , ,Salt Creek Greenway Trail,Existing,Regional,Path,Sidepath,Paved,Forest Preserve District of DuPage County,York, ,,478.73,-87.931940,41.858432
405,6990421,421,York Woods,York Woods Trail, , ,Salt Creek Greenway Trail,Existing,Regional,Path,Sidepath,Paved,Forest Preserve District of DuPage County,York, ,,278.39,-87.931091,41.857900
406,6990422,422,York Woods,York Woods Trail, , ,Salt Creek Greenway Trail,Existing,Local,Path,Sidepath,Paved,Forest Preserve District of DuPage County,York, ,,458.18,-87.932120,41.857591
407,6990423,423,York Woods,York Woods Trail, , ,Salt Creek Greenway Trail,Existing,Regional,Path,Sidepath,Paved,Forest Preserve District of DuPage County,York, ,,2055.45,-87.934082,41.860013
408,9000424,424,Plaza Dr,Plaza Dr Bikeway,Blackhawk Dr,Westmont Dr,,Existing,Local,Bike Route,Bike Route,Paved,Village of Westmont,Downers Grove North, ,,1252.47,-87.966632,41.812725
409,9000425,425,Traube Av,Traube Av Bikeway,Cass Av,Blackhawk Dr,,Existing,Local,Bike Route,Bike Route,Paved,Village of Westmont,Downers Grove North, ,,1981.26,-87.972167,41.807659
410,9000426,426,Warwick Av,Warwick Av Bikeway,Traube Av,Chicago Av,,Existing,Local,Bike Route,Bike Route,Paved,Village of Westmont,Downers Grove North, ,,1767.30,-87.973269,41.805206
411,9000427,427,Chicago Av,Chicago Av Bikeway,Naperville Rd,Richmond Av,,Existing,Local,Bike Route,Bike Route,Paved,Village of Westmont,Downers Grove North, ,,2251.98,-87.970417,41.802836
412,9000428,428,Linden Av,Linden Av Bikeway,Naperville Rd,Burlington Av,,Existing,Local,Bike Route,Bike Route,Paved,Village of Westmont,Downers Grove North, ,,2339.75,-87.974065,41.799187
413,9000429,429,Norfolk Av,Norfolk Av Bikeway,Cass Av,Chicago Av,,Existing,Local,Bike Route,Bike Route,Paved,Village of Clarendon Hills,Downers Grove North, ,,7912.74,-87.959358,41.800143
414,9000430,430,Richmond St,Richmond St Bikeway,Williams St,Linden Av,,Existing,Local,Bike Route,Bike Route,Paved,Village of Westmont,Downers Grove North, ,,3100.82,-87.977943,41.793636
415,9000431,431,Cass Av,Cass Av Bikeway,Burlington Av,Richmond St,,Existing,Local,Bike Route,Bike Route,Paved,Village of Westmont,Downers Grove North, ,,784.31,-87.975311,41.794919
416,9000432,432,Burlington Av,Burlington Av Bikeway,Cumnor Rd,Linden Av,,Existing,Local,Bike Route,Bike Route,Paved,Village of Westmont,Downers Grove North, ,,4471.39,-87.975569,41.796040
417,9000433,433,Williams St,Williams St Bikeway,Richmond St,55th St,,Existing,Local,Bike Route,Bike Route,Paved,Westmont Park District,Downers Grove North, ,,2021.12,-87.984795,41.789394
418,9000434,434,Offstreet,Twin Lakes Park Trail,55th St,59th St,Loop Trail,Existing,Local,Path,Path,Paved,Westmont Park District,Downers Grove North, ,,6110.01,-87.982644,41.782854
420,9000436,436,Cumnor Rd,Cumnor Rd Bikeway,Traube Av,Naperville Rd,,Existing,Local,Bike Route,Bike Route,Paved,Village of Westmont,Downers Grove North, ,,1802.48,-87.978451,41.804141
421,9000437,437,Traube Av,Traube Av Bikeway,Cumnor Rd,Cass Av,,Existing,Local,Bike Route,Bike Route,Paved,Village of Westmont,Downers Grove North, ,,759.25,-87.977149,41.806637
423,9000439,439,Cass Av,Cass Av Bikeway,Traube Av,Traube Av,,Existing,Local,Bike Route,Bike Route,Paved,Village of Westmont,Downers Grove North, ,,339.11,-87.975771,41.807125
424,6000440,440,Oakwood Dr,Oakwood Dr Bikeway,35th St,Blackhawk Dr,,Existing,Local,Bike Route,Bike Route,Paved,Village of Westmont,York, ,,1760.20,-87.965713,41.822610
425,6000441,441,35th St,35th St Trail,Trinity Lakes Trail,St Stephens Green,,Existing,Local,Path,Sidepath,Paved,Village of Westmont,York, ,,2315.64,-87.964641,41.824708
426,9000442,442,Offstreet,Harvester Park Trail,74th St,Harvester Park,Loop Trail,Existing,Local,Path,Path,Paved,Burr Ridge Park District,Downers Grove North, ,,1743.97,-87.930082,41.757251
427,9000443,443,Offstreet,Harvester Park Trail,74th St,Harvester Park,Loop Trail,Existing,Local,Path,Path,Paved,Burr Ridge Park District,Downers Grove North, ,,2087.93,-87.927560,41.758796
428,9000445,445,Offstreet,McCullough Park Trail,Plainfield Rd, ,Loop Trail,Existing,Local,Path,Path,Paved,Burr Ridge Park District,Downers Grove North, ,,1502.13,-87.916619,41.769196
429,9000447,447,Wilmette Av,Wilmette Av Bikeway,59th St,60th St,,Existing,Local,Bike Route,Bike Route,Paved,Village of Westmont,Downers Grove North, ,,668.94,-87.969937,41.780134
430,9000448,448,Deming Pl,Deming Pl Bikeway,60th St,Jameson Way,,Existing,Local,Bike Route,Bike Route,Paved,Village of Westmont,Downers Grove North, ,,536.03,-87.969475,41.778930
431,9000449,449,Wexford Dr,Wexford Dr Bikeway,Jameson Way,Ashford Ln,,Existing,Local,Bike Route,Bike Route,Paved,Village of Westmont,Downers Grove North, ,,1109.12,-87.968374,41.775808
432,9000450,450,Ashford Ln,Ashford Ln Bikeway,Ridge Rd,Wexford Dr,,Existing,Local,Bike Route,Bike Route,Paved,Village of Westmont,Downers Grove North, ,,281.16,-87.969275,41.774430
433,9000451,451,67th St,67th St Bikeway,Whipple Ln,Cass Av,,Existing,Local,Bike Route,Bike Route,Paved,Village of Westmont,Downers Grove North, ,,2925.25,-87.980768,41.766298
434,9000452,452,Williams St,Williams St Bikeway,59th St,Whipple Ln,,Existing,Local,Bike Route,Bike Route,Paved,Village of Westmont,Downers Grove North, ,,5165.99,-87.984476,41.771078
435,9000453,453,Ridge Rd,Ridge Rd Bikeway,Ashford Ln,67th St,,Existing,Local,Bike Route,Bike Route,Paved,Village of Westmont,Downers Grove North, ,,2875.30,-87.969601,41.770464
436,9000454,454,Jameson Way,Jameson Way Bikeway,Deming Pl,Wexford Dr,,Existing,Local,Bike Route,Bike Route,Paved,Village of Westmont,Downers Grove North, ,,715.75,-87.967988,41.777851
437,5000455,455,Offstreet,Central Park Trail,Main St, ,Loop Trail,Existing,Local,Path,Path,Paved,Wheaton Park District,Milton, ,,482.18,-88.106900,41.859893
438,5000456,456,Offstreet,Kelly Park Trail,Main St, ,Loop Trail,Existing,Local,Path,Path,Limestone,Wheaton Park District,Milton, ,,6567.76,-88.107429,41.852964
439,5000459,459,Offstreet,Seven Gables Park Trail,Naperville Rd,Brighton Dr,Loop Trail,Existing,Local,Path,Path,Limestone,Wheaton Park District,Milton, ,,11109.70,-88.109874,41.838898
440,5000460,460,Offstreet,Briarpatch Park Trail,22nd St,Brentwood Ln,Loop Trail,Existing,Local,Path,Path,Limestone,Wheaton Park District,Milton, ,,7105.37,-88.087384,41.841248
441,5000461,461,Offstreet,Scottdale Park Trail, , ,Loop Trail,Existing,Local,Path,Path,Paved,Wheaton Park District,Milton, ,,2883.53,-88.080082,41.826312
442,8000462,462,Offstreet,Community Park Trail, , ,Loop Trail,Existing,Local,Path,Path,Paved,Lisle Park District,Lisle, ,,523.66,-88.078126,41.792903
443,8000463,463,Main St,Main St Bikeway,Lacey Av,Short St,,Existing,Local,Bike Route,Bike Route,Paved,Village of Lisle,Lisle, ,,3545.62,-88.074520,41.797898
444,8000464,464,Lacey Av,Lacey Av Bikeway,Main St,Southport Av,,Existing,Local,Bike Route,Bike Route,Paved,Village of Lisle,Lisle, ,,1290.19,-88.071481,41.802886
445,5000465,465,Offstreet,Brighton Park Trail,Brighton Dr,Avalon Ct,Loop Trail,Existing,Local,Path,Path,Limestone,Wheaton Park District,Milton, ,,1415.13,-88.122953,41.835925
446,5000466,466,Offstreet,Dorset Park Trail,IL 56,Orchard Rd,Loop Trail,Existing,Local,Path,Path,Limestone,Wheaton Park District,Milton, ,,1013.84,-88.125142,41.829768
447,5000467,467,IL 56,IL 56 Trail,Lacey Av,Butterfield Park District Ent,East Branch DuPage River Trail,Existing,Regional,Path,Sidepath,Paved,IDOT,Milton, ,,4447.48,-88.047533,41.831856
448,5000468,468,Brentwood Park,Brentwood Park Trail,Valley Rd,Foxworth Blvd,,Existing,Local,Path,Sidepath,Paved,Lombard Park District,Milton, ,,1489.10,-88.039837,41.848352
449,7000469,469,McDowell Rd,McDowell Rd,Bond St,Raymond Dr,,Existing,Local,Bike Route,Bike Lane,Paved,City of Naperville,Naperville, ,,3806.27,-88.191663,41.796481
450,7000470,470,Webster St,Webster St Bikeway,Aurora Av,Hillside Rd,West Branch DuPage River Trail,Existing,Regional,Bike Route,Bike Route,Paved,City of Naperville,Naperville, ,,1365.96,-88.151529,41.768519
451,7000471,471,Aurora Av,Aurora Av Trail,Eagle St,Webster Av,West Branch DuPage River Trail,Existing,Regional,Path,Sidepath,Paved,City of Naperville,Naperville, ,,408.79,-88.152270,41.769868
452,7000472,472,Eagle St,Eagle St Bikeway,Jackson Av,Aurora Av,West Branch DuPage River Trail,Existing,Regional,Bike Route,Bike Lane,Paved,City of Naperville,Naperville, ,,779.49,-88.153037,41.770648
453,7000473,473,Jackson Av,Jackson Av Bikeway,Parkway Dr,Eagle St,West Branch DuPage River Trail,Existing,Regional,Bike Route,Bike Route,Paved,City of Naperville,Naperville, ,,2782.66,-88.160278,41.772199
454,7000474,474,Jefferson Av,Jefferson Av Bikeway,Will-O-Way Commons,Parkway Dr,West Branch DuPage River Trail,Existing,Regional,Bike Route,Bike Lane,Paved,City of Naperville,Naperville, ,,1307.01,-88.164735,41.773034
455,8000475,475,Melody Ln,Melody Ln Bikeway,Hillside Rd,Maple Ln,West Branch DuPage River Trail,Existing,Regional,Bike Route,Bike Route,Paved,City of Naperville,Lisle, ,,873.79,-88.147263,41.764861
456,8000476,476,Maple Ln,Maple Ln Bikeway,Melody Ln,Sunset Dr,West Branch DuPage River Trail,Existing,Regional,Bike Route,Bike Route,Paved,City of Naperville,Lisle, ,,625.04,-88.146439,41.763386
457,8000477,477,Sunset Dr,Sunset Dr Bikeway,Maple Ln,Loomis St,West Branch DuPage River Trail,Existing,Regional,Bike Route,Bike Route,Paved,City of Naperville,Lisle, ,,993.78,-88.143749,41.762699
458,7000478,478,Hillside Rd,Hillside Rd Bikeway,Webster St,Melody Ln,West Branch DuPage River Trail,Existing,Regional,Bike Route,Bike Route,Paved,City of Naperville,Naperville, ,,1260.68,-88.148918,41.765952
459,8000479,479,Washington St,DuPage River Trail Segment 3,87th St,Bailey Rd,West Branch DuPage River Trail,Existing,Regional,Path,Sidepath,Paved,Naperville Park District,Lisle, ,,4930.57,-88.127212,41.734858
460,7000480,480,Offstreet,Wildflower Park Trail,Aurora Rd,Fort Hill,,Existing,Local,Path,Path,Paved,Naperville Park District,Naperville, ,,2159.60,-88.191261,41.763202
461,7000481,481,Offstreet,Lake Oswald Trail,Oswego Rd, ,Loop Trail,Existing,Local,Path,Path,Paved,Naperville Park District,Naperville, ,,3697.18,-88.178981,41.763891
462,7000482,482,Modaff Rd,Modaff Rd Bikeway,Gartner Rd,75th St,,Existing,Local,Bike Route,Bike Route,Paved,City of Naperville,Naperville, ,,1825.38,-88.147801,41.749847
463,7000483,483,Gartner Rd,Gartner Rd Bikeway,Modaff Rd,Washington St,,Existing,Local,Bike Route,Bike Route,Paved,City of Naperville,Naperville, ,,2049.02,-88.144007,41.754742
464,1990484,484,Offstreet,James Pate Phillips State Park Trail, , ,Loop Trail,Existing,Local,Path,Path,Limestone,Forest Preserve District of DuPage County,Wayne, ,,14869.22,-88.256199,41.982277
465,3000485,485,Mittel Dr,Mittel Dr Bikeway,Bauman Ct,Wooddale Rd,O'Hare Connector,Existing,Regional,Bike Route,Bike Route,Paved,City of Wood Dale,Addison, ,,4388.09,-87.985398,41.977623
466,3990486,486,Offstreet,Wood Dale Reservoir Trail, , ,Salt Creek Greenway Trail,Existing,Local,Path,Path,Paved,Forest Preserve District of DuPage County,Addison, ,,7221.40,-87.989715,41.973315
467,4000487,487,Kautz Rd,Kautz Rd Trail,Geneva Dr,IL 38,,Existing,Local,Path,Sidepath,Paved,City of West Chicago,Winfield, ,,1217.71,-88.262641,41.893680
468,8000488,488,Offstreet,Summerhill Park Trail,Parkside Ct,63rd St Park,,Existing,Local,Path,Path,Paved,Woodridge Park District,Lisle, ,,2071.19,-88.062481,41.772895
469,8000489,489,Jackson Dr,Jackson Dr Bikeway,Green Dr,Lee St,Southern DuPage County Regional Trail,Existing,Regional,Bike Route,Bike Route,Paved,Village of Woodridge,Lisle,2010 LOU,,1671.26,-88.049928,41.774662
470,8000490,490,Lee St,Lee St Bikeway,Jackson Dr,Hobson Rd,Southern DuPage County Regional Trail,Existing,Regional,Bike Route,Bike Route,Paved,Village of Woodridge,Lisle,2010 LOU,,820.58,-88.045992,41.775192
471,1000491,491,Schick Rd,Schick Rd Trail,S Bartlett Rd,Petersdorf Rd,North Central DuPage Regional Trail,Existing,Regional,Path,Sidepath,Paved,Village of Bartlett,Wayne, ,,2929.39,-88.199163,41.951217
472,1000492,492,Struckman Blvd,Struckman Blvd Trail,S Bartlett Rd,Hawk Hollow Trail,North Central DuPage Regional Trail,Existing,Regional,Path,Sidepath,Paved,Village of Bartlett,Wayne, ,,1077.59,-88.183955,41.961401
473,1000493,493,Struckman Blvd,Struckman Blvd Trail,IL 59,S Bartlett Rd,,Existing,Local,Path,Sidepath,Paved,Village of Bartlett,Wayne, ,,2170.16,-88.202179,41.962500
474,8990494,494,Offstreet,Southern DuPage County Regional Trail, , ,Southern DuPage County Regional Trail,Existing,Regional,Path,Path,Limestone,Forest Preserve District of DuPage County,Lisle, ,,460.00,-88.069811,41.737938
475,9000495,495,59th St,59th St Bikeway,Western Av,Clarendon Hills Rd,Southern DuPage County Regional Trail,Existing,Regional,Bike Route,Bike Route,Paved,Village of Willowbrook,Downers Grove North,DT-0084-05,,2009.55,-87.959633,41.781174
476,9000496,496,Highland Av,Highland Av Bikeway,79th Pl,Plainfield Rd,Southern DuPage County Regional Trail,Existing,Regional,Bike Route,Bike Route,Paved,Downers Grove Township,Downers Grove North, ,,3140.06,-88.007005,41.738961
477,9000497,497,Main St,Main St Bikeway,83rd St,86th St,Southern DuPage County Regional Trail,Existing,Regional,Bike Route,Bike Route,Paved,Downers Grove Township,Downers Grove North, ,,1760.61,-88.007822,41.733144
478,9000498,498,86th St,86th St Bikeway,Brookridge,Main St,Southern DuPage County Regional Trail,Existing,Regional,Bike Route,Bike Route,Paved,Village of Downers Grove,Downers Grove North, ,,381.30,-88.007980,41.731703
479,9000499,499,Brookridge Rd,Brookridge Rd Bikeway,86th St,87th St,Southern DuPage County Regional Trail,Existing,Regional,Bike Route,Bike Route,Paved,Downers Grove Township,Downers Grove North, ,,968.06,-88.008129,41.730623
480,3000500,500,Offstreet,Redmond Park Trail,Jefferson St,George St,Loop Trail,Existing,Local,Path,Path,Paved,Village of Bensenville,Addison, ,,9471.82,-87.927208,41.943870
481,5001815,1815,Offstreet,Main Stem,Hale St,Wheaton Av,Illinois Prairie Path,Existing,Regional,Path,Path,Paved,City of Wheaton,Milton, ,,475.92,-88.108722,41.864280
482,2000502,502,Rush St,Rush St Bikeway,Bryn Mawr Av,Spring St,North Central DuPage Regional Trail,Existing,Regional,Bike Route,Bike Route,Paved,Village of Roselle,Bloomingdale, ,,371.44,-88.074207,41.975209
483,2000503,503,Fairfield Way,Fairfield Way Bikeway,Bloomingdale Rd,Schick Rd,,Existing,Local,Bike Route,Bike Route,Paved,Village of Bloomingdale,Bloomingdale, ,,4480.64,-88.074448,41.949688
484,1000504,504,Brewster Creek Blvd,Brewster Creek Blvd Trail,Stearns Rd,W of Munger Rd,,Existing,Local,Path,Sidepath,Paved,Village of Bartlett,Wayne, ,,1542.79,-88.226839,41.983923
485,4000505,505,Offstreet,Geneva Spur,West Branch DuPage River,Winfield Mounds Boundary,Illinois Prairie Path,Existing,Regional,Path,Path,Limestone,DuPage County DOT,Winfield,DT-090-90,,2864.32,-88.167269,41.882459
486,9000506,506,83rd St,83rd St Bikeway,Madison St,County Line Rd,,Existing,Local,Bike Route,Bike Route,Paved,Village of Burr Ridge,Downers Grove North, ,,5299.03,-87.924833,41.738263
487,7990507,507,Offstreet,Springbrook Prairie Trail,Book Rd,Plainfield Rd,,Existing,Local,Path,Path,Limestone,Forest Preserve District of DuPage County,Naperville, ,,26410.36,-88.176938,41.735632
488,7990509,509,Offstreet,McDowell Grove Trail,West Branch DuPage River Trail, ,,Existing,Local,Path,Path,Limestone,Forest Preserve District of DuPage County,Naperville, ,,1012.78,-88.183407,41.803400
489,7030510,510,Ferry Rd,Ferry Rd Trail,E of West Branch DuPage River,E of West Branch DuPage River,West Branch DuPage River Trail,Existing,Regional,Path,Bridge,Paved,DuPage County DOT,Naperville, ,,317.02,-88.175116,41.807099
490,6000511,511,Glendale Av,Glendale Av Bikeway,Madison St,Washington St,,Existing,Local,Bike Route,Bike Route,Paved,Village of Oak Brook,York, ,,1951.04,-87.934073,41.818188
491,6000512,512,Adams St,Adams St Bikeway,Spring Rd,US 34,,Existing,Local,Bike Route,Bike Route,Paved,Village of Oak Brook,York, ,,6076.72,-87.942644,41.822258
494,6000515,515,Dover Dr,Dover Dr Bikeway,York Rd,Windsor Dr,,Existing,Local,Bike Route,Bike Route,Paved,Village of Oak Brook,York, ,,1343.66,-87.927873,41.842782
496,6000517,517,Wildwood Ct,Wildwood Ct Bikeway,Forest Glen Ln,Swift Dr,,Existing,Local,Bike Route,Bike Route,Paved,Village of Oak Brook,York, ,,555.64,-87.922097,41.855306
497,6000518,518,Forest Glen Ln,Forest Glen Ln Bikeway,Glen Ln,Wildwood Ct,,Existing,Local,Bike Route,Bike Route,Paved,Village of Oak Brook,York, ,,1589.84,-87.924183,41.857362
498,6000519,519,Wood Glen Ln,Wood Glen Ln Bikeway,Woodridge Dr,Forest Glen Ln,,Existing,Local,Bike Route,Bike Route,Paved,Village of Oak Brook,York, ,,2241.81,-87.928566,41.856143
499,6000520,520,Woodridge Dr,Woodridge Dr Bikeway,Wood Glen Ln,Hickory Dr,,Existing,Local,Bike Route,Bike Route,Paved,Village of Oak Brook,York, ,,543.51,-87.927428,41.854258
500,6000521,521,Palisades Dr,Palisades Dr Bikeway,Woodridge Dr,Woodridge Dr,,Existing,Local,Bike Route,Bike Route,Paved,Village of Oak Brook,York, ,,2873.77,-87.926491,41.856459
501,6000522,522,Woodsire Dr,Woodsire Dr Bikeway,Glen Ln,Palisades Dr,,Existing,Local,Bike Route,Bike Route,Paved,Village of Oak Brook,York, ,,715.88,-87.926682,41.856844
502,6000523,523,Yorkshire Woods,Yorkshire Woods Bikeway,Harger Rd,Harger Rd,,Existing,Local,Bike Route,Bike Route,Paved,Village of Oak Brook,York, ,,3130.10,-87.936644,41.856497
503,6000524,524,Merry Ln,Merry Ln Bikeway,Forest Trl,Loop,,Existing,Local,Bike Route,Bike Route,Paved,Village of Oak Brook,York, ,,1684.05,-87.942943,41.855092
504,6000525,525,Forest Trl,Forest Trl Bikeway,Hanger Rd,Merry Ln,,Existing,Local,Bike Route,Bike Route,Paved,Village of Oak Brook,York, ,,2641.59,-87.947439,41.857664
505,6000526,526,Timber View Dr,Timber View Dr Bikeway,Forest Trl,Woodland Dr,,Existing,Local,Bike Route,Bike Route,Paved,Village of Oak Brook,York, ,,2100.61,-87.944058,41.860061
506,6000527,527,Regent Dr,Regent Dr Bikeway,Kinston Dr,31st St,,Existing,Local,Bike Route,Bike Route,Paved,Village of Oak Brook,York, ,,5297.90,-87.963273,41.837592
507,6000528,528,Mockingbird Ln,Mockingbird Ln Bikeway,Midwest Rd,Regent Dr,,Existing,Local,Bike Route,Bike Route,Paved,Village of Oak Brook,York, ,,2885.67,-87.967050,41.836807
508,6000529,529,Condord Dr,Condord Dr Bikeway,Mockingbird Ln,31st St,,Existing,Local,Bike Route,Bike Route,Paved,Village of Oak Brook,York, ,,1936.45,-87.966526,41.834573
509,6000530,530,Baybrook Ln,Baybrook Ln Bikeway,Meyers Rd,Royal Vale Dr,,Existing,Local,Bike Route,Bike Route,Paved,Village of Oak Brook,York, ,,1146.90,-87.989493,41.835314
510,6000531,531,Royal Vale Dr,Royal Vale Dr Bikeway,Baybrook Ln,Baybrook Ln,,Existing,Local,Bike Route,Bike Route,Paved,Village of Oak Brook,York, ,,4271.09,-87.983455,41.840438
511,6000532,532,Baybrook Ln,Baybrook Ln Bikeway,Baybrook Ln,Midwest Rd,,Existing,Local,Bike Route,Bike Route,Paved,Village of Oak Brook,York, ,,1752.63,-87.976685,41.842436
512,8000533,533,Double Eagle Dr,Double Eagle Dr Bikeway,Golf Course Ent,Signature Ent,,Existing,Local,Bike Route,Bike Route,Paved,Village of Woodridge,Lisle, ,,3162.44,-88.070314,41.762745
513,2000534,534,Offstreet,Spring Creek Reservoir Trail, ,Medinah Road,Loop Trail,Existing,Local,Path,Path,Paved,Private,Bloomingdale, ,,887.86,-88.051549,41.957246
514,3000535,535,Lincoln Av,Lincoln Av Bikeway,Army Trail Blvd,Natoma Av,,Existing,Local,Bike Route,Bike Route,Paved,Village of Addison,Addison, ,,303.31,-87.996024,41.931121
515,3000536,536,Natoma Av,Natoma Av Bikeway,Highview Av,Lincoln Av,,Existing,Local,Bike Route,Bike Route,Paved,Village of Addison,Addison, ,,454.96,-87.996859,41.930658
516,3000537,537,Highview Av,Highview Av Bikeway,Natoma Av,Myrick Av,,Existing,Local,Bike Route,Bike Route,Paved,Village of Addison,Addison, ,,1755.46,-87.997858,41.929162
517,3000538,538,Myrick Av,Myrick Av Bikeway,Vista Av,Highview Av,,Existing,Local,Bike Route,Bike Route,Paved,Village of Addison,Addison, ,,888.56,-87.999682,41.925809
518,3000539,539,Vista Av,Vista Av Bikeway,Myrick Av,Park Av,,Existing,Local,Bike Route,Bike Route,Paved,Village of Addison,Addison, ,,732.02,-88.001248,41.924807
519,3000540,540,Park Av,Park Av Bikeway,Mill Rd,Vista Av,,Existing,Local,Bike Route,Bike Route,Paved,Village of Addison,Addison, ,,587.34,-88.002330,41.923744
521,9000542,542,Fairview Av,Fairview Av Bikeway,Manning Rd,Commercial Ent,Southern DuPage County Regional Trail,Existing,Regional,Bike Route,Bike Lane,Paved,City of Darien,Downers Grove North,DT-0006-05,,1437.58,-87.993368,41.747970
522,8000543,543,Laurel Ln,Laurel Ln Bikeway,Gartner Rd,Basswood Dr,,Existing,Local,Bike Route,Bike Route,Paved,City of Naperville,Lisle, ,,302.77,-88.144950,41.753571
523,7000544,544,Tupelo Av,Tupelo Av Bikeway,Modaff Rd,Basswood Dr,,Existing,Local,Bike Route,Bike Route,Paved,City of Naperville,Naperville, ,,319.07,-88.147227,41.748848
524,8330545,545,75th St,75th St Trail,Modaff Rd,Washington St,Southern DuPage County Regional Trail,Existing,Regional,Path,Sidepath,Limestone,DuPage County DOT,Lisle, ,,5152.00,-88.139419,41.748430
525,8000546,546,Ellsworth St,Ellsworth St Bikeway,4th Av,School St,,Existing,Local,Bike Route,Bike Route,Paved,City of Naperville,Lisle, ,,739.75,-88.144950,41.778551
526,8000547,547,Greene Ridge Dr,Greene Ridge Dr Bikeway,Auburn Av,77th St,,Existing,Local,Bike Route,Bike Route,Paved,City of Naperville,Lisle, ,,2082.87,-88.091842,41.741396
527,8000548,548,Ranch View Dr,Ranch View Dr Bikeway,Bailey Rd,Wehrli Rd,,Existing,Local,Bike Route,Bike Route,Paved,City of Naperville,Lisle, ,,3386.26,-88.096246,41.737595
528,8000549,549,Auburn Av,Auburn Av Bikeway,Ranch View Dr,Greene Ridge Dr,,Existing,Local,Bike Route,Bike Route,Paved,City of Naperville,Lisle, ,,745.83,-88.094072,41.738730
529,2000550,550,Rodenburg Rd,Rodenburg Rd Bikeway,Gooselake Park Trail,Waterbury Ln,,Existing,Local,Bike Route,Bike Route,Paved,Village of Roselle,Bloomingdale, ,,701.30,-88.111158,41.976171
530,9000551,551,Lane Ct,Lane Ct Bikeway,Ridgemoor Park Trail,Madison St,,Existing,Local,Bike Route,Bike Route,Paved,Village of Westmont,Downers Grove North, ,,773.55,-87.939755,41.771445
531,3000553,553,Walnut St,Walnut St Bikeway,Theodore Ln,IL 19,,Existing,Local,Bike Route,Bike Route,Paved,Village of Itasca,Addison, ,,4018.23,-88.013423,41.978413
532,3000554,554,Theodore Ln,Theodore Ln Bikeway,Walnut St,Cherry St,,Existing,Local,Bike Route,Bike Route,Paved,Village of Itasca,Addison, ,,1377.07,-88.010429,41.981252
533,3000555,555,Cherry St,Cherry St Bikeway,Theodore Ln,Walters Ln,,Existing,Local,Bike Route,Bike Route,Paved,Village of Itasca,Addison, ,,457.44,-88.008269,41.980943
534,3000556,556,Country Club Ln,Country Club Ln Bikeway,Walters Ln,North St,,Existing,Local,Bike Route,Bike Route,Paved,Village of Itasca,Addison, ,,3390.06,-88.003328,41.978566
535,3000557,557,North St,North St Bikeway,Country Club Ln,Greenview Rd,,Existing,Local,Bike Route,Bike Route,Paved,Village of Itasca,Addison, ,,273.98,-88.003150,41.975802
536,3000558,558,Greenview Rd,Greenview Rd Bikeway,Arlington Rd,North St,,Existing,Local,Bike Route,Bike Route,Paved,Village of Itasca,Addison, ,,1528.58,-88.003750,41.974798
537,3000559,559,Theodore Ln,Theodore Ln Bikeway,Maple Av,Walnut St,,Existing,Local,Bike Route,Bike Route,Paved,Village of Itasca,Addison, ,,356.21,-88.014741,41.981082
538,3000560,560,Maple Av,Maple Av Bikeway,Theodore Ln,Bryn Mawr Av,,Existing,Local,Bike Route,Bike Route,Paved,Village of Itasca,Addison, ,,1131.54,-88.014906,41.978928
539,3000561,561,Bryn Mawr Av,Bryn Mawr Av Bikeway,Catalpa Av,Maple Av,,Existing,Local,Bike Route,Bike Route,Paved,Village of Itasca,Addison, ,,1270.10,-88.017968,41.977838
540,3000562,562,Catalpa Av,Catalpa Av Bikeway,Bryn Mawr Av,Birch St,,Existing,Local,Bike Route,Bike Route,Paved,Village of Itasca,Addison, ,,221.44,-88.019582,41.977517
541,3000563,563,Birch St,Birch St Bikeway,Hickory Dr,Catalpa Av,,Existing,Local,Bike Route,Bike Route,Paved,Village of Itasca,Addison, ,,829.59,-88.021845,41.977029
542,3000564,564,Hickory Dr,Hickory Dr Bikeway,Birch St,Center St,,Existing,Local,Bike Route,Bike Route,Paved,Village of Itasca,Addison, ,,1051.94,-88.022222,41.974801
543,8000565,565,Short St,Short St Trail,Community Park Trail,IL 53,,Existing,Local,Path,Sidepath,Paved,Village of Lisle,Lisle, ,,915.81,-88.077497,41.793259
544,8000566,566,Southport Av,Southport Av Bikeway,Main St,Lacey Av,,Existing,Local,Bike Route,Bike Route,Paved,Village of Lisle,Lisle, ,,1140.08,-88.072662,41.802524
546,2000568,568,Park St,Park St Bikeway,Hattendorf Av,Pine Av,,Existing,Local,Bike Route,Bike Route,Paved,Village of Roselle,Bloomingdale, ,,1685.36,-88.075985,41.982882
547,5001776,1776,Shorewood Dr,Shorewood Dr Bikeway,Bloomingdale Rd,Main St,,Existing,Local,Bike Route,Bike Route,Paved,Village of Glendale Heights,Milton, ,0,7229.65,-88.073975,41.898790
548,4990570,570,Offstreet,Red Oak Trail, , ,West Branch DuPage River Trail,Existing,Regional,Path,Path,Limestone,Forest Preserve District of DuPage County,Winfield, ,,2245.07,-88.189102,41.868401
549,4990571,571,Offstreet,Blackwell Trail,Gary's Mill,IL 56,West Branch DuPage River Trail,Existing,Regional,Path,Path,Limestone,Forest Preserve District of DuPage County,Winfield, ,,18790.67,-88.188910,41.841200
550,4990572,572,Offstreet,Link Trail, , ,,Existing,Local,Path,Path,Limestone,Forest Preserve District of DuPage County,Winfield, ,,792.28,-88.196162,41.844091
551,8000573,573,Woodridge Dr,Woodridge Dr Trail,IL 53,Double Eagle Dr,East Branch DuPage River Trail,Existing,Regional,Path,Sidepath,Paved,Village of Woodridge,Lisle, ,,687.90,-88.070140,41.768309
552,8000574,574,Double Eagle Dr,Double Eagle Dr Bikeway,Golf Course Entrance,Woodridge Dr,East Branch DuPage River Trail,Existing,Regional,Bike Route,Bike Route,Paved,Village of Woodridge,Lisle, ,,1235.13,-88.072578,41.769633
553,8000575,575,Offstreet,Seven Bridges Trail,Hobson Rd,Greene Rd,,Existing,Local,Path,Path,Paved,Private,Lisle, ,,2800.49,-88.074768,41.763114
554,5000577,577,IL 38,IL 38 Trail,Baker Hill Dr,Pershing Av,,Existing,Local,Path,Sidepath,Paved,Village of Glen Ellyn,Milton, ,,918.52,-88.050801,41.859298
556,2990579,579,Offstreet,Meacham Grove Trail, , ,Loop Trail,Existing,Local,Path,Path,Limestone,Forest Preserve District of DuPage County,Bloomingdale, ,,1518.53,-88.074797,41.960916
557,2990580,580,Offstreet,Meacham Grove Trail, , ,Loop Trail,Existing,Local,Path,Path,Limestone,Forest Preserve District of DuPage County,Bloomingdale, ,,1453.02,-88.072534,41.960245
558,2990581,581,Offstreet,Meacham Grove Trail, , ,Loop Trail,Existing,Local,Path,Path,Limestone,Forest Preserve District of DuPage County,Bloomingdale, ,,4173.69,-88.073257,41.964433
559,2001654,1654,Kuhn Rd,Kuhn Rd Trail,Barbara ORahily Volunteer Park Ent,Lies Rd,Carol Stream - Bloomingdale Trail,Existing,Regional,Path,Sidepath,Paved,Carol Stream Park District,Bloomingdale, ,,7587.58,-88.140346,41.917947
560,7000583,583,Fairway Dr,Fairway Dr Bikeway,Campbell Ln,Route 59 Metra Station,,Existing,Local,Bike Route,Bike Route,Paved,City of Naperville,Naperville, ,0,2772.37,-88.210954,41.782204
561,7000584,584,Campbell Ln,Campbell Ln Bikeway,Bruce Ln,Fairway Dr,,Existing,Local,Bike Route,Bike Route,Paved,Naperville Township,Naperville, ,0,1546.51,-88.211647,41.787162
562,7000585,585,Bruce Ln,Bruce Ln Bikeway,Campbell Rd,IL 59,,Existing,Local,Bike Route,Bike Route,Paved,Naperville Township,Naperville, ,0,2086.90,-88.209267,41.790525
563,7000586,586,Brookdale Rd,Brookdale Rd Bikeway,IL 59,Raymond Dr,,Existing,Local,Bike Route,Bike Route,Paved,City of Naperville,Naperville, ,0,8218.35,-88.195445,41.788132
564,2000587,587,N Brandon Dr,N Brandon Dr Bikeway,Cardianl Dr,Bloomingdale Rd,,Existing,Local,Bike Route,Bike Route,Paved,Village of Glendale Heights,Bloomingdale, ,,3334.59,-88.085646,41.931461
565,2000588,588,Gladstone Dr,Gladstone Dr Bikeway,Dunteman Dr,Bloomingdale Rd,,Existing,Local,Bike Route,Bike Route,Paved,Village of Glendale Heights,Bloomingdale, ,,3163.60,-88.083933,41.936397
567,7530590,590,Diehl Rd,Diehl Rd,West Branch DuPage River,West Av,,Existing,Local,Path,Sidepath,Paved,DuPage County DOT,Naperville, ,,5755.57,-88.171191,41.802723
568,5990591,591,St Charles Rd,Churchill Woods Trail,S of St Charles Rd,N of St Charles Rd,East Branch DuPage River Trail,Existing,Regional,Path,Sidepath,Paved,Forest Preserve District of DuPage County,Milton, ,,727.57,-88.038327,41.889243
569,10000592,592,I&M Canal,I&M Canal Trail,IL 83,Lemont Rd,Centennial Trail,Existing,Regional,Path,Sidepath,Paved,Forest Preserve District of Cook County,Downers Grove South, ,,12999.19,-87.961192,41.693433
570,10000593,593,Woodward Av,Southern DuPage County Regional Trail,101st St,Internationale Pkwy,Veterans Memorial Trail,Existing,Regional,Path,Sidepath,Paved,Village of Woodridge,Downers Grove South, ,,2682.95,-88.019252,41.699488
571,10990594,594,Offstreet,Waterfall Glen Main Trail,IL 83,101st St,Southern DuPage County Regional Trail,Existing,Regional,Path,Path,Limestone,Forest Preserve District of DuPage County,Downers Grove South, ,,21542.06,-87.969576,41.701937
572,6000595,595,31st St,31st St Trail,Meyers Rd,Hunt Club Dr,I-88 Central DuPage Bikeway,Existing,Regional,Path,Sidepath,Paved,Village of Oak Brook,York, ,,1371.14,-87.927327,41.833038
573,6990596,596,Offstreet,Night Heron Trail,York Rd,Washington,,Existing,Regional,Path,Path,Limestone,Forest Preserve District of DuPage County,York, ,,903.91,-87.929032,41.820872
574,6000597,597,Madison St,Madison St Bikeway,Spring Rd,Glendale Av,,Existing,Local,Bike Route,Bike Route,Paved,Village of Hinsdale,York, ,,2849.18,-87.937759,41.821547
575,9000598,598,Madison St,Madison St Bikeway,Glendale Av,US 34,,Existing,Local,Bike Route,Bike Route,Paved,Village of Hinsdale,Downers Grove North, ,,437.37,-87.937341,41.813426
576,7000599,599,Offstreet,Waubonsie Creek Trail,Oakhurst Park,Waubonsie Creek,Waubonsie Creek Trail,Existing,Regional,Path,Path,Paved,Fox Valley Park District,Naperville, ,,6647.74,-88.256632,41.742082
577,7000600,600,Offstreet,Waubonsie Creek Trail,Eola Rd,Willow Lake Park Trail,Waubonsie Creek Trail,Existing,Regional,Path,Path,Paved,Fox Valley Park District,Naperville, ,,5411.95,-88.240559,41.750742
578,7000601,601,Offstreet,Waubonsie Creek Trail,Kane County Line,Eola Rd,Waubonsie Creek Trail,Existing,Regional,Path,Path,Paved,Fox Valley Park District,Naperville, ,,6509.74,-88.255134,41.742091
579,7000602,602,Eola Rd,Eola Road Bikeway,Long Grove Dr,Stadium Dr,,Existing,Local,Bike Route,Bike Lane,Paved,City of Aurora,Naperville, ,,1683.87,-88.248289,41.742993
580,7030603,603,Ferry Rd,Ferry Rd Trail,Eola Rd,Aurora Branch,,Existing,Local,Path,Sidepath,Paved,DuPage County DOT,Naperville, ,,8764.82,-88.223248,41.808844
581,7030604,604,Ferry Rd,Ferry Rd Trail,Aurora Branch,West Branch DuPage River Trail,,Existing,Local,Path,Sidepath,Paved,DuPage County DOT,Naperville, ,,8994.34,-88.189309,41.808056
582,7031798,1798,Ferry Rd,Ferry Rd Trail,Winfield Rd,Mill St,,Existing,Local,Path,Sidepath,Paved,DuPage County DOT,Naperville, ,,2743.84,-88.162472,41.811076
583,2290606,606,Greenbrook Blvd,Greenbrook Blvd Trail,County Farm Rd,Lake St,,Existing,Regional,Path,Sidepath,Paved,DuPage County DOT,Bloomingdale, ,,1813.37,-88.137361,41.978191
584,1000607,607,S Bartlett Rd,S Bartlett Rd Trail,Struckman Blvd,Schick Rd,North Central DuPage Regional Trail,Existing,Regional,Path,Sidepath,Paved,Village of Bartlett,Wayne, ,,4160.56,-88.184389,41.955823
585,1000608,608,Schick Rd,Schick Rd Trail,Carriage Way Dr,Gerber Rd,West Branch DuPage River Trail,Existing,Regional,Path,Sidepath,Paved,Village of Bartlett,Wayne, ,,2198.46,-88.179751,41.951308
586,4990609,609,IL 56,Danada - Herrick Lake Regional Trail,Winfield Rd,Aurora Branch,Danada - Herrick Lake Regional Trail,Existing,Regional,Path,Sidepath,Limestone,Forest Preserve District of DuPage County,Winfield, ,,1301.14,-88.158667,41.830121
587,1000610,610,Smith Rd,Smith Rd Trail,Camden Dr,Bainbridge Blvd,,Existing,Regional,Path,Sidepath,Paved,City of West Chicago,Wayne, ,,1301.19,-88.251960,41.929608
588,4000611,611,Batavia Rd,DuPage Technology Corridor Trail,Fermi Lab Trail,Fermi Lab Main Bldg,DuPage Technology Corridor Trail,Existing,Regional,Path,Sidepath,Paved,Fermi Lab,Winfield, ,,4275.82,-88.253851,41.840397
589,1000612,612,US 20,US 20 Trail,County Farm Rd,Ontarioville Rd,,Existing,Local,Path,Sidepath,Paved,Village of Hanover Park,Wayne, ,,1716.99,-88.144822,41.987396
590,2000613,613,Santa Anita Dr,Santa Anita Dr Bikeway,Heritage Park Trail,Spring Wood Middle School Trail,,Existing,Local,Bike Route,Bike Route,Paved,Village of Hanover Park,Bloomingdale, ,,1870.19,-88.132535,41.971194
591,7000614,614,Fairway Dr,Fairway Dr Bikeway,Country Lakes Dr,Diehl Rd,,Existing,Local,Bike Route,Bike Route,Paved,Naperville Township,Naperville, ,0,2480.76,-88.217247,41.797369
592,7000615,615,Diehl Rd,Diehl Rd Trail,Aurora Branch,Fairway Dr,,Existing,Local,Path,Sidepath,Paved,City of Naperville,Naperville, ,,232.13,-88.222063,41.798854
593,7000616,616,Fairway Dr,Fairway Dr Bikeway,Campbell Dr,Country Lakes Dr,,Existing,Local,Bike Route,Bike Route,Paved,City of Naperville,Naperville, ,0,4885.63,-88.216478,41.789564
594,7000617,617,Bond St,Bond St Bikeway,Brookdale Rd,McDowell Rd,,Existing,Local,Bike Route,Bike Route,Paved,City of Naperville,Naperville, ,0,1599.43,-88.202289,41.793929
595,7000618,618,New York St,New York St Trail,Asbury Dr,Eola Rd,,Existing,Local,Path,Sidepath,Paved,City of Aurora,Naperville, ,,6340.06,-88.232187,41.759987
596,7000619,619,Offstreet,Oakhurst Park Trail,Oakhurst Dr,Waubonsie Creek Trail,Waubonsie Creek Trail,Existing,Regional,Path,Path,Paved,City of Aurora,Naperville, ,,1293.67,-88.250106,41.748475
597,7000620,620,Offstreet,Meadowview Trail,McCoy Dr,Inverness Ct,,Existing,Local,Path,Path,Paved,City of Aurora,Naperville, ,,1150.30,-88.255962,41.748241
598,7000621,621,Offstreet,Eola Community Center Trail,Virgil Gilman Trail,Long Grove Dr,,Existing,Local,Path,Path,Paved,City of Aurora,Naperville, ,,499.25,-88.248756,41.746181
599,7000622,622,Offstreet,Oakhurst Wetlands Trail,Oakhurst Dr,Waubonsee Creek Trail,,Existing,Local,Path,Path,Paved,City of Aurora,Naperville, ,,747.16,-88.240649,41.752534
600,7000623,623,Offstreet,Kautz Connector,Clarendon Ln,Waubonsie Creek Trail,Waubonsie Creek Trail,Existing,Regional,Path,Path,Paved,City of Aurora,Naperville, ,,364.90,-88.261674,41.739434
601,7000624,624,Offstreet,Waubonsie Creek Park Trail,Breckenridge Dr,Waubonsie Creek Trail,Waubonsie Creek Trail,Existing,Regional,Path,Path,Paved,City of Aurora,Naperville, ,,210.53,-88.255962,41.743500
602,7000625,625,Offstreet,Monarch Park Trail,Terra Belle Pkwy,White Eagle Dr,,Existing,Local,Path,Path,Paved,City of Aurora,Naperville, ,,3946.09,-88.231318,41.725275
603,7000626,626,Offstreet,Waubonsie Creek Trail Connector, , ,,Existing,Local,Path,Path,Paved,City of Aurora,Naperville, ,,214.80,-88.240948,41.749583
604,7000627,627,Offstreet,Waubonsie Creek Trail Connector, , ,,Existing,Local,Path,Path,Paved,City of Aurora,Naperville, ,,123.10,-88.240949,41.749728
605,7000628,628,Fort Hill Dr,Fort Hill Dr Bikeway,Aurora Av,Jefferson Av,,Existing,Local,Bike Route,Bike Route,Paved,City of Naperville,Naperville, ,,2230.20,-88.195888,41.764587
606,7000629,629,Fort Hill Dr,Fort Hill Dr Bikeway,Three Farms Dr,US 34,,Existing,Local,Bike Route,Bike Route,Paved,City of Naperville,Naperville, ,,2932.82,-88.195685,41.753218
607,7000630,630,Fort Hill Dr,Fort Hill Dr Bikeway,US 34,Aurora Av,,Existing,Local,Bike Route,Bike Route,Paved,City of Naperville,Naperville, ,,2541.50,-88.195991,41.760498
608,7000631,631,Fort Hill Dr,Fort Hill Dr Bikeway,Three Farms,75th St,,Existing,Local,Bike Route,Bike Route,Paved,City of Naperville,Naperville, ,,537.53,-88.196065,41.747809
609,7000632,632,Three Farms Av,Three Farms Av Bikeway,Book Rd,Fort Hill Dr,,Existing,Local,Bike Route,Bike Route,Paved,City of Naperville,Naperville, ,,2669.62,-88.190930,41.749042
610,7000633,633,Book Rd,Book Rd Bikeway,Whispering Hills Dr,Rickert Dr,,Existing,Local,Bike Route,Bike Route,Paved,City of Naperville,Naperville, ,,2665.18,-88.183552,41.750857
611,7000634,634,Whispering Hills Dr,Whispering Hills Dr Bikeway,Oswego Rd,Book Rd,,Existing,Local,Bike Route,Bike Route,Paved,City of Naperville,Naperville, ,,3866.83,-88.179240,41.756341
612,7000635,635,Oswego Rd,Oswego Rd Bikeway,Whispering Hills Dr,River Rd,,Existing,Local,Bike Route,Bike Route,Paved,City of Naperville,Naperville, ,,1850.58,-88.176823,41.762593
613,7000636,636,River Rd,River Rd Bikeway,Aurora Av,Jefferson Av,,Existing,Local,Bike Route,Bike Route,Paved,City of Naperville,Naperville, ,,1890.06,-88.174834,41.768536
615,7000638,638,Jefferson St,Jefferson St Bikeway,IL 59,West Branch DuPage River,,Existing,Local,Bike Route,Bike Route,Paved,City of Naperville,Naperville, ,,5645.71,-88.177388,41.771035
616,7000639,639,River Rd,River Rd Bikeway,Oswego Rd,Rickert Dr,,Existing,Local,Bike Route,Bike Route,Paved,City of Naperville,Naperville, ,,5215.69,-88.172693,41.757412
617,7000640,640,River Rd,River Rd Bikeway,Oswego Rd,Aurora Av,,Existing,Local,Bike Route,Bike Route,Paved,City of Naperville,Naperville, ,,1193.51,-88.174696,41.765427
618,7000641,641,Benton Av,Benton Av Bikeway,Huffman St,Washington St,,Existing,Local,Bike Route,Bike Route,Paved,City of Naperville,Naperville, ,,3360.22,-88.141212,41.774935
619,8000642,642,Ellsworth St,Ellsworth St Bikeway,Chicago Av,School St,,Existing,Local,Bike Route,Bike Route,Paved,City of Naperville,Lisle, ,,2126.19,-88.145139,41.774897
620,8000643,643,Benton Av,Benton Av Bikeway,Charles Av,Huffman St,,Existing,Local,Bike Route,Bike Route,Paved,City of Naperville,Lisle, ,,1774.46,-88.132504,41.775498
621,8000644,644,Charles Av,Charles Av Bikeway,Gartner Rd,Chicago Av,,Existing,Local,Bike Route,Bike Route,Paved,City of Naperville,Lisle, ,,4274.85,-88.128827,41.769161
622,8000645,645,Charles Av,Charles Av Bikeway,Chicago Av,Benton Av,,Existing,Local,Bike Route,Bike Route,Paved,City of Naperville,Lisle, ,,705.28,-88.129431,41.775463
623,6000646,646,Madison St,Madison St Bikeway,Glendale Av,US 34,,Existing,Regional,Bike Route,Bike Route,Paved,Village of Hinsdale,York, ,,1485.54,-87.937472,41.816062
624,1000647,647,Struckman Blvd,Struckman Blvd Trail,Schick Rd, ,,Existing,Local,Path,Sidepath,Paved,Village of Bartlett,Wayne, ,,876.89,-88.175571,41.952666
625,7000648,648,Benton Av,Benton Av Bikeway,Eagle St,Court St,,Existing,Local,Bike Route,Bike Route,Paved,City of Naperville,Naperville, ,,1388.59,-88.150286,41.775183
626,8590649,649,Freedom Dr,Freedom Dr Trail,Warrenville Rd,Diehl Rd,,Existing,Local,Path,Sidepath,Paved,DuPage County DOT,Lisle, ,,3471.26,-88.125088,41.805157
627,8231783,1783,Naperville Rd,Naperville Rd Trail,Lucent Ln,Warrenville Rd,,Existing,Local,Path,Sidepath,Paved,DuPage County DOT,Lisle, ,,1312.11,-88.119412,41.809198
628,7000651,651,Eagle St,Eagle St Bikeway,Benton Av,Jackson Av,,Existing,Local,Bike Route,Bike Route,Paved,City of Naperville,Naperville, ,,1190.89,-88.152933,41.773167
629,4000652,652,Offstreet,Geneva Spur,Kress Rd,Kane County Line,Illinois Prairie Path,Existing,Regional,Path,Path,Limestone,DuPage County DOT,Winfield,DT-010-92,,6322.44,-88.252952,41.891414
631,4000654,654,Offstreet,Geneva Spur,West Branch DuPage River,West Branch DuPage River Trail,Illinois Prairie Path,Existing,Regional,Path,Path,Limestone,DuPage County DOT,Winfield, ,,187.24,-88.158044,41.885088
632,4000655,655,Offstreet,Geneva Spur,E of West Branch DuPage River,W of West Branch DuPage River,Illinois Prairie Path,Existing,Regional,Path,Bridge,Paved,DuPage County DOT,Winfield, ,,11.07,-88.158309,41.885113
633,4000656,656,Offstreet,Geneva Spur, , ,Illinois Prairie Path,Existing,Regional,Path,Bridge,Paved,DuPage County DOT,Winfield, ,,59.82,-88.158439,41.885116
634,4000657,657,Offstreet,Geneva Spur,West Branch DuPage River Trail,Geneva Rd,Illinois Prairie Path,Existing,Regional,Path,Path,Limestone,DuPage County DOT,Winfield, ,,1055.58,-88.157436,41.886320
635,1000658,658,Offstreet,Great Western Trail,West Branch DuPage River,Prince Crossing Rd,Great Western Trail,Existing,Regional,Path,Path,Limestone,DuPage County DOT,Wayne, ,,2039.00,-88.180121,41.904505
636,1000659,659,Offstreet,Great Western Trail,County Farm Rd,West Branch DuPage River,Great Western Trail,Existing,Regional,Path,Path,Limestone,DuPage County DOT,Wayne, ,,7246.99,-88.163701,41.903180
637,6000660,660,Offstreet,Main Stem,Monterrey Av,Villa Av,Illinois Prairie Path,Existing,Regional,Path,Path,Limestone,Village of Villa Park,York,DT-0006-08,,2077.55,-87.967885,41.886040
638,6000661,661,Offstreet,Main Stem,Salt Creek,Monterrey Ave,Illinois Prairie Path,Existing,Regional,Path,Bridge,Paved,DuPage County DOT,York,DT-0019-88,,1341.72,-87.960936,41.886329
639,4000662,662,Offstreet,Aurora Branch,Batavia Spur, ,Illinois Prairie Path,Existing,Regional,Path,Path,Limestone,DuPage County DOT,Winfield, ,,1238.77,-88.176388,41.825140
640,4000663,663,Offstreet,Aurora Branch,Winfield Rd,West Branch DuPage River Trail,Illinois Prairie Path,Existing,Regional,Path,Path,Limestone,DuPage County DOT,Winfield, ,,569.22,-88.169069,41.828807
641,8000664,664,Woodward Av,Woodward Av Trail,Country Club Dr,Internationale Pkwy,,Existing,Local,Path,Sidepath,Paved,Village of Woodridge,Lisle, ,,2672.13,-88.030865,41.739998
642,9000665,665,Bonnie Brae Rd,Bonnie Brae Rd Bikeway,Madison St,Washington St,,Existing,Regional,Bike Route,Bike Route,Paved,Village of Hinsdale,Downers Grove North, ,,2170.55,-87.933444,41.814561
643,9080666,666,Madison St,Madison St Bikeway,Plainfield,63rd St,Southern DuPage County Regional Trail,Existing,Regional,Bike Route,Bike Route,Paved,DuPage County DOT,Downers Grove North, ,,3694.80,-87.935538,41.767669
644,9080667,667,Madison St,Madison St Bikeway,55th St,59th St,Southern DuPage County Regional Trail,Existing,Regional,Bike Route,Bike Lane,Paved,DuPage County DOT,Downers Grove North, ,,2708.29,-87.936170,41.785956
645,9080668,668,Madison St,Madison St Bikeway,59th St,63rd St,Southern DuPage County Regional Trail,Existing,Regional,Bike Route,Bike Lane,Paved,DuPage County DOT,Downers Grove North, ,,2643.25,-87.935892,41.778498
646,5000669,669,DuPage County Complex,DuPage County Campus Bikeway,James Howard Middle School Ent,County Farm Rd,,Existing,Local,Bike Route,Bike Route,Paved,DuPage County DOT,Milton, ,,5345.25,-88.139253,41.867553
647,10000670,670,Heritage Pkwy,Heritage Pkwy Trail,Woodward Av,Honeywell Ent,,Existing,Local,Path,Sidepath,Paved,Village of Woodridge,Downers Grove South, ,,7296.97,-88.013217,41.715119
649,3000673,673,Offstreet,Itasca Riverwalk,Springbrook Nature Center Trail,Maple Av,Loop Trail,Existing,Local,Path,Path,Paved,Itasca Park District,Addison, ,,1907.55,-88.016176,41.970324
650,3000674,674,Offstreet,Itasca Government Complex Trail,IL 19,Springbrook Nature Center Trail,Loop Trail,Existing,Local,Path,Path,Paved,Itasca Park District,Addison, ,,766.30,-88.020978,41.969869
651,8000675,675,Offstreet,Winding Creek Park Trail,Bailey Rd,Redstart Rd,Loop Trail,Existing,Local,Path,Path,Paved,City of Naperville,Lisle, ,,1419.70,-88.139200,41.739709
653,4000677,677,Offstreet,Batavia Spur,Kane County Line,W of Eola Rd,Illinois Prairie Path,Existing,Regional,Path,Path,Limestone,DuPage County DOT,Winfield, ,,9619.80,-88.250167,41.804254
654,2000678,678,Offstreet,Link Trail,Schick Rd,Mallard Lake Ent,Carol Stream - Bloomingdale Trail,Existing,Regional,Path,Path,Limestone,Village of Bloomingdale,Bloomingdale, ,,353.42,-88.128049,41.953299
655,3000679,679,US 20,Salt Creek Greenway Trail, , ,Salt Creek Greenway Trail,Existing,Regional,Path,Sidepath,Paved,Village of Addison,Addison, ,,359.51,-87.978145,41.928948
656,3000680,680,Villa Av,Salt Creek Greenway Trail,US 20, ,Salt Creek Greenway Trail,Existing,Regional,Path,Sidepath,Paved,Village of Addison,Addison, ,,367.22,-87.978266,41.929519
657,3000681,681,Offstreet,Community Park Trail,Chestnut St,Salt Creek,Salt Creek Greenway Trail,Existing,Regional,Path,Path,Paved,Addison Park District,Addison, ,,3271.87,-87.983911,41.935149
658,3990682,682,Addison Rd,Addison Rd Trail,Forest Preserve Dr,Elizabeth Dr,Salt Creek Greenway Trail,Existing,Regional,Path,Sidepath,Paved,Forest Preserve District of DuPage County,Addison, ,,2127.70,-87.988655,41.951207
659,3000683,683,Gilbert Dr,Gilbert Dr Bikeway,Brookwood Dr,Forest Preserve Dr,Salt Creek Greenway Trail,Existing,Regional,Bike Route,Bike Route,Paved,City of Wood Dale,Addison, ,,2289.52,-87.992665,41.955334
660,3990684,684,Addison Rd,Addison Rd Trail,Elizabeth Dr,I-290,Salt Creek Greenway Trail,Existing,Regional,Path,Sidepath,Paved,Forest Preserve District of DuPage County,Addison, ,,2388.40,-87.988510,41.945752
661,3990685,685,Offstreet,Salt Creek Greenway Trail, , ,Salt Creek Greenway Trail,Existing,Regional,Path,Path,Paved,Forest Preserve District of DuPage County,Addison, ,,4085.69,-87.973411,41.924056
662,6000686,686,Offstreet,Salt Creek Greenway Trail,Thomas St,Rotary Park Trail,Salt Creek Greenway Trail,Existing,Regional,Path,Path,Paved,Elmhurst Park District,York, ,,2798.01,-87.963698,41.892130
663,6000687,687,IL 38,Salt Creek Greenway Trail,York Woods,Salt Creek,Salt Creek Greenway Trail,Existing,Regional,Path,Sidepath,Paved,Village of Oak Brook,York, ,,2908.87,-87.943643,41.860770
664,6000688,688,Offstreet,Salt Creek Greenway Trail,Eldridge Park Trail,IL 56,Salt Creek Greenway Trail,Existing,Regional,Path,Path,Limestone,Elmhurst Park District,York, ,,1351.37,-87.952200,41.864914
665,6000689,689,Rex Blvd,Salt Creek Greenway Trail,Main Stem,Madison St,Salt Creek Greenway Trail,Existing,Regional,Path,Sidepath,Paved,Elmhurst Park District,York, ,,1849.52,-87.958455,41.883693
666,9000690,690,59th St,59th St Bikeway,Belmont Rd,Sherman Av,Southern DuPage County Regional Trail,Existing,Regional,Bike Route,Bike Route,Paved,Lisle Township,Downers Grove North,DT-0007-08,,1963.37,-88.032386,41.779739
667,9000691,691,Offstreet,Jefferson Av Bikeway,Sherman Av,Springside Av,Southern DuPage County Regional Trail,Existing,Regional,Bike Route,Bike Route,Paved,Downers Grove Townshpi,Downers Grove North, ,,1554.96,-88.027163,41.781860
668,9000692,692,Jefferson Av,Jefferson Av Bikeway,Springside Av,Dunham Rd,Southern DuPage County Regional Trail,Existing,Regional,Bike Route,Bike Route,Paved,Village of Downers Grove,Downers Grove North,DT-0011-08,,1557.01,-88.021415,41.781849
669,9000693,693,59th St,59th St Bikeway,Dunham Rd,Fairview Ave,Southern DuPage County Regional Trail,Existing,Regional,Bike Route,Bike Route,Paved,Village of Downers Grove,Downers Grove North, ,,6642.63,-88.005840,41.780371
670,8000694,694,Hobson Rd,Hobson Rd Bikeway,Leonard Av,Chase Av,Southern DuPage County Regional Trail,Existing,Regional,Bike Route,Bike Lane,Paved,Village of Downers Grove,Lisle,2010 LOU,,463.51,-88.040174,41.778067
671,8000695,695,Hobson Rd,Hobson Rd Bikeway,Chase Av,Puffer Rd,Southern DuPage County Regional Trail,Existing,Regional,Bike Route,Bike Lane,Paved,Village of Downers Grove,Lisle,2010 LOU,,492.48,-88.038558,41.779214
672,9000696,696,59th St,59th St Bikeway,Fairview Ave,Westmont Village Limits,Southern DuPage County Regional Trail,Existing,Regional,Bike Route,Bike Route,Paved,Village of Westmont,Downers Grove North, ,,8645.30,-87.974105,41.780936
673,8000697,697,Hobson Rd,Hobson Rd Bikeway,Lee Av,Leonard Av,Southern DuPage County Regional Trail,Existing,Regional,Bike Route,Bike Route,Paved,Village of Woodridge,Lisle,2010 LOU,,1638.56,-88.042722,41.776193
674,4990698,698,Offstreet,Timber Ridge Trail,Prince Crossing Rd, ,Loop Trail,Existing,Local,Path,Path,Limestone,Forest Preserve District of DuPage County,Winfield, ,,4999.58,-88.178722,41.889224
675,6990699,699,Offstreet,Salt Creek Greenway Trail,Creekside St,2nd St,Salt Creek Greenway Trail,Existing,Regional,Path,Path,Paved,Forest Preserve District of DuPage County,York, ,,3108.06,-87.968287,41.907254
676,6000700,700,Villa Av,Villa Av Bikeway,2nd St,Thomas St,Salt Creek Greenway Trail,Existing,Regional,Bike Route,Bike Route,Paved,Village of Villa Park,York, ,,2256.07,-87.968964,41.898556
677,6000701,701,Monterrey Av,Monterrey Av Bikeway,Main Stem,Rotary Park Trail,Salt Creek Greenway Trail,Existing,Regional,Bike Route,Bike Route,Paved,Village of Villa Park,York, ,,641.05,-87.964617,41.887257
678,6000702,702,Offstreet,Salt Creek Greenway Trail,Brush Hill Rd,IL 38,Salt Creek Greenway Trail,Existing,Regional,Path,Path,Paved,City of Elmhurst,York, ,,2356.33,-87.948683,41.862741
679,9080703,703,Madison St,Madison St Bikeway,Plainfield Rd,High Grove Blvd,Southern DuPage County Regional Trail,Existing,Regional,Bike Route,Bike Route,Paved,DuPage County DOT,Downers Grove North, ,,1006.81,-87.935339,41.762898
680,9000704,704,Dunham Rd,Dunham Rd Bikeway,Jefferson Av,59th St,Southern DuPage County Regional Trail,Existing,Regional,Bike Route,Bike Route,Paved,Village of Downers Grove,Downers Grove North, ,,622.77,-88.018478,41.781051
681,7000705,705,Offstreet,Wil-O-Way Commons Trail,US 34,Jefferson Av,West Branch DuPage River Trail,Existing,Regional,Path,Path,Paved,Naperville Park District,Naperville, ,0,4710.91,-88.170644,41.777894
683,6000707,707,Pasquinelli Dr,Pasquinelli Dr Bikeway,Oakmont Ln,US 34,,Existing,Local,Bike Route,Bike Route,Paved,Village of Westmont,York, ,,4030.27,-87.953166,41.815149
684,6000708,708,Pasquinelli Dr,Pasquinelli Dr Bikeway,35th St,Oakmont Ln,,Existing,Local,Bike Route,Bike Route,Paved,Village of Westmont,York, ,,1932.85,-87.956221,41.822091
685,9001788,1788,Blackhawk Dr,Blackhawk Dr Bikeway,US 34,Chicago Av,,Existing,Local,Bike Route,Bike Route,Paved,Village of Westmont,Downers Grove North, ,,2669.77,-87.968470,41.806306
686,6000710,710,Blackhawk Dr,Blackhawk Dr Bikeway,Oakwood Dr,Chestnut Av,,Existing,Local,Bike Route,Bike Route,Paved,Village of Westmont,York, ,,1620.69,-87.967086,41.818012
687,10990711,711,Offstreet,Waterfall Glen Main Trail, , ,Southern DuPage County Regional Trail,Existing,Regional,Path,Path,Limestone,Forest Preserve District of DuPage County,Downers Grove South, ,,2682.16,-88.000605,41.702535
688,1000712,712,Offstreet,Apple Orchard Park Trail,Bartlett Rd,Stearns Rd,Loop Trail,Existing,Local,Path,Path,Paved,Village of Bartlett,Wayne, ,0,3383.69,-88.185856,41.976566
689,1000713,713,Charlestowne Dr,Charlestowne Dr Trail,Hawthorne Ln,Great Western Trail,,Existing,Local,Path,Sidepath,Paved,City of West Chicago,Wayne, ,,2770.22,-88.204269,41.903467
690,1990714,714,Offstreet,West Branch DuPage River Trail,Great Western Trail,St. Charles Rd,West Branch DuPage River Trail,Existing,Regional,Path,Path,Paved,Forest Preserve District of DuPage County,Wayne, ,,3589.09,-88.178346,41.908418
691,2000715,715,Offstreet, ,Arrowhead Trl,Bennett Dr,,Existing,Local,Path,Path,Paved,Carol Stream Park District,Bloomingdale, ,0,1726.34,-88.131687,41.908605
692,2000716,716,Offstreet,Indian Lakes Trail,Meadowlark Rd,Cardinal Dr,,Existing,Local,Path,Path,Paved,Village of Bloomingdale,Bloomingdale, ,,1105.42,-88.095286,41.942498
693,2000718,718,Offstreet,Heritage Park Trail,North Central DuPage Regional Trail, ,Loop Trail,Existing,Local,Path,Path,Paved,Village of Hanover Park,Bloomingdale, ,,801.07,-88.137979,41.969324
694,2000719,719,Arlington Dr,Arlington Dr Bikeway,North Central DuPage Regional Trail,Sea Biscuit Ln,,Existing,Local,Bike Route,Bike Route,Paved,Village of Hanover Park,Bloomingdale, ,,366.92,-88.135936,41.971060
696,3000721,721,Church Rd,Church Rd Bikeway,Grand Av,Fischer Farm Rd,,Existing,Local,Bike Route,Bike Route,Paved,City of Elmhurst,Addison, ,,3966.40,-87.953561,41.925156
697,3000722,722,Fischer Farm Rd,Fischer Farm Rd Bikeway,Church Rd,Walnut St,,Existing,Local,Bike Route,Bike Route,Paved,City of Elmhurst,Addison, ,,983.73,-87.952635,41.919599
698,3001789,1789,Walnut St,Walnut St Bikeway,US 20,Fremont Av,,Existing,Local,Bike Route,Bike Route,Paved,City of Elmhurst,Addison, ,,2768.57,-87.950214,41.915602
699,3000724,724,Freemont Av,Freemont Av Bikeway,Walnut St,Walnut St,,Existing,Local,Bike Route,Bike Route,Paved,City of Elmhurst,Addison, ,,191.26,-87.950275,41.910127
700,3000725,725,Walnut St,Walnut St Bikeway,Freemont Av,Grantley Av,,Existing,Local,Bike Route,Bike Route,Paved,City of Elmhurst,Addison, ,,692.22,-87.950486,41.909283
701,3000726,726,Grantley Av,Grantley Av Bikeway,Walnut St,Myrtle Av,,Existing,Local,Bike Route,Bike Route,Paved,City of Elmhurst,Addison, ,,402.65,-87.949512,41.908157
702,6000727,727,Myrtle Av,Myrtle Av Bikeway,Grantley Av,Alexander Blvd,,Existing,Local,Bike Route,Bike Route,Paved,City of Elmhurst,York, ,,3767.14,-87.948967,41.902517
703,3000728,728,Van Aken St,Van Aken St Bikeway,Wrightwood Av,Lake St,,Existing,Local,Bike Route,Bike Route,Paved,City of Elmhurst,Addison, ,,4744.42,-87.933622,41.917703
704,3000729,729,Lake St,Lake St Bikeway,Van Aken St,Emroy Av,,Existing,Local,Bike Route,Bike Route,Paved,City of Elmhurst,Addison, ,,789.18,-87.932358,41.910835
705,6000730,730,Emroy Av,Emroy Av Bikeway,Lake St,3rd St,,Existing,Local,Bike Route,Bike Route,Paved,City of Elmhurst,York, ,,2382.70,-87.931151,41.907352
706,6000731,731,Alexander Blvd,Alexander Blvd Bikeway,Myrtle Av,West Av,,Existing,Local,Bike Route,Bike Route,Paved,City of Elmhurst,York, ,,2773.61,-87.954466,41.897713
707,6000732,732,West Av,West Av Bikeway,Alexander Blvd,Utley Rd,,Existing,Local,Bike Route,Bike Route,Paved,City of Elmhurst,York, ,,645.57,-87.959311,41.896716
708,6000734,734,Melrose Av,Melrose Av Bikeway,Emroy Av,Willow Rd,,Existing,Local,Bike Route,Bike Route,Paved,City of Elmhurst,York, ,,1002.88,-87.932537,41.905486
709,6000735,735,3rd St,3rd St Bikeway,Myrtle Av,Berteau Av,,Existing,Local,Bike Route,Bike Route,Paved,City of Elmhurst,York, ,,5369.33,-87.939129,41.904034
710,6000736,736,Berteau Av,Berteau Av Bikeway,3rd St,Park Av,,Existing,Local,Bike Route,Bike Route,Paved,City of Elmhurst,York, ,,2339.07,-87.929448,41.901172
711,6000737,737,Park Av,Park Av Bikeway,Poplar Av,Myrtle Av,,Existing,Local,Bike Route,Bike Route,Paved,City of Elmhurst,York, ,,5202.45,-87.941099,41.899277
712,6000738,738,Cottage Hill Av,Cottage Hill Av Bikeway,3rd St,Main Stem,,Existing,Local,Bike Route,Bike Route,Paved,City of Elmhurst,York, ,,7972.25,-87.942725,41.893009
713,6000739,739,Poplar Av,Poplar Av Bikeway,Park Av,Madison St,,Existing,Local,Bike Route,Bike Route,Paved,City of Elmhurst,York, ,,7975.73,-87.930220,41.887630
714,6000740,740,Madison St,Madison St Bikeway,Poplar Av,Stratford Av,,Existing,Local,Bike Route,Bike Route,Paved,City of Elmhurst,York, ,,2090.72,-87.926459,41.876664
715,6000741,741,Stratford Av,Stratford Av Bikeway,Madison St,IL 56,,Existing,Local,Bike Route,Bike Route,Paved,City of Elmhurst,York, ,,1523.21,-87.922323,41.874823
716,6001790,1790,Mitchell Av,Mitchell Av Bikeway,Madison St,Van Buren St,,Existing,Local,Bike Route,Bike Route,Paved,City of Elmhurst,York, ,,2296.00,-87.945327,41.873170
717,6000743,743,Willow Rd,Willow Rd Bikeway,Melrose Av,3rd St,,Existing,Local,Bike Route,Bike Route,Paved,City of Elmhurst,York, ,,200.17,-87.934003,41.904348
718,5000744,744,Fairview Av,Fairview Av Bikeway,Lambert Av,IL 38,Glen Ellyn Bike Loop,Existing,Local,Bike Route,Bike Route,Paved,Village of Glen Ellyn,Milton, ,0,9322.80,-88.061241,41.863280
719,5000745,745,Nicoll Way,Nicoll Way Bikeway,IL 38,Harding Av,,Existing,Local,Bike Route,Bike Route,Paved,Village of Glen Ellyn,Milton, ,0,1380.34,-88.055232,41.857264
720,5000746,746,Offstreet,Pan Fish Park Trail,Park Av,Nicoll Way,Loop Trail,Existing,Local,Path,Path,Paved,Village of Glen Ellyn,Milton, ,,5020.94,-88.058490,41.856994
721,5000747,747,Ellyn Av,Ellyn Av Bikeway,Harding Av,Buena Vista Dr,,Existing,Local,Bike Route,Bike Route,Paved,Village of Glen Ellyn,Milton, ,0,3314.46,-88.060233,41.849915
722,5000748,748,Park Blvd,Park Blvd Bikeway,Ellyn Av,Fawell Blvd,,Existing,Local,Bike Route,Bike Route,Paved,Village of Glen Ellyn,Milton, ,0,1827.80,-88.061979,41.845719
723,6000749,749,Lacey Av,Lacey Av Bikeway,IL 56,Finley Rd,,Existing,Local,Bike Route,Bike Route,Paved,Village of Downers Grove,York, ,,6064.50,-88.031055,41.827511
724,4000751,751,IL 56,IL 56 Trail,Batavia Av,Pattermann Rd,,Existing,Local,Path,Sidepath,Paved,IDOT,Winfield, ,,4916.05,-88.189911,41.821828
725,4990753,753,Offstreet,West Branch DuPage River Trail,Warrenville Rd,2nd St,West Branch DuPage River Trail,Existing,Regional,Path,Path,Paved,Forest Preserve District of DuPage County,Winfield, ,,4771.33,-88.173183,41.812340
726,7000754,754,87th St,87th St Trail,Kane County Line,Middlebury Dr,,Existing,Local,Path,Sidepath,Paved,City of Aurora,Naperville, ,,6108.90,-88.254301,41.724785
727,8000755,755,Warrenville Rd,Warrenville Rd Bikeway,Finley Rd,I-355,,Existing,Local,Bike Route,Bike Route,Paved,Village of Downers Grove,Lisle, ,,3540.24,-88.046056,41.807538
729,9000757,757,Grant St,Grant St Bikeway,Prince St,Lee Av,,Existing,Local,Bike Route,Bike Route,Paved,Village of Downers Grove,Downers Grove North, ,,2945.35,-88.019890,41.805152
730,9000758,758,Grant St,Grant St Bikeway,Lee Av,Stonewall Av,,Existing,Local,Bike Route,Bike Route,Paved,Village of Downers Grove,Downers Grove North, ,,824.05,-88.025239,41.804845
731,9000759,759,Grant St,Grant St Bikeway,Cornell Av,Belmont Rd,,Existing,Local,Bike Route,Bike Route,Paved,Village of Downers Grove,Downers Grove North, ,,2275.18,-88.032897,41.804613
732,9000760,760,Grant St,Grant St Bikeway,W of Lee Av,Cornell Av,,Existing,Local,Bike Route,Bike Route,Paved,Village of Downers Grove,Downers Grove North, ,,358.93,-88.029027,41.804757
733,9000761,761,Grant St,Grant St Bikeway,Lee Av,W of Lee Av,,Existing,Local,Bike Route,Bike Route,Paved,Village of Downers Grove,Downers Grove North, ,,329.35,-88.027766,41.804780
734,8000762,762,Hitchcock Av,Hitchcock Av Bikeway,Center Av,Westview Ln,,Existing,Local,Bike Route,Bike Route,Paved,Village of Lisle,Lisle, ,,3883.97,-88.063806,41.793474
737,8000765,765,Front St,Front St Bikeway,Kingston Av,Main St,,Existing,Local,Bike Route,Bike Route,Paved,Village of Lisle,Lisle, ,,1744.26,-88.070397,41.797506
738,8000766,766,Burlington Av,Burlington Av Bikeway,Center Av,Main St,,Existing,Local,Bike Route,Bike Route,Paved,Village of Lisle,Lisle, ,,684.90,-88.073336,41.798608
739,8000767,767,Burlington Av,Burlington Av Bikeway,Main St,Yender Av,East Branch DuPage River Trail,Existing,Regional,Bike Route,Bike Route,Paved,Village of Lisle,Lisle, ,,2805.43,-88.079775,41.797578
740,8000768,768,Schwartz Av,Schwartz Av Bikeway,US 34,Burlington Av,East Branch DuPage River Trail,Existing,Regional,Bike Route,Bike Route,Paved,Village of Lisle,Lisle, ,0,2762.18,-88.084841,41.802948
741,8000769,769,Lacey Av,Lacey Av Bikeway,Devon Av,Schwartz Av,East Branch DuPage River Trail,Existing,Regional,Bike Route,Bike Route,Paved,Village of Lisle,Lisle, ,0,635.36,-88.085968,41.802771
742,8000770,770,Devon Av,Devon Av Bikeway,Middleston Av,Lacey Av,,Existing,Local,Bike Route,Bike Route,Paved,Village of Lisle,Lisle, ,0,657.69,-88.087175,41.803637
744,9000773,773,Offstreet,Westmont Park Trail,Burr Oak Rd, ,Loop Trail,Existing,Local,Path,Path,Paved,Westmont Park District,Downers Grove North, ,,3882.50,-87.971634,41.814589
745,9000774,774,Lincoln Av,Lincoln Av Bikeway,Douglas Rd,Cummor Av,,Existing,Local,Bike Route,Bike Route,Paved,Village of Downers Grove,Downers Grove North, ,,2126.90,-87.994560,41.804129
746,9000775,775,Douglas Rd,Douglas Rd Bikeway,Grant Av,Lincoln Av,,Existing,Local,Bike Route,Bike Route,Paved,Village of Downers Grove,Downers Grove North, ,,659.44,-87.997938,41.804912
747,9000776,776,Grant St,Grant St Bikeway,Main St,Douglas Rd,,Existing,Local,Bike Route,Bike Route,Paved,Village of Downers Grove,Downers Grove North, ,,3577.59,-88.007105,41.805588
748,9000777,777,Offstreet,Downers Grove North HS Pedway,Prince St,Main St,,Existing,Local,Bike Route,Bike Route,Paved,Village of Downers Grove,Downers Grove North, ,,1007.26,-88.012387,41.804672
749,9000778,778,Prince St,Prince St Bikeway,Grant St,Downers Grove North HS Pedway,,Existing,Local,Bike Route,Bike Route,Paved,Village of Downers Grove,Downers Grove North, ,,337.61,-88.013417,41.805000
750,9000779,779,Maple Av,Maple Av Bikeway,Cummor Av,Fairview Av,,Existing,Local,Bike Route,Bike Route,Paved,Village of Downers Grove,Downers Grove North, ,,1567.67,-87.992224,41.797811
751,9000780,780,Cumnor Av,Cumnor Av Bikeway,Lincoln Av,Maple Av,,Existing,Local,Bike Route,Bike Route,Paved,Village of Downers Grove,Downers Grove North, ,,2107.67,-87.990111,41.801110
752,9000781,781,Brookbank Rd,Brookbank Rd Bikeway,Maple Av,Brook Ln,,Existing,Local,Bike Route,Bike Route,Paved,Village of Downers Grove,Downers Grove North, ,,1208.31,-88.016148,41.790529
753,9000783,783,Offstreet,Veterans Memorial Park Trail,Linden Av, ,Loop Trail,Existing,Local,Path,Path,Paved,Westmont Park District,Downers Grove North, ,,1831.12,-87.972570,41.792516
755,9000785,785,75th St,75th St Trail,Woodward Av,Lemont Rd,,Existing,Local,Path,Sidepath,Paved,Village of Downers Grove,Downers Grove North, ,,5019.29,-88.020770,41.750774
756,9000786,786,Fairmount Av,Fairmount Av Bikeway,72nd St,75th St,,Existing,Local,Bike Route,Bike Route,Paved,Village of Downers Grove,Downers Grove North, ,,1912.67,-87.999981,41.754338
757,9000787,787,72nd St,72nd St Bikeway,Fairmount Av,Fairmount Av,,Existing,Local,Bike Route,Bike Route,Paved,Village of Downers Grove,Downers Grove North, ,,592.37,-87.999980,41.756815
758,2990789,789,Offstreet,Steven M Ravenesi Trail,St Charles Rd,Red Hawk Park Trail,Carol Stream - Bloomingdale Trail,Existing,Regional,Path,Path,Paved,Forest Preserve District of DuPage County,Bloomingdale, ,,964.39,-88.145150,41.902419
759,4000790,790,Arbor Av,Arbor Av Trail,Hawthorne Ln,Reed-Keppler Park Ent,,Existing,Local,Path,Sidepath,Paved,West Chicago Park District,Winfield, ,,1410.51,-88.204367,41.898024
760,4000792,792,IL 56,IL 56 Trail,Batavia Rd,Blackwell Forest Preserve,,Existing,Local,Path,Sidepath,Paved,IDOT,Winfield, ,,1072.98,-88.179773,41.825432
761,8000793,793,Offstreet,West Branch DuPage River Trail,West Branch Riverway,Will County Line,West Branch DuPage River Trail,Existing,Regional,Path,Path,Paved,Naperville Park District,Lisle, ,,1168.44,-88.130646,41.727062
762,5000794,794,Offstreet,Lincoln Marsh Trail,Elgin Branch,Nepil Av,,Existing,Local,Path,Path,Limestone,Wheaton Park District,Milton, ,,2068.73,-88.127029,41.872929
763,1000795,795,Offstreet,Great Western Trail,Prince Crossing Rd,Sassafras Dr,Great Western Trail,Existing,Regional,Path,Path,Limestone,DuPage County DOT,Wayne, ,,3838.87,-88.197473,41.905928
764,10990796,796,Offstreet,Veterans Memorial Trail,International Dr,Will County Line,Veterans Memorial Trail,Existing,Regional,Path,Path,Paved,Forest Preserve District of DuPage County,Downers Grove South, ,,2175.35,-88.029162,41.688327
765,8990797,797,Offstreet,Link Trail,79th Av, ,,Existing,Local,Path,Path,Limestone,Forest Preserve District of DuPage County,Lisle, ,,1546.70,-88.086540,41.741185
766,2990798,798,Mallard Lake Ent,Mallard Lake Ent Bikeway,Schick Rd, ,Carol Stream - Bloomingdale Trail,Existing,Local,Bike Route,Bike Route,Paved,Forest Preserve District of DuPage County,Bloomingdale, ,,3423.70,-88.127331,41.957087
767,2990799,799,Offstreet,Link Trail,Mallard Lake Ent, ,Carol Stream - Bloomingdale Trail,Existing,Regional,Path,Path,Paved,Forest Preserve District of DuPage County,Bloomingdale, ,,616.60,-88.128561,41.961167
770,9000804,804,Fairmount Av,Fairmount Av Bikeway,72nd St,63rd St,,Existing,Local,Bike Route,Bike Route,Paved,Village of Downers Grove,Downers Grove North, ,,6259.21,-88.001148,41.764899
771,9000810,810,Springside Av,Springside Av Bikeway,Prentiss Dr,Bolson Dr,,Existing,Local,Bike Route,Bike Route,Paved,Village of Downers Grove,Downers Grove North, ,,817.44,-88.024281,41.768657
773,9000814,814,Dunham Rd,Dunham Rd Bikeway,Bolson Dr,59th St,,Existing,Local,Bike Route,Bike Route,Paved,Village of Downers Grove,Downers Grove North, ,,5164.04,-88.018169,41.772818
774,9000815,815,67th St,67th St Bikeway,Main St DG,Fairmount Av,,Existing,Local,Bike Route,Bike Route,Paved,Village of Downers Grove,Downers Grove North, ,,1779.54,-88.005353,41.765745
775,9000817,817,Offstreet,Milnes Family Memorial Park Trail,Fairmount Av,Fairmount Av,Loop Trail,Existing,Local,Path,Path,Paved,Village of Downers Grove,Downers Grove North, ,,1009.83,-88.001325,41.777943
776,9000818,818,Fairmount Av,Fairmount Av Bikeway,Maple Av,59th St,,Existing,Local,Bike Route,Bike Route,Paved,Village of Downers Grove,Downers Grove North, ,,5015.16,-88.001784,41.788226
779,9000821,821,Curtiss St,Curtiss St Bikeway,Forest Av,Mackie Pl,,Existing,Local,Bike Route,Bike Route,Paved,Village of Downers Grove,Downers Grove North, ,,2278.16,-88.008284,41.794099
780,9000822,822,Burlington Av,Burlington Av Bikeway,Washington St,Forest Av,,Existing,Local,Bike Route,Bike Route,Paved,Village of Downers Grove,Downers Grove North, ,,1395.76,-88.008141,41.795252
785,9000827,827,Rogers St,Rogers St Bikeway,Highland Av,Maple Av,,Existing,Local,Bike Route,Bike Route,Paved,Village of Downers Grove,Downers Grove North, ,,3851.38,-88.002382,41.796632
790,9000833,833,Gilbert Av,Gilbert Av Bikeway,Cornell Av,Forest Av,,Existing,Local,Bike Route,Bike Route,Paved,Village of Downers Grove,Downers Grove North, ,,5042.69,-88.021712,41.794873
791,9000834,834,Brookbank Rd,Brookbank Rd Bikeway,Brook Ln,Gilbert Av,,Existing,Local,Bike Route,Bike Route,Paved,Village of Downers Grove,Downers Grove North, ,,1241.13,-88.017523,41.793256
792,9000835,835,Maple Av,Maple Av Bikeway,Dunham Rd,Brookbank Rd,,Existing,Local,Bike Route,Bike Route,Paved,Village of Downers Grove,Downers Grove North, ,,1118.40,-88.017750,41.787974
793,9000837,837,Cornell Av,Cornell Av Bikeway,Curtiss St,Gilbert Av,,Existing,Local,Bike Route,Bike Route,Paved,Village of Downers Grove,Downers Grove North, ,,857.56,-88.029635,41.794699
795,9000839,839,Forest Av,Forest Av Bikeway,Warren Av,Curtiss St,,Existing,Local,Bike Route,Bike Route,Paved,Village of Downers Grove,Downers Grove North, ,,865.20,-88.011958,41.795120
796,9000840,840,Warren Av,Warren Av Bikeway,Northcott Av,Forest Av,,Existing,Local,Bike Route,Bike Route,Paved,Village of Downers Grove,Downers Grove North, ,,3515.58,-88.018255,41.796222
806,6000850,850,31st St,31st St Bikeway,Cul de sac,Highland Av,,Existing,Local,Bike Route,Bike Route,Paved,Village of Downers Grove,York, ,,1261.77,-88.013392,41.830892
807,6000851,851,31st St,31st St Bikeway,Saratoga Av,31st St,,Existing,Local,Bike Route,Bike Route,Paved,Village of Downers Grove,York, ,,394.76,-88.015043,41.830702
816,9000861,861,Offstreet,Indian Boundary YMCA Ent Bikeway,59th St,Milnes Family Memorial Park Trail,,Existing,Local,Bike Route,Bike Route,Paved,Village of Downers Grove,Downers Grove North, ,,291.90,-88.001348,41.779891
817,9000865,865,Bolson Rd,Bolson Rd Bikeway,Springside Av,Dunham Rd,,Existing,Local,Bike Route,Bike Route,Paved,Village of Downers Grove,Downers Grove North, ,,1703.02,-88.020737,41.766954
818,9000866,866,67th St,67th St Bikeway,Dunham Rd,Main St DG,,Existing,Local,Bike Route,Bike Route,Paved,Village of Downers Grove,Downers Grove North, ,,2649.96,-88.014490,41.765541
829,4000880,880,Offstreet,Turner Elementary School Trail,James Ave,National St,,Existing,Local,Path,Path,Paved,City of West Chicago,Winfield, ,,778.90,-88.199713,41.893906
835,1990895,895,Offstreet,North Central DuPage Regional Trail,E of County Farm Rd,Mallard Lake Trail,North Central DuPage Regional Trail,Existing,Regional,Path,Path,Paved,Forest Preserve District of DuPage County,Wayne, ,,4209.58,-88.146725,41.965967
836,1000896,896,Schick Rd,Schick Rd Trail,IL 59,Far Hills Dr,North Central DuPage Regional Trail,Existing,Regional,Path,Sidepath,Paved,Village of Bartlett,Wayne, ,0,506.07,-88.205718,41.951111
849,1000916,916,Fair Oaks Rd,Fair Oaks Rd Trail,St Charles Rd,Army Trail Rd,West Branch DuPage River Trail,Existing,Regional,Path,Sidepath,Paved,Winfield Township,Wayne, ,,10908.00,-88.174285,41.931443
877,4000953,953,Beecher Av,Beecher Av Bikeway,Lyons Park,West Branch DuPage River,West Branch DuPage River Trail,Existing,Regional,Bike Route,Bike Route,Paved,Village of Winfield,Winfield, ,0,820.65,-88.164060,41.869496
884,2000963,963,Glen Ellyn Rd,Glen Ellyn Rd Trail,Byron Av,Edgewater Dr,,Existing,Local,Path,Sidepath,Paved,Village of Bloomingdale,Bloomingdale, ,,387.25,-88.063251,41.941386
890,2000969,969,Offstreet,Circle Park Trail,Circle Av,Johnston Recreational Center,Loop Trail,Existing,Local,Path,Path,Paved,Village of Bloomingdale,Bloomingdale, ,,351.20,-88.071227,41.951764
916,2001002,1002,Offstreet,Stratford Square Trail, ,Army Trail Rd,,Existing,Local,Path,Path,Paved,Village of Bloomingdale,Bloomingdale, ,,995.64,-88.115031,41.940944
924,1001011,1011,Brewster Creek Blvd,Brewster Creek Blvd Trail,Hecht Dr,Rana Meal Solutions Ent,,Existing,Local,Path,Sidepath,Paved,Village of Bartlett,Wayne, ,,946.05,-88.230424,41.982551
928,8031784,1784,Warrenville Rd,Warrenville Rd Bikeway,DuPage Montessori School Ent,Freedom Dr,,Existing,Local,Bike Route,Shoulder Bike Lane,Paved,DuPage County DOT,Lisle, ,0,3610.55,-88.135066,41.809008
949,7001037,1037,River Rd,River Rd Bikeway,Raymond Dr,US 34,,Existing,Local,Bike Route,Bike Route,Paved,City of Naperville,Naperville, ,0,1850.01,-88.181491,41.783371
972,7991061,1061,Offstreet,Link Trail,West Branch DuPage River Trail,River Rd,,Existing,Local,Path,Path,Limestone,Forest Preserve District of DuPage County,Naperville, ,0,1342.96,-88.181285,41.785042
1019,5541125,1125,Swift Rd,Swift Rd Trail,IL 64,Great Western Trail,East Branch DuPage River Trail,Existing,Regional,Path,Sidepath,Paved,DuPage County DOT,Milton, ,,3909.92,-88.044098,41.900261
1022,6001128,1128,Harger Rd,Harger Rd Trail,Yorkshire Woods,Salt Creek Greenway Trail,,Existing,Local,Path,Sidepath,Unknown,Village of Oak Brook,York, ,,1239.34,-87.934848,41.853582
1036,5001145,1145,Offstreet,Winfield Connector Trail,County Farm Rd,Beecher Av,Winfield Connector,Existing,Local,Path,Path,Paved,DuPage County DOT,Milton, ,,2361.05,-88.146801,41.868536
1051,3991162,1162,Offstreet,Songbird Slough Trail,Itasca Rd,Mill Rd,Itasca - Addison Trail,Existing,Regional,Path,Path,Paved,Forest Preserve District of DuPage County,Addison, ,,2992.96,-88.007443,41.960840
1060,4991173,1173,Offstreet,Winfield Mounds Trail,Winfield Mounds,Geneva Spur,West Branch DuPage River Trail,Existing,Regional,Path,Path,Paved,Forest Preserve District of DuPage County,Winfield, ,,6262.16,-88.157767,41.878535
1061,4991174,1174,Offstreet,West DuPage Woods Trail,Wynwood Rd,West DuPage Woods,West Branch DuPage River Trail,Existing,Regional,Path,Path,Limestone,Forest Preserve District of DuPage County,Winfield, ,,7615.01,-88.176293,41.871408
1073,4001188,1188,Batavia Rd,Batavia Rd Bikeway,IL 56,Warrenville Rd,,Existing,Local,Bike Route,Bike Lane,Paved,City of Warrenville,Winfield, ,0,3576.88,-88.174707,41.821170
1074,4001189,1189,Warenville Rd,Warenville Rd Trail,Winfield Rd,River Rd,,Existing,Local,Path,Sidepath,Paved,DuPage County DOT,Winfield, ,0,972.90,-88.170063,41.817002
1075,4001190,1190,IL 38,IL 38 Trail,Kautz Rd,Technology Blvd,DuPage Technology Corridor Trail,Existing,Regional,Path,Sidepath,Paved,IDOT,Winfield, ,,2503.42,-88.260287,41.881714
1078,8031193,1193,Warrenville Rd,Warrenville Rd Bikeway,Water Bridge Rd,Yackley Av,East Branch DuPage River Trail,Existing,Regional,Bike Route,Shoulder Bike Lane,Paved,DuPage County DOT,Lisle, ,,6402.23,-88.103587,41.808453
1104,1001224,1224,Schick Rd,Schick Rd Trail,Woodland Hills Dr,IL 59,North Central DuPage Regional Trail,Existing,Regional,Path,Sidepath,Limestone,Village of Bartlett,Wayne, ,,1685.32,-88.209061,41.952582
1108,1001230,1230,Offstreet,Great Western Trail,IL 59,Sassafras Dr,Great Western Trail,Existing,Regional,Path,Path,Limestone,DuPage County DOT,Wayne, ,,2182.49,-88.207522,41.906744
1120,3991246,1246,Offstreet,Songbird Slough Trail,George St,Mill St,Itasca - Addison Trail,Existing,Regional,Path,Path,Paved,Forest Preserve District of DuPage County,Addison, ,,478.79,-88.016439,41.961406
1122,3991248,1248,Offstreet,Songbird Slough Trail,George St,Mill St,Itasca - Addison Trail,Existing,Regional,Path,Path,Paved,Forest Preserve District of DuPage County,Addison, ,,1403.70,-88.014337,41.961065
1123,7991249,1249,Offstreet,McDowell Grove Trail,US 34, ,West Branch DuPage River Trail,Existing,Regional,Path,Path,Limestone,Forest Preserve District of DuPage County,Naperville, ,,4461.25,-88.178196,41.784727
1124,7991250,1250,Offstreet,McDowell Grove Trail, , ,West Branch DuPage River Trail,Existing,Regional,Path,Path,Limestone,Forest Preserve District of DuPage County,Naperville, ,,0.19,-88.182206,41.792811
1125,7991251,1251,Offstreet,McDowell Grove Trail, , ,West Branch DuPage River Trail,Existing,Regional,Path,Path,Limestone,Forest Preserve District of DuPage County,Naperville, ,,1609.78,-88.180744,41.791214
1126,7991252,1252,Offstreet,McDowell Grove Trail, , ,West Branch DuPage River Trail,Existing,Regional,Path,Path,Limestone,Forest Preserve District of DuPage County,Naperville, ,,1425.72,-88.183526,41.794647
1127,7991253,1253,Offstreet,McDowell Grove Trail, , ,West Branch DuPage River Trail,Existing,Regional,Path,Path,Limestone,Forest Preserve District of DuPage County,Naperville, ,,2507.40,-88.186469,41.796558
1128,7991254,1254,Offstreet,McDowell Grove Trail, , ,West Branch DuPage River Trail,Existing,Regional,Path,Path,Limestone,Forest Preserve District of DuPage County,Naperville, ,,2639.08,-88.182483,41.800399
1129,7991257,1257,Offstreet,McDowell Grove Trail, ,Ferry Rd,West Branch DuPage River Trail,Existing,Regional,Path,Path,Limestone,Forest Preserve District of DuPage County,Naperville, ,,2225.23,-88.177471,41.805138
1130,6991258,1258,Offstreet,Riverbend Trail, , ,Fullersburg Forest Preserve,Existing,Local,Path,Path,Limestone,Forest Preserve District of DuPage County,York, ,,697.79,-87.932348,41.824892
1131,6991259,1259,Offstreet,Fullersburg Woods Trail, , ,Fullersburg Forest Preserve,Existing,Local,Path,Path,Limestone,Forest Preserve District of DuPage County,York, ,,120.48,-87.931575,41.825513
1132,6991260,1260,Offstreet,Night Heron Trail, , ,Fullersburg Forest Preserve,Existing,Local,Path,Path,Limestone,Forest Preserve District of DuPage County,York, ,,313.17,-87.930901,41.825570
1133,6991261,1261,Offstreet,Fullersburg Woods Trail, , ,Fullersburg Forest Preserve,Existing,Local,Path,Path,Limestone,Forest Preserve District of DuPage County,York, ,,416.72,-87.937897,41.826424
1134,6991262,1262,Offstreet,Night Heron Trail, , ,Fullersburg Forest Preserve,Existing,Local,Path,Path,Limestone,Forest Preserve District of DuPage County,York, ,,518.21,-87.931080,41.826644
1135,6991263,1263,Offstreet,Riverbend Trail, , ,Fullersburg Forest Preserve,Existing,Local,Path,Path,Limestone,Forest Preserve District of DuPage County,York, ,,298.07,-87.931903,41.825842
1136,6991264,1264,Offstreet,Riverbend Trail, , ,Fullersburg Forest Preserve,Existing,Local,Path,Path,Limestone,Forest Preserve District of DuPage County,York, ,,897.16,-87.931960,41.827553
1137,6991265,1265,Offstreet,Night Heron Trail, , ,Fullersburg Forest Preserve,Existing,Local,Path,Path,Limestone,Forest Preserve District of DuPage County,York, ,,1197.03,-87.934434,41.825777
1138,6991266,1266,Offstreet,Night Heron Trail, , ,Fullersburg Forest Preserve,Existing,Local,Path,Path,Limestone,Forest Preserve District of DuPage County,York, ,,562.63,-87.936786,41.827000
1139,6991267,1267,Offstreet,Fullersburg Woods Trail, , ,Fullersburg Forest Preserve,Existing,Local,Path,Path,Limestone,Forest Preserve District of DuPage County,York, ,,56.10,-87.935708,41.826938
1140,6991268,1268,Offstreet,Riverbend Trail, , ,Fullersburg Forest Preserve,Existing,Local,Path,Path,Limestone,Forest Preserve District of DuPage County,York, ,,356.32,-87.935277,41.827273
1141,6991269,1269,Offstreet,Night Heron Trail, , ,Fullersburg Forest Preserve,Existing,Local,Path,Path,Limestone,Forest Preserve District of DuPage County,York, ,,2813.80,-87.931833,41.829755
1142,6991270,1270,Offstreet,Riverbend Trail, , ,Fullersburg Forest Preserve,Existing,Local,Path,Path,Limestone,Forest Preserve District of DuPage County,York, ,,2867.67,-87.933837,41.829286
1143,6991271,1271,Offstreet,Fullersburg Woods Trail, , ,Fullersburg Forest Preserve,Existing,Local,Path,Path,Limestone,Forest Preserve District of DuPage County,York, ,,51.80,-87.931693,41.828664
1144,6991272,1272,Offstreet,Fullersburg Woods Trail, , ,Fullersburg Forest Preserve,Existing,Local,Path,Path,Limestone,Forest Preserve District of DuPage County,York, ,,45.58,-87.931757,41.828690
1145,6991273,1273,Offstreet,Fullersburg Woods Trail, , ,Fullersburg Forest Preserve,Existing,Local,Path,Path,Limestone,Forest Preserve District of DuPage County,York, ,,103.18,-87.931654,41.828840
1146,6991274,1274,Offstreet,North Island Loop Trail, , ,Fullersburg Forest Preserve,Existing,Local,Path,Path,Limestone,Forest Preserve District of DuPage County,York, ,,1634.32,-87.931730,41.829468
1147,6991275,1275,Offstreet,Night Heron Trail, , ,Fullersburg Forest Preserve,Existing,Local,Path,Path,Limestone,Forest Preserve District of DuPage County,York, ,,1721.56,-87.936568,41.828428
1148,6991276,1276,Offstreet,Fullersburg Woods Trail, , ,Fullersburg Forest Preserve,Existing,Local,Path,Path,Limestone,Forest Preserve District of DuPage County,York, ,,1161.59,-87.935396,41.831326
1149,6991277,1277,Offstreet,Fullersburg Woods Trail, , ,Fullersburg Forest Preserve,Existing,Local,Path,Path,Limestone,Forest Preserve District of DuPage County,York, ,,188.75,-87.932047,41.825626
1150,6991278,1278,Offstreet,Fullersburg Woods Trail, , ,Fullersburg Forest Preserve,Existing,Local,Path,Path,Limestone,Forest Preserve District of DuPage County,York, ,,131.56,-87.931149,41.825599
1151,6991279,1279,Offstreet,Night Heron Trail, , ,Fullersburg Forest Preserve,Existing,Local,Path,Path,Limestone,Forest Preserve District of DuPage County,York, ,,2273.28,-87.929478,41.822381
1152,6991280,1280,Offstreet,Night Heron Trail, , ,Fullersburg Forest Preserve,Existing,Local,Path,Path,Limestone,Forest Preserve District of DuPage County,York, ,,1522.83,-87.932523,41.822621
1153,6991281,1281,Offstreet,Fullersburg Woods Trail, , ,Fullersburg Forest Preserve,Existing,Local,Path,Path,Limestone,Forest Preserve District of DuPage County,York, ,,152.68,-87.933602,41.824244
1154,1001282,1282,Woodland Hills Dr,Woodland Hills Trail,Schick Rd,Forest Preserve Dr,North Central DuPage Regional Trail,Existing,Regional,Path,Sidepath,Paved,Village of Bartlett,Wayne, ,,4079.47,-88.215831,41.955226
1155,7001283,1283,IL 59,IL 59 Trail,Aurora Av,Ferry Rd,,Existing,Local,Path,Sidepath,Paved,IDOT,Naperville, ,,17930.41,-88.205430,41.781129
1156,4991284,1284,Offstreet,St James Farm Trail, , ,St James Farm Trails,Existing,Local,Path,Path,Limestone,Forest Preserve District of DuPage County,Winfield, ,,8353.78,-88.163296,41.834470
1157,4991286,1286,Offstreet,St James Farm Trail, , ,St James Farm Trails,Existing,Local,Path,Path,Limestone,Forest Preserve District of DuPage County,Winfield, ,,1008.80,-88.167821,41.831344
1161,9001290,1290,Madison St,Madison St Bikeway,55th St,8th St,Southern DuPage County Regional Trail,Existing,Regional,Bike Route,Bike Route,Paved,Village of Hinsdale,Downers Grove North, ,,1265.82,-87.936333,41.790915
1162,10001291,1291,91st St,91st St Bikeway,IL 83,Royal Dr,Southern DuPage County Regional Trail,Existing,Regional,Bike Route,Bike Route,Paved,Downers Grove Township,Downers Grove South,DT-0032-07,,7957.16,-87.925485,41.723653
1163,10001317,1317,Clarendon Hills Rd,Clarendon Hills Rd Bikeway,79th St,91st St,Southern DuPage County Regional Trail,Existing,Regional,Bike Route,Bike Route,Paved,Downers Grove Township,Downers Grove South,DT-0015-05,,8008.44,-87.953992,41.736417
1164,9001313,1313,Clarendon Hills Rd,Clarendon Hills Rd Bikeway,75th St,79th St,Southern DuPage County Regional Trail,Existing,Regional,Bike Route,Bike Route,Paved,Village of Willowbrook,Downers Grove North,DT-0014-05,,2627.65,-87.954490,41.748519
1165,9001307,1307,Clarendon Hills Rd,Clarendon Hills Rd Bikeway,67th St,75th St,Southern DuPage County Regional Trail,Existing,Regional,Bike Route,Bike Route,Paved,City of Darien,Downers Grove North,DT-0014-05,,5184.00,-87.954844,41.759200
1166,9001298,1298,Clarendon Hills Rd,Clarendon Hills Rd Bikeway,63rd St,67th St,Southern DuPage County Regional Trail,Existing,Regional,Bike Route,Bike Route,Paved,Village of Willowbrook,Downers Grove North,DT-0047-06,,2770.19,-87.954834,41.769347
1167,9001294,1294,Clarendon Hills Rd,Clarendon Hills Rd Bikeway,59th St,63rd St,Southern DuPage County Regional Trail,Existing,Regional,Bike Route,Bike Route,Paved,Village of Willowbrook,Downers Grove North,DT-0014-05,,2657.52,-87.955113,41.777238
1168,9331822,1822,75th St,75th St Trail,Clarendon Hills Rd,IL-83,Southern DuPage County Regional Trail,Existing,Regional,Path,Sidepath,Paved,DuPage County DOT,Downers Grove North,DT-0006-05,,2782.83,-87.950746,41.752168
1169,4009001,9001,Downtown Winfield,Downtown Winfield Bikeway,Lyons Park,West DuPage Woods,West Branch DuPage River Trail,Existing,Regional,Bike Route,Bike Route,Paved,Village of Winfield,Winfield, ,,2598.63,-88.159691,41.870184
1170,10001351,1351,Woodward Av,Woodward Av Trail,75th St,87th St,Southern DuPage County Regional Trail,Existing,Regional,Path,Sidepath,Paved,Village of Woodridge,Downers Grove South, ,,3372.02,-88.029712,41.731171
1179,6001361,1361,IL 56,IL 56 Trail,Myrtle Ave,Versailles Dr,,Existing,Local,Path,Sidepath,Paved,IDOT,York, ,,3006.76,-87.973252,41.850960
1180,6001362,1362,Offstreet,Versailles on the Lakes Trail,IL 56,16th St,,Existing,Local,Path,Path,Paved,York Township,York, ,,1420.09,-87.977507,41.851213
1184,6001365,1365,Madison St,Madison St Bikeway,Addison St,Edison St,,Existing,Local,Bike Route,Bike Lane,Paved,Village of Lombard,York, ,,10434.34,-88.015244,41.874813
1201,5001382,1382,Offstreet,Churchill Elementary Trail,Geneva Rd,St Charles Rd,Loop Trail,Existing,Local,Path,Path,Paved,Village of Glen Ellyn,Milton, ,,2358.23,-88.078956,41.891217
1216,3081407,1407,York Rd,York Rd Trail,Supreme Dr,Sievert Ct,IL 390 Bikeway,Existing,Regional,Path,Sidepath,Paved,DuPage County DOT,Addison, ,,3009.35,-87.939934,41.978441
1217,3611397,1397,South Thorndale Av,South Thorndale Av Trail,York Rd,Busse Rd,IL 390 Bikeway,Existing,Regional,Path,Sidepath,Paved,DuPage County DOT,Addison, ,,5667.50,-87.947176,41.979295
1218,3611398,1398,South Thorndale Av,South Thorndale Av Trail,Busse Rd,Wood Dale Rd,IL 390 Bikeway,Existing,Regional,Path,Sidepath,Paved,DuPage County DOT,Addison, ,,5706.54,-87.968959,41.982733
1219,3601400,1400,North Thorndale Av,North Thorndale Av Trail,Wood Dale Rd,Pierce Rd,IL 390 Bikeway,Existing,Regional,Path,Sidepath,Paved,DuPage County DOT,Addison, ,,7539.52,-87.994286,41.984276
1220,3001405,1405,Busse Rd,Busse Rd Trail,Bryn Mawr Ave,Tower Ln,IL 390 Bikeway,Existing,Regional,Path,Sidepath,Paved,IDOT,Addison, ,,2453.39,-87.959008,41.982150
1221,3001404,1404,Lively Blvd,Lively Blvd Trail,South Frontage Rd,North Frontage Rd,IL 390 Bikeway,Existing,Regional,Path,Sidepath,Paved,City of Wood Dale,Addison, ,,549.64,-87.970598,41.983612
1222,3281399,1399,Wood Dale Rd,Wood Dale Rd Trail,Hansen Ct Ent,North Frontage Rd,IL 390 Bikeway,Existing,Regional,Path,Sidepath,Paved,DuPage County DOT,Addison, ,,1177.83,-87.979779,41.983156
1223,3001409,1409,Mittel Dr,Mittel Dr Trail,Bauman Ct,North Frontage Rd,IL 390 Bikeway,Existing,Regional,Path,Sidepath,Paved,City of Wood Dale,Addison, ,,640.90,-87.986927,41.983236
1224,1001411,1411,Forest Preserve Dr,Woodland Hills Trail,Woodland Hills Subdivision,Munber Rd,North Central DuPage Regional Trail,Existing,Regional,Path,Sidepath,Unknown,Village of Bartlett,Wayne, ,0,625.02,-88.221269,41.957755
1225,1991410,1410,Munger Rd,Munger Rd Trail,Forest Preserve Dr,Illinois Prairie Path - Elgin Branch,North Central DuPage Regional Trail,Existing,Regional,Path,Sidepath,Limestone,Forest Preserve District of DuPage County,Wayne, ,,8982.20,-88.223460,41.948659
1236,7141460,1460,Eola Rd,Eola Rd Trail,Mustang Way,Metea Valley HS Ent,Eola Connector,Existing,Local,Path,Sidepath,Limestone,DuPage County DOT,Naperville, ,,1554.61,-88.240979,41.790463
1239,1001463,1463,Stearns Rd,Stearns Rd Trail,IL 59,Munger Rd,,Existing,Regional,Path,Sidepath,Paved,Village of Bartlett,Wayne, ,,4357.09,-88.214252,41.974891
1240,5001480,1480,Offstreet,Aurora Branch,Wiesbrook Rd,St James Farm,Illinois Prairie Path,Existing,Regional,Path,Path,Limestone,DuPage County DOT,Milton, ,,4798.66,-88.152593,41.834843
1241,5001481,1481,Offstreet,Aurora Branch,Liberty Dr,IL 38,Illinois Prairie Path,Existing,Regional,Path,Path,Limestone,City of Wheaton,Milton,1966 Wheaton Agrmnt,,2076.88,-88.116324,41.862339
1242,4001482,1482,Offstreet,Aurora Branch,Winfield Rd,Batavia Rd,Illinois Prairie Path,Existing,Regional,Path,Path,Limestone,DuPage County DOT,Winfield, ,,2745.12,-88.174201,41.826861
1243,4001483,1483,Offstreet,Aurora Branch,Batavia Rd,Rockwell St,Illinois Prairie Path,Existing,Regional,Path,Path,Limestone,City of Warrenville,Winfield,DT-0012-05,,1213.21,-88.182699,41.823557
1244,4001490,1490,Offstreet,Geneva Spur,Winfield Mounds,Prince Crossing Rd,Illinois Prairie Path,Existing,Regional,Path,Path,Limestone,DuPage County DOT,Winfield,DT-090-90,,3621.71,-88.183117,41.882147
1245,4001491,1491,Offstreet,Geneva Spur,Kress Rd,Indian Knoll Rd,Illinois Prairie Path,Existing,Regional,Path,Path,Paved,DuPage County DOT,Winfield, ,,2106.25,-88.209027,41.891959
1246,5001597,1597,Offstreet,Main Stem,Main St GE,Park Blvd,Illinois Prairie Path,Existing,Regional,Path,Path,Paved,Village of Glen Ellyn,Milton,DT-045-91,,1126.24,-88.065037,41.876087
1247,5001823,1823,Offstreet,Main Stem,W of I-355,Montclair Av,Illinois Prairie Path,Existing,Regional,Path,Path,Limestone,DuPage County DOT,Milton, ,,7312.78,-88.046166,41.880004
1248,6001493,1493,Offstreet,Great Western Trail,Lombard Village Limits,St Charles Rd,Great Western Trail,Existing,Regional,Path,Path,Limestone,DuPage County DOT,York, ,,3504.67,-87.995497,41.889408
1249,6001494,1494,Offstreet,Great Western Trail,St Charles Rd,Grace St,Great Western Trail,Existing,Regional,Path,Path,Limestone,Village of Lombard,York,DT-0080-05,,3728.98,-88.005546,41.890321
1250,6001495,1495,Offstreet,Great Western Trail,Villa Av,Lombard Village Limits,Great Western Trail,Existing,Regional,Path,Path,Limestone,Village of Villa Park,York,DT-0006-08,,4900.93,-87.979932,41.888116
1251,7001487,1487,Offstreet,Aurora Branch,Kane County Line,Batavia Spur,Illinois Prairie Path,Existing,Regional,Path,Path,Limestone,DuPage County DOT,Naperville, ,,4330.13,-88.223650,41.798966
1252,7001488,1488,Offstreet,Aurora Branch,Kane County Line,Batavia Spur,Illinois Prairie Path,Existing,Regional,Path,Path,Paved,City of Naperville,Naperville,DT-004-11,,670.99,-88.229543,41.798939
1253,7001489,1489,Offstreet,Aurora Branch,Kane County Line,Batavia Spur,Illinois Prairie Path,Existing,Regional,Path,Path,Paved,DuPage County DOT,Naperville, ,,836.56,-88.230506,41.797566
1254,6001484,1484,Offstreet,Main Stem,Myrtle Av,Lombard Village Limits,Illinois Prairie Path,Existing,Regional,Path,Path,Limestone,Village of Villa Park,York,DT-0006-08,,5070.33,-87.979666,41.883607
1255,6001492,1492,Offstreet,Main Stem,Berkley Av,Salt Creek,Illinois Prairie Path,Existing,Regional,Path,Path,Limestone,Elmhurst Park District,York,DT-007-91,,1090.71,-87.956032,41.885843
1256,3999026,9026,Offstreet,Community Park Trail,Salt Creek,US 20,Salt Creek Greenway Trail,Existing,Regional,Path,Path,Paved,Forest Preserve District of DuPage County,Addison, ,,1549.15,-87.979745,41.931203
1257,3009027,9027,Addison Rd,Addison Rd Trail,I-290,Chestnut St,Salt Creek Greenway Trail,Existing,Regional,Path,Sidepath,Paved,Village of Addison,Addison, ,,2117.01,-87.988450,41.940109
1258,3009090,9090,Offstreet,Salt Creek Greenway Trail,Potter St,S of IL 19,Salt Creek Greenway Trail,Existing,Regional,Path,Path,Paved,City of Wood Dale,Addison, ,,1520.34,-87.993637,41.961969
1259,6009032,9032,Creekside St,Creekside St Bikeway, , ,Salt Creek Greenway Trail,Existing,Regional,Bike Route,Bike Route,Paved,Village of Villa Park,York, ,,232.11,-87.967382,41.903530
1260,6999033,9033,Offstreet,Salt Creek Greenway Trail, , ,Salt Creek Greenway Trail,Existing,Regional,Path,Path,Paved,Forest Preserve District of DuPage County,York, ,,653.09,-87.967027,41.902411
1261,6009028,9028,Offstreet,Rotary Park Trail, , ,Salt Creek Greenway Trail,Existing,Regional,Path,Path,Paved,Village of Villa Park,York, ,,566.29,-87.962584,41.888751
1262,6009029,9029,Wildwood Av,Wildwood Av Bikeway, , ,Salt Creek Greenway Trail,Existing,Regional,Bike Route,Bike Route,Paved,Village of Villa Park,York, ,,605.48,-87.963860,41.888148
1263,3001500,1500,Prospect Av,Prospect Av Trail,Schiller St,Canadian Pacific RR,Salt Creek Greenway Trail,Existing,Regional,Path,Sidepath,Paved,City of Wood Dale,Addison, ,,123.12,-87.998056,41.969586
1264,3991499,1499,Offstreet,Salt Creek Marsh Trail,Salt Creek Greenway Trail,School St,Salt Creek Greenway Trail,Existing,Regional,Path,Path,Paved,Forest Preserve District of DuPage County,Addison, ,,4471.20,-87.993063,41.979880
1265,3009017,9017,Offstreet,Salt Creek Greenway Trail,N of IL 19,Itasca Village Limits,Salt Creek Greenway Trail,Existing,Regional,Path,Path,Paved,Village of Addison,Addison, ,,1492.78,-87.991632,41.974370
1266,3001498,1498,Prospect Av,Prospect Av Trail,Canadian Pacific RR,Salt Creek Marsh,Salt Creek Greenway Trail,Existing,Regional,Path,Sidepath,Paved,Village of Itasca,Addison, ,,1374.81,-87.998017,41.971261
1267,3001497,1497,Offstreet,Salt Creek Greenway Trail,Itasca Village Limits,Prospect Av,Salt Creek Greenway Trail,Existing,Regional,Path,Path,Paved,Village of Itasca,Addison, ,,989.32,-87.996383,41.969185
1268,3991496,1496,Offstreet,Salt Creek Marsh Trail,Prospect Av,Salt Creek Marsh,Salt Creek Greenway Trail,Existing,Regional,Path,Path,Paved,Forest Preserve District of DuPage County,Addison, ,,1183.60,-87.995592,41.973613
1269,9009031,9031,Sherman Av,Sherman Av Bikeway,59th St,Jefferson Av,Southern DuPage County Regional Trail,Existing,Regional,Bike Route,Bike Route,Paved,Lisle Township,Downers Grove North,DT-0007-08,,722.32,-88.029807,41.780734
1271,6001502,1502,Offstreet,Madison Meadow Trail, , ,Loop Trail,Existing,Local,Path,Path,Paved,Lombard Park District,York, ,,408.67,-87.998995,41.874357
1272,6001503,1503,Offstreet,Madison Meadow Trail, , ,Loop Trail,Existing,Local,Path,Path,Paved,Lombard Park District,York, ,,689.53,-87.997314,41.873610
1273,6001504,1504,Offstreet,Madison Meadow Trail, , ,Loop Trail,Existing,Local,Path,Path,Paved,Lombard Park District,York, ,,2960.64,-88.003647,41.871476
1274,6001505,1505,Offstreet,Madison Meadow Trail, , ,Loop Trail,Existing,Local,Path,Path,Paved,Lombard Park District,York, ,,924.63,-88.000499,41.870218
1275,6001506,1506,Offstreet,Westmore Woods Trail, , ,Loop Trail,Existing,Local,Path,Path,Paved,Lombard Park District,York, ,,1827.70,-87.994786,41.887646
1276,6001507,1507,Offstreet,Sunset Knoll Park Trail, , ,Loop Trail,Existing,Local,Path,Path,Paved,Lombard Park District,York, ,,824.53,-88.029024,41.867750
1277,6001508,1508,Offstreet,Sunset Knoll Park Trail, , ,Loop Trail,Existing,Local,Path,Path,Paved,Lombard Park District,York, ,,57.27,-88.029255,41.867539
1278,6001509,1509,Offstreet,Sunset Knoll Park Trail, , ,Loop Trail,Existing,Local,Path,Path,Paved,Lombard Park District,York, ,,3142.54,-88.031306,41.868835
1279,6001510,1510,Offstreet,Sunset Knoll Park Trail, , ,Loop Trail,Existing,Local,Path,Path,Paved,Lombard Park District,York, ,,194.60,-88.032741,41.868360
1280,6001511,1511,Offstreet,Sunset Knoll Park Trail, , ,Loop Trail,Existing,Local,Path,Path,Paved,Lombard Park District,York, ,,371.41,-88.030556,41.869038
1281,6001512,1512,Offstreet,Sunset Knoll Park Trail, , ,Loop Trail,Existing,Local,Path,Path,Paved,Lombard Park District,York, ,,589.72,-88.029455,41.868543
1282,6001513,1513,16th St,16th St Trail,Main St Lombard,Highland Av,,Existing,Local,Path,Sidepath,Paved,Village of Lombard,York, ,,1341.38,-88.014046,41.852948
1317,3001548,1548,Church Rd,Church Rd Bikeway,Grand Av,Wood St,,Existing,Local,Bike Route,Bike Route,Paved,Village of Bensenville,Addison, ,,9104.99,-87.951796,41.947815
1333,3009056,9056,Offstreet,Unnamed Trail,Sable Dr,Foxdale Dr,,Existing,Local,Path,Path,Paved, ,Addison, ,,353.44,-88.021645,41.948818
1349,2999071,9071,Offstreet,Unnamed Trail,North Central DuPage Regional Trail,Arlington Dr,,Existing,Local,Path,Path,Limestone,Forest Preserve District of DuPage County,Bloomingdale, ,,1296.01,-88.133577,41.967596
1355,1001588,1588,Offstreet,Elgin Branch,Prince Crossing Rd,IL 64,Illinois Prairie Path,Existing,Regional,Path,Path,Limestone,DuPage County DOT,Wayne, ,,4623.58,-88.195687,41.909337
1356,1001589,1589,Offstreet,Elgin Branch,IL 64 South Side,IL 64 North Side,Illinois Prairie Path,Existing,Regional,Path,Path,Paved,DuPage County DOT,Wayne,DT-050-87,,192.62,-88.201250,41.914284
1357,1009075,9075,Offstreet,Elgin Branch,IL 64,IL 59,Illinois Prairie Path,Existing,Regional,Path,Path,Limestone,DuPage County DOT,Wayne, ,,2921.82,-88.204760,41.917475
1358,1001591,1591,Offstreet,Elgin Branch,IL 59 East Side,IL 59 West Side,Illinois Prairie Path,Existing,Regional,Path,Path,Paved,DuPage County DOT,Wayne, ,,525.77,-88.208924,41.921239
1359,1009076,9076,Offstreet,Elgin Branch,Lies Rd,Smith Rd,Illinois Prairie Path,Existing,Regional,Path,Path,Limestone,DuPage County DOT,Wayne, ,,6695.51,-88.214548,41.926335
1360,1001593,1593,Offstreet,Elgin Branch,Lies Rd,CNRR,Illinois Prairie Path,Existing,Regional,Path,Path,Limestone,DuPage County DOT,Wayne, ,,5265.02,-88.232640,41.942936
1361,1001594,1594,Offstreet,Elgin Branch,CNRR,Army Trail Rd,Illinois Prairie Path,Existing,Regional,Path,Path,Limestone,DuPage County DOT,Wayne, ,,1276.76,-88.239748,41.949429
1362,1001595,1595,Offstreet,Elgin Branch,CNRR East Side,CNRR West Side,Illinois Prairie Path,Existing,Regional,Path,Path,Paved,DuPage County DOT,Wayne, ,,367.51,-88.237424,41.947363
1363,1009006,9006,Offstreet,Elgin Branch,Powis Rd,County Line,Illinois Prairie Path,Existing,Regional,Path,Path,Limestone,DuPage County DOT,Wayne, ,,682.89,-88.241581,41.951088
1364,4001596,1596,Main St WC,Geneva Spur,Prince Crossing Rd,IL 59,Illinois Prairie Path,Existing,Regional,Path,Sidepath,Paved,City of West Chicago,Winfield,DT-064-92,,2614.97,-88.190011,41.882064
1365,4009020,9020,Offstreet,Geneva Spur,Washington St,Elmwood Av,Illinois Prairie Path,Existing,Regional,Bike Route,Bike Route,Paved,City of West Chicago,Winfield,DT-064-92,,2562.99,-88.206120,41.887267
1366,4211587,1587,Geneva Rd,Geneva Spur,County Farm Rd,Winfield Rd,Illinois Prairie Path,Existing,Regional,Path,Sidepath,Paved,DuPage County DOT,Winfield, ,,1747.12,-88.154751,41.888033
1367,5009005,9005,Offstreet,Elgin Branch,County Farm Rd,Pleasant Hill Rd,Illinois Prairie Path,Existing,Regional,Path,Path,Limestone,DuPage County DOT,Milton, ,,4797.66,-88.145257,41.885026
1368,4001586,1586,Offstreet,Elgin Branch,County Farm Rd - Southeast Corner,County Farm Rd - Northeast Corner,Illinois Prairie Path,Existing,Regional,Path,Path,Paved,DuPage County DOT,Winfield, ,,378.05,-88.151067,41.888008
1369,6009021,9021,31st St,31st St Trail,Spring Rd,Hunt Club Dr,I-88 Central DuPage Bikeway,Existing,Regional,Path,Sidepath,Paved,Village of Oak Brook,York, ,,5170.11,-87.939010,41.832978
1371,9000451,451,67th St,67th St Bikeway,Whipple Ln,Cass Av,,Existing,Local,Bike Route,Bike Route,Paved,Village of Westmont,Downers Grove North, ,,1328.96,-87.971795,41.766459
1372,5001485,1485,Offstreet,Main Stem,Park Blvd,Montclair Av,Illinois Prairie Path,Existing,Regional,Path,Path,Paved,Village of Glen Ellyn,Milton,DT-037-07,,757.73,-88.061490,41.876978
1373,5000501,501,Offstreet,Main Stem,Washington St,Cross St,Illinois Prairie Path,Existing,Regional,Path,Path,Paved,Wheaton Park District,Milton,EN-0006-02,,1099.00,-88.103702,41.865005
1374,5001598,1598,Offstreet,Main Stem,Cross St,Main St Wheaton,Illinois Prairie Path,Existing,Regional,Path,Path,Paved,City of Wheaton,Milton,DT-046-91,,399.86,-88.105975,41.864610
1375,5001818,1818,Offstreet,Main Stem,Washington St,President St,Illinois Prairie Path,Existing,Regional,Path,Path,Limestone,DuPage County DOT,Milton, ,,2628.65,-88.097450,41.866165
1376,5001600,1600,Offstreet,Main Stem,Hill Av,President St,Illinois Prairie Path,Existing,Regional,Path,Path,Limestone,City of Wheaton,Milton,DT-032-94,,1327.68,-88.089877,41.868307
1377,6009007,9007,Offstreet,Main Stem,Lombard Village Limits,Westmore-Meyers Rd,Illinois Prairie Path,Existing,Regional,Path,Path,Limestone,DuPage County DOT,York, ,,1334.70,-87.991314,41.882292
1378,6009008,9008,Offstreet,Main Stem,Westmore-Meyers Rd,Chase Ave,Illinois Prairie Path,Existing,Regional,Path,Path,Limestone,DuPage County DOT,York,DT-0004-05,,1528.07,-87.996030,41.882322
1379,6001486,1486,Offstreet,Main Stem,E of I-355,W of I-355,Illinois Prairie Path,Existing,Regional,Path,Path,Paved,DuPage County DOT,York,DT-031-93,,816.14,-88.032861,41.881605
1380,4009018,9018,Offstreet,Geneva Spur,W of CNRR,E of CNRR,Illinois Prairie Path,Existing,Regional,Path,Bridge,Paved,DuPage County DOT,Winfield, ,,1011.79,-88.215172,41.892845
1381,6009081,9081,Offstreet,Great Western Trail,Grace St,W of I-355,Great Western Trail,Existing,Regional,Path,Path,Limestone,DuPage County DOT,York, ,,7376.60,-88.021295,41.891520
1382,5009082,9082,Offstreet,Great Western Trail,E of I-355,W of I-355,Great Western Trail,Existing,Regional,Path,Bridge,Paved,DuPage County DOT,Milton,NS 96-06,,649.46,-88.037497,41.892830
1383,7009009,9009,Offstreet,Batavia Spur,ComEd ROW,E of Eola Rd,Illinois Prairie Path,Existing,Regional,Path,Path,Limestone,DuPage County DOT,Naperville, ,,2636.29,-88.236967,41.801828
1384,7009010,9010,Offstreet,Batavia Spur,CNRR,ComEd ROW,Illinois Prairie Path,Existing,Regional,Path,Path,Limestone,DuPage County DOT,Naperville,DT-011-92,,179.88,-88.230661,41.802065
1385,9009024,9024,Fairview Av,Fairview Av Bikeway,Commercial Ent,75th St,Southern DuPage County Regional Trail,Existing,Regional,Bike Route,Bike Lane,Paved,Village of Downers Grove,Downers Grove North,DT-0007-05,,366.99,-87.993179,41.750919
1386,8009030,9030,59th St,59th St Bikeway,Puffer Rd,Belmont Rd,Southern DuPage County Regional Trail,Existing,Regional,Bike Route,Bike Lane,Paved,Village of Downers Grove,Lisle, ,,295.97,-88.037612,41.779586
1387,9009012,9012,83rd St,83rd St Trail,Dunham Rd,Middlebury Av,Southern DuPage County Regional Trail,Existing,Regional,Path,Sidepath,Paved,Village of Woodridge,Downers Grove North,DT-0079-05,,1138.57,-88.020343,41.736291
1388,9009013,9013,83rd St,83rd St Trail,Middlebury Av,Beller Dr,Southern DuPage County Regional Trail,Existing,Regional,Path,Sidepath,Paved,City of Darien,Downers Grove North,DT-0049-03,,1167.41,-88.024158,41.736213
1389,9009014,9014,83rd St,83rd St Trail,Beller Rd,Woodward Av,Southern DuPage County Regional Trail,Existing,Regional,Path,Sidepath,Paved,Village of Woodridge,Downers Grove North,DT-0079-05,,1112.96,-88.028334,41.736115
1390,4009035,9035,Offstreet,Aurora Branch,West Branch DuPage River,Batavia Rd,Illinois Prairie Path,Existing,Regional,Path,Path,Limestone,City of Warrenville,Winfield,DT-0012-05,,548.06,-88.180274,41.824638
1391,2009003,9003,Offstreet,Meacham Grove Trail, ,Rosedale Av,North Central DuPage Regional Trail,Existing,Regional,Path,Bridge,Paved,Village of Bloomingdale,Bloomingdale,DT-0046-03,,1114.92,-88.082153,41.962804
1392,1999004,9004,Offstreet,Hawk Hollow Trail,W of County Farm Rd,E of County Farm Rd,North Central DuPage Regional Trail,Existing,Regional,Path,Path,Paved,Forest Preserve District of DuPage County,Wayne,DT-0010-13,,808.05,-88.152394,41.962784
1406,1001614,1614,St Charles Rd,St Charles Rd Trail,West Branch DuPage River,Fair Oaks Rd,West Branch DuPage River Trail,Existing,Regional,Path,Sidepath,Paved,Winfield Township,Wayne, ,,1219.72,-88.176509,41.912867
1407,1001615,1615,St Charles Rd,St Charles Rd Trail,Fair Oaks Rd,Benjamin Middle School,,Existing,Local,Path,Sidepath,Paved,Wayne Township,Wayne, ,,534.73,-88.173874,41.912883
1449,8001745,1745,Schick Rd,Schick Rd Trail,Petersdorf Rd,S Bartlett Rd,North Central DuPage Regional Trail,Existing,Regional,Path,Sidepath,Paved,Village of Bartlett,Lisle, ,,8240.38,-88.092463,41.770193
1450,8009025,9025,Lisson Rd,Lisson Rd Bikeway,Wehrli Rd,87th St,,Existing,Local,Bike Route,Bike Route,Paved,City of Naperville,Lisle, ,,3857.20,-88.102488,41.733236
1451,2999077,9077,Offstreet,Meacham Grove Trail, , ,North Central DuPage Regional Trail,Existing,Regional,Path,Path,Limestone,Forest Preserve District of DuPage County,Bloomingdale, ,,655.91,-88.071241,41.961323
1452,2999078,9078,Offstreet,Meacham Grove Trail, , ,North Central DuPage Regional Trail,Existing,Regional,Path,Path,Limestone,Forest Preserve District of DuPage County,Bloomingdale, ,,149.85,-88.071249,41.961860
1453,2009079,9079,Rosedale Av,Rosedale Av Bikeway,Bloomingdale Twp Ent,Mecham Grove West Ent,North Central DuPage Regional Trail,Existing,Regional,Bike Route,Bike Route,Paved,Bloomingdale Township,Bloomingdale, ,,277.21,-88.089505,41.961617
1454,2009080,9080,Offstreet,Medinah Metra Station Bikeway,Thorndale Park Trail,Medinah Metra Station Platform,,Existing,Local,Bike Route,Bike Route,Paved,Medinah Park District,Bloomingdale, ,,976.20,-88.053232,41.979332
1455,2001617,1617,Offstreet,Kemmerling Park Trail, , ,Loop Trail,Existing,Local,Path,Path,Paved,Roselle Park District,Bloomingdale, ,,953.72,-88.078793,41.974418
1456,2001618,1618,Offstreet,Kemmerling Park Trail, , ,Loop Trail,Existing,Local,Path,Path,Paved,Roselle Park District,Bloomingdale, ,,142.11,-88.078622,41.975376
1457,2001619,1619,Offstreet,Kemmerling Park Trail, , ,Loop Trail,Existing,Local,Path,Path,Paved,Roselle Park District,Bloomingdale, ,,497.94,-88.078191,41.974815
1458,2001620,1620,Offstreet,Kemmerling Park Trail, , ,Loop Trail,Existing,Local,Path,Path,Paved,Roselle Park District,Bloomingdale, ,,569.93,-88.077871,41.974267
1459,2001621,1621,Offstreet,Kemmerling Park Trail, , ,Loop Trail,Existing,Local,Path,Path,Paved,Roselle Park District,Bloomingdale, ,,251.73,-88.078139,41.974341
1460,2001622,1622,Offstreet,Kemmerling Park Trail, , ,Loop Trail,Existing,Local,Path,Path,Paved,Roselle Park District,Bloomingdale, ,,67.98,-88.078703,41.974579
1461,2001623,1623,Offstreet,Roselle Park District Trail,Claus Rec Center,Brookrose Park Path,Loop Trail,Existing,Local,Path,Path,Paved,Roselle Park District,Bloomingdale, ,,868.09,-88.095747,41.979100
1462,2001624,1624,Offstreet,Roselle Park District Trail,Claus Rec Center,Brookrose Park Path,Loop Trail,Existing,Local,Path,Path,Paved,Roselle Park District,Bloomingdale, ,,1522.55,-88.094486,41.978834
1463,2001627,1627,Offstreet,Roselle Park District Trail,Claus Rec Center,Brookrose Park Path,Loop Trail,Existing,Local,Path,Path,Paved,Roselle Park District,Bloomingdale, ,,1130.83,-88.095650,41.975787
1464,2001625,1625,Offstreet,Roselle Park District Trail,Claus Rec Center,Brookrose Park Path,Loop Trail,Existing,Local,Path,Path,Paved,Roselle Park District,Bloomingdale, ,,817.26,-88.096354,41.976693
1465,2001626,1626,Offstreet,Roselle Park District Trail,Claus Rec Center,Brookrose Park Path,Loop Trail,Existing,Local,Path,Path,Paved,Roselle Park District,Bloomingdale, ,,1404.86,-88.095929,41.977265
1467,2001629,1629,Offstreet,Odium Park Trail,Ashbury Ln,Ryan Way,,Existing,Local,Path,Path,Paved,Roselle Park District,Bloomingdale, ,,896.22,-88.115771,41.988597
1468,2001630,1630,Offstreet,Schaumburg Metra Station Bikeway,Ryan Way,Schaumburg Metra Station,,Existing,Local,Bike Route,Bike Route,Paved,Village of Roselle,Bloomingdale, ,,296.24,-88.117181,41.988688
1469,2001621,1621,Offstreet,Kemmerling Park Trail, , ,Loop Trail,Existing,Local,Path,Path,Paved,Roselle Park District,Bloomingdale, ,,2811.54,-88.249501,41.934762
1470,1001632,1632,Offstreet,Cornerstone Lakes Park Trail,Barnhart St,Cornerstone Lakes Trail,Loop Trail,Existing,Local,Path,Path,Paved,City of West Chicago,Wayne, ,,268.37,-88.249638,41.931552
1471,1001633,1633,Offstreet,Cornerstone Lakes Park Trail, , ,Loop Trail,Existing,Local,Path,Path,Paved,City of West Chicago,Wayne, ,,853.62,-88.247675,41.931694
1472,1001634,1634,Offstreet,Cornerstone Lakes Park Trail, , ,Loop Trail,Existing,Local,Path,Path,Paved,City of West Chicago,Wayne, ,,73.45,-88.249045,41.931565
1473,1001635,1635,Offstreet,Cornerstone Lakes Park Trail, , ,Loop Trail,Existing,Local,Path,Path,Paved,City of West Chicago,Wayne, ,,72.69,-88.248210,41.931480
1474,1001636,1636,Offstreet,Cornerstone Lakes Park Trail, , ,Loop Trail,Existing,Local,Path,Path,Paved,City of West Chicago,Wayne, ,,41.67,-88.247597,41.931592
1475,4001637,1637,Kautz Rd,Kautz Rd Trail,Geneva Spur,Averill Rd,DuPage Technology Corridor Trail,Existing,Regional,Path,Sidepath,Paved,City of West Chicago,Winfield, ,,937.73,-88.262727,41.891017
1476,4001638,1638,Kautz Rd,Kautz Rd Trail,Averill Rd,Roquette America Ent,DuPage Technology Corridor Trail,Existing,Regional,Path,Sidepath,Paved,City of West Chicago,Winfield, ,,1099.72,-88.263531,41.883883
1477,4001639,1639,Technology Blvd,Technology Blvd Trail,IL 38,Innovation Dr,DuPage Technology Corridor Trail,Existing,Regional,Path,Sidepath,Paved,City of West Chicago,Winfield, ,,1144.25,-88.255771,41.879276
1478,4001640,1640,Technology Blvd,Technology Blvd Trail,Innovation Dr,Fabyan Pkwy,DuPage Technology Corridor Trail,Existing,Regional,Path,Sidepath,Paved,City of West Chicago,Winfield, ,,1460.59,-88.257155,41.872427
1480,4001643,1643,Arbor Av,Arbor Av Trail,Reed-Keppler Park Ent,National St,,Existing,Local,Path,Sidepath,Paved,West Chicago Park District,Winfield, ,,1138.37,-88.204427,41.894499
1481,4001644,1644,National St,National St Trail,Arbor Av,Yale St,,Existing,Local,Path,Sidepath,Paved,West Chicago Park District,Winfield, ,,675.90,-88.205955,41.892923
1482,4001641,1641,Yale St,Yale St Trail,National St,Elmwood Av,,Existing,Local,Path,Sidepath,Paved,West Chicago Park District,Winfield, ,,755.79,-88.206971,41.891610
1483,6001646,1646,York Rd,York Rd Trail,Old Mill Dr,York Rd Crossing,Salt Creek Greenway Trail,Existing,Regional,Path,Sidepath,Paved,Village of Oak Brook,York, ,,1704.54,-87.926049,41.824231
1484,6001647,1647,York Rd,York Rd Trail,York Rd Crossing,Robin Hood Ranch,Salt Creek Greenway Trail,Existing,Regional,Path,Sidepath,Paved,Village of Oak Brook,York, ,,697.76,-87.927759,41.827056
1485,6001645,1645,York Rd,York Rd Trail,Graue Mill Ent,Old Mill Dr,Salt Creek Greenway Trail,Existing,Regional,Path,Sidepath,Paved,Village of Oak Brook,York, ,,1024.54,-87.926972,41.820600
1486,6001748,1748,York Rd,York Rd Trail,I-294 Ramp,Harger Rd,Salt Creek Greenway Trail,Existing,Regional,Path,Sidepath,Paved,Village of Oak Brook,York, ,,2761.82,-87.930462,41.856666
1487,6000064,64,York Rd,York Rd Trail,York Tavern Ent,Graue Mill Ent,Salt Creek Greenway Trail,Existing,Regional,Path,Sidepath,Paved,Village of Oak Brook,York, ,,558.15,-87.927325,41.820131
1488,6001648,1648,York Rd,York Rd Trail,Robin Hood Ranch,31st St,Salt Creek Greenway Trail,Existing,Regional,Path,Sidepath,Paved,Village of Oak Brook,York, ,,1804.75,-87.928721,41.830423
1489,6001649,1649,York Rd,York Rd Trail,31st St,Golf Dr,Salt Creek Greenway Trail,Existing,Regional,Path,Sidepath,Paved,Village of Oak Brook,York, ,,2918.36,-87.929027,41.836987
1490,6001651,1651,York Rd,York Rd Trail,22nd St,I-294 Ramp,Salt Creek Greenway Trail,Existing,Regional,Path,Sidepath,Paved,Village of Oak Brook,York, ,,1501.43,-87.929578,41.848943
1491,2001657,1657,Offstreet,Red Hawk Park Trail, , ,Loop Trail,Existing,Local,Path,Path,Paved,Carol Stream Park District,Bloomingdale, ,,157.09,-88.145444,41.906214
1492,2001658,1658,Offstreet,Red Hawk Park Trail, , ,Loop Trail,Existing,Local,Path,Path,Paved,Carol Stream Park District,Bloomingdale, ,,332.30,-88.141960,41.904796
1493,2000081,81,Offstreet,Red Hawk Park Trail, , ,Loop Trail,Existing,Local,Path,Path,Paved,Carol Stream Park District,Bloomingdale, ,,870.01,-88.141385,41.904620
1494,2001655,1655,Offstreet,Steven M Ravanesi Trail,Steven M Ravanesi Trail,Steven M Ravanesi Trail,Carol Stream - Bloomingdale Trail,Existing,Regional,Path,Path,Paved,Carol Stream Park District,Bloomingdale, ,,307.32,-88.142799,41.904730
1495,2000582,582,Offstreet,Steven M Ravanesi Trail,Red Hawk Park Trail,S of IL 64,Carol Stream - Bloomingdale Trail,Existing,Regional,Path,Path,Paved,Carol Stream Park District,Bloomingdale, ,,733.77,-88.142900,41.906019
1496,2001652,1652,Offstreet,Steven M Ravanesi Trail,S of IL 64,N of IL 64,Carol Stream - Bloomingdale Trail,Existing,Regional,Path,Tunnel,Paved,Carol Stream Park District,Bloomingdale, ,,222.51,-88.142170,41.906667
1497,2001653,1653,Offstreet,Steven M Ravanesi Trail,N of IL 64,Barbara ORahily Volunteer Park Ent,Carol Stream - Bloomingdale Trail,Existing,Regional,Path,Path,Paved,Carol Stream Park District,Bloomingdale, ,,1251.62,-88.141922,41.908053
1498,2991659,1659,Offstreet,Steven M Ravenesi Trail,Great Western Trail,St Charles Rd,Carol Stream - Bloomingdale Trail,Existing,Regional,Path,Path,Paved,Forest Preserve District of DuPage County,Bloomingdale, ,,826.07,-88.143427,41.903824
1499,1990084,84,Offstreet,West Branch DuPage River Trail, ,Army Trail Rd,West Branch DuPage River Trail,Existing,Regional,Path,Path,Limestone,Forest Preserve District of DuPage County,Wayne, ,,1506.50,-88.176653,41.942176
1500,7000089,89,Offstreet,Aurora Branch,N of Batavia Spur,S of Ferry Rd,Illinois Prairie Path,Existing,Regional,Path,Path,Limestone,DuPage County DOT,Naperville, ,,2667.73,-88.210298,41.808187
1501,4001662,1662,Offstreet,Aurora Branch,N of Ferry Rd,W of IL 59,Illinois Prairie Path,Existing,Regional,Path,Path,Limestone,DuPage County DOT,Winfield, ,,1040.39,-88.205575,41.811930
1502,4001665,1665,Offstreet,Aurora Branch,Warrenville Rd,Rockwell St,Illinois Prairie Path,Existing,Regional,Path,Path,Limestone,DuPage County DOT,Winfield, ,,2018.87,-88.188049,41.821471
1503,7001661,1661,Offstreet,Aurora Branch,S of Ferry Rd,N of Ferry Rd,Illinois Prairie Path,Existing,Regional,Path,Bridge,Paved,DuPage County DOT,Naperville, ,,542.47,-88.207478,41.810364
1504,4001663,1663,Offstreet,Aurora Branch,W of IL 59,E of IL 59,Illinois Prairie Path,Existing,Regional,Path,Tunnel,Paved,DuPage County DOT,Winfield, ,,99.84,-88.204223,41.813012
1505,5000095,95,Offstreet,Aurora Branch,IL 38,Arbor Av,Illinois Prairie Path,Existing,Regional,Path,Path,Limestone,DuPage County DOT,Milton, ,,928.60,-88.116221,41.857543
1506,5001666,1666,Offstreet,Aurora Branch,Arbor Av,Orchard Rd,Illinois Prairie Path,Existing,Regional,Path,Path,Limestone,DuPage County DOT,Milton, ,,4942.51,-88.118439,41.851162
1507,1000101,101,Devon Av,Devon Av Trail,Bartlett Rd,Prospect Av,,Existing,Local,Path,Sidepath,Paved,Village of Bartlett,Wayne, ,,2803.73,-88.179184,41.987539
1508,1001669,1669,Newport Blvd,Newport Blvd Trail,Devon Av,Bartlett Trail,,Existing,Local,Path,Sidepath,Paved,Village of Bartlett,Wayne, ,,2807.22,-88.165619,41.984398
1509,1001668,1668,Devon Av,Devon Av Trail,Prospect Av,Newport Blvd,,Existing,Local,Path,Sidepath,Paved,Village of Bartlett,Wayne, ,,1636.89,-88.170572,41.987589
1510,1000105,105,Stearns Rd,Stearns Rd Trail,IL 59,S Bartlett Rd,,Existing,Regional,Path,Sidepath,Paved,Village of Bartlett,Wayne, ,,6300.01,-88.194132,41.974190
1511,1001673,1673,Offstreet,Bartlett HS Bikeway, , ,,Existing,Local,Bike Route,Bike Route,Paved,Village of Bartlett,Wayne, ,,868.24,-88.192258,41.947543
1512,1000108,108,Petersdorf Rd,Petersdorf Rd Trail,Schick Rd,Bartlett HS Ent,,Existing,Local,Path,Sidepath,Paved,Village of Bartlett,Wayne, ,,1210.69,-88.193827,41.945573
1513,1001675,1675,Offstreet,West Harbor Park Trail,Bayside Dr,Woodlake Rd,Loop Trail,Existing,Local,Path,Path,Paved,Hanover Park Park District,Wayne, ,,1448.63,-88.162512,41.943377
1514,1001676,1676,Offstreet,East Harbor Park Trail,Woodlake Rd,Sandpiper Dr,Loop Trail,Existing,Local,Path,Path,Paved,Hanover Park Park District,Wayne, ,,1483.48,-88.157974,41.944580
1515,1001677,1677,Offstreet,East Harbor Park Trail, , ,Loop Trail,Existing,Local,Path,Path,Paved,Hanover Park Park District,Wayne, ,,525.84,-88.156873,41.945025
1516,1001680,1680,Offstreet,East Harbor Park Trail,Sandpiper Dr,County Farm Rd,Loop Trail,Existing,Local,Path,Path,Paved,Hanover Park Park District,Wayne, ,,1370.76,-88.152829,41.944394
1517,1001681,1681,Offstreet,East Harbor Park Trail,County Farm Rd,Nautilus Ln,Loop Trail,Existing,Local,Path,Path,Paved,Hanover Park Park District,Wayne, ,,1233.07,-88.147473,41.944324
1518,1001678,1678,Offstreet,East Harbor Park Trail,Woodlake Rd,Wildwood Ln,Loop Trail,Existing,Local,Path,Path,Paved,Hanover Park Park District,Wayne, ,,1530.31,-88.158421,41.945769
1519,1001679,1679,Offstreet,East Harbor Park Trail, , ,Loop Trail,Existing,Local,Path,Path,Paved,Hanover Park Park District,Wayne, ,,1361.63,-88.155813,41.945854
1520,1001682,1682,Offstreet,East Harbor Park Trail,Nautilus Ln,Elsie Johnson Elementary School,Loop Trail,Existing,Local,Path,Path,Paved,Hanover Park Park District,Wayne, ,,389.18,-88.145829,41.944367
1521,1001674,1674,Petersdorf Rd,Petersdorf Rd Trail,Bartlett HS Ent,Army Trail Rd,,Existing,Local,Path,Sidepath,Paved,Village of Bartlett,Wayne, ,,610.62,-88.193736,41.950272
1522,6001684,1684,Offstreet,Main Stem,York Rd,Spring Rd,Illinois Prairie Path,Existing,Regional,Path,Path,Limestone,Elmhurst Park District,York,DT-007-91,,2649.49,-87.944161,41.884858
1523,6000115,115,Offstreet,Main Stem,I-294,Poplar Av,Illinois Prairie Path,Existing,Regional,Path,Path,Limestone,Elmhurst Park District,York,DT-007-91,,2599.38,-87.926203,41.883391
1524,6001685,1685,Offstreet,Main Stem,Spring Rd,Berkley Av,Illinois Prairie Path,Existing,Regional,Path,Path,Limestone,Elmhurst Park District,York,DT-007-91,,1337.68,-87.952626,41.885567
1525,5000119,119,Offstreet,Elgin Branch,Liberty Av,S of UPRR,Illinois Prairie Path,Existing,Regional,Path,Path,Paved,DuPage County DOT,Milton, ,,314.27,-88.116318,41.864575
1526,5001686,1686,Offstreet,Elgin Branch,S of UPRR,N of Bridge St,Illinois Prairie Path,Existing,Regional,Path,Bridge,Paved,DuPage County DOT,Milton, ,,514.41,-88.116697,41.865654
1527,5001687,1687,Offstreet,Elgin Branch,N of Bridge St,S of Union St,Illinois Prairie Path,Existing,Regional,Path,Path,Paved,DuPage County DOT,Milton, ,,333.34,-88.116863,41.866667
1528,5001688,1688,Offstreet,Elgin Branch,S of Union St,Lincoln Av,Illinois Prairie Path,Existing,Regional,Path,Path,Limestone,DuPage County DOT,Milton, ,,1060.52,-88.117191,41.868893
1529,5001690,1690,Offstreet,Elgin Branch,Lincoln Marsh Trail,Jewell Rd,Illinois Prairie Path,Existing,Regional,Path,Path,Limestone,DuPage County DOT,Milton, ,,1993.50,-88.129276,41.876853
1530,5001691,1691,Offstreet,Elgin Branch,Jewell Rd,Pleasant Hill Rd,Illinois Prairie Path,Existing,Regional,Path,Path,Limestone,DuPage County DOT,Milton, ,,1677.15,-88.132628,41.878572
1531,5000355,355,Offstreet,Northside Park Trail, , ,Loop Trail,Existing,Local,Path,Path,Limestone,Wheaton Park District,Milton, ,,3789.52,-88.111629,41.879626
1532,5001693,1693,Offstreet,Northside Park Trail, , ,Loop Trail,Existing,Local,Path,Path,Limestone,Wheaton Park District,Milton, ,,1846.37,-88.114149,41.878244
1533,5001694,1694,Offstreet,Northside Park Trail, , ,Loop Trail,Existing,Local,Path,Path,Limestone,Wheaton Park District,Milton, ,,1203.75,-88.111725,41.877743
1534,5001695,1695,Offstreet,Northside Park Trail, , ,Loop Trail,Existing,Local,Path,Path,Limestone,Wheaton Park District,Milton, ,,593.96,-88.111416,41.878227
1535,5001696,1696,Offstreet,Northside Park Trail, , ,Loop Trail,Existing,Local,Path,Path,Limestone,Wheaton Park District,Milton, ,,1529.50,-88.110031,41.882017
1536,5001697,1697,Offstreet,Northside Park Trail, , ,Loop Trail,Existing,Local,Path,Path,Limestone,Wheaton Park District,Milton, ,,505.15,-88.111694,41.877220
1537,5001698,1698,Offstreet,Northside Park Trail, , ,Loop Trail,Existing,Local,Path,Path,Limestone,Wheaton Park District,Milton, ,,146.15,-88.110104,41.879958
1538,5001699,1699,Offstreet,Northside Park Trail, , ,Loop Trail,Existing,Local,Path,Path,Limestone,Wheaton Park District,Milton, ,,91.34,-88.110202,41.880094
1539,5001700,1700,Offstreet,Northside Park Trail, , ,Loop Trail,Existing,Local,Path,Path,Limestone,Wheaton Park District,Milton, ,,281.64,-88.115422,41.878123
1540,5001701,1701,Offstreet,Northside Park Trail, , ,Loop Trail,Existing,Local,Path,Path,Limestone,Wheaton Park District,Milton, ,,159.01,-88.113618,41.878025
1541,5001702,1702,Offstreet,Northside Park Trail, , ,Loop Trail,Existing,Local,Path,Path,Limestone,Wheaton Park District,Milton, ,,147.55,-88.114870,41.880021
1542,5001703,1703,Offstreet,Northside Park Trail, , ,Loop Trail,Existing,Local,Path,Path,Limestone,Wheaton Park District,Milton, ,,187.16,-88.110655,41.880862
1543,5001704,1704,Offstreet,Northside Park Trail, , ,Loop Trail,Existing,Local,Path,Path,Limestone,Wheaton Park District,Milton, ,,47.52,-88.113589,41.878116
1544,2001705,1705,Edgewater Dr,Edgewater Dr Trail,Clearbrook Ln,Winnebago Elementary School Trail,,Existing,Local,Path,Sidepath,Paved,Village of Bloomingdale,Bloomingdale, ,,138.56,-88.070138,41.943220
1545,2001706,1706,Lawrence Av,Lawrence Av Bikeway,Cloverdale Rd,Gary Av,North Central DuPage Regional Trail,Existing,Regional,Bike Route,Bike Route,Paved,Village of Bloomingdale,Bloomingdale, ,,1349.16,-88.122561,41.960353
1546,2001707,1707,Lawrence Av,Lawrence Av Trail,Wheaton Rd,Garden Av,North Central DuPage Regional Trail,Existing,Regional,Path,Bridge,Paved,Village of Bloomingdale,Bloomingdale, ,,1028.01,-88.107875,41.960817
1547,2001708,1708,Lawrence Av,Lawrence Av Bikeway,Garden Av,Springfield Dr,North Central DuPage Regional Trail,Existing,Regional,Bike Route,Bike Route,Paved,Village of Bloomingdale,Bloomingdale, ,,1250.16,-88.104360,41.960910
1548,8000235,235,83rd St,83rd St Trail,IL 53,Woodridge Dr,Southern DuPage County Regional Trail,Existing,Regional,Path,Sidepath,Paved,Village of Woodridge,Lisle,DT-0079-05,,4363.39,-88.054883,41.735685
1549,8001709,1709,83rd St,83rd St Trail,Woodridge Dr,Janes Av,Southern DuPage County Regional Trail,Existing,Regional,Path,Sidepath,Paved,Village of Woodridge,Lisle,DT-0079-05,,1906.52,-88.043366,41.735972
1550,8001710,1710,83rd St,83rd St Trail,Janes Av,W of I-355,Southern DuPage County Regional Trail,Existing,Regional,Path,Sidepath,Paved,Village of Woodridge,Lisle,DT-0079-05,,1356.77,-88.038200,41.735921
1551,8001711,1711,83rd St,83rd St Trail,W of I-355,E of I-355,Southern DuPage County Regional Trail,Existing,Regional,Path,Bridge,Paved,Village of Woodridge,Lisle,DT-0079-05,,332.36,-88.034632,41.735995
1552,8001713,1713,Hobson Rd,Woodridge Trail,ComEd ROW,Woodridge Dr,Southern DuPage County Regional Trail,Existing,Regional,Path,Sidepath,Paved,Woodridge Park District,Lisle,2010 LOU,,2410.69,-88.059966,41.769377
1553,8001714,1714,Offstreet,Woodridge Trail,Hobson Rd,ComEd ROW,Southern DuPage County Regional Trail,Existing,Regional,Path,Path,Paved,Woodridge Park District,Lisle,2010 LOU,,1049.08,-88.058125,41.765718
1554,8001715,1715,Offstreet,Woodridge Trail,Woodridge Dr,63rd St,Southern DuPage County Regional Trail,Existing,Regional,Path,Path,Paved,Woodridge Park District,Lisle,2010 LOU,,1204.28,-88.058221,41.763910
1555,8001716,1716,Offstreet,Woodridge Trail,63rd St,Jackson Dr,Southern DuPage County Regional Trail,Existing,Regional,Path,Path,Paved,Woodridge Park District,Lisle,2010 LOU,,2351.57,-88.056213,41.773299
1556,8001717,1717,Woodridge Dr,Hawthorne Hill Trail,71st St,75th St,,Existing,Local,Path,Sidepath,Paved,Woodridge Park District,Lisle, ,,2634.87,-88.052029,41.753099
1557,4000250,250,Batavia Rd,Batavia Rd Trail,Continental Dr,IL 59,Fermilab Bike Route,Existing,Local,Path,Sidepath,Paved,City of Warrenville,Winfield, ,,2807.76,-88.206899,41.833739
1558,4991719,1719,Offstreet,Blackwell Forest Preserve Trail,Batavia Rd, ,,Existing,Local,Path,Path,Limestone,Forest Preserve District of DuPage County,Winfield, ,,2626.96,-88.184266,41.827850
1559,4991720,1720,Offstreet,Blackwell Forest Preserve Trail, , ,,Existing,Local,Path,Path,Limestone,Forest Preserve District of DuPage County,Winfield, ,,634.90,-88.183716,41.829473
1560,4001722,1722,Batavia Rd,Batavia Rd Trail,Rockwell St,Aurora Branch,Fermilab Bike Route,Existing,Local,Path,Sidepath,Paved,City of Warrenville,Winfield, ,,1080.54,-88.181656,41.824741
1561,7331723,1723,75th St,75th St Trail,IL 59,Fort Hill Dr,Southern DuPage County Regional Trail,Existing,Regional,Path,Sidepath,Paved,DuPage County DOT,Naperville, ,,2713.38,-88.201707,41.747015
1562,7001724,1724,Offstreet,Willow Lake Trail, , ,Waubonsie Creek Trail,Existing,Regional,Path,Path,Paved,Fox Valley Park District,Naperville, ,,1828.14,-88.232566,41.753129
1563,7001725,1725,Offstreet,Willow Lake Trail, , ,Loop Trail,Existing,Local,Path,Path,Paved,Fox Valley Park District,Naperville, ,,1195.74,-88.231340,41.751254
1564,7001726,1726,Offstreet,Willow Lake Trail, , ,Loop Trail,Existing,Local,Path,Path,Paved,Fox Valley Park District,Naperville, ,,1326.51,-88.232271,41.750097
1565,7001727,1727,Offstreet,Spring Lake Park Trail, , ,Loop Trail,Existing,Local,Path,Path,Paved,Fox Valley Park District,Naperville, ,,1335.06,-88.226102,41.755448
1566,7001728,1728,Offstreet,Spring Lake Park Trail, , ,Loop Trail,Existing,Local,Path,Path,Paved,Fox Valley Park District,Naperville, ,,204.01,-88.227296,41.754992
1567,7001729,1729,Offstreet,Spring Lake Park Trail, , ,Loop Trail,Existing,Local,Path,Path,Paved,Fox Valley Park District,Naperville, ,,73.35,-88.227017,41.755057
1568,7001730,1730,Offstreet,Spring Lake Park Trail,Frontenac St,Sandpebble Ln,Loop Trail,Existing,Local,Path,Path,Paved,Fox Valley Park District,Naperville, ,,1471.44,-88.229202,41.756342
1569,8020295,295,Hobson Rd,Hobson Rd Trail,Washington St,Olesen Ln,Southern DuPage County Regional Trail,Existing,Regional,Path,Sidepath,Paved,DuPage County DOT,Lisle, ,,1623.71,-88.127967,41.751004
1570,8021731,1731,Hobson Rd,Hobson Rd Trail,Olesen Ln,Naper Blvd,Southern DuPage County Regional Trail,Existing,Regional,Path,Sidepath,Paved,DuPage County DOT,Lisle, ,,2696.27,-88.120354,41.752566
1571,8021732,1732,Hobson Rd,Hobson Rd Trail,Naper Blvd,Wehrli Rd,Southern DuPage County Regional Trail,Existing,Regional,Path,Sidepath,Paved,DuPage County DOT,Lisle, ,,3250.11,-88.109358,41.754484
1572,8021734,1734,Hobson Rd,Hobson Rd Trail,College Rd,Lynn Dr,,Existing,Local,Path,Sidepath,Paved,DuPage County DOT,Lisle, ,,6071.31,-88.093452,41.756777
1573,8990305,305,Offstreet,Kestrel Trail,East Branch DuPage River Trail, ,,Existing,Local,Path,Path,Limestone,Forest Preserve District of DuPage County,Lisle, ,,1647.34,-88.082880,41.738008
1574,8991736,1736,Offstreet,White Oak Trail,East Branch DuPage River Trail, ,,Existing,Local,Path,Path,Limestone,Forest Preserve District of DuPage County,Lisle, ,,1324.03,-88.082146,41.740764
1575,8001737,1737,Offstreet,Pioneer Park Trail, , ,,Existing,Local,Path,Path,Paved,Naperville Park District,Lisle, ,,615.09,-88.133552,41.753385
1576,8001738,1738,Loomis St,Loomis St Trail,Villa Av,Sleight St,West Branch DuPage River Trail,Existing,Regional,Path,Sidepath,Paved,City of Naperville,Lisle, ,,826.23,-88.141861,41.761250
1577,6000373,373,35th St,35th St Bikeway,Fairview Av,Meyers Rd,,Existing,Local,Bike Route,Bike Route,Paved,Village of Oak Brook,York, ,,2307.51,-87.994739,41.823770
1578,6001739,1739,35th St,35th St Trail,Meyers Rd,Saddlebrook Dr,,Existing,Local,Path,Sidepath,Paved,Village of Oak Brook,York, ,,1358.05,-87.989101,41.824091
1579,6001741,1741,Cass Av,Cass Av Trail,35th St,31st St,,Existing,Local,Path,Sidepath,Paved,Village of Oak Brook,York, ,,2886.38,-87.972224,41.826655
1580,6001755,1755,31st St,31st St Trail,Oak Brook Hills Rd,Midwest Rd,I-88 Central DuPage Bikeway,Existing,Regional,Path,Sidepath,Paved,Village of Oak Brook,York, ,,3300.71,-87.975512,41.831391
1581,6341744,1744,31st St,31st St Trail,W of IL 83,Spring Rd,I-88 Central DuPage Bikeway,Existing,Regional,Path,Sidepath,Paved,DuPage County DOT,York, ,,2530.76,-87.949340,41.832270
1582,6341743,1743,31st St,31st St Trail,E of IL 83,W of IL 83,I-88 Central DuPage Bikeway,Existing,Regional,Path,Sidepath,Paved,DuPage County DOT,York, ,,292.08,-87.955328,41.832117
1583,8001745,1745,Schick Rd,Schick Rd Trail,Petersdorf Rd,S Bartlett Rd,North Central DuPage Regional Trail,Existing,Regional,Path,Sidepath,Paved,Village of Bartlett,Lisle, ,,2678.97,-88.187651,41.951237
1586,6001749,1749,Offstreet,Salt Creek Greenway Trail,Canterberry Ln,I-294,Salt Creek Greenway Trail,Existing,Regional,Path,Path,Paved,Village of Oak Brook,York, ,,439.09,-87.918959,41.829124
1587,6001750,1750,Offstreet,Salt Creek Greenway Trail, ,Fairview Av,Salt Creek Greenway Trail,Existing,Regional,Path,Path,Limestone,Village of Oak Brook,York, ,,505.42,-87.956646,41.875688
1588,6001751,1751,Offstreet,Salt Creek Greenway Trail,Madison St,Rex Blvd,Salt Creek Greenway Trail,Existing,Regional,Path,Path,Limestone,Village of Oak Brook,York, ,,2673.03,-87.957435,41.878404
1589,6001752,1752,Brush Hill Rd,Brush Hill Rd Bikeway,IL 56,IL 38 Ramp,Salt Creek Greenway Trail,Existing,Regional,Bike Route,Paved Shoulder,Paved,City of Elmhurst,York, ,,486.48,-87.951498,41.863405
1590,4001753,1753,IL 56,IL 56 Trail,Blackwell Forest Preserve,West Branch DuPage River Trail,,Existing,Local,Path,Sidepath,Paved,IDOT,Winfield, ,,251.28,-88.178577,41.826464
1591,4001826,1826,IL 56,IL 56 Trail,E of IL 59,Barkley Av,,Existing,Local,Path,Sidepath,Paved,IDOT,Winfield, ,,1394.54,-88.204742,41.820745
1592,4001825,1825,IL 56,IL 56 Bikeway,Pattermann Rd,E of IL 59,,Existing,Local,Bike Route,Bike Route,Paved,IDOT,Winfield, ,0,1320.11,-88.200200,41.820638
1593,2991756,1756,Offstreet,East Branch Forest Preserve Trail,Gregory Av,NOW Foods Ent,East Branch DuPage River Trail,Existing,Regional,Path,Path,Limestone,Forest Preserve District of DuPage County,Bloomingdale, ,,1988.00,-88.062742,41.928956
1594,4009019,9019,Main St WC,Geneva Spur,IL 59,West Chicago Metra Station Ent,Illinois Prairie Path,Existing,Regional,Path,Sidepath,Paved,City of West Chicago,Winfield,DT-064-92,,891.90,-88.195577,41.881977
1595,6001757,1757,St Paschal Dr,St Paschal Dr Bikeway,St Stephens Green,31st St,,Existing,Local,Bike Route,Bike Lane,Paved,Village of Westmont,York, ,,5098.13,-87.956075,41.828676
1596,7001758,1758,Eola Rd,Eola Rd Trail,Stadium Dr,US 34,,Existing,Local,Path,Sidepath,Paved,City of Aurora,Naperville, ,,672.30,-88.250610,41.739894
1597,7001759,1759,Eola Rd,Eola Rd Bikeway,Long Grove Dr,McCoy Dr,,Existing,Local,Bike Route,Bike Lane,Paved,City of Aurora,Naperville, ,,4338.68,-88.245692,41.750441
1599,3001761,1761,Offstreet,Spring Brook Trail, , ,Loop Trail,Existing,Local,Path,Path,Limestone,Itasca Park District,Addison, ,,1691.66,-88.019619,41.968322
1600,3001762,1762,Offstreet,Spring Brook Trail, , ,Loop Trail,Existing,Local,Path,Path,Limestone,Itasca Park District,Addison, ,,3090.87,-88.023189,41.969087
1601,3001763,1763,Offstreet,Spring Brook Trail, , ,Loop Trail,Existing,Local,Path,Path,Limestone,Itasca Park District,Addison, ,,74.21,-88.019542,41.967575
1602,7001764,1764,Aurora Rd,Aurora Rd Trail,IL 59,Fairway Dr,,Existing,Local,Path,Sidepath,Paved,City of Naperville,Naperville, ,,1186.96,-88.208358,41.781241
1603,5001828,1828,Leask Ln,Leask Ln Bikeway, ,Warrenville Rd,East Branch DuPage River Trail,Existing,Regional,Bike Route,Bike Route,Paved,Village of Lisle,Milton, ,0,742.37,-88.098343,41.822942
1613,3991827,1827,Offstreet,Songbird Slough Trail, , ,,Existing,Local,Path,Path,Limestone,Forest Preserve District of DuPage County,Addison, ,,437.90,-88.015743,41.961724
1614,4991824,1824,County Farm Rd,Timber Ridge Trail,N of Geneva Rd,Geneva Rd,West Branch DuPage River Trail,Existing,Regional,Path,Sidepath,Limestone,Forest Preserve District of DuPage County,Winfield,July 2019 MOU,,204.03,-88.151694,41.888529
1615,8021754,1754,Hobson Rd,Hobson Rd Trail,Greene Valley Trail,Double Eagle Dr,Southern DuPage County Regional Trail,Existing,Regional,Path,Sidepath,Paved,DuPage County DOT,Lisle,EN-0013-02,,1243.67,-88.071784,41.759156
1616,6340392,392,31st St,31st St Trail,Meyers Rd,Oak Brook Hills Rd,I-88 Central DuPage Bikeway,Existing,Regional,Path,Sidepath,Paved,DuPage County DOT,York, ,,1896.50,-87.988499,41.831307
1619,6001774,1774,York Rd,York Rd Trail,Windsor Dr,31st St,,Existing,Local,Path,Sidepath,Paved,Village of Oak Brook,York, ,,1563.21,-87.928572,41.834782
1620,3001775,1775,Walnut St,Walnut St Bikeway,IL 19,George St,,Existing,Local,Bike Route,Bike Route,Paved,Village of Itasca,Addison, ,,2803.13,-88.013085,41.968133
1621,5000569,569,Shorewood Dr,Shorewood Dr Bikeway,President St,Bloomingdale Rd,,Existing,Local,Bike Route,Bike Route,Paved,Village of Glendale Heights,Milton, ,0,3131.49,-88.086173,41.899461
1622,2001777,1777,Offstreet,Spring Wood Middle School Trail,Arlington Dr,Indigo Ct,Loop Trail,Existing,Local,Path,Path,Paved,Village of Hanover Park,Bloomingdale, ,,1308.41,-88.127950,41.971909
1623,2001778,1778,Offstreet,Heritage Park Trail, , ,Loop Trail,Existing,Local,Path,Path,Paved,Village of Hanover Park,Bloomingdale, ,,261.40,-88.136189,41.971439
1624,7001779,1779,New York St,New York St Trail,Eola Rd,Kautz Rd,,Existing,Local,Path,Sidepath,Paved,City of Aurora,Naperville, ,,4653.77,-88.253089,41.759290
1625,7001780,1780,Kautz Rd,Kautz Rd Trail,McCoy Dr,New York St,,Existing,Local,Path,Sidepath,Paved,City of Aurora,Naperville, ,,5222.39,-88.261457,41.755033
1626,7001781,1781,Offstreet,Meadowview Trail,McCoy Dr,Kautz Rd Trail,,Existing,Local,Path,Path,Paved,City of Aurora,Naperville, ,,1522.14,-88.259274,41.750233
1627,7001782,1782,Kautz Rd,Kautz Rd Trail,Clarendon Ln,McCoy Dr,,Existing,Local,Path,Sidepath,Paved,City of Aurora,Naperville, ,,2396.70,-88.261861,41.742904
1628,8030650,650,Warrenville Rd,Warrenville Rd Trail,Naperville Rd,Freedom Dr,,Existing,Local,Path,Sidepath,Paved,DuPage County DOT,Lisle, ,,1209.90,-88.116684,41.810505
1629,8031015,1015,Warrenville Rd,Warrenville Rd Trail,Freedom Dr,DuPage Montessori School Ent,,Existing,Local,Path,Sidepath,Paved,DuPage County DOT,Lisle, ,0,1520.03,-88.125636,41.809076
1631,6001786,1786,Thomas St,Thomas St Bikeway,Salt Creek Greenway Forest Preserve,Villa Av,Salt Creek Greenway Trail,Existing,Regional,Bike Route,Bike Route,Paved,Village of Villa Park,York, ,,1028.34,-87.967188,41.895529
1632,6001787,1787,2nd St,2nd St Bikeway,Villa Av,Cricket Creek Forest Preserve,Salt Creek Greenway Trail,Existing,Regional,Bike Route,Bike Route,Paved,Village of Villa Park,York, ,,439.05,-87.967932,41.901666
1633,9000709,709,Blackhawk Dr,Blackhawk Dr Bikeway,Chestnut Av,US 34,,Existing,Local,Bike Route,Bike Route,Paved,Village of Westmont,Downers Grove North, ,,2302.56,-87.968503,41.812340
1634,3000723,723,Walnut St,Walnut St Bikeway,Fischer Farm Rd,US 20,,Existing,Local,Bike Route,Bike Route,Paved,City of Elmhurst,Addison, ,,664.07,-87.950563,41.918797
1635,6000742,742,Mitchell Av,Mitchell Av Bikeway,Main Stem,Madison St,,Existing,Local,Bike Route,Bike Route,Paved,City of Elmhurst,York, ,,3558.45,-87.945773,41.881448
1636,6001792,1792,Prospect Av,Prospect Av Bikeway,IL 56,IL 38,,Existing,Local,Bike Route,Bike Route,Paved,City of Elmhurst,York, ,,2236.93,-87.943747,41.864475
1637,6001791,1791,Prospect Av,Prospect Av Bikeway,Van Buren St,IL 56,,Existing,Local,Bike Route,Bike Route,Paved,City of Elmhurst,York, ,,1234.91,-87.944100,41.868298
1638,4991794,1794,2nd St,2nd St Bikeway,Main St,West Branch DuPage River Trail,West Branch DuPage River Trail,Existing,Regional,Path,Sidepath,Paved,Forest Preserve District of DuPage County,Winfield, ,,745.34,-88.169963,41.819419
1639,4991793,1793,Main St,Main St Bikeway,Warrenville Grove,2nd St,West Branch DuPage River Trail,Existing,Regional,Bike Route,Bike Route,Paved,Forest Preserve District of DuPage County,Winfield, ,,306.73,-88.170547,41.820391
1640,4011795,1795,River Rd,River Rd Trail,Warrenville Rd,Ferry Rd,,Existing,Local,Path,Sidepath,Paved,DuPage County DOT,Winfield, ,0,4253.04,-88.174734,41.812807
1641,7321796,1796,Mill St,Mill St Trail,Warrenville Rd,I-88,,Existing,Local,Path,Sidepath,Paved,DuPage County DOT,Naperville, ,0,2296.79,-88.157381,41.809469
1642,4991829,1829,Offstreet,West Branch DuPage River Trail, ,Warrenville Rd,,Existing,Regional,Path,Path,Paved,Forest Preserve District of DuPage County,Winfield, ,0,309.00,-88.171056,41.816823
1643,4130274,274,Winfield Rd,Cantera Pathway,Warrenville Rd,Ferry Rd,,Existing,Local,Path,Sidepath,Paved,DuPage County DOT,Winfield, ,,2221.13,-88.168057,41.813452
1644,7030605,605,Ferry Rd,Ferry Rd Trail,West Branch DuPage River Trail,Winfield Rd,,Existing,Local,Path,Sidepath,Paved,DuPage County DOT,Naperville, ,,2391.01,-88.170426,41.809741
1645,4991799,1799,Offstreet,Warrenville Grove Forest Preserve Trail,Batavia Rd, ,West Branch DuPage River Trail,Existing,Regional,Path,Path,Paved,Forest Preserve District of DuPage County,Winfield, ,,479.90,-88.172621,41.821042
1646,9000800,800,75th St,75th St Trail,Woodward Av,Lyman Av,,Existing,Local,Path,Sidepath,Paved,Village of Downers Grove,Downers Grove North, ,,2526.51,-88.010404,41.750991
1647,9001801,1801,Prentiss Dr,Prentiss Dr Bikeway,Woodward Av,Springside Av,,Existing,Local,Bike Route,Bike Route,Paved,Village of Downers Grove,Downers Grove North, ,,1936.67,-88.028538,41.768975
1648,8001802,1802,Prentiss Dr,Prentiss Dr Bikeway,Puffer Rd,Woodward Av,,Existing,Local,Bike Route,Bike Lane,Paved,Village of Downers Grove,Lisle, ,,1600.36,-88.034675,41.768872
1649,9000816,816,Farmount Av,Farmount Av Bikeway,63rd St,Milnes Family Memorial Park Trail,,Existing,Local,Bike Route,Bike Route,Paved,Village of Downers Grove,Downers Grove North, ,,1354.42,-88.001358,41.775173
1651,9000838,838,Curtiss St,Curtiss St Bikeway,Belmont Rd,Cornell Av,,Existing,Local,Bike Route,Bike Route,Paved,Village of Downers Grove,Downers Grove North, ,,2271.74,-88.031144,41.792879
1667,2001005,1005,Springfield Dr,Springfield Dr Trail,DuPage Medical Group Ent,Property Line,,Existing,Local,Path,Sidepath,Paved,Village of Bloomingdale,Bloomingdale, ,,541.65,-88.110885,41.945505
1671,8001809,1809,Gartner Rd,Gartner Rd Bikeway,Washington St,West Branch DuPage River Trail,,Existing,Local,Bike Route,Bike Route,Paved,City of Naperville,Lisle, ,,679.63,-88.141083,41.756703
1672,6001128,1128,Harger Rd,Harger Rd Trail,Yorkshire Woods,Salt Creek Greenway Trail,,Existing,Local,Path,Sidepath,Unknown,Village of Oak Brook,York, ,,957.15,-87.932669,41.856087
1674,9001142,1142,Offstreet,Ide Grove Park Trail,Dunham Rd,Meadowwood Av,Loop Trail,Existing,Local,Path,Path,Paved,Downers Grove Park District,Downers Grove North, ,,850.64,-88.017561,41.742355
1675,9001143,1143,Offstreet,Ide Grove Park Trail,Dunham Rd,Meadowwood Av,Loop Trail,Existing,Local,Path,Path,Paved,Downers Grove Park District,Downers Grove North, ,,661.88,-88.018489,41.743331
1679,4991814,1814,Offstreet,St James Farm Trail, ,Mack Rd,,Existing,Local,Path,Path,Limestone,Forest Preserve District of DuPage County,Winfield, ,0,4547.30,-88.166172,41.838638
1680,5001817,1817,Offstreet,Main Stem,West St,Carlton Ave,Illinois Prairie Path,Existing,Regional,Path,Path,Paved,City of Wheaton,Milton, ,,1278.02,-88.112656,41.864149
1681,5001816,1816,Offstreet,Main Stem,Wheaton Av,West St,Illinois Prairie Path,Existing,Regional,Path,Path,Paved,City of Wheaton,Milton, ,,434.71,-88.110493,41.864150
1682,5001599,1599,Offstreet,Main Stem,Main St Wheaton,Hale St,Illinois Prairie Path,Existing,Regional,Path,Path,Paved,City of Wheaton,Milton, ,,442.17,-88.107409,41.864415
1688,4000109,109,Continental Dr,Continental Dr Bikeway,Batavia Rd,Clifford Johnson Elementary School Ent,,Existing,Local,Bike Route,Bike Route,Paved,City of Warrenville,Winfield, ,0,2430.25,-88.210740,41.831788
1691,6000343,343,Offstreet,Eldridge Park Trail, , ,Loop Trail,Existing,Local,Path,Path,Paved,Elmhurst Park District,York, ,,4175.87,-87.950587,41.867262
1692,6001821,1821,Offstreet,Eldridge Park Trail, , ,Salt Creek Greenway Trail,Existing,Regional,Path,Path,Paved,Elmhurst Park District,York, ,,807.92,-87.952817,41.867434
1693,6001831,1831,Offstreet,Salt Creek Greenway Trail, , ,Salt Creek Greenway Trail,Existing,Regional,Path,Path,Paved,Elmhurst Park District,York, ,,3117.39,-87.954531,41.871815
1694,2999002,9002,Offstreet,Meacham Grove Trail, , ,North Central DuPage Regional Trail,Existing,Regional,Path,Path,Limestone,Forest Preserve District of DuPage County,Bloomingdale, ,,1520.57,-88.087058,41.962149
1695,2999085,9085,Offstreet,Meacham Grove Trail, , ,North Central DuPage Regional Trail,Existing,Regional,Path,Path,Limestone,Forest Preserve District of DuPage County,Bloomingdale, ,,321.73,-88.071603,41.961865
1696,2999086,9086,Offstreet,Meacham Grove Trail, ,Rosedale Av,North Central DuPage Regional Trail,Existing,Regional,Path,Path,Limestone,Forest Preserve District of DuPage County,Bloomingdale, ,,407.19,-88.081455,41.963210
1697,2999087,9087,Offstreet,Meacham Grove Trail, ,Rosedale Av,North Central DuPage Regional Trail,Existing,Regional,Path,Path,Limestone,Forest Preserve District of DuPage County,Bloomingdale, ,,229.59,-88.082796,41.962539
1698,7009009,9009,Offstreet,Batavia Spur,ComEd ROW,E of Eola Rd,Illinois Prairie Path,Existing,Regional,Path,Path,Limestone,DuPage County DOT,Naperville, ,,77.68,-88.239988,41.801339
1699,9009011,9011,83rd St,83rd St Trail,Lemont Rd,Dunham Rd,Southern DuPage County Regional Trail,Existing,Regional,Path,Sidepath,Paved,City of Darien,Downers Grove North,DT-0049-03,,1524.42,-88.015733,41.736373
1700,3009015,9015,Offstreet,ComEd ROW Trail,Prospect Av,Brookwood Dr,Salt Creek Greenway Trail,Existing,Regional,Path,Path,Paved,City of Wood Dale,Addison, ,,890.97,-87.996375,41.956211
1701,3009089,9089,Offstreet,ComEd ROW Trail,IL 19, ,Salt Creek Greenway Trail,Existing,Regional,Path,Path,Paved,City of Wood Dale,Addison, ,,370.18,-87.993796,41.966574
1702,3009016,9016,Offstreet,Salt Creek Greenway Trail,Brookwood Dr,Potter St,Salt Creek Greenway Trail,Existing,Regional,Path,Path,Paved,City of Wood Dale,Addison, ,,2022.49,-87.993814,41.957862
1703,3009091,9091,Offstreet,Salt Creek Greenway Trail,S of IL 19,N of IL 19,Salt Creek Greenway Trail,Existing,Regional,Path,Bridge,Paved,City of Wood Dale,Addison, ,,986.93,-87.993637,41.965899
1711,5000346,346,Offstreet,Lincoln Marsh Connector,Cottonwood Dr,Nepil Av,,Existing,Local,Path,Path,Paved,City of Wheaton,Milton, ,,853.31,-88.131191,41.871535
1712,5001838,1838,Offstreet,Lincoln Marsh Connector,Monroe Middle School Ent,Manchester Rd,,Existing,Local,Path,Path,Paved,City of Wheaton,Milton, ,,746.59,-88.132528,41.867347
1713,8001839,1839,Short St,Short St Bikeway,IL 53,Main St Lisle,,Existing,Local,Bike Route,Bike Route,Paved,Village of Lisle,Lisle, ,,627.77,-88.075229,41.793574
1714,1991840,1840,Offstreet,Mallard Lake Trail, , ,Loop Trail,Existing,Local,Path,Path,Limestone,Forest Preserve District of DuPage County,Wayne, ,,6689.85,-88.161380,41.969368
1715,1001841,1841,Stearns Rd,Stearns Rd Trail,Windsor Dr,Bittersweet Dr,,Existing,Local,Path,Sidepath,Paved,Village of Bartlett,Wayne, ,,1535.25,-88.167756,41.972257
1716,2990342,342,Offstreet,Mallard Lake Trail,North Central DuPage Regional Trail, ,,Existing,Local,Path,Path,Limestone,Forest Preserve District of DuPage County,Bloomingdale, ,,4609.32,-88.130305,41.963263
1717,2991842,1842,Offstreet,Buck Tail Trail, , ,Loop Trail,Existing,Local,Path,Path,Limestone,Forest Preserve District of DuPage County,Bloomingdale, ,,2351.60,-88.130732,41.959650
1718,2001843,1843,US 20,US 20 Trail,Ontarioville Rd,Greenbrook Blvd,,Existing,Local,Path,Sidepath,Paved,IDOT,Bloomingdale, ,,2852.77,-88.139080,41.981802
1719,2001844,1844,US 20,US 20 Trail,IL 390,Greenbrook Blvd,,Existing,Local,Path,Sidepath,Paved,IDOT,Bloomingdale, ,,634.39,-88.137348,41.980546
1720,9001845,1845,Offstreet,McCullom Park Trail, , ,Loop Trail,Existing,Local,Path,Path,Paved,Downers Grove Park District,Downers Grove North, ,,7795.57,-88.006148,41.762867
1721,7001846,1846,Offstreet,Country Lakes Trail, , ,Loop Trail,Existing,Local,Path,Path,Paved, ,Naperville, ,0,2172.19,-88.213505,41.796207
1722,7001847,1847,Offstreet,Country Lakes Trail, , ,Loop Trail,Existing,Local,Path,Path,Paved, ,Naperville, ,0,2122.20,-88.215636,41.792680
1723,7001848,1848,Offstreet,Country Lakes Trail, , ,Loop Trail,Existing,Local,Path,Path,Paved, ,Naperville, ,0,1172.08,-88.218188,41.794997
1724,7001849,1849,Offstreet,Country Lakes Trail, , ,Loop Trail,Existing,Local,Path,Path,Paved, ,Naperville, ,0,987.95,-88.220273,41.796624
1725,7001850,1850,Offstreet,Country Lakes Trail, , ,Loop Trail,Existing,Local,Path,Path,Paved, ,Naperville, ,0,645.21,-88.221459,41.797786
1726,7001851,1851,Offstreet,Country Lakes Trail, , ,Loop Trail,Existing,Local,Path,Path,Paved, ,Naperville, ,0,845.04,-88.220762,41.795958
1727,7001852,1852,Offstreet,Country Lakes Trail, , ,Loop Trail,Existing,Local,Path,Path,Paved, ,Naperville, ,0,1082.69,-88.220946,41.795029
1728,7001853,1853,Offstreet,Country Lakes Trail, , ,Loop Trail,Existing,Local,Path,Path,Paved, ,Naperville, ,0,646.86,-88.222255,41.798234
1729,7001854,1854,Offstreet,Country Lakes Trail, , ,Loop Trail,Existing,Local,Path,Path,Paved, ,Naperville, ,0,2569.04,-88.223627,41.790979
1730,7001855,1855,Offstreet,Country Lakes Trail, , ,Loop Trail,Existing,Local,Path,Path,Paved, ,Naperville, ,0,429.66,-88.224269,41.791691
1731,7001856,1856,Offstreet,Country Lakes Trail, , ,Loop Trail,Existing,Local,Path,Path,Paved, ,Naperville, ,0,1895.99,-88.220637,41.788347
1732,7001857,1857,Offstreet,Country Lakes Trail, , ,Loop Trail,Existing,Local,Path,Path,Paved, ,Naperville, ,0,630.68,-88.218885,41.787477
1733,7001858,1858,Offstreet,Country Lakes Trail, , ,Loop Trail,Existing,Local,Path,Path,Paved, ,Naperville, ,0,1270.32,-88.216657,41.788930
1734,7001859,1859,Offstreet,Country Lakes Trail, , ,Loop Trail,Existing,Local,Path,Path,Paved, ,Naperville, ,0,1568.25,-88.219857,41.793313
1735,7001860,1860,Offstreet,Country Lakes Trail, , ,Loop Trail,Existing,Local,Path,Path,Paved, ,Naperville, ,0,1111.71,-88.223035,41.794741
1737,2001862,1862,Offstreet,Gary Av Trail, , ,,Existing,Local,Path,Path,Paved, ,Bloomingdale, ,0,234.49,-88.121489,41.932320
1738,2001863,1863,Offstreet,Hampe Park Trail, , ,Loop Trail,Existing,Local,Path,Path,Paved, ,Bloomingdale, ,0,1657.04,-88.126675,41.932656
1739,2000069,69,Offstreet,Armstrong Park Trail,Mitchell Lakes Path, ,Loop Trail,Existing,Local,Path,Path,Paved,Carol Stream Park District,Bloomingdale, ,,11422.19,-88.133391,41.920376
1740,2000069,69,Offstreet,Armstrong Park Trail,Mitchell Lakes Path, ,Loop Trail,Existing,Local,Path,Path,Paved,Carol Stream Park District,Bloomingdale, ,,1870.83,-88.134438,41.923230
1741,5001864,1864,Taylor Av,Taylor Av Tunnel,S of UPRR,N of UPRR,,Existing,Local,Path,Tunnel,Paved,Village of Glen Ellyn,Milton,,,195.77,-88.055796,41.878814
1742,5991865,1865,Offstreet,Hidden Lakes Trail,,,Loop Trail,Existing,Local,Path,Path,Limestone,Forest Preserve District of DuPage County,Milton,,,4035.09,-88.056635,41.823020
1743,5991866,1866,Offstreet,Hidden Lakes Trail,,,Loop Trail,Existing,Local,Path,Path,Limestone,Forest Preserve District of DuPage County,,,,896.99,-88.053386,41.825156
1744,5991867,1867,Offstreet,Hidden Lakes Trail,,,Loop Trail,Existing,Local,Path,Path,Limestone,Forest Preserve District of DuPage County,,,,410.01,-88.053164,41.826354
1745,5991868,1868,Offstreet,Hidden Lakes Trail,,,Loop Trail,Existing,Local,Path,Path,Limestone,Forest Preserve District of DuPage County,,,,2589.45,-88.050227,41.828786
2595,,,,,,,,Existing,,,,Turf,,,,10,1864.48,-87.969318,41.725809
2596,,,,,,,,Existing,,,,Limestone,,,,6,30.64,-88.002249,41.726900
2597,,,,,,,,Existing,,,,Limestone,,,,6,13.53,-88.002272,41.726878
2598,,,,,,,,Existing,,,,Turf,,,,6,3911.37,-87.949310,41.713316
2599,,,,,,,,Existing,,,,Asphalt,,,,10,84.41,-87.973727,41.724855
2600,,,,,,,,Existing,,,,Limestone,,,,10,93.11,-87.974168,41.724619
2601,,,,,,,,Existing,,,,Limestone,,,,10,67.42,-87.973962,41.724770
2602,,,,,,,,Existing,,,,Limestone,,,,10,148.85,-87.983424,41.693052
2603,,,,,,,,Existing,,,,Turf,,,,6,2912.50,-87.953983,41.720170
2604,,,,,,,,Existing,,,,Turf,,,,6,2285.31,-87.949868,41.706550
2605,,,,,,,,Existing,,,,Other,,,,12,94.13,-87.964545,41.704638
2606,,,,,,,,Existing,,,,Other,,,,12,112.09,-87.964483,41.704771
2607,,,,,,,,Existing,,,,Other,,,,8,12.33,-87.964667,41.704692
2608,,,,,,,,Existing,,,,Limestone,,,,20,1268.40,-87.963909,41.706593
2609,,,,,,,,Existing,,,,Limestone,,,,10,158.52,-87.963765,41.705896
2610,,,,,,,,Existing,,,,Turf,,,,10,100.66,-88.004717,41.723062
2611,,,,,,,,Existing,,,,Limestone,,,,10,149.78,-88.005972,41.722845
2612,,,,,,,,Existing,,,,Turf,,,,10,400.04,-88.005120,41.722658
2613,,,,,,,,Existing,,,,Limestone,,,,10,184.74,-88.005344,41.723361
2614,,,,,,,,Existing,,,,Limestone,,,,10,175.21,-88.005556,41.723685
2615,,,,,,,,Existing,,,,Limestone,,,,10,241.29,-88.006098,41.723500
2616,,,,,,,,Existing,,,,Turf,,,,10,65.99,-88.006518,41.723264
2617,,,,,,,,Existing,,,,Turf,,,,10,123.61,-88.005971,41.723862
2618,,,,,,,,Existing,,,,Turf,,,,10,339.81,-88.006482,41.723733
2619,,,,,,,,Existing,,,,Turf,,,,10,299.13,-88.004730,41.723653
2620,,,,,,,,Existing,,,,Turf,,,,10,157.23,-88.005074,41.723779
2621,,,,,,,,Existing,,,,Turf,,,,10,372.66,-88.005546,41.724048
2622,,,,,,,,Existing,,,,Limestone,,,,10,71.11,-88.006399,41.722708
2623,,,,,,,,Existing,,,,Limestone,,,,10,54.54,-88.006424,41.723147
2624,,,,,,,,Existing,,,,Limestone,,,,10,81.17,-88.006225,41.722994
2625,,,,,,,,Existing,,,,Concrete,,,,25,23.88,-88.006450,41.723002
2626,,,,,,,,Existing,,,,Concrete,,,,25,11.24,-88.006397,41.723015
2627,,,,,,,,Existing,,,,Concrete,,,,25,12.35,-88.006423,41.723038
2628,,,,,,,,Existing,,,,Limestone,,,,10,186.80,-88.005786,41.723065
2629,,,,,,,,Existing,,,,Turf,,,,10,223.49,-88.005040,41.723003
2630,,,,,,,,Existing,,,,Limestone,,,,10,938.50,-88.005975,41.723854
2631,,,,,,,,Existing,,,,Other,,,,8,100.42,-87.959749,41.704966
2632,,,,,,,,Existing,,,,Other,,,,8,68.18,-87.959881,41.704911
2633,,,,,,,,Existing,,,,Mixed,,,,12,52.56,-87.960153,41.704880
2634,,,,,,,,Existing,,,,Mixed,,,,,98.29,-87.959920,41.704755
2635,,,,,,,,Existing,,,,Mixed,,,,,54.53,-87.960051,41.704634
2636,,,,,,,,Existing,,,,Turf,,,,10,6089.96,-87.983694,41.719153
2637,,,,,,,,Existing,,,,Wood Chips,,,,6,103.41,-87.972572,41.725232
2638,,,,,,,,Existing,,,,Limestone,,,,12,342.50,-87.974090,41.725141
2639,,,,,,,,Existing,,,,Limestone,,,,6,570.72,-88.004068,41.726488
2640,,,,,,,,Existing,,,,Limestone,,,,6,2911.91,-88.003402,41.725325
2641,,,,,,,,Existing,,,,Limestone,,,,10,74.97,-88.007672,41.728993
2642,,,,,,,,Existing,,,,Limestone,,,,6,5187.77,-88.006603,41.727353
2643,,,,,,,,Existing,,,,Limestone,,,,6,190.70,-88.002620,41.726830
2644,,,,,,,,Existing,,,,Limestone,,,,12,27.72,-88.005443,41.702633
2645,,,,,,,,Existing,,,,Limestone,,,,12,22.94,-88.005413,41.702600
2646,,,,,,,,Existing,,,,Limestone,,,,10,36.17,-87.999288,41.701104
2647,,,,,,,,Existing,,,,Mixed,,,,4,2132.46,-88.022342,41.787969
2648,,,,,,,,Existing,,,,Gravel,,,,10,347.19,-88.020307,41.790825
2649,,,,,,,,Existing,,,,Asphalt,,,,5,208.58,-88.023863,41.794679
2650,,,,,,,,Existing,,,,Asphalt,,,,5,8.29,-88.023977,41.794900
2651,,,,,,,,Existing,,,,Concrete,,,,4,384.06,-88.025070,41.795275
2652,,,,,,,,Existing,,,,Concrete,,,,4,29.59,-88.024371,41.795253
2653,,,,,,,,Existing,,,,Concrete,,,,4,83.18,-88.024178,41.795253
2654,,,,,,,,Existing,,,,Asphalt,,,,5,146.48,-88.024056,41.795115
2655,,,,,,,,Existing,,,,Other,,,,7,39.22,-87.933189,41.824297
2656,,,,,,,,Existing,,,,Asphalt,,,,8,65.80,-87.932140,41.826894
2657,,,,,,,,Existing,,,,Limestone,,,,9,118.36,-87.933161,41.826633
2658,,,,,,,,Existing,,,,Limestone,Forest Preserve District of DuPage County,,,10,413.12,-87.933370,41.826392
2659,,,,,,,,Existing,,,,Limestone,Forest Preserve District of DuPage County,,,10,60.68,-87.934076,41.826962
2660,,,,,,,,Existing,,,,Limestone,DuPage County Forest Preserve District,,,10,36.91,-87.934127,41.826920
2661,,,,,,,,Existing,,,,Other,,,,5,99.47,-87.927742,41.820024
2662,,,,,,,,Existing,,,,Gravel,,,,8,54.03,-87.926453,41.819625
2663,,,,,,,,Existing,,,,Asphalt,,,,6,118.02,-87.932593,41.826797
2664,,,,,,,,Existing,,,,Asphalt,,,,8,65.42,-87.932515,41.826607
2665,,,,,,,,Existing,,,,Concrete,,,,8,32.88,-87.932305,41.826498
2666,,,,,,,,Existing,,,,Concrete,,,,10,4.60,-87.932494,41.826382
2667,,,,,,,,Existing,,,,Concrete,,,,10,71.70,-87.932703,41.826296
2668,,,,,,,,Existing,,,,Concrete,,,,10,16.18,-87.932604,41.826269
2669,,,,,,,,Existing,,,,Concrete,,,,10,14.11,-87.932580,41.826302
2670,,,,,,,,Existing,,,,Asphalt,,,,6,51.47,-87.932902,41.826817
2671,,,,,,,,Existing,,,,Asphalt,,,,6,20.29,-87.933031,41.826775
2672,,,,,,,,Existing,,,,Wood Chips,,,,6,78.16,-87.932884,41.826702
2673,,,,,,,,Existing,,,,Asphalt,,,,6,66.65,-87.933051,41.826883
2674,,,,,,,,Existing,,,,Asphalt,,,,6,43.11,-87.933100,41.827030
2675,,,,,,,,Existing,,,,Asphalt,,,,6,32.43,-87.933102,41.827143
2676,,,,,,,,Existing,,,,Asphalt,,,,6,8.01,-87.933102,41.827088
2677,,,,,,,,Existing,,,,Asphalt,,,,6,120.86,-87.932869,41.827049
2678,,,,,,,,Existing,,,,Asphalt,,,,6,51.24,-87.932789,41.826924
2679,,,,,,,,Existing,,,,Limestone,Forest Preserve District of DuPage County,,,10,254.66,-87.934475,41.827245
2680,,,,,,,,Existing,,,,Limestone,Forest Preserve District DuPage County,,,10,18.26,-87.934072,41.826865
2681,,,,,,,,Existing,,,,Concrete,,,,8,39.39,-87.932386,41.826688
2682,,,,,,,,Existing,,,,Limestone,,,,10,36.20,-87.933300,41.824348
2683,,,,,,,,Existing,,,,Limestone,,,,10,1836.41,-87.932310,41.825715
2684,,,,,,,,Existing,,,,Limestone,,,,8,121.50,-87.926965,41.820298
2685,,,,,,,,Existing,,,,Asphalt,,,,10,189.66,-87.927079,41.819871
2686,,,,,,,,Existing,,,,Other,,,,8,165.97,-87.927059,41.820599
2687,,,,,,,,Existing,,,,Other,,,,5,65.72,-87.927492,41.820072
2688,,,,,,,,Existing,,,,Mixed,,,,6,369.48,-87.934579,41.827009
2689,,,,,,,,Existing,,,,Asphalt,,,,8,22.84,-87.928149,41.820596
2690,,,,,,,,Existing,,,,Other,,,,8,138.62,-87.927575,41.820303
2691,,,,,,,,Existing,,,,Other,,,,8,12.23,-87.927536,41.820467
2692,,,,,,,,Existing,,,,Other,,,,8,61.52,-87.927317,41.820591
2693,,,,,,,,Existing,,,,Other,,,,8,15.83,-87.927348,41.820479
2694,,,,,,,,Existing,,,,Limestone,,,,10,54.90,-87.927892,41.820309
2695,,,,,,,,Existing,,,,Other,,,,8,114.37,-87.927477,41.820688
2696,,,,,,,,Existing,,,,Other,,,,8,60.12,-87.927668,41.820597
2697,,,,,,,,Existing,,,,Limestone,Forest Preserve District of DuPage County,,,10,606.33,-87.935030,41.826526
2698,,,,,,,,Existing,,,,Limestone,,,,2,419.18,-87.933687,41.826681
2699,,,,,,,,Existing,,,,Limestone,,,,8,804.71,-87.932931,41.827743
2700,,,,,,,,Existing,,,,Limestone,,,,9,29.00,-87.928088,41.820645
2701,,,,,,,,Existing,,,,Limestone,Forest Preserve District of DuPage County,,,12,453.40,-87.934103,41.824758
2702,,,,,,,,Existing,,,,Limestone,,,,8,21.25,-87.930629,41.827164
2703,,,,,,,,Existing,,,,Turf,,,,4,93.58,-87.931608,41.829799
2704,,,,,,,,Existing,,,,Limestone,,,,12,17.24,-87.955167,41.828737
2705,,,,,,,,Existing,,,,Concrete,,,,6,82.99,-87.961218,41.828932
2706,,,,,,,,Existing,,,,Concrete,,,,6,104.85,-87.960970,41.828846
2707,,,,,,,,Existing,,,,Concrete,,,,6,15.97,-87.960965,41.828720
2708,,,,,,,,Existing,,,,Concrete,,,,6,51.34,-87.960984,41.828643
2709,,,,,,,,Existing,,,,Concrete,,,,6,37.03,-87.961047,41.828537
2710,,,,,,,,Existing,,,,Concrete,,,,6,100.37,-87.961181,41.828332
2711,,,,,,,,Existing,,,,Mixed,,,,10,375.81,-87.960232,41.827089
2712,,,,,,,,Existing,,,,Gravel,,,,10,260.47,-87.960123,41.828066
2713,,,,,,,,Existing,,,,Other,,,,2,32.15,-87.958543,41.827917
2714,,,,,,,,Existing,,,,Other,,,,2,32.95,-87.958727,41.827819
2715,,,,,,,,Existing,,,,Concrete,,,,6,33.72,-87.960468,41.828434
2716,,,,,,,,Existing,,,,Concrete,,,,6,53.31,-87.960927,41.828552
2717,,,,,,,,Existing,,,,Concrete,,,,6,44.51,-87.960768,41.828500
2718,,,,,,,,Existing,,,,Concrete,,,,6,41.95,-87.961374,41.828453
2719,,,,,,,,Existing,,,,Concrete,,,,6,7.78,-87.961473,41.828449
2720,,,,,,,,Existing,,,,Concrete,,,,4,30.79,-87.961456,41.828407
2721,,,,,,,,Existing,,,,Concrete,,,,4,6.50,-87.961318,41.828715
2722,,,,,,,,Existing,,,,Concrete,,,,4,25.67,-87.961265,41.828730
2723,,,,,,,,Existing,,,,Concrete,,,,4,44.96,-87.961269,41.828664
2724,,,,,,,,Existing,,,,Concrete,,,,6,118.82,-87.961095,41.829100
2725,,,,,,,,Existing,,,,Concrete,,,,6,74.23,-87.961124,41.829301
2726,,,,,,,,Existing,,,,Other,,,,6,1818.64,-87.956634,41.828395
2727,,,,,,,,Existing,,,,Limestone,,,,10,1442.40,-87.956298,41.830413
2728,,,,,,,,Existing,,,,Limestone,,,,10,40.35,-87.955512,41.829842
2729,,,,,,,,Existing,,,,Limestone,,,,10,116.26,-87.955719,41.829735
2730,,,,,,,,Existing,,,,Limestone,,,,12,70.39,-87.955149,41.829170
2731,,,,,,,,Existing,,,,Limestone,,,,12,200.22,-87.955244,41.829057
2732,,,,,,,,Existing,,,,Limestone,,,,12,216.66,-87.955298,41.829592
2733,,,,,,,,Existing,,,,Mixed,,,,7,293.48,-88.005664,41.827099
2734,,,,,,,,Existing,,,,Mixed,,,,7,160.00,-88.003405,41.826626
2735,,,,,,,,Existing,,,,Mixed,,,,7,608.34,-88.004786,41.826642
2736,,,,,,,,Existing,,,,Mixed,,,,7,796.95,-88.007210,41.826607
2737,,,,,,,,Existing,,,,Mixed,,,,7,484.80,-88.005507,41.828089
2738,,,,,,,,Existing,,,,Mixed,,,,8,252.57,-88.009162,41.826630
2739,,,,,,,,Existing,,,,Gravel,,,,8,225.64,-88.010051,41.826629
2740,,,,,,,,Existing,,,,Mixed,,,,7,442.87,-88.008713,41.825948
2741,,,,,,,,Existing,,,,Mixed,,,,7,198.42,-88.008533,41.824907
2742,,,,,,,,Existing,,,,Other,,,,6,142.64,-88.008657,41.825293
2743,,,,,,,,Existing,,,,Mixed,,,,7,185.18,-88.010031,41.827296
2744,,,,,,,,Existing,,,,Mixed,,,,7,283.38,-88.010007,41.826875
2745,,,,,,,,Existing,,,,Other,,,,6,11.80,-88.010222,41.827155
2746,,,,,,,,Existing,,,,Mixed,,,,6,303.01,-88.009297,41.827939
2747,,,,,,,,Existing,,,,Other,,,,6,29.38,-88.009143,41.828287
2748,,,,,,,,Existing,,,,Mixed,,,,6,127.42,-88.009261,41.828486
2749,,,,,,,,Existing,,,,Other,,,,6,46.29,-88.009284,41.828689
2750,,,,,,,,Existing,,,,Mixed,,,,6,223.78,-88.008937,41.828969
2751,,,,,,,,Existing,,,,Other,,,,6,44.00,-88.008580,41.829174
2752,,,,,,,,Existing,,,,Asphalt,,,,6,311.67,-88.007927,41.830368
2753,,,,,,,,Existing,,,,Wood Chips,,,,2,77.69,-88.008250,41.830349
2754,,,,,,,,Existing,,,,Mixed,,,,7,194.18,-88.008469,41.824410
2755,,,,,,,,Existing,,,,Other,,,,8,123.31,-88.008231,41.823979
2756,,,,,,,,Existing,,,,Mixed,,,,7,999.70,-88.006451,41.824020
2757,,,,,,,,Existing,,,,Other,,,,10,89.87,-88.006125,41.824540
2758,,,,,,,,Existing,,,,Mixed,,,,6,62.08,-88.006147,41.824342
2759,,,,,,,,Existing,,,,Other,,,,8,36.07,-88.004779,41.823827
2760,,,,,,,,Existing,,,,Mixed,,,,6,457.70,-88.003936,41.824316
2761,,,,,,,,Existing,,,,Other,,,,10,48.39,-88.003337,41.824658
2762,,,,,,,,Existing,,,,Mixed,,,,8,268.45,-88.002945,41.824853
2763,,,,,,,,Existing,,,,Other,,,,8,37.66,-88.002812,41.825156
2764,,,,,,,,Existing,,,,Mixed,,,,8,409.67,-88.002744,41.825761
2765,,,,,,,,Existing,,,,Other,,,,8,32.01,-88.002655,41.826329
2766,,,,,,,,Existing,,,,Mixed,,,,8,207.14,-88.002755,41.826516
2767,,,,,,,,Existing,,,,Mixed,,,,8,335.61,-88.007726,41.827872
2768,,,,,,,,Existing,,,,Mixed,,,,4,396.07,-88.008259,41.827156
2769,,,,,,,,Existing,,,,Mixed,,,,6,301.62,-88.007946,41.829218
2770,,,,,,,,Existing,,,,Mixed,,,,7,377.42,-88.006828,41.829095
2771,,,,,,,,Existing,,,,Mixed,,,,7,302.65,-88.005731,41.828682
2772,,,,,,,,Existing,,,,Other,,,,6,29.31,-88.005121,41.828670
2773,,,,,,,,Existing,,,,Mixed,,,,6,1199.77,-88.003078,41.828318
2774,,,,,,,,Existing,,,,Mixed,,,,6,650.99,-88.003100,41.829339
2775,,,,,,,,Existing,,,,Mixed,,,,5,111.44,-88.004183,41.828901
2776,,,,,,,,Existing,,,,Mixed,,,,6,252.05,-88.004657,41.828755
2777,,,,,,,,Existing,,,,Limestone,,,,10,97.01,-87.936163,41.847626
2778,,,,,,,,Existing,,,,Asphalt,,,,10,182.51,-87.931154,41.857751
2779,,,,,,,Salt Creek Greenway Trail,Existing,Regional,Path,,Paved,,,,,129.64,-87.930627,41.857547
2780,,,,,,,,Existing,,,,Paved,,,,,420.86,-87.930459,41.856974
2781,,,,,,,,Existing,,,,Paved,,,,,57.23,-87.931027,41.856827
2782,,,,,,,,Existing,,,,Limestone,Forest Preserve District of DuPage County,Addison,,10,383.63,-87.969920,41.921183
2783,,,,,,,,Existing,,,,Asphalt,Forest Preserve District of DuPage County,Addison,,10,157.88,-87.971567,41.921597
2784,,,,,,,,Existing,,,,Limestone,,,,10,21.69,-87.976739,41.941613
2785,,,,,,,,Existing,,,,Limestone,,,,10,34.64,-87.976303,41.941994
2786,,,,,,,,Existing,,,,Asphalt,,,,10,64.91,-87.975722,41.939892
2787,,,,,,,,Existing,,,,Asphalt,,,,10,28.85,-87.975882,41.939961
2788,,,,,,,,Existing,,,,Asphalt,,,,10,307.20,-87.967674,41.911449
2789,,,,,,,,Existing,,,,Limestone,Forest Preserve District of DuPage County,Addison,,9,79.16,-87.971950,41.920993
2790,,,,,,,,Existing,,,,Turf,,,,12,442.40,-87.975431,41.942116
2791,,,,,,,,Existing,,,,Turf,,,,12,432.63,-87.974103,41.941723
2792,,,,,,,,Existing,,,,Turf,,,,12,380.05,-87.973943,41.940625
2793,,,,,,,,Existing,,,,Unknown,Forest Preserve District of DuPage County,,,12,148.83,-87.974006,41.941164
2794,,,,,,,,Existing,,,,Asphalt,Forest Preserve District of DuPage County,Addison,,10,1097.00,-87.971007,41.921250
2795,,,,,,,,Existing,,,,Limestone,,,,10,199.67,-87.972394,41.921075
2796,,,,,,,,Existing,,,,Asphalt,,,,10,58.08,-87.972780,41.921230
2797,,,,,,,,Existing,,,,Turf,,,,8,41.51,-87.981461,41.957632
2798,,,,,,,,Existing,,,,Turf,,,,8,1604.44,-87.981827,41.956426
2799,,,,,,,,Existing,,,,Gravel,,,,8,1052.89,-87.984667,41.955989
2800,,,,,,,,Existing,,,,Gravel,,,,8,602.97,-87.982495,41.954580
2801,,,,,,,,Existing,,,,Limestone,,,,8,214.22,-88.008740,41.916361
2802,,,,,,,,Existing,,,,Limestone,,,,10,143.03,-87.985756,41.954598
2803,,,,,,,,Existing,,,,Turf,,,,8,105.34,-88.015756,41.960070
2804,,,,,,,,Existing,,,,Turf,,,,8,666.60,-88.015691,41.959577
2805,,,,,,,,Existing,,,,Asphalt,,,,10,66.28,-88.011914,41.961066
2806,,,,,,,,Existing,,,,Asphalt,,,,10,2441.49,-87.985852,41.941947
2807,,,,,,,,Existing,,,,Concrete,,,,8,554.93,-88.028614,41.961406
2808,,,,,,,,Existing,,,,Other,,,,6,79.75,-88.029326,41.961072
2809,,,,,,,,Existing,,,,Other,,,,6,36.30,-88.028408,41.962082
2810,,,,,,,,Existing,,,,Other,,,,6,157.52,-88.029509,41.961269
2811,,,,,,,,Existing,,,,Other,,,,6,256.19,-88.030098,41.961333
2812,,,,,,,,Existing,,,,Other,,,,6,42.87,-88.028537,41.962133
2813,,,,,,,,Existing,,,,Concrete,,,,8,13.73,-88.028628,41.962169
2814,,,,,,,,Existing,,,,Concrete,,,,8,328.91,-88.029178,41.962153
2815,,,,,,,,Existing,,,,Concrete,,,,8,72.21,-88.029907,41.962135
2816,,,,,,,,Existing,,,,Other,,,,6,257.94,-88.029936,41.961833
2817,,,,,,,,Existing,,,,Gravel,,,,8,873.00,-87.983048,41.955194
2818,,,,,,,,Existing,,,,Gravel,,,,10,844.13,-87.987674,41.954838
2819,,,,,,,,Existing,,,,Turf,,,,8,117.39,-87.983684,41.954381
2820,,,,,,,,Existing,,,,Turf,,,,8,1474.63,-87.982086,41.952893
2821,,,,,,,,Existing,,,,Turf,,,,8,78.28,-88.013765,41.960372
2822,,,,,,,,Existing,,,,Turf,,,,8,540.98,-88.014664,41.960247
2823,,,,,,,,Existing,,,,Turf,,,,8,522.55,-88.013438,41.960050
2824,,,,,,,,Existing,,,,Turf,,,,8,109.93,-88.008706,41.916745
2825,,,,,,,,Existing,,,,Turf,,,,10,800.20,-88.134221,41.964749
2826,,,,,,,,Existing,,,,Concrete,,,,5,877.48,-88.050482,41.988240
2827,,,,,,,,Existing,,,,Asphalt,,,,10,381.81,-88.048571,41.989946
2828,,,,,,,,Existing,,,,Gravel,,,,9,72.91,-88.128573,41.963245
2829,,,,,,,,Existing,,,,Gravel,,,,10,92.32,-88.128032,41.962463
2830,,,,,,,,Existing,,,,Limestone,,,,10,64.05,-88.127927,41.962649
2831,,,,,,,,Existing,,,,Limestone,,,,10,14.39,-88.127889,41.962555
2832,,,,,,,,Existing,,,,Limestone,,,,10,42.69,-88.128861,41.962339
2833,,,,,,,,Existing,,,,Concrete,,,,5,340.54,-88.048963,41.989164
2834,,,,,,,,Existing,,,,Mixed,,,,10,937.72,-88.134644,41.962618
2835,,,,,,,,Existing,,,,Turf,,,,12,979.56,-88.126998,41.969957
2836,,,,,,,,Existing,,,,Asphalt,,,,5,3540.26,-88.127542,41.957204
2839,,,,,,,,Existing,,,,Limestone,,,,10,149.12,-88.074306,41.962717
2840,,,,,,,,Existing,,,,Other,,,,8,2531.59,-88.085514,41.963508
2841,,,,,,,,Existing,,,,Asphalt,,,,10,11.72,-88.056056,41.957187
2842,,,,,,,,Existing,,,,Asphalt,,,,10,11.23,-88.055909,41.957189
2843,,,,,,,,Existing,,,,Asphalt,,,,10,25.19,-88.057887,41.957313
2844,,,,,,,,Existing,,,,Asphalt,,,,10,1332.57,-88.050453,41.959019
2845,,,,,,,,Existing,,,,Limestone,,,,10,385.78,-88.051427,41.961260
2846,,,,,,,,Existing,,,,Asphalt,,,,10,79.63,-88.052687,41.958890
2847,,,,,,,,Existing,,,,Asphalt,,,,10,89.29,-88.055985,41.957153
2848,,,,,,,,Existing,,,,Asphalt,,,,10,160.29,-88.055792,41.956906
2849,,,,,,,,Existing,,,,Asphalt,,,,10,209.21,-88.055075,41.957096
2850,,,,,,,,Existing,,,,Asphalt,,,,10,1064.51,-88.060498,41.957767
2851,,,,,,,,Existing,,,,Asphalt,,,,10,13.23,-88.056834,41.956786
2852,,,,,,,,Existing,,,,Asphalt,,,,10,54.31,-88.056739,41.956758
2853,,,,,,,,Existing,,,,Asphalt,,,,10,114.99,-88.057031,41.956819
2854,,,,,,,,Existing,,,,Asphalt,,,,10,44.19,-88.057301,41.956930
2855,,,,,,,,Existing,,,,Asphalt,,,,10,79.68,-88.057139,41.956973
2856,,,,,,,,Existing,,,,Asphalt,,,,10,91.38,-88.056933,41.957131
2857,,,,,,,,Existing,,,,Asphalt,,,,10,91.81,-88.056883,41.956894
2858,,,,,,,,Existing,,,,Asphalt,,,,10,137.56,-88.056470,41.956621
2859,,,,,,,,Existing,,,,Asphalt,,,,10,63.31,-88.056714,41.956798
2860,,,,,,,,Existing,,,,Turf,,,,8,267.53,-88.061553,41.928999
2861,,,,,,,,Existing,,,,Turf,,,,8,360.00,-88.061259,41.928214
2862,,,,,,,,Existing,,,,Turf,,,,8,214.96,-88.045972,41.915334
2863,,,,,,,,Existing,,,,Turf,,,,8,429.57,-88.044999,41.915023
2864,,,,,,,,Existing,,,,Unknown,Forest Preserve District of DuPage County,,,8,128.19,-88.060745,41.927791
2865,,,,,,,,Existing,,,,Other,,,,5,20.76,-88.043818,41.916823
2866,,,,,,,,Existing,,,,Turf,,,,8,82.02,-88.043712,41.916729
2867,,,,,,,,Existing,,,,Turf,,,,8,462.76,-88.060041,41.927891
2868,,,,,,,,Existing,,,,Turf,,,,8,4219.12,-88.059834,41.929137
2869,,,,,,,,Existing,,,,Turf,,,,8,131.56,-88.046451,41.916240
2870,,,,,,,,Existing,,,,Turf,,,,10,140.38,-88.045438,41.917020
2871,,,,,,,,Existing,,,,Turf,,,,8,2971.00,-88.046217,41.918750
2872,,,,,,,,Existing,,,,Turf,,,,8,339.86,-88.044325,41.916977
2873,,,,,,,,Existing,,,,Turf,,,,8,134.36,-88.045231,41.916923
2874,,,,,,,,Existing,,,,Turf,,,,10,154.37,-88.045205,41.917102
2875,,,,,,,,Existing,,,,Turf,,,,8,145.70,-88.045592,41.916679
2876,,,,,,,,Existing,,,,Turf,,,,8,215.89,-88.046120,41.916463
2877,,,,,,,,Existing,,,,Turf,,,,8,227.18,-88.046008,41.916067
2878,,,,,,,,Existing,,,,Turf,,,,8,173.13,-88.045625,41.916286
2879,,,,,,,,Existing,,,,Turf,,,,8,276.45,-88.045545,41.915703
2880,,,,,,,,Existing,,,,Turf,,,,8,261.96,-88.046398,41.915652
2881,,,,,,,,Existing,,,,Turf,,,,8,79.66,-88.046671,41.916405
2882,,,,,,,,Existing,,,,Turf,,,,8,148.68,-88.046655,41.916105
2883,,,,,,,,Existing,,,,Asphalt,,,,9,209.56,-88.141648,41.904575
2884,,,,,,,,Existing,,,,Asphalt,,,,10,13.51,-88.144147,41.905128
2885,,,,,,,,Existing,,,,Asphalt,,,,,26.40,-88.098699,41.891074
2886,,,,,,,,Existing,,,,Asphalt,,,,,39.21,-88.098661,41.890988
2887,,,,,,,,Existing,,,,Asphalt,,,,,38.01,-88.098692,41.890914
2888,,,,,,,,Existing,,,,Asphalt,,,,,61.62,-88.098739,41.890967
2889,,,,,,,,Existing,,,,Asphalt,,,,,317.44,-88.098706,41.890506
2890,,,,,,,,Existing,,,,Asphalt,,,,,225.82,-88.098484,41.890695
2891,,,,,,,,Existing,,,,Asphalt,,,,,194.36,-88.095510,41.891572
2892,,,,,,,,Existing,,,,Asphalt,,,,,91.34,-88.094049,41.891512
2893,,,,,,,,Existing,,,,Asphalt,,,,,224.23,-88.092416,41.891313
2894,,,,,,,,Existing,,,,Wood Chips,,,,8,38.93,-88.125520,41.873907
2895,,,,,,,,Existing,,,,Wood Chips,,,,6,115.34,-88.125243,41.873881
2896,,,,,,,,Existing,,,,Wood Chips,,,,8,45.34,-88.125507,41.873848
2897,,,,,,,,Existing,,,,Wood Chips,,,,4,449.97,-88.125776,41.874285
2898,,,,,,,,Existing,,,,Wood Chips,,,,6,120.69,-88.124934,41.873701
2899,,,,,,,,Existing,,,,Wood Chips,,,,4,248.40,-88.125238,41.873414
2900,,,,,,,,Existing,,,,Wood Chips,,,,6,177.35,-88.125684,41.873444
2901,,,,,,,,Existing,,,,Wood Chips,,,,5,202.34,-88.125873,41.873189
2902,,,,,,,,Existing,,,,Wood Chips,,,,4,197.33,-88.125494,41.872967
2903,,,,,,,,Existing,,,,Wood Chips,,,,6,88.10,-88.125321,41.872684
2904,,,,,,,,Existing,,,,Wood Chips,,,,6,220.84,-88.127954,41.872815
2905,,,,,,,,Existing,,,,Wood Chips,,,,6,914.45,-88.126720,41.871981
2906,,,,,,,,Existing,,,,Wood Chips,,,,10,657.61,-88.122626,41.869690
2907,,,,,,,,Existing,,,,Wood Chips,,,,10,1585.62,-88.125687,41.870092
2908,,,,,,,,Existing,,,,Wood Chips,,,,6,436.41,-88.124485,41.873977
2909,,,,,,,,Existing,,,,Wood Chips,,,,8,83.54,-88.125064,41.872733
2910,,,,,,,,Existing,,,,Other,,,,6,62.61,-88.124495,41.873450
2911,,,,,,,,Existing,,,,Wood Chips,,,,4,193.43,-88.124062,41.873588
2912,,,,,,,,Existing,,,,Wood Chips,,,,4,96.55,-88.124662,41.873535
2913,,,,,,,,Existing,,,,Wood Chips,,,,6,313.21,-88.127886,41.871667
2914,,,,,,,,Existing,,,,Wood Chips,,,,10,37.72,-88.125144,41.872603
2915,,,,,,,,Existing,,,,Other,,,,6,210.86,-88.124729,41.873077
2916,,,,,,,,Existing,,,,Other,,,,6,33.82,-88.124908,41.872844
2917,,,,,,,,Existing,,,,Other,,,,8,228.32,-88.124504,41.872803
2918,,,,,,,,Existing,,,,Other,,,,8,133.25,-88.123497,41.873389
2919,,,,,,,,Existing,,,,Other,,,,4,161.75,-88.123500,41.873690
2920,,,,,,,,Existing,,,,Wood Chips,,,,10,64.93,-88.123663,41.873629
2921,,,,,,,,Existing,,,,Wood Chips,,,,10,20.24,-88.123538,41.873644
2922,,,,,,,,Existing,,,,Wood Chips,,,,15,39.97,-88.123551,41.873574
2923,,,,,,,,Existing,,,,Other,,,,6,157.56,-88.123658,41.871814
2924,,,,,,,,Existing,,,,Wood Chips,,,,8,485.19,-88.124667,41.871858
2925,,,,,,,,Existing,,,,Other,,,,6,148.54,-88.125059,41.872359
2926,,,,,,,,Existing,,,,Wood Chips,,,,8,598.89,-88.123397,41.870868
2927,,,,,,,,Existing,,,,Wood Chips,,,,8,10.43,-88.123474,41.871595
2928,,,,,,,,Existing,,,,Wood Chips,,,,8,264.18,-88.122999,41.871636
2929,,,,,,,,Existing,,,,Limestone,Forest Preserve District of DuPage,,,9,438.65,-88.043048,41.887407
2930,,,,,,,,Existing,,,,Limestone,,,,9,322.38,-88.042118,41.886910
2931,,,,,,,,Existing,,,,Limestone,,,,8,159.30,-88.042655,41.886774
2932,,,,,,,,Existing,,,,Limestone,,,,10,54.00,-88.046130,41.888191
2933,,,,,,,,Existing,,,,Limestone,,,,10,73.73,-88.046327,41.888205
2934,,,,,,,,Existing,,,,Limestone,,,,10,208.22,-88.046176,41.888484
2935,,,,,,,,Existing,,,,Limestone,,,,10,80.77,-88.060297,41.842925
2936,,,,,,,,Existing,,,,Asphalt,,,,8,69.81,-88.061350,41.842883
2937,,,,,,,,Existing,,,,Mixed,,,,8,765.71,-88.061415,41.842122
2938,,,,,,,,Existing,,,,Concrete,,,,4,36.66,-88.061791,41.843337
2939,,,,,,,,Existing,,,,Concrete,,,,4,97.91,-88.061637,41.843264
2940,,,,,,,,Existing,,,,Concrete,,,,4,75.70,-88.061738,41.843252
2941,,,,,,,,Existing,,,,Concrete,,,,4,35.42,-88.061488,41.843213
2942,,,,,,,,Existing,,,,Concrete,,,,4,9.25,-88.061440,41.843246
2943,,,,,,,,Existing,,,,Concrete,,,,4,16.44,-88.061414,41.843230
2944,,,,,,,,Existing,,,,Concrete,,,,4,9.09,-88.061380,41.843238
2945,,,,,,,,Existing,,,,Concrete,,,,4,31.82,-88.061376,41.843194
2946,,,,,,,,Existing,,,,Concrete,,,,4,31.25,-88.061389,41.843107
2947,,,,,,,,Existing,,,,Concrete,,,,4,4.16,-88.061372,41.843151
2948,,,,,,,,Existing,,,,Concrete,,,,4,4.09,-88.061391,41.843066
2949,,,,,,,,Existing,,,,Concrete,,,,4,53.53,-88.061469,41.843075
2950,,,,,,,,Existing,,,,Concrete,,,,4,40.68,-88.061574,41.843149
2951,,,,,,,,Existing,,,,Concrete,,,,8,89.82,-88.062687,41.843191
2952,,,,,,,,Existing,,,,Concrete,,,,8,154.02,-88.062233,41.842980
2953,,,,,,,,Existing,,,,Concrete,,,,12,14.05,-88.062057,41.842829
2954,,,,,,,,Existing,,,,Concrete,,,,6,102.02,-88.061923,41.842867
2955,,,,,,,,Existing,,,,Concrete,,,,8,25.25,-88.061876,41.842687
2956,,,,,,,,Existing,,,,Concrete,,,,8,88.09,-88.061988,41.842271
2957,,,,,,,,Existing,,,,Limestone,,,,10,469.46,-88.058994,41.843009
2958,,,,,,,,Existing,,,,Limestone,,,,10,1202.03,-88.059998,41.843855
2959,,,,,,,,Existing,,,,Wood Chips,,,,4,1118.39,-88.058534,41.842863
2960,,,,,,,,Existing,,,,Concrete,,,,8,69.58,-88.061958,41.842776
2961,,,,,,,,Existing,,,,Concrete,,,,12,15.60,-88.061950,41.842683
2962,,,,,,,,Existing,,,,Concrete,,,,12,7.58,-88.061992,41.842677
2963,,,,,,,,Existing,,,,Concrete,,,,8,16.90,-88.061986,41.842701
2964,,,,,,,,Existing,,,,Concrete,,,,12,15.08,-88.061972,41.842657
2965,,,,,,,,Existing,,,,Concrete,,,,6,8.10,-88.059401,41.842284
2966,,,,,,,,Existing,,,,Concrete,,,,6,8.49,-88.059403,41.842265
2967,,,,,,,,Existing,,,,Concrete,,,,6,11.20,-88.059374,41.842277
2968,,,,,,,,Existing,,,,Concrete,,,,10,47.77,-88.058937,41.843373
2969,,,,,,,,Existing,,,,Concrete,,,,10,37.28,-88.058835,41.843388
2970,,,,,,,,Existing,,,,Limestone,,,,10,48.32,-88.060762,41.843287
2971,,,,,,,,Existing,,,,Concrete,,,,12,31.56,-88.060819,41.843224
2972,,,,,,,,Existing,,,,Limestone,,,,10,34.68,-88.060766,41.843137
2973,,,,,,,,Existing,,,,Concrete,,,,8,20.95,-88.060527,41.844060
2974,,,,,,,,Existing,,,,Concrete,,,,8,37.06,-88.060630,41.844049
2975,,,,,,,,Existing,,,,Concrete,,,,8,9.91,-88.060704,41.844054
2976,,,,,,,,Existing,,,,Concrete,,,,8,9.49,-88.060564,41.844082
2977,,,,,,,,Existing,,,,Concrete,,,,8,75.81,-88.060560,41.844146
2978,,,,,,,,Existing,,,,Concrete,,,,8,11.19,-88.060657,41.844140
2979,,,,,,,,Existing,,,,Concrete,,,,8,48.27,-88.060727,41.844136
2980,,,,,,,,Existing,,,,Concrete,,,,8,21.77,-88.060692,41.844097
2981,,,,,,,,Existing,,,,Concrete,,,,8,7.22,-88.060638,41.844102
2982,,,,,,,,Existing,,,,Concrete,,,,8,16.99,-88.060594,41.844098
2983,,,,,,,,Existing,,,,Concrete,,,,8,8.31,-88.060653,41.844113
2984,,,,,,,,Existing,,,,Limestone,,,,10,31.34,-88.059759,41.844285
2985,,,,,,,,Existing,,,,Concrete,,,,24,25.92,-88.059759,41.844206
2986,,,,,,,,Existing,,,,Limestone,,,,10,468.21,-88.059822,41.842368
2987,,,,,,,,Existing,,,,Gravel,,,,10,112.19,-88.049274,41.830724
2988,,,,,,,,Existing,,,,Concrete,,,,10,38.30,-88.052666,41.829662
2989,,,,,,,,Existing,,,,Asphalt,,,,10,23.36,-88.052823,41.829918
2990,,,,,,,,Existing,,,,Limestone,,,,10,24.69,-88.053816,41.827219
2991,,,,,,,East Branch DuPage River Trail,Existing,Regional,Path,Sidepath,Limestone,DuPage County Forest Preserve District,Milton,,10,1092.57,-88.053610,41.827846
2992,,,,,,,,Existing,,,,Limestone,,,,10,74.02,-88.053516,41.826446
2994,,,,,,,,Existing,,,,Limestone,,,,10,110.62,-88.053659,41.826213
2995,,,,,,,,Existing,,,,Limestone,,,,8,189.95,-88.112182,41.820206
2996,,,,,,,,Existing,,,,Limestone,,,,8,43.90,-88.111871,41.820151
2997,,,,,,,,Existing,,,,Limestone,,,,8,41.59,-88.111893,41.820202
2998,,,,,,,,Existing,,,,,,,,6,22.63,-88.106950,41.821193
2999,,,,,,,,Existing,,,,,,,,7,67.17,-88.106859,41.821252
3000,,,,,,,,Existing,,,,,,,,7,32.72,-88.106758,41.821342
3001,,,,,,,,Existing,,,,,,,,7,60.20,-88.106702,41.821325
3002,,,,,,,,Existing,,,,,,,,7,153.71,-88.106909,41.821340
3003,,,,,,,,Existing,,,,,,,,8,56.77,-88.109065,41.820420
3004,,,,,,,,Existing,,,,,,,,8,28.30,-88.109023,41.820448
3005,,,,,,,,Existing,,,,,,,,8,77.14,-88.108868,41.820384
3006,,,,,,,,Existing,,,,,,,,8,40.00,-88.108711,41.820401
3007,,,,,,,,Existing,,,,,,,,,37.58,-88.108756,41.820304
3008,,,,,,,,Existing,,,,,,,,8,60.71,-88.108625,41.820324
3009,,,,,,,,Existing,,,,,,,,9,38.17,-88.108547,41.820240
3010,,,,,,,,Existing,,,,,,,,8,61.88,-88.108684,41.820228
3011,,,,,,,,Existing,,,,,,,,,41.99,-88.108497,41.820357
3012,,,,,,,,Existing,,,,,,,,8,62.07,-88.108586,41.820431
3013,,,,,,,,Existing,,,,,,,,8,48.25,-88.108401,41.820440
3014,,,,,,,,Existing,,,,,,,,6,63.84,-88.108265,41.820533
3015,,,,,,,,Existing,,,,,,,,6,34.53,-88.108336,41.820397
3016,,,,,,,,Existing,,,,,,,,9,77.65,-88.108516,41.820120
3017,,,,,,,,Existing,,,,,,,,6,60.82,-88.106880,41.820348
3018,,,,,,,,Existing,,,,,,,,3,408.06,-88.106971,41.820285
3019,,,,,,,,Existing,,,,Limestone,,,,8,4316.52,-88.103459,41.819394
3020,,,,,,,,Existing,,,,Limestone,,,,10,1166.30,-88.104389,41.820669
3021,,,,,,,,Existing,,,,,,,,6,160.31,-88.107021,41.820271
3022,,,,,,,,Existing,,,,,,,,6,35.64,-88.106844,41.820237
3023,,,,,,,,Existing,,,,Asphalt,,,,10,10.15,-88.106837,41.820180
3024,,,,,,,,Existing,,,,Limestone,,,,10,37.78,-88.108108,41.818917
3025,,,,,,,,Existing,,,,Limestone,,,,10,12.88,-88.108310,41.819039
3026,,,,,,,,Existing,,,,Limestone,,,,10,76.68,-88.107961,41.819002
3027,,,,,,,,Existing,,,,Limestone,,,,10,66.03,-88.108190,41.819003
3028,,,,,,,,Existing,,,,Limestone,,,,10,33.14,-88.108314,41.819086
3029,,,,,,,,Existing,,,,Limestone,,,,10,24.83,-88.108436,41.819167
3030,,,,,,,,Existing,,,,Limestone,,,,4,59.59,-88.113505,41.818994
3031,,,,,,,,Existing,,,,Asphalt,,,,10,10.60,-88.113447,41.818922
3032,,,,,,,,Existing,,,,Asphalt,,,,10,63.31,-88.113352,41.818869
3033,,,,,,,,Existing,,,,Asphalt,,,,10,220.17,-88.113474,41.818642
3034,,,,,,,,Existing,,,,Asphalt,,,,10,50.35,-88.113291,41.818366
3035,,,,,,,,Existing,,,,Asphalt,,,,10,498.42,-88.112873,41.817756
3036,,,,,,,,Existing,,,,Asphalt,,,,10,399.15,-88.113141,41.819593
3037,,,,,,,,Existing,,,,,,,,6,74.95,-88.107420,41.819672
3038,,,,,,,,Existing,,,,,,,,6,30.91,-88.107478,41.819534
3039,,,,,,,,Existing,,,,,,,,6,10.85,-88.107244,41.819407
3040,,,,,,,,Existing,,,,,,,,,35.10,-88.107219,41.819467
3041,,,,,,,,Existing,,,,,,,,6,77.10,-88.107439,41.819472
3042,,,,,,,,Existing,,,,,,,,6,26.98,-88.107183,41.819548
3043,,,,,,,,Existing,,,,,,,,6,22.59,-88.107019,41.819601
3044,,,,,,,,Existing,,,,,,,,6,60.63,-88.107027,41.819701
3045,,,,,,,,Existing,,,,,,,,6,38.93,-88.107101,41.819606
3046,,,,,,,,Existing,,,,,,,,6,61.13,-88.106985,41.819690
3047,,,,,,,,Existing,,,,,,,,6,25.26,-88.106935,41.819775
3048,,,,,,,,Existing,,,,,,,,6,40.77,-88.107011,41.819810
3049,,,,,,,,Existing,,,,,,,,6,106.15,-88.107105,41.819721
3050,,,,,,,,Existing,,,,Asphalt,,,,10,1858.35,-88.107520,41.820621
3051,,,,,,,,Existing,,,,,,,,6,74.18,-88.107330,41.819543
3052,,,,,,,,Existing,,,,Turf,,,,12,2238.73,-88.111423,41.825653
3053,,,,,,,,Existing,,,,Limestone,,,,10,1066.79,-88.106693,41.819245
3054,,,,,,,,Existing,,,,Concrete,,,,,4.87,-88.106903,41.820270
3055,,,,,,,,Existing,,,,Concrete,,,,,3.32,-88.106982,41.820217
3056,,,,,,,,Existing,,,,Concrete,,,,,8.62,-88.107025,41.820315
3057,,,,,,,,Existing,,,,Concrete,,,,,2.64,-88.106994,41.820235
3058,,,,,,,,Existing,,,,Concrete,,,,,1.32,-88.106990,41.820300
3060,,,,,,,,Existing,,,,Turf,,,,12,457.17,-88.108426,41.826512
3061,,,,,,,,Existing,,,,,,,,6,256.75,-88.114314,41.812345
3062,,,,,,,,Existing,,,,,,,,6,650.06,-88.113820,41.813152
3063,,,,,,,,Existing,,,,,,,,6,420.03,-88.113195,41.812913
3064,,,,,,,,Existing,,,,,,,,6,223.75,-88.113506,41.812362
3065,,,,,,,,Existing,,,,,,,,6,267.57,-88.114314,41.812345
3066,,,,,,,,Existing,,,,,,,,6,36.32,-88.112117,41.812513
3067,,,,,,,,Existing,,,,,,,,6,31.12,-88.112060,41.812473
3068,,,,,,,,Existing,,,,,,,,6,43.51,-88.112119,41.812467
3069,,,,,,,,Existing,,,,,,,,6,395.28,-88.112741,41.813865
3070,,,,,,,,Existing,,,,,,,,6,447.92,-88.112834,41.814597
3071,,,,,,,,Existing,,,,,,,,6,45.90,-88.112497,41.814900
3072,,,,,,,,Existing,,,,,,,,6,70.00,-88.112339,41.814791
3073,,,,,,,,Existing,,,,,,,,6,172.20,-88.112359,41.814553
3074,,,,,,,,Existing,,,,,,,,6,663.01,-88.112382,41.815565
3075,,,,,,,,Existing,,,,,,,,6,315.24,-88.112133,41.815161
3076,,,,,,,,Existing,,,,,,,,6,541.27,-88.111016,41.815495
3077,,,,,,,,Existing,,,,,,,,6,37.33,-88.110439,41.815047
3078,,,,,,,,Existing,,,,,,,,6,44.20,-88.110365,41.815031
3079,,,,,,,,Existing,,,,,,,,6,250.65,-88.110751,41.814757
3080,,,,,,,,Existing,,,,,,,,6,24.85,-88.111036,41.814454
3081,,,,,,,,Existing,,,,,,,,6,26.34,-88.111031,41.814432
3082,,,,,,,,Existing,,,,,,,,6,16.26,-88.110993,41.814442
3083,,,,,,,,Existing,,,,,,,,6,402.03,-88.111730,41.814559
3084,,,,,,,,Existing,,,,,,,,6,45.58,-88.110411,41.814999
3085,,,,,,,,Existing,,,,,,,,6,428.14,-88.109518,41.814787
3086,,,,,,,,Existing,,,,,,,,6,115.52,-88.111992,41.812667
3087,,,,,,,,Existing,,,,,,,,6,31.92,-88.111904,41.812807
3088,,,,,,,,Existing,,,,,,,,6,600.60,-88.110701,41.813724
3089,,,,,,,,Existing,,,,,,,,6,53.85,-88.111074,41.813083
3090,,,,,,,,Existing,,,,,,,,6,43.48,-88.111017,41.813036
3091,,,,,,,,Existing,,,,,,,,6,11.71,-88.111059,41.812970
3092,,,,,,,,Existing,,,,,,,,6,43.48,-88.111104,41.813025
3093,,,,,,,,Existing,,,,,,,,6,32.24,-88.111201,41.813094
3094,,,,,,,,Existing,,,,,,,,6,13.86,-88.111261,41.813107
3095,,,,,,,,Existing,,,,,,,,6,278.70,-88.111611,41.813100
3096,,,,,,,,Existing,,,,,,,,6,139.78,-88.112941,41.812506
3097,,,,,,,,Existing,,,,Concrete,,,,8,6.33,-88.112736,41.812588
3098,,,,,,,,Existing,,,,Other,,,,8,96.67,-88.112522,41.812575
3099,,,,,,,,Existing,,,,Concrete,,,,8,6.00,-88.112360,41.812564
3100,,,,,,,,Existing,,,,,,,,6,49.02,-88.112274,41.812541
3101,,,,,,,,Existing,,,,,,,,6,22.83,-88.111565,41.812427
3102,,,,,,,,Existing,,,,,,,,6,22.38,-88.111524,41.812390
3103,,,,,,,,Existing,,,,,,,,6,153.06,-88.111841,41.812370
3104,,,,,,,,Existing,,,,,,,,6,188.95,-88.111454,41.812173
3105,,,,,,,,Existing,,,,Limestone,Forest Preserve District of DuPage County,,,10,2172.07,-88.120221,41.827640
3106,,,,,,,,Existing,,,,Asphalt,,,,7,52.07,-88.142293,41.829477
3107,,,,,,,,Existing,,,,Concrete,,,,10,178.38,-88.145870,41.826801
3108,,,,,,,,Existing,,,,Concrete,,,,10,41.50,-88.146175,41.827293
3109,,,,,,,,Existing,,,,Limestone,,,,10,193.06,-88.145612,41.826218
3110,,,,,,,,Existing,,,,Concrete,,,,10,137.05,-88.146026,41.826415
3111,,,,,,,,Existing,,,,Asphalt,,,,6,26.60,-88.145572,41.826789
3112,,,,,,,,Existing,,,,Asphalt,,,,4,35.02,-88.145502,41.826746
3113,,,,,,,,Existing,,,,Asphalt,,,,4,55.60,-88.145499,41.826846
3114,,,,,,,,Existing,,,,Asphalt,,,,9,19.36,-88.141728,41.829319
3115,,,,,,,,Existing,,,,Asphalt,,,,14,20.72,-88.141884,41.829232
3116,,,,,,,,Existing,,,,Asphalt,,,,6,27.51,-88.141766,41.829071
3117,,,,,,,,Existing,,,,Asphalt,,,,10,146.11,-88.141519,41.828955
3121,,,,,,,,Existing,,,,Asphalt,,,,9,38.88,-88.141879,41.829027
3122,,,,,,,,Existing,,,,Asphalt,,,,9,54.63,-88.142078,41.829214
3123,,,,,,,,Existing,,,,Asphalt,,,,10,19.08,-88.141972,41.829212
3124,,,,,,,,Existing,,,,Asphalt,,,,9,24.46,-88.141940,41.829248
3125,,,,,,,,Existing,,,,Asphalt,,,,10,65.57,-88.141701,41.829217
3126,,,,,,,,Existing,,,,Asphalt,,,,10,26.63,-88.141770,41.829327
3127,,,,,,,,Existing,,,,Asphalt,,,,,45.86,-88.141840,41.829310
3128,,,,,,,,Existing,,,,Asphalt,,,,9,34.66,-88.141755,41.829394
3129,,,,,,,,Existing,,,,Asphalt,,,,,13.59,-88.141809,41.829373
3130,,,,,,,,Existing,,,,Limestone,,,,7,12.97,-88.142045,41.828763
3131,,,,,,,,Existing,,,,Asphalt,,,,10,126.37,-88.142047,41.829489
3132,,,,,,,,Existing,,,,Wood Chips,,,,7,183.47,-88.145493,41.827906
3133,,,,,,,,Existing,,,,Concrete,,,,4,38.64,-88.146752,41.829665
3134,,,,,,,,Existing,,,,Concrete,,,,4,8.02,-88.146787,41.829620
3135,,,,,,,,Existing,,,,Concrete,,,,4,3.52,-88.146805,41.829629
3136,,,,,,,,Existing,,,,Unknown,DuPge County Forest Preserve District,,,8,1617.07,-88.099036,41.758749
3137,,,,,,,,Existing,,,,Limestone,,,,10,87.86,-88.073967,41.749929
3138,,,,,,,,Existing,,,,Limestone,,,,10,30.43,-88.072668,41.754163
3139,,,,,,,,Existing,,,,Limestone,,,,10,382.35,-88.073481,41.754011
3140,,,,,,,,Existing,,,,Limestone,,,,10,584.63,-88.072323,41.752620
3141,,,,,,,,Existing,,,,Limestone,,,,10,564.23,-88.072956,41.751899
3142,,,,,,,,Existing,,,,Limestone,,,,10,732.40,-88.073420,41.752355
3143,,,,,,,,Existing,,,,Limestone,,,,10,49.37,-88.073774,41.750154
3144,,,,,,,,Existing,,,,Limestone,,,,10,470.26,-88.073708,41.750644
3145,,,,,,,,Existing,,,,Limestone,,,,10,958.90,-88.072728,41.750601
3146,,,,,,,,Existing,,,,Wood Chips,,,,4,203.31,-88.092677,41.733319
3147,,,,,,,,Existing,,,,Wood Chips,,,,8,1226.55,-88.092013,41.732869
3148,,,,,,,,Existing,,,,Gravel,,,,10,786.60,-88.089917,41.734572
3149,,,,,,,,Existing,,,,Gravel,,,,10,56.09,-88.088497,41.734596
3150,,,,,,,,Existing,,,,Other,,,,4,60.99,-88.088481,41.734659
3151,,,,,,,,Existing,,,,Gravel,,,,15,99.34,-88.088413,41.734878
3152,,,,,,,,Existing,,,,Limestone,,,,2,62.60,-88.088311,41.734241
3153,,,,,,,,Existing,,,,Gravel,,,,15,904.26,-88.087087,41.733738
3154,,,,,,,,Existing,,,,Other,,,,4,66.50,-88.087618,41.732758
3155,,,,,,,,Existing,,,,Other,,,,4,116.54,-88.087441,41.732771
3156,,,,,,,,Existing,,,,Gravel,,,,15,98.38,-88.088346,41.734434
3157,,,,,,,,Existing,,,,Gravel,,,,15,45.30,-88.088402,41.734636
3158,,,,,,,,Existing,,,,Wood Chips,,,,10,40.62,-88.091607,41.734394
3159,,,,,,,,Existing,,,,Gravel,,,,10,39.11,-88.091461,41.734369
3160,,,,,,,,Existing,,,,Mixed,,,,8,3939.02,-88.090341,41.730950
3161,,,,,,,,Existing,,,,Limestone,,,,10,245.85,-88.088032,41.735218
3162,,,,,,,,Existing,,,,Limestone,,,,10,51.35,-88.087944,41.735647
3163,,,,,,,,Existing,,,,Other,,,,,219.62,-88.090058,41.734331
3164,,,,,,,,Existing,,,,Gravel,,,,10,631.91,-88.090489,41.733866
3165,,,,,,,,Existing,,,,Wood Chips,,,,4,196.88,-88.091871,41.734551
3166,,,,,,,,Existing,,,,Other,,,,2,115.17,-88.090672,41.734433
3167,,,,,,,,Existing,,,,Wood Chips,,,,4,100.46,-88.093081,41.732832
3168,,,,,,,,Existing,,,,Limestone,,,,8,88.38,-88.092748,41.728959
3169,,,,,,,,Existing,,,,Limestone,,,,8,146.44,-88.092396,41.728986
3170,,,,,,,,Existing,,,,Limestone,,,,8,10.73,-88.092631,41.729039
3171,,,,,,,,Existing,,,,Wood Chips,,,,4,37.49,-88.092492,41.730573
3172,,,,,,,,Existing,,,,Wood Chips,,,,4,42.06,-88.092069,41.730648
3173,,,,,,,,Existing,,,,Limestone,,,,10,88.57,-88.092109,41.728673
3174,,,,,,,,Existing,,,,Wood Chips,,,,8,165.86,-88.092008,41.728809
3175,,,,,,,,Existing,,,,Wood Chips,,,,8,51.05,-88.091940,41.728560
3176,,,,,,,,Existing,,,,Turf,,,,8,29.01,-88.095128,41.727357
3178,,,,,,,,Existing,,,,Turf,,,,8,7546.13,-88.094212,41.730691
3180,,,,,,,,Existing,,,,Limestone,,,,8,106.32,-88.092248,41.729176
3181,,,,,,,,Existing,,,,Turf,,,,12,225.07,-88.092929,41.729388
3182,,,,,,,,Existing,,,,Wood Chips,,,,2,187.76,-88.092300,41.733293
3183,,,,,,,,Existing,,,,Turf,,,,8,336.80,-88.088013,41.733120
3184,,,,,,,,Existing,,,,Other,,,,,66.94,-88.090033,41.733773
3185,,,,East Branch DuPage River Trail,,,East Branch DuPage River Trail,Existing,Regional,Path,Path,Limestone,Forest Preserve District of DuPage County,Lisle,,10,645.60,-88.074655,41.728989
3186,,,,,,,,Existing,,,,Gravel,,,,10,658.18,-88.088258,41.727700
3187,,,,,,,,Existing,,,,Limestone,Forest Preserve District of DuPage County,,,10,2060.67,-88.087842,41.730769
3188,,,,,,,,Existing,,,,Mixed,,,,12,984.93,-88.128970,41.748799
3189,,,,,,,,Existing,,,,Concrete,,,,12,322.38,-88.129071,41.747732
3190,,,,,,,,Existing,,,,Asphalt,,,,12,436.95,-88.136079,41.754495
3191,,,,,,,,Existing,,,,Asphalt,,,,12,76.64,-88.135244,41.754390
3192,,,,,,,,Existing,,,,Wood Chips,,,,4,2005.54,-88.121005,41.750918
3193,,,,,,,,Existing,,,,Wood Chips,,,,4,138.83,-88.121534,41.749900
3194,,,,,,,,Existing,,,,Mixed,,,,4,178.85,-88.120428,41.751873
3195,,,,,,,,Existing,,,,Wood Chips,,,,4,460.35,-88.133169,41.754339
3196,,,,,,,,Existing,,,,Wood Chips,,,,6,39.05,-88.133501,41.752892
3197,,,,,,,,Existing,,,,Wood Chips,,,,6,79.09,-88.133727,41.753124
3198,,,,,,,,Existing,,,,Wood Chips,,,,6,24.31,-88.133578,41.753077
3199,,,,,,,,Existing,,,,Wood Chips,,,,6,37.58,-88.133535,41.753131
3200,,,,,,,,Existing,,,,Other,,,,6,8.53,-88.133745,41.753292
3201,,,,,,,,Existing,,,,Limestone,,,,8,322.47,-88.193763,41.735081
3202,,,,,,,,Existing,,,,Other,,,,10,40.88,-88.193308,41.734694
3203,,,,,,,,Existing,,,,Limestone,,,,10,72.40,-88.193149,41.734567
3204,,,,,,,,Existing,,,,Limestone,,,,8,53.98,-88.191590,41.734542
3205,,,,,,,,Existing,,,,Limestone,,,,10,44.83,-88.191593,41.734674
3206,,,,,,,,Existing,,,,Limestone,,,,10,73.74,-88.191710,41.734573
3207,,,,,,,,Existing,,,,Limestone,,,,10,75.29,-88.191689,41.734430
3208,,,,,,,,Existing,,,,Limestone,,,,8,41.49,-88.191460,41.734519
3209,,,,,,,,Existing,,,,Limestone,,,,8,40.19,-88.191524,41.734527
3210,,,,,,,,Existing,,,,Limestone,,,,10,40.17,-88.191541,41.734592
3211,,,,,,,,Existing,,,,Limestone,,,,10,23.90,-88.191440,41.734592
3212,,,,,,,,Existing,,,,Limestone,,,,8,465.60,-88.193427,41.737676
3213,,,,,,,,Existing,,,,Limestone,,,,8,173.95,-88.193889,41.737162
3214,,,,,,,,Existing,,,,Limestone,,,,8,374.83,-88.193134,41.737147
3215,,,,,,,,Existing,,,,Turf,,,,10,29.68,-88.192736,41.737540
3216,,,,,,,,Existing,,,,Turf,,,,10,486.74,-88.192461,41.737023
3217,,,,,,,,Existing,,,,Turf,,,,10,86.79,-88.192194,41.738314
3218,,,,,,,,Existing,,,,Turf,,,,10,94.23,-88.192204,41.738187
3219,,,,,,,,Existing,,,,Turf,,,,10,91.66,-88.192325,41.738226
3220,,,,,,,,Existing,,,,Turf,,,,10,230.02,-88.192488,41.737813
3221,,,,,,,,Existing,,,,Turf,,,,10,42.62,-88.192513,41.738693
3222,,,,,,,,Existing,,,,Turf,,,,10,44.87,-88.192447,41.738645
3223,,,,,,,,Existing,,,,Turf,,,,10,85.45,-88.192398,41.738477
3224,,,,,,,,Existing,,,,Turf,,,,10,53.39,-88.192518,41.738631
3225,,,,,,,,Existing,,,,Turf,,,,10,1334.61,-88.190530,41.738927
3226,,,,,,,,Existing,,,,Turf,,,,10,891.01,-88.191013,41.736953
3227,,,,,,,,Existing,,,,Turf,,,,10,609.17,-88.190999,41.738093
3228,,,,,,,,Existing,,,,Turf,,,,10,138.56,-88.194246,41.737373
3229,,,,,,,,Existing,,,,Turf,,,,10,853.46,-88.193795,41.738344
3230,,,,,,,,Existing,,,,Limestone,,,,10,33.97,-88.192022,41.734386
3231,,,,,,,,Existing,,,,Limestone,,,,10,55.44,-88.191889,41.734463
3232,,,,,,,,Existing,,,,Limestone,,,,10,867.61,-88.195623,41.734382
3233,,,,,,,,Existing,,,,Limestone,,,,10,264.61,-88.167915,41.739017
3234,,,,,,,,Existing,,,,Limestone,,,,8,22.77,-88.194298,41.735651
3235,,,,,,,,Existing,,,,Turf,,,,10,494.43,-88.193112,41.735959
3236,,,,,,,,Existing,,,,Limestone,,,,10,10506.57,-88.162174,41.730051
3237,,,,,,,,Existing,,,,Turf,,,,10,68.79,-88.166716,41.726552
3238,,,,,,,,Existing,,,,Turf,,,,10,70.13,-88.166562,41.726511
3239,,,,,,,,Existing,,,,Limestone,,,,10,449.90,-88.186262,41.725869
3240,,,,,,,,Existing,,,,Limestone,,,,10,123.86,-88.194428,41.735492
3241,,,,,,,,Existing,,,,Limestone,,,,10,74.13,-88.194299,41.735356
3242,,,,,,,,Existing,,,,Limestone,,,,8,118.54,-88.194185,41.735535
3243,,,,,,,,Existing,,,,Turf,,,,10,114.16,-88.166798,41.726377
3244,,,,,,,,Existing,,,,Limestone,,,,8,85.89,-88.194029,41.735886
3245,,,,,,,,Existing,,,,Limestone,,,,8,479.26,-88.193692,41.736280
3246,,,,,,,,Existing,,,,Limestone,,,,8,21.96,-88.194233,41.735689
3247,,,,,,,,Existing,,,,Limestone,,,,8,95.86,-88.194181,41.735841
3248,,,,,,,,Existing,,,,Limestone,,,,8,104.61,-88.194043,41.735736
3249,,,,,,,,Existing,,,,Limestone,,,,10,49.17,-88.193832,41.735790
3250,,,,,,,,Existing,,,,Limestone,,,,10,29.62,-88.194188,41.736001
3251,,,,,,,,Existing,,,,Turf,,,,10,500.27,-88.194360,41.736644
3252,,,,Springbrook Prairie Trail,,,,Existing,,,,Limestone,Forest Preserve District of DuPage County,,,10,1291.21,-88.166756,41.737827
3253,,,,,,,,Existing,,,,Concrete,,,,5,98.63,-88.165915,41.778315
3254,,,,,,,,Existing,,,,Turf,,,,6,365.07,-88.167950,41.777693
3255,,,,,,,,Existing,,,,Mixed,,,,6,1376.67,-88.163040,41.778195
3256,,,,,,,,Existing,,,,Limestone,,,,8,69.14,-88.224273,41.798251
3257,,,,,,,,Existing,,,,Limestone,,,,8,1085.19,-88.184514,41.803424
3258,,,,,,,,Existing,,,,Turf,,,,10,1387.15,-88.179059,41.794962
3259,,,,,,,,Existing,,,,Turf,,,,10,2139.62,-88.177856,41.791907
3260,,,,,,,,Existing,,,,Asphalt,,,,8,25.39,-88.178945,41.785059
3261,,,,,,,,Existing,,,,Asphalt,,,,8,24.54,-88.178872,41.785017
3262,,,,,,,,Existing,,,,Asphalt,,,,8,351.33,-88.179293,41.784622
3263,,,,,,,,Existing,,,,Asphalt,,,,8,482.46,-88.178935,41.784024
3264,,,,,,,,Existing,,,,Asphalt,,,,8,23.68,-88.178135,41.784427
3265,,,,,,,,Existing,,,,Asphalt,,,,8,24.41,-88.178192,41.784490
3266,,,,,,,,Existing,,,,Turf,,,,9,821.55,-88.183345,41.801018
3267,,,,,,,,Existing,,,,Turf,,,,8,1679.10,-88.184607,41.800908
3268,,,,,,,,Existing,,,,Gravel,,,,10,1218.06,-88.186674,41.799400
3269,,,,,,,,Existing,,,,Turf,,,,10,1162.34,-88.180361,41.793219
3270,,,,,,,,Existing,,,,Limestone,,,,10,1087.54,-88.181969,41.796310
3271,,,,,,,,Existing,,,,Turf,,,,10,4059.90,-88.178699,41.797905
3272,,,,,,,,Existing,,,,Asphalt,,,,12,57.61,-88.184247,41.794567
3273,,,,,,,,Existing,,,,Gravel,,,,12,39.40,-88.173033,41.864303
3274,,,,,,,,Existing,,,,Gravel,,,,12,200.02,-88.172708,41.864177
3275,,,,,,,,Existing,,,,Turf,,,,10,333.55,-88.176333,41.864361
3276,,,,,,,,Existing,,,,Gravel,,,,12,251.67,-88.175809,41.863805
3277,,,,,,,,Existing,,,,Gravel,,,,12,122.47,-88.175859,41.863260
3278,,,,,,,,Existing,,,,Gravel,,,,10,511.17,-88.172234,41.863040
3279,,,,,,,,Existing,,,,Gravel,,,,12,529.17,-88.175903,41.862154
3280,,,,,,,,Existing,,,,Turf,,,,10,1090.46,-88.182585,41.851674
3281,,,,,,,,Existing,,,,Turf,,,,15,199.25,-88.173837,41.832588
3282,,,,,,,,Existing,,,,Turf,,,,8,4136.17,-88.197136,41.852204
3283,,,,,,,,Existing,,,,Asphalt,,,,8,447.48,-88.171659,41.834774
3284,,,,,,,,Existing,,,,Concrete,,,,8,389.11,-88.175897,41.838028
3285,,,,,,,,Existing,,,,Concrete,,,,8,24.80,-88.176277,41.838114
3286,,,,,,,,Existing,,,,Concrete,,,,8,20.03,-88.176268,41.838068
3287,,,,,,,,Existing,,,,Concrete,,,,8,64.83,-88.176399,41.838038
3288,,,,,,,,Existing,,,,Turf,,,,10,185.55,-88.176234,41.863423
3289,,,,,,,,Existing,,,,Turf,,,,,49.15,-88.175525,41.831271
3290,,,,,,,,Existing,,,,Turf,,,,,247.58,-88.175559,41.830843
3291,,,,,,,,Existing,,,,Asphalt,,,,8,83.97,-88.174401,41.833772
3292,,,,,,,,Existing,,,,Concrete,,,,10,40.57,-88.175039,41.833582
3293,,,,,,,,Existing,,,,Concrete,,,,10,6.05,-88.175041,41.833524
3294,,,,,,,,Existing,,,,Concrete,,,,5,71.18,-88.174913,41.833530
3295,,,,,,,,Existing,,,,Concrete,,,,7,22.57,-88.175081,41.833537
3296,,,,,,,,Existing,,,,Concrete,,,,5,79.43,-88.174995,41.833718
3297,,,,,,,,Existing,,,,Concrete,,,,5,91.65,-88.174867,41.833665
3298,,,,,,,,Existing,,,,Concrete,,,,10,27.23,-88.175087,41.833652
3299,,,,,,,,Existing,,,,Limestone,,,,10,268.00,-88.175612,41.833663
3300,,,,,,,,Existing,,,,Concrete,,,,10,30.33,-88.175152,41.833705
3301,,,,,,,,Existing,,,,Concrete,,,,10,7.30,-88.175181,41.833752
3302,,,,,,,,Existing,,,,Limestone,,,,10,1306.09,-88.177436,41.832287
3303,,,,,,,,Existing,,,,Asphalt,,,,4,33.17,-88.174550,41.831166
3304,,,,,,,,Existing,,,,Asphalt,,,,4,766.19,-88.173432,41.833290
3305,,,,,,,,Existing,,,,Asphalt,,,,4,150.76,-88.174708,41.831362
3306,,,,,,,,Existing,,,,Asphalt,,,,4,141.34,-88.174404,41.833661
3307,,,,,,,,Existing,,,,Asphalt,,,,4,45.96,-88.174415,41.832512
3308,,,,,,,,Existing,,,,Asphalt,,,,4,49.25,-88.174182,41.831965
3309,,,,,,,,Existing,,,,Asphalt,,,,4,190.91,-88.174125,41.832169
3310,,,,,,,,Existing,,,,Asphalt,,,,4,32.77,-88.174340,41.832427
3311,,,,,,,,Existing,,,,Asphalt,,,,4,23.65,-88.174254,41.832409
3312,,,,,,,,Existing,,,,Asphalt,,,,4,37.36,-88.174313,41.832487
3313,,,,,,,,Existing,,,,Asphalt,,,,4,123.78,-88.174537,41.832419
3314,,,,,,,,Existing,,,,Asphalt,,,,4,124.14,-88.174105,41.831778
3315,,,,,,,,Existing,,,,Asphalt,,,,4,24.95,-88.174107,41.831602
3316,,,,,,,,Existing,,,,Asphalt,,,,4,21.83,-88.174048,41.831575
3317,,,,,,,,Existing,,,,Asphalt,,,,4,360.59,-88.173614,41.832079
3318,,,,,,,,Existing,,,,Asphalt,,,,4,67.53,-88.173994,41.831461
3319,,,,,,,,Existing,,,,Asphalt,,,,4,73.40,-88.173877,41.831479
3320,,,,,,,,Existing,,,,Asphalt,,,,4,317.24,-88.174231,41.831108
3321,,,,,,,,Existing,,,,Turf,,,,10,146.26,-88.177100,41.838152
3322,,,,,,,,Existing,,,,Turf,,,,10,257.29,-88.171805,41.838576
3323,,,,,,,,Existing,,,,Turf,,,,12,228.60,-88.191968,41.845619
3324,,,,,,,,Existing,,,,Asphalt,,,,10,53.45,-88.181273,41.830053
3325,,,,,,,,Existing,,,,Asphalt,,,,10,40.81,-88.181067,41.830149
3326,,,,,,,,Existing,,,,Asphalt,,,,10,51.07,-88.181249,41.830139
3327,,,,,,,,Existing,,,,Asphalt,,,,10,23.01,-88.181025,41.830198
3328,,,,,,,,Existing,,,,Asphalt,,,,10,325.61,-88.180180,41.830237
3329,,,,,,,,Existing,,,,Asphalt,,,,10,64.03,-88.180882,41.830179
3330,,,,,,,,Existing,,,,Asphalt,,,,10,35.23,-88.180792,41.830118
3331,,,,,,,,Existing,,,,Limestone,,,,10,75.46,-88.183215,41.830601
3332,,,,,,,,Existing,,,,Asphalt,,,,8,35.27,-88.182130,41.830544
3333,,,,,,,,Existing,,,,Asphalt,,,,8,33.96,-88.181601,41.830318
3334,,,,,,,,Existing,,,,Asphalt,,,,8,78.67,-88.181431,41.830244
3335,,,,,,,,Existing,,,,Asphalt,,,,8,171.49,-88.181894,41.830483
3336,,,,,,,,Existing,,,,Asphalt,,,,8,84.35,-88.182169,41.830671
3337,,,,,,,,Existing,,,,Asphalt,,,,10,18.64,-88.182300,41.830749
3338,,,,,,,,Existing,,,,Asphalt,,,,8,150.83,-88.172927,41.821549
3339,,,,,,,,Existing,,,,Asphalt,,,,8,42.71,-88.172871,41.821820
3340,,,,,,,,Existing,,,,Asphalt,,,,8,71.55,-88.172797,41.821706
3341,,,,,,,,Existing,,,,Asphalt,,,,8,85.60,-88.172647,41.821535
3342,,,,,,,,Existing,,,,Asphalt,,,,8,27.99,-88.172623,41.821615
3343,,,,,,,,Existing,,,,Asphalt,,,,8,23.37,-88.172706,41.821631
3344,,,,,,,,Existing,,,,Asphalt,,,,8,12.16,-88.172659,41.821660
3345,,,,,,,,Existing,,,,Concrete,,,,8,120.99,-88.161910,41.833705
3346,,,,,,,,Existing,,,,Concrete,,,,8,103.11,-88.161677,41.833408
3347,,,,,,,,Existing,,,,Concrete,,,,8,12.63,-88.161809,41.833278
3348,,,,,,,,Existing,,,,Asphalt,,,,8,153.06,-88.182495,41.830937
3349,,,,,,,,Existing,,,,Limestone,,,,10,482.57,-88.159762,41.831713
3350,,,,,,,,Existing,,,,Limestone,,,,10,270.99,-88.158617,41.831805
3351,,,,,,,,Existing,,,,Other,,,,8,69.56,-88.159026,41.831707
3352,,,,,,,,Existing,,,,Other,,,,,160.29,-88.161485,41.833255
3353,,,,,,,,Existing,,,,Turf,,,,8,654.70,-88.175770,41.829786
3354,,,,,,,,Existing,,,,Turf,,,,10,137.18,-88.172746,41.863329
3355,,,,,,,,Existing,,,,Gravel,,,,10,43.46,-88.172255,41.864139
3356,,,,,,,,Existing,,,,Gravel,,,,10,212.33,-88.172169,41.863856
3357,,,,,,,,Existing,,,,Gravel,,,,12,857.37,-88.174486,41.864404
3358,,,,,,,,Existing,,,,Limestone,,,,,78.02,-88.161414,41.833417
3359,,,,,,,,Existing,,,,Limestone,,,,,141.76,-88.161136,41.833296
3360,,,,,,,,Existing,,,,Limestone,,,,,908.40,-88.161150,41.832584
3361,,,,,,,,Existing,,,,Other,,,,,51.96,-88.161438,41.833582
3362,,,,,,,,Existing,,,,Asphalt,,,,12,656.31,-88.162144,41.834237
3364,,,,,,,,Existing,,,,Limestone,,,,7,482.84,-88.197080,41.841473
3365,,,,,,,,Existing,,,,Limestone,,,,7,384.94,-88.198115,41.841469
3366,,,,,,,,Existing,,,,Limestone,,,,7,456.12,-88.197359,41.840714
3367,,,,,,,,Existing,,,,Limestone,,,,7,1082.15,-88.197493,41.840242
3368,,,,,,,,Existing,,,,Turf,,,,10,3016.83,-88.174088,41.839990
3369,,,,,,,,Existing,,,,Gravel,,,,10,621.28,-88.175445,41.860754
3370,,,,,,,,Existing,,,,Turf,,,,10,4903.74,-88.176294,41.865949
3371,,,,,,,,Existing,,,,Turf,,,,10,607.59,-88.174849,41.862881
3372,,,,,,,,Existing,,,,Turf,,,,10,653.17,-88.173019,41.863731
3373,,,,,,,,Existing,,,,Turf,,,,10,3023.56,-88.175450,41.862397
3374,,,,,,,,Existing,,,,Turf,,,,6,198.74,-88.184204,41.840466
3375,,,,,,,,Existing,,,,Limestone,,,,11,143.27,-88.155638,41.896884
3376,,,,,,,,Existing,,,,Limestone,,,,12,307.54,-88.155955,41.897292
3377,,,,,,,,Existing,,,,Limestone,,,,15,271.69,-88.155887,41.896569
3378,,,,,,,,Existing,,,,Limestone,,,,8,1146.09,-88.230436,41.889646
3379,,,,,,,,Existing,,,,Turf,,,,10,823.52,-88.217354,41.887269
3380,,,,,,,,Existing,,,,Turf,,,,12,429.94,-88.180312,41.866797
3381,,,,,,,,Existing,,,,Turf,,,,12,3521.01,-88.183263,41.866413
3382,,,,,,,,Existing,,,,Limestone,,,,10,331.61,-88.155252,41.896223
3383,,,,,,,,Existing,,,,Other,,,,12,37.05,-88.154657,41.896371
3384,,,,,,,,Existing,,,,Turf,,,,2,1767.53,-88.223989,41.890278
3385,,,,,,,,Existing,,,,Turf,,,,2,1137.92,-88.218018,41.888861
3386,,,,,,,,Existing,,,,Turf,,,,2,975.18,-88.219687,41.890090
3387,,,,,,,,Existing,,,,Turf,,,,2,1346.97,-88.219328,41.888537
3388,,,,,,,,Existing,,,,Turf,,,,2,845.57,-88.222273,41.889363
3389,,,,,,,,Existing,,,,Turf,,,,2,1486.86,-88.216427,41.891114
3390,,,,,,,,Existing,,,,Other,,,,9,121.06,-88.152022,41.896778
3391,,,,,,,,Existing,,,,Limestone,,,,10,16.28,-88.152708,41.896780
3392,,,,,,,,Existing,,,,Limestone,,,,10,522.47,-88.153668,41.896594
3393,,,,,,,,Existing,,,,Limestone,,,,10,63.84,-88.152587,41.896796
3394,,,,,,,,Existing,,,,Limestone,,,,10,79.06,-88.152089,41.896873
3395,,,,,,,,Existing,,,,Other,,,,9,157.37,-88.152556,41.896709
3396,,,,,,,,Existing,,,,Limestone,,,,10,100.14,-88.152696,41.896921
3397,,,,,,,,Existing,,,,Turf,,,,10,978.15,-88.152630,41.893256
3398,,,,,,,,Existing,,,,Limestone,,,,10,1954.65,-88.159799,41.880897
3399,,,,,,,,Existing,,,,Turf,,,,2,697.49,-88.231873,41.891718
3400,,,,,,,,Existing,,,,Turf,,,,2,982.01,-88.230369,41.890759
3401,,,,,,,,Existing,,,,Turf,,,,2,1302.81,-88.229684,41.891120
3402,,,,,,,,Existing,,,,Turf,,,,2,1918.33,-88.226469,41.889858
3403,,,,,,,,Existing,,,,Turf,,,,2,138.28,-88.228939,41.890385
3404,,,,,,,,Existing,,,,Limestone,,,,10,544.90,-88.153085,41.903083
3405,,,,,,,,Existing,,,,Gravel,,,,13,560.89,-88.152041,41.901567
3406,,,,,,,,Existing,,,,Limestone,,,,10,211.57,-88.176746,41.941596
3407,,,,,,,,Existing,,,,Turf,,,,12,2127.29,-88.187604,41.928145
3408,,,,,,,,Existing,,,,Turf,,,,12,5313.88,-88.187217,41.936675
3409,,,,,,,,Existing,,,,Asphalt,,,,10,864.97,-88.177996,41.910217
3410,,,,,,,,Existing,,,,Concrete,,,,10,158.55,-88.250031,41.949984
3411,,,,,,,,Existing,,,,Concrete,,,,10,26.00,-88.250166,41.949888
3412,,,,,,,,Existing,,,,Concrete,,,,10,49.50,-88.250250,41.949914
3413,,,,,,,,Existing,,,,Concrete,,,,10,82.07,-88.250468,41.949746
3414,,,,,,,,Existing,,,,Concrete,,,,10,126.34,-88.250340,41.949514
3415,,,,,,,,Existing,,,,Concrete,,,,10,19.34,-88.250097,41.949465
3416,,,,,,,,Existing,,,,Turf,,,,,371.39,-88.250307,41.948765
3417,,,,,,,,Existing,,,,Limestone,,,,10,6083.24,-88.247777,41.943704
3418,,,,,,,,Existing,,,,Limestone,,,,10,63.00,-88.252666,41.987165
3419,,,,,,,,Existing,,,,Turf,,,,8,308.88,-88.241371,41.968434
3420,,,,,,,,Existing,,,,Turf,,,,15,816.40,-88.247241,41.968149
3421,,,,,,,,Existing,,,,Limestone,,,,10,66.14,-88.240621,41.966945
3422,,,,,,,,Existing,,,,Limestone,,,,8,5153.36,-88.246392,41.966246
3423,,,,,,,,Existing,,,,Concrete,,,,5,114.86,-88.253794,41.979812
3424,,,,,,,,Existing,,,,Concrete,,,,30,24.25,-88.253739,41.979797
3425,,,,,,,,Existing,,,,Concrete,,,,5,166.47,-88.253691,41.979807
3426,,,,,,,,Existing,,,,Other,,,,25,50.44,-88.256959,41.977973
3427,,,,,,,,Existing,,,,Concrete,,,,5,37.93,-88.257507,41.977915
3428,,,,,,,,Existing,,,,Concrete,,,,5,34.74,-88.257611,41.977767
3429,,,,,,,,Existing,,,,Concrete,,,,5,305.45,-88.256143,41.978167
3430,,,,,,,,Existing,,,,Concrete,,,,5,229.89,-88.255855,41.978481
3431,,,,,,,,Existing,,,,Concrete,,,,10,25.46,-88.255895,41.978352
3432,,,,,,,,Existing,,,,Asphalt,,,,9,105.87,-88.235208,41.975261
3433,,,,,,,,Existing,,,,Limestone,,,,10,997.63,-88.234754,41.974742
3434,,,,,,,,Existing,,,,Asphalt,,,,9,120.45,-88.234057,41.975003
3435,,,,,,,,Existing,,,,Asphalt,,,,10,1550.57,-88.265592,41.977631
3436,,,,,,,,Existing,,,,Limestone,,,,10,1532.80,-88.259969,41.977136
3437,,,,,,,,Existing,,,,Asphalt,,,,10,400.87,-88.256910,41.974389
3438,,,,,,,,Existing,,,,Gravel,,,,,1355.98,-88.238447,41.962547
3439,,,,,,,,Existing,,,,Turf,,,,10,490.46,-88.223909,41.949982
3440,,,,,,,,Existing,,,,Limestone,,,,8,39.96,-88.242954,41.968570
3441,,,,,,,,Existing,,,,Limestone,,,,12,7497.34,-88.249766,41.969487
3442,,,,,,,,Existing,,,,Turf,,,,8,287.68,-88.243064,41.967827
3443,,,,,,,,Existing,,,,Turf,,,,8,413.27,-88.242078,41.967771
3444,,,,,,,,Existing,,,,Turf,,,,8,115.78,-88.241499,41.967742
3445,,,,,,,,Existing,,,,Mixed,,,,10,80.35,-88.241202,41.967668
3446,,,,,,,,Existing,,,,Limestone,,,,10,67.73,-88.263241,41.986735
3447,,,,,,,,Existing,,,,Limestone,,,,10,762.37,-88.243206,41.987254
3448,,,,,,,,Existing,,,,Turf,,,,10,6564.43,-88.239794,41.957919
3449,,,,,,,,Existing,,,,Turf,,,,12,11705.29,-88.230060,41.954158
3450,,,,,,,,Existing,,,,Limestone,,,,8,258.87,-88.242025,41.965196
3451,,,,,,,,Existing,,,,Asphalt,,,,8,587.36,-88.244424,41.965972
3452,,,,,,,,Existing,,,,Limestone,,,,10,3666.71,-88.264788,41.982744
3453,,,,,,,,Existing,,,,Limestone,,,,10,2691.18,-88.249211,41.987158
3458,,,,,,,,Existing,,,,Limestone,,,,10,25.86,-88.245199,41.987258
3459,,,,,,,,Existing,,,,Limestone,,,,10,84.07,-88.245349,41.987294
3460,,,,,,,,Existing,,,,Asphalt,,,,10,67.20,-88.268323,41.978134
3461,,,,,,,,Existing,,,,Asphalt,,,,10,45.45,-88.268269,41.978063
3462,,,,,,,,Existing,,,,Asphalt,,,,8,105.36,-88.164561,41.971020
3463,,,,,,,,Existing,,,,Limestone,,,,10,181.22,-88.162309,41.969854
3464,,,,,,,,Existing,,,,Limestone,,,,10,50.40,-88.162202,41.968956
3465,,,,,,,,Existing,,,,Limestone,,,,10,59.36,-88.160732,41.970034
3466,,,,,,,,Existing,,,,Asphalt,,,,10,320.91,-88.150731,41.962680
3467,,,,,,,,Existing,,,,Limestone,,,,10,153.01,-88.162867,41.969702
3468,,,,,,,,Existing,,,,Limestone,,,,10,137.92,-88.154827,41.959255
3469,,,,,,,,Existing,,,,Turf,,,,10,143.01,-88.155008,41.959620
3470,,,,,,,,Existing,,,,Limestone,,,,10,156.02,-88.154737,41.959655
3471,,,,,,,,Existing,,,,Limestone,,,,10,6065.06,-88.158618,41.960810
4146,,,,,,,,Existing,,,,Paved,Forest Preserve District of DuPage County,,,,175.98,-87.977017,41.940067
4547,,,,,,,,Existing,,,,Paved,DuPage County Forest Preserve District,,,8,99.08,-88.099069,41.756504
4550,,,,,,,,Existing,,,,Paved,Forest Preserve District of DuPage County,,,10,2462.79,-88.078114,41.735247
4551,,,,,,,,Existing,,,,Limestone,Forest Preserve District of DuPage County,,,10,1486.37,-88.083790,41.732823
4553,8990297,297,Offstreet,East Branch DuPage River Trail, , ,East Branch DuPage River Trail,Existing,Regional,Path,Path,Limestone,Forest Preserve District of DuPage County,Lisle, ,,939.15,-88.073563,41.730124
